dataset,family,name,params,bars,ppy,is_sharpe,oos_sharpe,oos_ret,oos_maxdd,oos_calmar,turnover,n_trades,total_cost,total_funding,is_ret
cex_daily_SOL,trend,ema_cross,"{""fast"": 10, ""slow"": 50}",1080,365,0.36026815937712586,-0.11698996578048942,-0.32386564917973404,0.416963771344425,-0.6752501284655282,17.0,8.5,0.034,-0.026894010000000003,-0.14666314756384757
cex_daily_SOL,trend,ema_cross,"{""fast"": 10, ""slow"": 100}",1080,365,0.46663878586245155,0.6248980677317066,0.2553396654679927,0.36061893186940297,0.5874254385574647,7.0,3.5,0.014,-0.00843045,0.020055012291902763
cex_daily_SOL,trend,ema_cross,"{""fast"": 10, ""slow"": 200}",1080,365,1.116420764323827,0.6333597285096672,0.2632946080808327,0.33481791941358585,0.6520613524019451,9.0,4.5,0.018000000000000002,-0.009066389999999995,1.938594022613267
cex_daily_SOL,trend,ema_cross,"{""fast"": 20, ""slow"": 50}",1080,365,0.5262478569558856,0.299988462243475,-0.04189963501504401,0.3914006946456214,-0.09074647986243035,17.0,8.5,0.034,-0.00959331,0.1202599359828751
cex_daily_SOL,trend,ema_cross,"{""fast"": 20, ""slow"": 100}",1080,365,0.8078307006128295,0.6910151283253625,0.32618129622419945,0.3455116980088042,0.7796251560671876,9.0,4.5,0.018000000000000002,-0.007910549999999999,0.7802463278037928
cex_daily_SOL,trend,ema_cross,"{""fast"": 20, ""slow"": 200}",1080,365,0.8446083566585256,0.22999518299355423,-0.0968709498776753,0.4631128901617334,-0.17811213117579244,9.0,4.5,0.018000000000000002,-0.007154009999999997,0.8892572285887872
cex_daily_SOL,trend,ema_cross,"{""fast"": 50, ""slow"": 100}",1080,365,0.704304312382889,0.15772785786093077,-0.14962567861166487,0.4912643328128022,-0.26050887568098546,9.0,4.5,0.018000000000000002,-0.006475529999999997,0.5030654882318697
cex_daily_SOL,trend,ema_cross,"{""fast"": 50, ""slow"": 200}",1080,365,0.9166123096340427,-0.05731883151777403,-0.2893138586554844,0.6254112561114713,-0.4007851074256173,5.0,2.5,0.01,-0.0033197099999999983,1.1261536170257402
cex_daily_SOL,trend,ema_slope,"{""span"": 20, ""thr"": 0.0}",1080,365,0.965873038881714,-0.13817992036991358,-0.33384407485898737,0.5054962122245855,-0.5747294862843759,121.0,60.5,0.242,-0.058434269999999996,1.2885909747627942
cex_daily_SOL,trend,ema_slope,"{""span"": 20, ""thr"": 0.001}",1080,365,0.9375452558079806,-0.3713680060368337,-0.4204718928499481,0.553162067828789,-0.6676239882851763,113.0,56.5,0.226,-0.05859732000000001,1.1821983450574196
cex_daily_SOL,trend,ema_slope,"{""span"": 20, ""thr"": 0.005}",1080,365,0.5674789106741942,-0.5015822772653578,-0.3793385728857174,0.4466548584235008,-0.74259716326283,96.0,48.0,0.192,-0.048777390000000004,0.2792277520358504
cex_daily_SOL,trend,ema_slope,"{""span"": 50, ""thr"": 0.0}",1080,365,1.3214505954004176,-0.4191879044565525,-0.4735287917938984,0.6060207707971533,-0.6904872282314116,69.0,34.5,0.138,-0.05086413000000001,3.089717750743036
cex_daily_SOL,trend,ema_slope,"{""span"": 50, ""thr"": 0.001}",1080,365,0.8723759251259822,-0.12648608854004878,-0.30336651285768657,0.47392395545625204,-0.5553504979700326,60.0,30.0,0.12000000000000001,-0.05063907,0.9782207724708445
cex_daily_SOL,trend,ema_slope,"{""span"": 50, ""thr"": 0.005}",1080,365,0.8661616413610445,-0.5899135488957153,-0.36217364489620407,0.4281925135650378,-0.7382228150477764,48.0,24.0,0.096,-0.026478210000000002,0.8923715008880813
cex_daily_SOL,trend,ema_slope,"{""span"": 100, ""thr"": 0.0}",1080,365,0.3967885332826101,-0.19681042763399687,-0.3670713014982758,0.5808180127174956,-0.5518787248250014,43.0,21.5,0.086,-0.04450119,-0.09010485226545217
cex_daily_SOL,trend,ema_slope,"{""span"": 100, ""thr"": 0.001}",1080,365,0.6110579654769989,0.07209977408317679,-0.18029364760046296,0.44048733068273627,-0.35103228882423887,34.0,17.0,0.068,-0.04332369,0.3381001768681169
cex_daily_SOL,trend,ema_slope,"{""span"": 100, ""thr"": 0.005}",1080,365,0.8065938534759286,-0.635293480106676,-0.27918702765287373,0.27918702765287373,-0.8655265120163046,20.0,10.0,0.04,-0.014704469999999999,0.7379468698540526
cex_daily_SOL,trend,price_ema,"{""span"": 20, ""thr"": 0.0}",1080,365,0.965873038881714,-0.13817992036991358,-0.33384407485898737,0.5054962122245855,-0.5747294862843759,121.0,60.5,0.242,-0.058434269999999996,1.2885909747627942
cex_daily_SOL,trend,price_ema,"{""span"": 20, ""thr"": 0.02}",1080,365,0.8814124071660014,-0.4874990105292393,-0.45126342881308934,0.503897223767005,-0.7893204358671022,104.0,52.0,0.20800000000000002,-0.05630127,0.9956005138244419
cex_daily_SOL,trend,price_ema,"{""span"": 20, ""thr"": 0.05}",1080,365,0.4226567366734693,-0.7808151486872263,-0.4673150820296692,0.5204288788168578,-0.7929145359506402,94.0,47.0,0.188,-0.047737680000000005,0.051918766073479894
cex_daily_SOL,trend,price_ema,"{""span"": 50, ""thr"": 0.0}",1080,365,1.3214505954004176,-0.4191879044565525,-0.4735287917938984,0.6060207707971533,-0.6904872282314116,69.0,34.5,0.138,-0.05086413000000001,3.089717750743036
cex_daily_SOL,trend,price_ema,"{""span"": 50, ""thr"": 0.02}",1080,365,0.9641301183623804,-0.36702759577942917,-0.42861683726586663,0.5138542482416295,-0.7332853592170567,72.0,36.0,0.14400000000000002,-0.05028123,1.2865805094690472
cex_daily_SOL,trend,price_ema,"{""span"": 50, ""thr"": 0.05}",1080,365,0.6804338850107092,-0.3311591709310362,-0.3606019094841568,0.475670008484215,-0.6615465651565474,62.0,31.0,0.124,-0.05153676000000001,0.48913631440869754
cex_daily_SOL,trend,price_ema,"{""span"": 100, ""thr"": 0.0}",1080,365,0.3967885332826101,-0.19681042763399687,-0.3670713014982758,0.5808180127174956,-0.5518787248250014,43.0,21.5,0.086,-0.04450119,-0.09010485226545217
cex_daily_SOL,trend,price_ema,"{""span"": 100, ""thr"": 0.02}",1080,365,0.17460168323541753,0.24737176610572986,-0.07397823908555756,0.39564569879284894,-0.1589148486843751,41.0,20.5,0.082,-0.042981149999999996,-0.3331525933160422
cex_daily_SOL,trend,price_ema,"{""span"": 100, ""thr"": 0.05}",1080,365,0.5928511518274873,0.046335017613614464,-0.19637391256756942,0.4452195615494439,-0.3788210296333125,36.0,18.0,0.07200000000000001,-0.04331955,0.30236969271457914
cex_daily_SOL,trend,donchian,"{""lb"": 10}",1080,365,0.5703433379311612,-0.1847234919756318,-0.20281977067302281,0.38457060763111606,-0.4532224359292129,122.0,61.0,0.244,-0.03526134,0.34068496387730907
cex_daily_SOL,trend,donchian,"{""lb"": 20}",1080,365,1.2012194890854526,0.05363546862018358,-0.07099571639708369,0.3888196481659321,-0.15514761039495836,78.0,39.0,0.156,-0.029264370000000005,1.4024834708185892
cex_daily_SOL,trend,donchian,"{""lb"": 55}",1080,365,1.0608505336205132,0.07586819818608816,-0.044666283459502076,0.29035458353391486,-0.1304332562419489,44.0,22.0,0.08800000000000001,-0.00975954,0.9085369321083832
cex_daily_SOL,momentum,mom_ret,"{""lb"": 5, ""thr"": 0.0}",1080,365,0.2731788072553174,-0.2780935498703134,-0.40925132906275863,0.6470227730744973,-0.5548526001389248,179.0,89.5,0.35800000000000004,-0.04813443,-0.25607378274170967
cex_daily_SOL,momentum,mom_ret,"{""lb"": 5, ""thr"": 0.02}",1080,365,0.06993547449134827,-0.7261176952083025,-0.5449468916853553,0.6787311062816401,-0.7158135603085536,178.0,89.0,0.356,-0.0476784,-0.40368478226568305
cex_daily_SOL,momentum,mom_ret,"{""lb"": 5, ""thr"": 0.05}",1080,365,0.16011937229992246,-0.6968188463427942,-0.44155186555963355,0.554827938170383,-0.7006548390223549,140.0,70.0,0.28,-0.04271382,-0.2404196798845739
cex_daily_SOL,momentum,mom_ret,"{""lb"": 10, ""thr"": 0.0}",1080,365,0.9360337622888903,-0.7176809459139444,-0.588458825864816,0.6618105963631623,-0.7973629880040136,127.0,63.5,0.254,-0.051936090000000004,1.1731280212543624
cex_daily_SOL,momentum,mom_ret,"{""lb"": 10, ""thr"": 0.02}",1080,365,0.6699171734050655,-1.3306256770364882,-0.7265457182370615,0.7540235154870157,-0.8827786061679692,139.0,69.5,0.278,-0.05077425000000001,0.4450220138225487
cex_daily_SOL,momentum,mom_ret,"{""lb"": 10, ""thr"": 0.05}",1080,365,0.7212245674565617,-1.2176978651345607,-0.6411195772294487,0.6518132502288526,-0.8887496361229584,116.0,58.0,0.23199999999999998,-0.047863020000000006,0.5833702310843951
cex_daily_SOL,momentum,mom_ret,"{""lb"": 20, ""thr"": 0.0}",1080,365,1.590969152043168,-0.5234744931602134,-0.517403539264029,0.7176894880819252,-0.6404879681669543,101.0,50.5,0.202,-0.04615551,5.301456856181831
cex_daily_SOL,momentum,mom_ret,"{""lb"": 20, ""thr"": 0.02}",1080,365,1.482850189116423,-0.26232307527904714,-0.38223883262053415,0.6204563441096207,-0.5388359497953717,95.0,47.5,0.19,-0.04415313,4.150978026008148
cex_daily_SOL,momentum,mom_ret,"{""lb"": 20, ""thr"": 0.05}",1080,365,1.3516156361796603,-0.0785245930293764,-0.26153843904926377,0.5198299888687214,-0.4347290645507723,81.0,40.5,0.16200000000000003,-0.04229070000000001,3.0995099598038784
cex_daily_SOL,momentum,mom_ret,"{""lb"": 50, ""thr"": 0.0}",1080,365,0.052048387871670605,-0.5988265422915572,-0.5458086209466197,0.5792090149989098,-0.8402281077905215,63.0,31.5,0.126,-0.020858520000000005,-0.47306901167267235
cex_daily_SOL,momentum,mom_ret,"{""lb"": 50, ""thr"": 0.02}",1080,365,-0.008864223728648628,-0.5759937943320862,-0.5267837335675247,0.5642594979603991,-0.8303953314690367,65.0,32.5,0.13,-0.021921480000000004,-0.5132139484009044
cex_daily_SOL,momentum,mom_ret,"{""lb"": 50, ""thr"": 0.05}",1080,365,-0.27340560274798476,-0.23741656582578308,-0.36184911588618063,0.48844665615043786,-0.6465547205859493,47.0,23.5,0.094,-0.030455219999999998,-0.6527875410260013
cex_daily_SOL,meanrev,rsi,"{""ob"": 65, ""os_"": 20}",1080,365,-1.9219659146879078,-0.13339646677298916,-0.10847255508532916,0.26736834045574975,-0.34579413914945456,42.0,21.0,0.084,0.01503051,-0.8816720396303187
cex_daily_SOL,meanrev,rsi,"{""ob"": 65, ""os_"": 30}",1080,365,-1.2244193176881906,-0.21088568092144871,-0.1809216729313381,0.431958828837977,-0.35922994808247355,64.0,32.0,0.128,0.021055169999999998,-0.8261585166640019
cex_daily_SOL,meanrev,rsi,"{""ob"": 65, ""os_"": 35}",1080,365,-0.8429290504714622,0.08123585859569045,-0.07308935066771238,0.48315978676791954,-0.1285578815711498,80.0,40.0,0.16,0.023905290000000003,-0.7545827732684693
cex_daily_SOL,meanrev,rsi,"{""ob"": 70, ""os_"": 20}",1080,365,-1.241120578391641,-0.033917769396795944,-0.06696902583022102,0.21989300817084018,-0.25869095921596136,30.0,15.0,0.06,0.011139930000000001,-0.7183234179565507
cex_daily_SOL,meanrev,rsi,"{""ob"": 70, ""os_"": 30}",1080,365,-0.5618943520702274,-0.13413167782173363,-0.1427908879469545,0.37962988634919953,-0.3215253496672217,52.0,26.0,0.10400000000000001,0.01716459,-0.5861749438555024
cex_daily_SOL,meanrev,rsi,"{""ob"": 70, ""os_"": 35}",1080,365,-0.18024560025806366,0.1594189164865616,-0.02993861709145562,0.43425859420628454,-0.05838634907812325,68.0,34.0,0.136,0.02001471,-0.4157907785755056
cex_daily_SOL,meanrev,rsi,"{""ob"": 80, ""os_"": 20}",1080,365,0.19393974651748092,-0.1600109925282067,-0.0901660659873782,0.2060704385206831,-0.3723682578041859,18.0,9.0,0.036000000000000004,0.00798744,0.01596503094388746
cex_daily_SOL,meanrev,rsi,"{""ob"": 80, ""os_"": 30}",1080,365,0.7289183248437152,-0.23535714442829977,-0.1641028430115421,0.37564894862809617,-0.37412223238945297,40.0,20.0,0.08,0.014012100000000001,0.49260468485217324
cex_daily_SOL,meanrev,rsi,"{""ob"": 80, ""os_"": 35}",1080,365,1.0982090464911518,0.09000433479400995,-0.054056308226264616,0.41754740462960216,-0.10985131991655059,56.0,28.0,0.11200000000000002,0.016862219999999997,1.1071547212635733
cex_daily_SOL,meanrev,zscore,"{""lb"": 20, ""z"": 1.5}",1080,365,-1.3144776657676036,-0.0580611058390128,-0.12548736929595217,0.36757942225289064,-0.29139406088582587,82.0,41.0,0.16400000000000003,0.0359838,-0.8086160775489262
cex_daily_SOL,meanrev,zscore,"{""lb"": 20, ""z"": 2.0}",1080,365,-1.1588043752038713,0.7497480660627558,0.23847338996007927,0.21058342410744316,0.9405570533119048,56.0,28.0,0.11200000000000002,0.023422950000000005,-0.5701769009339338
cex_daily_SOL,meanrev,zscore,"{""lb"": 20, ""z"": 2.5}",1080,365,-0.5382605773686497,-1.6609623418828023,-0.22675797237650264,0.24916219656625072,-0.7838052355562476,16.0,8.0,0.032,0.0023118,-0.1752740722573206
cex_daily_SOL,meanrev,zscore,"{""lb"": 50, ""z"": 1.5}",1080,365,-0.867510210391307,-0.25981587447654714,-0.21636192820353717,0.36898716793733555,-0.50452434979361,46.0,23.0,0.092,0.036346050000000005,-0.6912713388310884
cex_daily_SOL,meanrev,zscore,"{""lb"": 50, ""z"": 2.0}",1080,365,-1.6801393775740194,0.12897520655125463,-0.01882535281832498,0.32800089181908954,-0.04856410504635091,32.0,16.0,0.064,0.02025126,-0.7667729709828464
cex_daily_SOL,meanrev,zscore,"{""lb"": 50, ""z"": 2.5}",1080,365,-0.3874516255286097,-0.7524862772109728,-0.23009767527139602,0.2960823506842804,-0.6695170300893605,16.0,8.0,0.032,0.007952520000000001,-0.22969502098550587
cex_daily_SOL,meanrev,bb,"{""span"": 20, ""mult"": 1.5}",1080,365,-1.3144776657676036,-0.0580611058390128,-0.12548736929595217,0.36757942225289064,-0.29139406088582587,82.0,41.0,0.16400000000000003,0.0359838,-0.8086160775489262
cex_daily_SOL,meanrev,bb,"{""span"": 20, ""mult"": 2.0}",1080,365,-1.1588043752038713,0.7497480660627558,0.23847338996007927,0.21058342410744316,0.9405570533119048,56.0,28.0,0.11200000000000002,0.023422950000000005,-0.5701769009339338
cex_daily_SOL,meanrev,bb,"{""span"": 20, ""mult"": 2.5}",1080,365,-0.5382605773686497,-1.6609623418828023,-0.22675797237650264,0.24916219656625072,-0.7838052355562476,16.0,8.0,0.032,0.0023118,-0.1752740722573206
cex_daily_SOL,meanrev,bb,"{""span"": 50, ""mult"": 1.5}",1080,365,-0.867510210391307,-0.25981587447654714,-0.21636192820353717,0.36898716793733555,-0.50452434979361,46.0,23.0,0.092,0.036346050000000005,-0.6912713388310884
cex_daily_SOL,meanrev,bb,"{""span"": 50, ""mult"": 2.0}",1080,365,-1.6801393775740194,0.12897520655125463,-0.01882535281832498,0.32800089181908954,-0.04856410504635091,32.0,16.0,0.064,0.02025126,-0.7667729709828464
cex_daily_SOL,meanrev,bb,"{""span"": 50, ""mult"": 2.5}",1080,365,-0.3874516255286097,-0.7524862772109728,-0.23009767527139602,0.2960823506842804,-0.6695170300893605,16.0,8.0,0.032,0.007952520000000001,-0.22969502098550587
cex_daily_SOL,carry,funding,"{""thr"": 5e-05}",1080,365,0.0,-0.45583024793638033,-0.3654840598185901,0.505139568287953,-0.6317100101156254,244.0,122.0,0.4880000000000001,0.027592890000000002,0.0
cex_daily_SOL,carry,funding,"{""thr"": 0.0001}",1080,365,0.0,0.8649145555270165,0.3042386886155586,0.24908482904978105,1.0101033863384505,66.0,33.0,0.132,0.017324609999999997,0.0
cex_daily_SOL,carry,funding,"{""thr"": 0.0002}",1080,365,0.0,0.9527599925758681,0.197912896225092,0.07120618570003363,2.314808873379876,26.0,13.0,0.052,0.00997467,0.0
cex_daily_SOL,carry,funding,"{""thr"": 0.0005}",1080,365,0.0,0.9181133725617056,0.1323780850813705,0.04176597259844163,2.651769487873499,4.0,2.0,0.008,0.0069197700000000004,0.0
cex_daily_SOL,carry,funding_pct,"{""lb"": 100, ""hi"": 0.8}",1080,365,0.0,-1.1150628726839489,-0.5675585160465012,0.6265776200630058,-0.809980699706658,182.0,91.0,0.364,0.03358872,0.0
cex_daily_SOL,carry,funding_pct,"{""lb"": 100, ""hi"": 0.9}",1080,365,0.0,-0.0057501373861852,-0.08044011870560286,0.2738290477143136,-0.24979867504518966,82.0,41.0,0.164,0.01892283,0.0
cex_daily_SOL,carry,funding_pct,"{""lb"": 100, ""hi"": 0.95}",1080,365,0.0,0.6537251373390929,0.19004822457124293,0.20592080494530163,0.7690530051211227,50.0,25.0,0.1,0.01211688,0.0
cex_daily_SOL,carry,funding_pct,"{""lb"": 500, ""hi"": 0.8}",1080,365,0.0,-1.2285519495031785,-0.6879869930866377,0.7608678865368871,-0.8230262294341474,268.0,134.0,0.536,0.03883896,0.0
cex_daily_SOL,carry,funding_pct,"{""lb"": 500, ""hi"": 0.9}",1080,365,0.0,-1.2944298425296945,-0.6449971880207044,0.7664066922795288,-0.7608788006745478,206.0,103.0,0.41200000000000003,0.036563280000000004,0.0
cex_daily_SOL,carry,funding_pct,"{""lb"": 500, ""hi"": 0.95}",1080,365,0.0,-0.861066061570764,-0.464020608166002,0.5991186239316351,-0.6836508308806521,112.0,56.0,0.22400000000000003,0.032712000000000005,0.0
cex_daily_SOL,carry,funding_mom,"{""lb"": 24}",1080,365,0.0,-1.2049247037423372,-0.6894264389172582,0.7601939432232598,-0.8256731569726926,293.0,146.5,0.5860000000000001,0.030583860000000004,0.0
cex_daily_SOL,carry,funding_mom,"{""lb"": 100}",1080,365,0.0,0.3617154748373765,0.027649355352176386,0.5767143124454162,0.040421368645794056,285.0,142.5,0.5700000000000001,0.030224220000000006,0.0
cex_daily_SOL,carry,funding_mom,"{""lb"": 500}",1080,365,0.0,-1.0404014221938125,-0.6565674578720396,0.742243853922689,-0.8011532831443152,281.0,140.5,0.562,0.03985653,0.0
cex_daily_SOL,carry,funding_price_div,"{""lb"": 24}",1080,365,0.0,-0.8026266935115653,-0.3299277586550844,0.44669426022774794,-0.6425000299037528,154.0,77.0,0.308,-0.008054549999999999,0.0
cex_daily_SOL,carry,funding_price_div,"{""lb"": 100}",1080,365,0.0,0.5738142951806776,0.19828867860552157,0.3951346375155205,0.41792700465878657,153.0,76.5,0.306,0.010599150000000002,0.0
cex_daily_SOL,carry,funding_price_div,"{""lb"": 500}",1080,365,0.0,-1.2314275720057715,-0.5251219268997029,0.6016627012423841,-0.7761525662128194,145.0,72.5,0.29000000000000004,0.016510620000000004,0.0
cex_1h_SOL,trend,ema_cross,"{""fast"": 10, ""slow"": 50}",8641,8760,-0.9093158892392776,-2.8467103165412153,-0.5697115132978166,0.6796320343082137,-1.2977334232362818,215.0,107.5,0.43,0.0,-0.4282253222039113
cex_1h_SOL,trend,ema_cross,"{""fast"": 10, ""slow"": 100}",8641,8760,-1.444654070463391,-1.9129804766968055,-0.4490785649302703,0.6167939573059068,-1.2633686141205511,151.0,75.5,0.30200000000000005,0.0,-0.5468496952372403
cex_1h_SOL,trend,ema_cross,"{""fast"": 10, ""slow"": 200}",8641,8760,0.23052762789692452,-1.9049426021774885,-0.44740323977951146,0.5845482252781388,-1.3301435034688516,123.0,61.5,0.246,0.0,-0.05819372057862959
cex_1h_SOL,trend,ema_cross,"{""fast"": 20, ""slow"": 50}",8641,8760,-0.4256013105985792,-1.0858894728260298,-0.31352513167789964,0.6049183839804585,-1.0158626185912123,135.0,67.5,0.27,0.0,-0.29335061213891267
cex_1h_SOL,trend,ema_cross,"{""fast"": 20, ""slow"": 100}",8641,8760,-2.1465977585199147,-2.0183352354214206,-0.4635287060193942,0.5767928123700368,-1.375913591158205,103.0,51.5,0.20600000000000002,0.0,-0.6668372996348986
cex_1h_SOL,trend,ema_cross,"{""fast"": 20, ""slow"": 200}",8641,8760,0.46883566675007415,-1.692554952712162,-0.4150466782192117,0.568721591412868,-1.3064861328575907,79.0,39.5,0.15800000000000003,0.0,0.04461379543924626
cex_1h_SOL,trend,ema_cross,"{""fast"": 50, ""slow"": 100}",8641,8760,0.20634777154502193,-2.7663255131860875,-0.5599103520958075,0.6899995444227665,-1.2681888514844744,75.0,37.5,0.15000000000000002,0.0,-0.06848331018873122
cex_1h_SOL,trend,ema_cross,"{""fast"": 50, ""slow"": 200}",8641,8760,0.9045436761998031,-2.183782935135349,-0.4868129328886712,0.6061325617356582,-1.3455235678290505,47.0,23.5,0.094,0.0,0.26345618240837587
cex_1h_SOL,trend,ema_slope,"{""span"": 20, ""thr"": 0.0}",8641,8760,-6.90004943569899,-5.199379983062425,-0.7749851162939934,0.8076676776416865,-1.2098661246424027,867.0,433.5,1.734,0.0,-0.9595135271892669
cex_1h_SOL,trend,ema_slope,"{""span"": 20, ""thr"": 0.001}",8641,8760,-5.204685222634109,-4.502160234980748,-0.620681466872802,0.6746415874589875,-1.355173729773337,617.0,308.5,1.234,0.0,-0.8442325452775519
cex_1h_SOL,trend,ema_slope,"{""span"": 20, ""thr"": 0.005}",8641,8760,-0.8456669876282389,-2.189217990080627,-0.16403579466207674,0.24909949063621556,-1.4649802787946933,36.0,18.0,0.07200000000000001,0.0,-0.07785878849968364
cex_1h_SOL,trend,ema_slope,"{""span"": 50, ""thr"": 0.0}",8641,8760,-2.925465983763275,-3.5252214445304992,-0.6440674142952516,0.7439247704423592,-1.2461280904417866,563.0,281.5,1.1260000000000001,0.0,-0.764291410975594
cex_1h_SOL,trend,ema_slope,"{""span"": 50, ""thr"": 0.001}",8641,8760,-2.9980700066139914,-4.2965107380301175,-0.5383091569113434,0.6112777477471248,-1.4051200051461814,292.0,146.0,0.5840000000000001,0.0,-0.6109870600003238
cex_1h_SOL,trend,ema_slope,"{""span"": 50, ""thr"": 0.005}",8641,8760,-0.5259661106920321,-1.2621725516937077,-0.05354020244970903,0.06979969740024165,-1.8646557843547271,6.0,3.0,0.012,0.0,-0.01772716391758078
cex_1h_SOL,trend,ema_slope,"{""span"": 100, ""thr"": 0.0}",8641,8760,-1.9888143874427688,-2.9453111482956436,-0.5814497289667245,0.6621058964288438,-1.3441499561115566,411.0,205.5,0.822,0.0,-0.6441311502772604
cex_1h_SOL,trend,ema_slope,"{""span"": 100, ""thr"": 0.001}",8641,8760,-3.140085476071734,-2.412676920788767,-0.3001614621214408,0.44388097470176024,-1.3409298994368355,118.0,59.0,0.23600000000000004,0.0,-0.5331888547326432
cex_1h_SOL,trend,price_ema,"{""span"": 20, ""thr"": 0.0}",8641,8760,-6.90004943569899,-5.199379983062425,-0.7749851162939934,0.8076676776416865,-1.2098661246424027,867.0,433.5,1.734,0.0,-0.9595135271892669
cex_1h_SOL,trend,price_ema,"{""span"": 20, ""thr"": 0.02}",8641,8760,-3.4456967546413897,-4.077932528719163,-0.46819817637586025,0.5522789254231288,-1.4451731978268505,272.0,136.0,0.544,0.0,-0.5840511085758315
cex_1h_SOL,trend,price_ema,"{""span"": 20, ""thr"": 0.05}",8641,8760,-1.1820724670479767,-2.7772684832032977,-0.1932450935660831,0.2753365918005068,-1.5241622193035997,32.0,16.0,0.064,0.0,-0.09031018579599559
cex_1h_SOL,trend,price_ema,"{""span"": 50, ""thr"": 0.0}",8641,8760,-2.925465983763275,-3.5252214445304992,-0.6440674142952516,0.7439247704423592,-1.2461280904417866,563.0,281.5,1.1260000000000001,0.0,-0.764291410975594
cex_1h_SOL,trend,price_ema,"{""span"": 50, ""thr"": 0.02}",8641,8760,-2.7080477337839053,-4.085460882343605,-0.554879260032499,0.6252290051778058,-1.393726618239232,356.0,178.0,0.7120000000000001,0.0,-0.6036793375135885
cex_1h_SOL,trend,price_ema,"{""span"": 50, ""thr"": 0.05}",8641,8760,-3.0705878489821514,-2.7493145856405987,-0.27794071221544303,0.3801442277129173,-1.477985395215933,88.0,44.0,0.176,0.0,-0.3981122983588833
cex_1h_SOL,trend,price_ema,"{""span"": 100, ""thr"": 0.0}",8641,8760,-1.9888143874427688,-2.9453111482956436,-0.5814497289667245,0.6621058964288438,-1.3441499561115566,411.0,205.5,0.822,0.0,-0.6441311502772604
cex_1h_SOL,trend,price_ema,"{""span"": 100, ""thr"": 0.02}",8641,8760,-2.597715065433162,-3.329117855214665,-0.5322123454596684,0.606470689911432,-1.408394115720712,299.0,149.5,0.598,0.0,-0.6367779361299304
cex_1h_SOL,trend,price_ema,"{""span"": 100, ""thr"": 0.05}",8641,8760,-3.2309061646349386,-2.5650338603445455,-0.31226873389166876,0.44275998963221413,-1.3838731819042858,122.0,61.0,0.244,0.0,-0.5390220567303616
cex_1h_SOL,trend,donchian,"{""lb"": 10}",8641,8760,-14.220952603916203,-12.719164455955688,-0.8859242987575973,0.8884970789447058,-1.1209011425130002,1172.0,586.0,2.3440000000000003,0.0,-0.9807070124414777
cex_1h_SOL,trend,donchian,"{""lb"": 20}",8641,8760,-10.926117386386013,-9.97377602486783,-0.7764449988000605,0.7875231721647726,-1.2412882178777767,804.0,402.0,1.608,0.0,-0.9314486146089698
cex_1h_SOL,trend,donchian,"{""lb"": 55}",8641,8760,-8.448351485564066,-7.988459603191994,-0.6207748537628559,0.6437170779646252,-1.4203600764528326,462.0,231.0,0.924,0.0,-0.8044968027547021
cex_1h_SOL,momentum,mom_ret,"{""lb"": 5, ""thr"": 0.0}",8641,8760,-11.00022108245426,-7.444560919811818,-0.8773499774154702,0.8940056586989956,-1.1130739179428293,1427.0,713.5,2.854,0.0,-0.9935030943236678
cex_1h_SOL,momentum,mom_ret,"{""lb"": 5, ""thr"": 0.02}",8641,8760,-4.74004605205788,-6.296251953627974,-0.6134343223635118,0.6675405630863576,-1.3632795048945416,430.0,215.0,0.86,0.0,-0.6807765370574226
cex_1h_SOL,momentum,mom_ret,"{""lb"": 5, ""thr"": 0.05}",8641,8760,-0.6832524734834798,-3.0748281392983325,-0.18636188754975902,0.22485787801148238,-1.810158724403361,50.0,25.0,0.1,0.0,-0.06442532656452793
cex_1h_SOL,momentum,mom_ret,"{""lb"": 10, ""thr"": 0.0}",8641,8760,-7.251328216105593,-5.9748626675849055,-0.8169688582295932,0.8420354038657916,-1.1715322131371784,1003.0,501.5,2.0060000000000002,0.0,-0.9653251346639543
cex_1h_SOL,momentum,mom_ret,"{""lb"": 10, ""thr"": 0.02}",8641,8760,-7.530372217496653,-4.385850687949882,-0.5602850970555622,0.629617549617694,-1.3902394629843455,491.0,245.5,0.9820000000000001,0.0,-0.8874539997262348
cex_1h_SOL,momentum,mom_ret,"{""lb"": 10, ""thr"": 0.05}",8641,8760,-4.549721769327203,-3.9287345887701224,-0.3229816712198491,0.3918717994341244,-1.6021267772107093,100.0,50.0,0.2,0.0,-0.4422795893746665
cex_1h_SOL,momentum,mom_ret,"{""lb"": 20, ""thr"": 0.0}",8641,8760,-4.696313071760854,-3.587526081823659,-0.6509606584926597,0.7087079066287095,-1.3130286205853274,695.0,347.5,1.39,0.0,-0.8920749833478079
cex_1h_SOL,momentum,mom_ret,"{""lb"": 20, ""thr"": 0.02}",8641,8760,-4.3451543930781185,-1.7629156619959985,-0.3448000185299831,0.4741928910304412,-1.3865119200531129,436.0,218.0,0.872,0.0,-0.793430575585138
cex_1h_SOL,momentum,mom_ret,"{""lb"": 20, ""thr"": 0.05}",8641,8760,-3.8038177186532427,-4.805284526540061,-0.46603320858289354,0.5137068311788716,-1.5496189039857091,164.0,82.0,0.32799999999999996,0.0,-0.5399299099658246
cex_1h_SOL,momentum,mom_ret,"{""lb"": 50, ""thr"": 0.0}",8641,8760,-2.956401780104783,-1.6971431657732945,-0.4160979264419936,0.5608628709740549,-1.3268760383421452,365.0,182.5,0.73,0.0,-0.7672383692875047
cex_1h_SOL,momentum,mom_ret,"{""lb"": 50, ""thr"": 0.02}",8641,8760,-1.8015769426633774,-2.6801587327562455,-0.48460581071639486,0.6208790015169164,-1.3103181203198089,360.0,180.0,0.72,0.0,-0.5466626898192323
cex_1h_SOL,momentum,mom_ret,"{""lb"": 50, ""thr"": 0.05}",8641,8760,-1.5293096033629958,-2.5269520654102715,-0.3827838359371366,0.48125675720337807,-1.466115319981098,226.0,113.0,0.452,0.0,-0.39534480970185215
cex_1h_SOL,meanrev,rsi,"{""ob"": 65, ""os_"": 20}",8641,8760,-3.45953794213458,-6.359987534659955,-0.5849864323301073,0.5966152377511922,-1.495621083159949,434.0,217.0,0.8680000000000001,0.0,-0.5432104655531275
cex_1h_SOL,meanrev,rsi,"{""ob"": 65, ""os_"": 30}",8641,8760,-4.907852372590885,-7.673566095734632,-0.7260865160777781,0.7507306052443408,-1.2819822441704538,552.0,276.0,1.104,0.0,-0.7394671797426329
cex_1h_SOL,meanrev,rsi,"{""ob"": 65, ""os_"": 35}",8641,8760,-4.862345683458237,-7.024568575714681,-0.7266879468506595,0.7511100391496317,-1.28161251451827,634.0,317.0,1.2680000000000002,0.0,-0.7656389726980849
cex_1h_SOL,meanrev,rsi,"{""ob"": 70, ""os_"": 20}",8641,8760,-4.1674310231464755,-5.175323544595372,-0.4622038623587501,0.4701516288551069,-1.6852501771573654,366.0,183.0,0.7320000000000001,0.0,-0.5372313063188225
cex_1h_SOL,meanrev,rsi,"{""ob"": 70, ""os_"": 30}",8641,8760,-5.519648762374069,-6.7214499728453765,-0.6450486799062871,0.6744776439446823,-1.3751890490316694,484.0,242.0,0.9680000000000001,0.0,-0.7360569281921719
cex_1h_SOL,meanrev,rsi,"{""ob"": 70, ""os_"": 35}",8641,8760,-5.362837152522911,-6.053106349220228,-0.645828045141333,0.6749731488940108,-1.374775844695765,566.0,283.0,1.1320000000000001,0.0,-0.7625712975547585
cex_1h_SOL,meanrev,rsi,"{""ob"": 80, ""os_"": 20}",8641,8760,-3.283657405066799,-4.593921774452926,-0.34679263818523265,0.3600000652556663,-1.8336319065988014,182.0,91.0,0.364,0.0,-0.3505901639395148
cex_1h_SOL,meanrev,rsi,"{""ob"": 80, ""os_"": 30}",8641,8760,-4.882637365671854,-6.272686326975856,-0.5688760124087223,0.6062580959473318,-1.453835682998317,300.0,150.0,0.6000000000000001,0.0,-0.6296049639215382
cex_1h_SOL,meanrev,rsi,"{""ob"": 80, ""os_"": 35}",8641,8760,-4.685905574351878,-5.48770358330972,-0.5698249833253213,0.6068595946277189,-1.4534829176554829,382.0,191.0,0.764,0.0,-0.6668129524828116
cex_1h_SOL,meanrev,zscore,"{""lb"": 20, ""z"": 1.5}",8641,8760,-8.332186986780753,-8.257835583120539,-0.7480975400550371,0.7704517455178224,-1.258495537526777,646.0,323.0,1.292,0.0,-0.8848021752323335
cex_1h_SOL,meanrev,zscore,"{""lb"": 20, ""z"": 2.0}",8641,8760,-8.923140034476285,-7.676200150860651,-0.5704954102619237,0.583520030224121,-1.5124164078785491,400.0,200.0,0.8,0.0,-0.8059623350175124
cex_1h_SOL,meanrev,zscore,"{""lb"": 20, ""z"": 2.5}",8641,8760,-6.684762729397445,-5.029591285848969,-0.30635513006505366,0.3413584087959278,-1.770073744962743,190.0,95.0,0.38,0.0,-0.5877749703247496
cex_1h_SOL,meanrev,zscore,"{""lb"": 50, ""z"": 1.5}",8641,8760,-5.336653115080108,-4.748739150290367,-0.5690410480077472,0.5977240584876143,-1.4747853148517842,422.0,211.0,0.8440000000000001,0.0,-0.7749305075431889
cex_1h_SOL,meanrev,zscore,"{""lb"": 50, ""z"": 2.0}",8641,8760,-5.0510844865396285,-3.7986630751053467,-0.3695520171167318,0.4239298393484522,-1.6260235618972283,288.0,144.0,0.5760000000000001,0.0,-0.6062224229542668
cex_1h_SOL,meanrev,zscore,"{""lb"": 50, ""z"": 2.5}",8641,8760,-4.722130067320283,-2.6630509700135008,-0.18618302018743815,0.2569608541682959,-1.5827238454799992,146.0,73.0,0.29200000000000004,0.0,-0.46798032011281165
cex_1h_SOL,meanrev,bb,"{""span"": 20, ""mult"": 1.5}",8641,8760,-8.332186986780753,-8.257835583120539,-0.7480975400550371,0.7704517455178224,-1.258495537526777,646.0,323.0,1.292,0.0,-0.8848021752323335
cex_1h_SOL,meanrev,bb,"{""span"": 20, ""mult"": 2.0}",8641,8760,-8.923140034476285,-7.676200150860651,-0.5704954102619237,0.583520030224121,-1.5124164078785491,400.0,200.0,0.8,0.0,-0.8059623350175124
cex_1h_SOL,meanrev,bb,"{""span"": 20, ""mult"": 2.5}",8641,8760,-6.684762729397445,-5.029591285848969,-0.30635513006505366,0.3413584087959278,-1.770073744962743,190.0,95.0,0.38,0.0,-0.5877749703247496
cex_1h_SOL,meanrev,bb,"{""span"": 50, ""mult"": 1.5}",8641,8760,-5.336653115080108,-4.748739150290367,-0.5690410480077472,0.5977240584876143,-1.4747853148517842,422.0,211.0,0.8440000000000001,0.0,-0.7749305075431889
cex_1h_SOL,meanrev,bb,"{""span"": 50, ""mult"": 2.0}",8641,8760,-5.0510844865396285,-3.7986630751053467,-0.3695520171167318,0.4239298393484522,-1.6260235618972283,288.0,144.0,0.5760000000000001,0.0,-0.6062224229542668
cex_1h_SOL,meanrev,bb,"{""span"": 50, ""mult"": 2.5}",8641,8760,-4.722130067320283,-2.6630509700135008,-0.18618302018743815,0.2569608541682959,-1.5827238454799992,146.0,73.0,0.29200000000000004,0.0,-0.46798032011281165
cex_4h_SOL,trend,ema_cross,"{""fast"": 10, ""slow"": 50}",2161,2190,0.147160149802844,-2.2082471312226355,-0.47770492417141897,0.6211074626882761,-1.299102742074729,59.0,29.5,0.11800000000000001,0.0,-0.09046067524354395
cex_4h_SOL,trend,ema_cross,"{""fast"": 10, ""slow"": 100}",2161,2190,1.388654321699448,-2.5348608983574987,-0.5206339363989396,0.6012564275961882,-1.4046864203443419,43.0,21.5,0.086,0.0,0.5578531067550168
cex_4h_SOL,trend,ema_cross,"{""fast"": 10, ""slow"": 200}",2161,2190,1.7120685586609696,-0.6262273323865333,-0.2166493728676655,0.4201636135204181,-1.0973972340237659,17.0,8.5,0.034,0.0,0.7911493187757066
cex_4h_SOL,trend,ema_cross,"{""fast"": 20, ""slow"": 50}",2161,2190,0.4712435658800005,-1.020218146015364,-0.29249258554548385,0.490768957559024,-1.1890772314429585,35.0,17.5,0.07,0.0,0.04698627342145967
cex_4h_SOL,trend,ema_cross,"{""fast"": 20, ""slow"": 100}",2161,2190,1.257015733549928,-1.934879640760612,-0.4403391894899966,0.5328813083469323,-1.4449046542916892,35.0,17.5,0.07,0.0,0.47128110685038327
cex_4h_SOL,trend,ema_cross,"{""fast"": 20, ""slow"": 200}",2161,2190,0.9488205268094414,-1.3125112287862182,-0.3434466207036535,0.5140189772033724,-1.2749722482757404,17.0,8.5,0.034,0.0,0.28768129236266193
cex_4h_SOL,trend,ema_cross,"{""fast"": 50, ""slow"": 100}",2161,2190,0.7062587335257436,-1.6265483019725924,-0.39462278060592715,0.5518995872441973,-1.303442125962588,17.0,8.5,0.034,0.0,0.15942025515401093
cex_4h_SOL,trend,ema_cross,"{""fast"": 50, ""slow"": 200}",2161,2190,0.36562571706882324,-1.6889770903374335,-0.40411693919236047,0.5589271664874466,-1.3067507387296213,21.0,10.5,0.041999999999999996,0.0,0.0003256434301130984
cex_4h_SOL,trend,ema_slope,"{""span"": 20, ""thr"": 0.0}",2161,2190,-0.7891839888938958,-2.6508388045268534,-0.5352640526782462,0.607056988721867,-1.4105875508165329,263.0,131.5,0.526,0.0,-0.39408514469406786
cex_4h_SOL,trend,ema_slope,"{""span"": 20, ""thr"": 0.001}",2161,2190,-1.39186469489783,-2.2906575062308216,-0.42955690149122394,0.5123726983111212,-1.480516141761795,207.0,103.5,0.41400000000000003,0.0,-0.4743198105902252
cex_4h_SOL,trend,ema_slope,"{""span"": 20, ""thr"": 0.005}",2161,2190,-0.28252591571563984,-1.0242850004113495,-0.11278649354137049,0.30697817159465274,-0.8514777347294661,56.0,28.0,0.112,0.0,-0.0832759742328486
cex_4h_SOL,trend,ema_slope,"{""span"": 50, ""thr"": 0.0}",2161,2190,-0.9551909220874963,-2.8641180826908474,-0.5590690271261829,0.6332272877507779,-1.3805745130250868,179.0,89.5,0.358,0.0,-0.4353723783696045
cex_4h_SOL,trend,ema_slope,"{""span"": 50, ""thr"": 0.001}",2161,2190,-0.53648980984128,-2.9010496194251343,-0.45248435594929415,0.5396841021421114,-1.4497225261744822,119.0,59.5,0.23800000000000002,0.0,-0.2580641717530132
cex_4h_SOL,trend,ema_slope,"{""span"": 50, ""thr"": 0.005}",2161,2190,-2.242009776623928,0.5277113592941807,0.032811561389891164,0.1547123951469227,0.5505167326110945,8.0,4.0,0.016,0.0,-0.18465597332023242
cex_4h_SOL,trend,ema_slope,"{""span"": 100, ""thr"": 0.0}",2161,2190,0.7331913660490407,-2.7856684452563942,-0.5510127935063238,0.6278970009367104,-1.38289764766571,111.0,55.5,0.222,0.0,0.173077904185714
cex_4h_SOL,trend,ema_slope,"{""span"": 100, ""thr"": 0.001}",2161,2190,-0.41881444126641515,-1.7717642507134985,-0.28266997976780717,0.43181033132532154,-1.317171888364023,62.0,31.0,0.124,0.0,-0.2071459595439532
cex_4h_SOL,trend,ema_slope,"{""span"": 100, ""thr"": 0.005}",2161,2190,0.0,-0.11637269792215107,-0.009163400949283917,0.09696093294615044,-0.2375932981600679,2.0,1.0,0.004,0.0,0.0
cex_4h_SOL,trend,price_ema,"{""span"": 20, ""thr"": 0.0}",2161,2190,-0.7891839888938958,-2.6508388045268534,-0.5352640526782462,0.607056988721867,-1.4105875508165329,263.0,131.5,0.526,0.0,-0.39408514469406786
cex_4h_SOL,trend,price_ema,"{""span"": 20, ""thr"": 0.02}",2161,2190,-1.4553750125225362,-3.492287476370016,-0.4903630419549372,0.5643511239909952,-1.4503612239251027,161.0,80.5,0.322,0.0,-0.42671707057625574
cex_4h_SOL,trend,price_ema,"{""span"": 20, ""thr"": 0.05}",2161,2190,-0.31324868871528505,-0.6050701715958224,-0.0718408433946508,0.2898276185532463,-0.5934795426655537,46.0,23.0,0.09200000000000001,0.0,-0.08428888322640427
cex_4h_SOL,trend,price_ema,"{""span"": 50, ""thr"": 0.0}",2161,2190,-0.9551909220874963,-2.8641180826908474,-0.5590690271261829,0.6332272877507779,-1.3805745130250868,179.0,89.5,0.358,0.0,-0.4353723783696045
cex_4h_SOL,trend,price_ema,"{""span"": 50, ""thr"": 0.02}",2161,2190,-0.8699366766881974,-3.1361865377812808,-0.5048312470323562,0.5767188637719237,-1.4413873692356705,143.0,71.5,0.28600000000000003,0.0,-0.3522702396662325
cex_4h_SOL,trend,price_ema,"{""span"": 50, ""thr"": 0.05}",2161,2190,-0.3276605927209019,-1.8609983323566897,-0.2503262646964135,0.3616063325224088,-1.4320192211936305,76.0,38.0,0.152,0.0,-0.1367586910248394
cex_4h_SOL,trend,price_ema,"{""span"": 100, ""thr"": 0.0}",2161,2190,0.7331913660490407,-2.7856684452563942,-0.5510127935063238,0.6278970009367104,-1.38289764766571,111.0,55.5,0.222,0.0,0.173077904185714
cex_4h_SOL,trend,price_ema,"{""span"": 100, ""thr"": 0.02}",2161,2190,0.7438944537883881,-2.6789147535326197,-0.4792202070334419,0.5548259837269838,-1.4568491305539921,113.0,56.5,0.226,0.0,0.17677385308334026
cex_4h_SOL,trend,price_ema,"{""span"": 100, ""thr"": 0.05}",2161,2190,-0.3665030733174322,-1.6771412520035371,-0.27076363021305594,0.4223794353390509,-1.3031309475814326,60.0,30.0,0.12000000000000001,0.0,-0.1926375422241876
cex_4h_SOL,trend,donchian,"{""lb"": 10}",2161,2190,-3.322406404235941,-4.288588924473063,-0.5043785221496067,0.5763318645890786,-1.4416771018354266,306.0,153.0,0.6120000000000001,0.0,-0.5926587017030788
cex_4h_SOL,trend,donchian,"{""lb"": 20}",2161,2190,-2.8515609138099784,-4.008525713533217,-0.42477713943627315,0.508286852624385,-1.4822763364143063,204.0,102.0,0.40800000000000003,0.0,-0.4852504542396239
cex_4h_SOL,trend,donchian,"{""lb"": 55}",2161,2190,-1.1083065126317335,-0.5566886389236377,-0.06930213770144233,0.29128652688746137,-0.5707813479961741,88.0,44.0,0.176,0.0,-0.19995425390589816
cex_4h_SOL,momentum,mom_ret,"{""lb"": 5, ""thr"": 0.0}",2161,2190,-2.644231804333618,-2.0418957686180135,-0.45693533863543934,0.578333937508028,-1.3605342943225496,361.0,180.5,0.722,0.0,-0.7297428863327278
cex_4h_SOL,momentum,mom_ret,"{""lb"": 5, ""thr"": 0.02}",2161,2190,-2.245365156379485,-0.3263850740995468,-0.10060707816716885,0.41184161500248595,-0.5716843893061015,227.0,113.5,0.454,0.0,-0.5453719812177767
cex_4h_SOL,momentum,mom_ret,"{""lb"": 5, ""thr"": 0.05}",2161,2190,-1.408297432423076,-1.025345307434387,-0.1107946112982735,0.22702354535541192,-1.1328317383078421,80.0,40.0,0.16,0.0,-0.2445677444495682
cex_4h_SOL,momentum,mom_ret,"{""lb"": 10, ""thr"": 0.0}",2161,2190,-1.8462263444718434,-1.1667388150669753,-0.3183664782255565,0.5376992602318309,-1.1550076632920645,225.0,112.5,0.45000000000000007,0.0,-0.6172044500431315
cex_4h_SOL,momentum,mom_ret,"{""lb"": 10, ""thr"": 0.02}",2161,2190,-1.9679128885430681,-2.388345379466165,-0.43208140972319753,0.519852369531937,-1.4644002184868359,214.0,107.0,0.42800000000000005,0.0,-0.5475629959181549
cex_4h_SOL,momentum,mom_ret,"{""lb"": 10, ""thr"": 0.05}",2161,2190,-1.6338751812381078,-3.096534731745834,-0.3786268498692047,0.46883657049707167,-1.4935138300336053,130.0,65.0,0.26,0.0,-0.3771097467694946
cex_4h_SOL,momentum,mom_ret,"{""lb"": 20, ""thr"": 0.0}",2161,2190,-0.35015005792148374,-3.9744022003661135,-0.6669939350647504,0.7230007753011837,-1.2976552208558954,153.0,76.5,0.30600000000000005,0.0,-0.266342451490885
cex_4h_SOL,momentum,mom_ret,"{""lb"": 20, ""thr"": 0.02}",2161,2190,-0.18044864206964442,-4.52196806960522,-0.6540442031634062,0.7116553238714429,-1.309537517727552,165.0,82.5,0.33,0.0,-0.17598838459480515
cex_4h_SOL,momentum,mom_ret,"{""lb"": 20, ""thr"": 0.05}",2161,2190,-1.29576708320048,-2.5523343404526586,-0.368277251815485,0.46691772233372647,-1.4722300713296785,119.0,59.5,0.238,0.0,-0.3863919681653092
cex_4h_SOL,momentum,mom_ret,"{""lb"": 50, ""thr"": 0.0}",2161,2190,1.194051456874027,-1.447121449577767,-0.3658489490050406,0.5335162479792872,-1.2827335876441868,115.0,57.5,0.22999999999999998,0.0,0.42959577248791936
cex_4h_SOL,momentum,mom_ret,"{""lb"": 50, ""thr"": 0.02}",2161,2190,1.10882942955648,-1.921146711942857,-0.40263040201515254,0.5242362933281658,-1.3899691988118834,152.0,76.0,0.304,0.0,0.36665844044409424
cex_4h_SOL,momentum,mom_ret,"{""lb"": 50, ""thr"": 0.05}",2161,2190,0.4589924247699943,-1.4735433341041209,-0.29216440512821873,0.44568954827624974,-1.3082491264139922,96.0,48.0,0.192,0.0,0.05781545161927104
cex_4h_SOL,meanrev,rsi,"{""ob"": 65, ""os_"": 20}",2161,2190,-0.9696336248659305,-1.0301741381779481,-0.14379038062354244,0.19131070205728007,-1.698782212428999,122.0,61.0,0.244,0.0,-0.21377215896863222
cex_4h_SOL,meanrev,rsi,"{""ob"": 65, ""os_"": 30}",2161,2190,-1.3248406576936995,-0.9607196833758298,-0.16344416399126227,0.2744323474614182,-1.324686398792969,156.0,78.0,0.312,0.0,-0.32630632193488684
cex_4h_SOL,meanrev,rsi,"{""ob"": 65, ""os_"": 35}",2161,2190,-1.548823952478323,-1.2326880706741206,-0.2160251970044943,0.2866697787702248,-1.604628693459627,174.0,87.0,0.348,0.0,-0.42158419454620455
cex_4h_SOL,meanrev,rsi,"{""ob"": 70, ""os_"": 20}",2161,2190,-0.5676563752417317,-0.5074335092391564,-0.0773069098704493,0.17126463301340067,-1.0760925526693887,90.0,45.0,0.18,0.0,-0.12097303757020617
cex_4h_SOL,meanrev,rsi,"{""ob"": 70, ""os_"": 30}",2161,2190,-1.0251127734674568,-0.516550903225896,-0.09848678182926351,0.2679691466809169,-0.8615611984976856,124.0,62.0,0.248,0.0,-0.24678970072988615
cex_4h_SOL,meanrev,rsi,"{""ob"": 70, ""os_"": 35}",2161,2190,-1.299988069963655,-0.8355506553974719,-0.15515065798206285,0.24985781125468284,-1.3905514873002858,142.0,71.0,0.28400000000000003,0.0,-0.3533132993325955
cex_4h_SOL,meanrev,rsi,"{""ob"": 80, ""os_"": 20}",2161,2190,0.04024914193724613,-0.939190552755192,-0.0929787739940876,0.15553568738923662,-1.4075146928327495,50.0,25.0,0.09999999999999999,0.0,-0.008103522737274993
cex_4h_SOL,meanrev,rsi,"{""ob"": 80, ""os_"": 30}",2161,2190,-0.6776458489302176,-0.8134299496670452,-0.11379890761840616,0.2460906664042063,-1.0708131579385238,84.0,42.0,0.16799999999999998,0.0,-0.15007539652835244
cex_4h_SOL,meanrev,rsi,"{""ob"": 80, ""os_"": 35}",2161,2190,-1.034833784659383,-1.1345120954465455,-0.1695003526255887,0.2953988874935883,-1.269936280246426,102.0,51.0,0.20400000000000001,0.0,-0.27027692243753587
cex_4h_SOL,meanrev,zscore,"{""lb"": 20, ""z"": 1.5}",2161,2190,-2.326974771259436,-1.7475280741376507,-0.236877378950352,0.24740968129455465,-2.0032576210642485,162.0,81.0,0.324,0.0,-0.46971984589931004
cex_4h_SOL,meanrev,zscore,"{""lb"": 20, ""z"": 2.0}",2161,2190,-2.049879118311416,-1.1101019386702773,-0.10483987653860216,0.1652048345968478,-1.4801053377478155,102.0,51.0,0.20400000000000001,0.0,-0.3060827965912084
cex_4h_SOL,meanrev,zscore,"{""lb"": 20, ""z"": 2.5}",2161,2190,-1.4341308408063338,1.2110572248128246,0.04201300061462021,0.04153907906946788,2.643684327842882,54.0,27.0,0.10800000000000001,0.0,-0.14257207582087184
cex_4h_SOL,meanrev,zscore,"{""lb"": 50, ""z"": 1.5}",2161,2190,-2.64116621484803,-2.1828991885072107,-0.2753478055328975,0.35287166822445504,-1.5799983985706683,84.0,42.0,0.16799999999999998,0.0,-0.5082055510678551
cex_4h_SOL,meanrev,zscore,"{""lb"": 50, ""z"": 2.0}",2161,2190,-2.8261217709968895,-2.693410163737327,-0.24286431518836749,0.2620742684328935,-1.9291610095265985,56.0,28.0,0.11200000000000002,0.0,-0.4251964151851766
cex_4h_SOL,meanrev,zscore,"{""lb"": 50, ""z"": 2.5}",2161,2190,-0.9664148146895043,-1.169790520597638,-0.06684555749460808,0.11379080869119446,-1.4120476297034814,36.0,18.0,0.07200000000000001,0.0,-0.1132729729097387
cex_4h_SOL,meanrev,bb,"{""span"": 20, ""mult"": 1.5}",2161,2190,-2.326974771259436,-1.7475280741376507,-0.236877378950352,0.24740968129455465,-2.0032576210642485,162.0,81.0,0.324,0.0,-0.46971984589931004
cex_4h_SOL,meanrev,bb,"{""span"": 20, ""mult"": 2.0}",2161,2190,-2.049879118311416,-1.1101019386702773,-0.10483987653860216,0.1652048345968478,-1.4801053377478155,102.0,51.0,0.20400000000000001,0.0,-0.3060827965912084
cex_4h_SOL,meanrev,bb,"{""span"": 20, ""mult"": 2.5}",2161,2190,-1.4341308408063338,1.2110572248128246,0.04201300061462021,0.04153907906946788,2.643684327842882,54.0,27.0,0.10800000000000001,0.0,-0.14257207582087184
cex_4h_SOL,meanrev,bb,"{""span"": 50, ""mult"": 1.5}",2161,2190,-2.64116621484803,-2.1828991885072107,-0.2753478055328975,0.35287166822445504,-1.5799983985706683,84.0,42.0,0.16799999999999998,0.0,-0.5082055510678551
cex_4h_SOL,meanrev,bb,"{""span"": 50, ""mult"": 2.0}",2161,2190,-2.8261217709968895,-2.693410163737327,-0.24286431518836749,0.2620742684328935,-1.9291610095265985,56.0,28.0,0.11200000000000002,0.0,-0.4251964151851766
cex_4h_SOL,meanrev,bb,"{""span"": 50, ""mult"": 2.5}",2161,2190,-0.9664148146895043,-1.169790520597638,-0.06684555749460808,0.11379080869119446,-1.4120476297034814,36.0,18.0,0.07200000000000001,0.0,-0.1132729729097387
cex_8h_SOL,trend,ema_cross,"{""fast"": 10, ""slow"": 50}",1081,1095,1.1167886886224787,-2.1352446358755497,-0.46237100297997213,0.5362475897908685,-1.4766055055577514,39.0,19.5,0.078,0.0,0.37831967097846086
cex_8h_SOL,trend,ema_cross,"{""fast"": 10, ""slow"": 100}",1081,1095,0.8418742263026532,-1.0798374728055382,-0.2980327486482781,0.467301112916126,-1.2654500005355342,17.0,8.5,0.034,0.0,0.22715491231699714
cex_8h_SOL,trend,ema_cross,"{""fast"": 10, ""slow"": 200}",1081,1095,1.502360743677709,0.1052839265034675,-0.052923210202956095,0.2812958853331614,-0.456715404173433,5.0,2.5,0.01,0.0,0.6201745602850346
cex_8h_SOL,trend,ema_cross,"{""fast"": 20, ""slow"": 50}",1081,1095,0.8311382758532233,-1.6800166275617723,-0.3971299151680693,0.47414890526448566,-1.5224988958583903,21.0,10.5,0.041999999999999996,0.0,0.22165998272631215
cex_8h_SOL,trend,ema_cross,"{""fast"": 20, ""slow"": 100}",1081,1095,0.28405594636626413,-1.5751439220782495,-0.3808641340710963,0.5301590122631172,-1.3251166025902725,17.0,8.5,0.034,0.0,-0.029911701493901877
cex_8h_SOL,trend,ema_cross,"{""fast"": 20, ""slow"": 200}",1081,1095,1.5254823498039016,-0.18454837738244345,-0.11988350785364754,0.3321097601523105,-0.8309963558896174,5.0,2.5,0.01,0.0,0.6365382615426889
cex_8h_SOL,trend,ema_cross,"{""fast"": 50, ""slow"": 100}",1081,1095,1.3729263443328845,-0.022341592028727816,-0.08315309243141922,0.3189401554393845,-0.6180296332474937,9.0,4.5,0.018000000000000002,0.0,0.5348813380945976
cex_8h_SOL,trend,ema_cross,"{""fast"": 50, ""slow"": 200}",1081,1095,1.6649874497702235,-0.49535847244999326,-0.18664205738879192,0.38277053524149846,-1.0630877314509828,5.0,2.5,0.01,0.0,0.7353214929186067
cex_8h_SOL,trend,ema_slope,"{""span"": 20, ""thr"": 0.0}",1081,1095,-0.9614077329089068,-1.6702600948221547,-0.3956605360698855,0.5238872538527973,-1.3746733201157026,123.0,61.5,0.24600000000000002,0.0,-0.4276669752191551
cex_8h_SOL,trend,ema_slope,"{""span"": 20, ""thr"": 0.001}",1081,1095,-0.6060966679415806,-2.1377224487346504,-0.423879640656473,0.5264737588610674,-1.4284604513568295,110.0,55.0,0.22000000000000003,0.0,-0.3030255470134726
cex_8h_SOL,trend,ema_slope,"{""span"": 20, ""thr"": 0.005}",1081,1095,0.05506627272488466,-0.7528720790142971,-0.11495370891948775,0.27085310511881105,-0.9809094116242323,54.0,27.0,0.10800000000000001,0.0,-0.03504117520249339
cex_8h_SOL,trend,ema_slope,"{""span"": 50, ""thr"": 0.0}",1081,1095,1.4445519026537224,-2.235682554672977,-0.4758761258193661,0.5797409601630743,-1.3882018967246605,79.0,39.5,0.158,0.0,0.58276822122586
cex_8h_SOL,trend,ema_slope,"{""span"": 50, ""thr"": 0.001}",1081,1095,0.4299776875536029,-3.08677016354429,-0.5160660272785076,0.5763068401801269,-1.4583576272329655,72.0,36.0,0.14400000000000002,0.0,0.0431027567451292
cex_8h_SOL,trend,ema_slope,"{""span"": 50, ""thr"": 0.005}",1081,1095,-0.21175072549947346,0.6316341334009948,0.055356810490522435,0.13243134982760413,1.1022423017170404,10.0,5.0,0.02,0.0,-0.05096419287236709
cex_8h_SOL,trend,ema_slope,"{""span"": 100, ""thr"": 0.0}",1081,1095,2.09807686638945,-1.1986552189988895,-0.31927787309529854,0.49106380461027077,-1.266441111417375,53.0,26.5,0.106,0.0,1.0812967010686059
cex_8h_SOL,trend,ema_slope,"{""span"": 100, ""thr"": 0.001}",1081,1095,0.06009598899083746,-1.8328874301256468,-0.3487355486487682,0.4298059057115157,-1.5400486325301592,38.0,19.0,0.07600000000000001,0.0,-0.08706541930104872
cex_8h_SOL,trend,ema_slope,"{""span"": 100, ""thr"": 0.005}",1081,1095,-1.1531553147831257,0.1607319946022703,0.0042494888232067485,0.12791081611090954,0.08428789279440202,6.0,3.0,0.012,0.0,-0.029229077583808216
cex_8h_SOL,trend,price_ema,"{""span"": 20, ""thr"": 0.0}",1081,1095,-0.9614077329089068,-1.6702600948221547,-0.3956605360698855,0.5238872538527973,-1.3746733201157026,123.0,61.5,0.24600000000000002,0.0,-0.4276669752191551
cex_8h_SOL,trend,price_ema,"{""span"": 20, ""thr"": 0.02}",1081,1095,-0.6000135114409884,-2.9867624257049474,-0.4873429562835083,0.5539131426544649,-1.4721035606611912,106.0,53.0,0.21200000000000002,0.0,-0.27178650231884793
cex_8h_SOL,trend,price_ema,"{""span"": 20, ""thr"": 0.05}",1081,1095,0.8963172447415629,-1.394363784165165,-0.1778209115377949,0.2937802451141277,-1.3292841889529101,50.0,25.0,0.1,0.0,0.1750848920847996
cex_8h_SOL,trend,price_ema,"{""span"": 50, ""thr"": 0.0}",1081,1095,1.4445519026537224,-2.235682554672977,-0.4758761258193661,0.5797409601630743,-1.3882018967246605,79.0,39.5,0.158,0.0,0.58276822122586
cex_8h_SOL,trend,price_ema,"{""span"": 50, ""thr"": 0.02}",1081,1095,0.53689647284248,-2.3094052484114904,-0.43959247351471087,0.5093528268988871,-1.5093539931308497,72.0,36.0,0.14400000000000002,0.0,0.08531548723428295
cex_8h_SOL,trend,price_ema,"{""span"": 50, ""thr"": 0.05}",1081,1095,-0.12369480910403056,-2.280460936199917,-0.35282041679585574,0.47041313055429856,-1.418452691730127,48.0,24.0,0.096,0.0,-0.11797675120787077
cex_8h_SOL,trend,price_ema,"{""span"": 100, ""thr"": 0.0}",1081,1095,2.09807686638945,-1.1986552189988895,-0.31927787309529854,0.49106380461027077,-1.266441111417375,53.0,26.5,0.106,0.0,1.0812967010686059
cex_8h_SOL,trend,price_ema,"{""span"": 100, ""thr"": 0.02}",1081,1095,2.348437400321449,-1.712792619717276,-0.3799607315932312,0.4571441319436861,-1.5343598566256154,59.0,29.5,0.11800000000000001,0.0,1.2693670237259922
cex_8h_SOL,trend,price_ema,"{""span"": 100, ""thr"": 0.05}",1081,1095,0.004220783526410375,-1.825153972134973,-0.34770280433703793,0.42890171893111206,-1.540130471686514,38.0,19.0,0.07600000000000001,0.0,-0.10521605224842734
cex_8h_SOL,trend,donchian,"{""lb"": 10}",1081,1095,-0.415355690146518,-3.5762052947758978,-0.42362342198423186,0.5355575378992977,-1.403710956695978,154.0,77.0,0.30800000000000005,0.0,-0.14302704140309674
cex_8h_SOL,trend,donchian,"{""lb"": 20}",1081,1095,0.21037644442274364,-1.5469121437196578,-0.19347980783920848,0.3499593542152733,-1.1985577612755294,96.0,48.0,0.192,0.0,0.007614032429561268
cex_8h_SOL,trend,donchian,"{""lb"": 55}",1081,1095,-1.4092970290190305,-0.24132643368016707,-0.04053655658422495,0.2774123124500054,-0.3581594590746731,46.0,23.0,0.092,0.0,-0.21469156900693265
cex_8h_SOL,momentum,mom_ret,"{""lb"": 5, ""thr"": 0.0}",1081,1095,-0.3901224117091821,-1.7724595464603414,-0.4117623983013946,0.5900543384759291,-1.251826906177043,163.0,81.5,0.32600000000000007,0.0,-0.2703715951665949
cex_8h_SOL,momentum,mom_ret,"{""lb"": 5, ""thr"": 0.02}",1081,1095,-1.5468356584024494,-1.206440353801647,-0.26446670556283336,0.4245407618416178,-1.2722195205428792,148.0,74.0,0.29600000000000004,0.0,-0.45983091822686883
cex_8h_SOL,momentum,mom_ret,"{""lb"": 5, ""thr"": 0.05}",1081,1095,-0.8310868672760023,-1.7063891713279347,-0.23153149369656434,0.34841314174601407,-1.395574002452998,86.0,43.0,0.17200000000000001,0.0,-0.22319159868995908
cex_8h_SOL,momentum,mom_ret,"{""lb"": 10, ""thr"": 0.0}",1081,1095,1.007466080982228,-4.616088057802147,-0.7126677178180385,0.7552061565768611,-1.2676142213809105,117.0,58.5,0.234,0.0,0.3165129034091927
cex_8h_SOL,momentum,mom_ret,"{""lb"": 10, ""thr"": 0.02}",1081,1095,0.808809248596371,-3.0208581721000503,-0.5191497970488019,0.5903378193450696,-1.4280296018429322,121.0,60.5,0.24200000000000002,0.0,0.20391993490837135
cex_8h_SOL,momentum,mom_ret,"{""lb"": 10, ""thr"": 0.05}",1081,1095,-1.566519175905497,-2.311280955397776,-0.33920255590067183,0.42887857169532934,-1.5138715330074208,77.0,38.5,0.15400000000000003,0.0,-0.422120204167036
cex_8h_SOL,momentum,mom_ret,"{""lb"": 20, ""thr"": 0.0}",1081,1095,1.029143814714459,-0.7449270196121457,-0.23529884654180167,0.5192752758859928,-0.9485949278332529,85.0,42.5,0.17,0.0,0.3279333920222762
cex_8h_SOL,momentum,mom_ret,"{""lb"": 20, ""thr"": 0.02}",1081,1095,1.5054393032363014,-1.7204977485586066,-0.3715784825691296,0.5598271600811758,-1.234506519948355,103.0,51.5,0.20600000000000002,0.0,0.582883692766772
cex_8h_SOL,momentum,mom_ret,"{""lb"": 20, ""thr"": 0.05}",1081,1095,0.8482298440186652,-2.267068270613799,-0.3744159495214615,0.5070863408914624,-1.3698360443081616,82.0,41.0,0.164,0.0,0.2128659033800948
cex_8h_SOL,momentum,mom_ret,"{""lb"": 50, ""thr"": 0.0}",1081,1095,-0.959743038149442,-1.9612684038197874,-0.4380239568783838,0.5555079447800695,-1.380995080531549,71.0,35.5,0.14200000000000002,0.0,-0.4182992168501325
cex_8h_SOL,momentum,mom_ret,"{""lb"": 50, ""thr"": 0.02}",1081,1095,-0.831675853063171,-1.9925124425874132,-0.410097959261,0.5090924183104696,-1.4472258834267047,69.0,34.5,0.138,0.0,-0.363522313098653
cex_8h_SOL,momentum,mom_ret,"{""lb"": 50, ""thr"": 0.05}",1081,1095,-1.5166832464006286,-2.5790537583777127,-0.4482379728330941,0.5564060234386399,-1.3977342413921279,57.0,28.5,0.114,0.0,-0.47793243074405234
cex_8h_SOL,meanrev,rsi,"{""ob"": 65, ""os_"": 20}",1081,1095,-2.168962890850049,-0.2798067308624162,-0.05251869731050607,0.18139688750125327,-0.7030467869744407,40.0,20.0,0.08000000000000002,0.0,-0.3659724277086306
cex_8h_SOL,meanrev,rsi,"{""ob"": 65, ""os_"": 30}",1081,1095,-1.1520414883256496,-0.5158931959031969,-0.0954303988160583,0.26753132072033486,-0.8373799645271965,54.0,27.0,0.108,0.0,-0.28538153460756843
cex_8h_SOL,meanrev,rsi,"{""ob"": 65, ""os_"": 35}",1081,1095,-1.49165933773991,0.24417126803474662,0.00747016673675871,0.26162210796767754,0.07262034125909697,64.0,32.0,0.128,0.0,-0.39022318484686225
cex_8h_SOL,meanrev,rsi,"{""ob"": 70, ""os_"": 20}",1081,1095,-2.4460508877649048,-1.4142600930080604,-0.15102054233226003,0.21682105975776844,-1.5635793614924693,32.0,16.0,0.064,0.0,-0.3689605233106191
cex_8h_SOL,meanrev,rsi,"{""ob"": 70, ""os_"": 30}",1081,1095,-1.2649918394020738,-1.4691621949950162,-0.18947106686332138,0.3204204003637995,-1.2861898474933235,46.0,23.0,0.092,0.0,-0.28874944538441694
cex_8h_SOL,meanrev,rsi,"{""ob"": 70, ""os_"": 35}",1081,1095,-1.5946442315278189,-0.5457937674270782,-0.0972682275157194,0.2734781879895568,-0.8337267877883883,56.0,28.0,0.112,0.0,-0.393096989550605
cex_8h_SOL,meanrev,rsi,"{""ob"": 80, ""os_"": 20}",1081,1095,-2.7787134350110874,-0.6481586477019872,-0.06903013868426044,0.13648865164343638,-1.2123306778750231,22.0,11.0,0.044,0.0,-0.3239699975978757
cex_8h_SOL,meanrev,rsi,"{""ob"": 80, ""os_"": 30}",1081,1095,-1.1681862693910843,-0.8425975917736741,-0.11119403224717062,0.24625277639000875,-1.0467626935730536,36.0,18.0,0.072,0.0,-0.23804019889873818
cex_8h_SOL,meanrev,rsi,"{""ob"": 80, ""os_"": 35}",1081,1095,-1.5236249110277618,0.09058754952012844,-0.010086680608578202,0.20441302341633016,-0.1238255565833783,46.0,23.0,0.092,0.0,-0.34982729485572783
cex_8h_SOL,meanrev,zscore,"{""lb"": 20, ""z"": 1.5}",1081,1095,-2.701900183072211,-2.8283502893334327,-0.31747812194493974,0.35733752709673916,-1.7332920943748609,70.0,35.0,0.14,0.0,-0.5039391872214393
cex_8h_SOL,meanrev,zscore,"{""lb"": 20, ""z"": 2.0}",1081,1095,-2.919264057115478,-2.2368768709152387,-0.18922024625434886,0.20107888975336652,-2.0472626632025652,44.0,22.0,0.088,0.0,-0.41151891344911906
cex_8h_SOL,meanrev,zscore,"{""lb"": 20, ""z"": 2.5}",1081,1095,-0.4059724860213776,-0.43356014701998136,-0.01619857234824773,0.050261610648066855,-0.8049535320784514,14.0,7.0,0.028,0.0,-0.027104970368793557
cex_8h_SOL,meanrev,zscore,"{""lb"": 50, ""z"": 1.5}",1081,1095,-1.4761110730205529,-0.5010378585541991,-0.0881129532295355,0.23683562992125992,-0.8784695374468974,40.0,20.0,0.08,0.0,-0.3204013196767994
cex_8h_SOL,meanrev,zscore,"{""lb"": 50, ""z"": 2.0}",1081,1095,-0.9705934110890224,-2.669119098205464,-0.27061227039191793,0.30179285310819814,-1.821660961333317,28.0,14.0,0.05600000000000001,0.0,-0.17392603762483783
cex_8h_SOL,meanrev,zscore,"{""lb"": 50, ""z"": 2.5}",1081,1095,-0.005893602045201711,-2.8531905968666544,-0.160949398489739,0.21910937010219403,-1.635672903051349,20.0,10.0,0.04000000000000001,0.0,-0.007832906071005286
cex_8h_SOL,meanrev,bb,"{""span"": 20, ""mult"": 1.5}",1081,1095,-2.701900183072211,-2.8283502893334327,-0.31747812194493974,0.35733752709673916,-1.7332920943748609,70.0,35.0,0.14,0.0,-0.5039391872214393
cex_8h_SOL,meanrev,bb,"{""span"": 20, ""mult"": 2.0}",1081,1095,-2.919264057115478,-2.2368768709152387,-0.18922024625434886,0.20107888975336652,-2.0472626632025652,44.0,22.0,0.088,0.0,-0.41151891344911906
cex_8h_SOL,meanrev,bb,"{""span"": 20, ""mult"": 2.5}",1081,1095,-0.4059724860213776,-0.43356014701998136,-0.01619857234824773,0.050261610648066855,-0.8049535320784514,14.0,7.0,0.028,0.0,-0.027104970368793557
cex_8h_SOL,meanrev,bb,"{""span"": 50, ""mult"": 1.5}",1081,1095,-1.4761110730205529,-0.5010378585541991,-0.0881129532295355,0.23683562992125992,-0.8784695374468974,40.0,20.0,0.08,0.0,-0.3204013196767994
cex_8h_SOL,meanrev,bb,"{""span"": 50, ""mult"": 2.0}",1081,1095,-0.9705934110890224,-2.669119098205464,-0.27061227039191793,0.30179285310819814,-1.821660961333317,28.0,14.0,0.05600000000000001,0.0,-0.17392603762483783
cex_8h_SOL,meanrev,bb,"{""span"": 50, ""mult"": 2.5}",1081,1095,-0.005893602045201711,-2.8531905968666544,-0.160949398489739,0.21910937010219403,-1.635672903051349,20.0,10.0,0.04000000000000001,0.0,-0.007832906071005286
cex_12h_SOL,trend,ema_cross,"{""fast"": 10, ""slow"": 50}",721,730,0.41732030164482764,-0.47740282986862465,-0.18010348117167596,0.374012227381936,-1.0546092082803413,13.0,6.5,0.026000000000000002,0.0,0.021714376045669503
cex_12h_SOL,trend,ema_cross,"{""fast"": 10, ""slow"": 100}",721,730,0.8109608681547988,0.15564594787139324,-0.03940421231678248,0.2665888880984251,-0.36221123951837975,5.0,2.5,0.01,0.0,0.21252268060657253
cex_12h_SOL,trend,ema_cross,"{""fast"": 10, ""slow"": 200}",721,730,1.8910851807468807,0.5378639953567665,0.05727039203839279,0.2719251916008012,0.5554705269035068,1.0,0.5,0.002,0.0,0.9384949589796563
cex_12h_SOL,trend,ema_cross,"{""fast"": 20, ""slow"": 50}",721,730,0.2740609649077125,-1.38722324980676,-0.34751525827859975,0.5018304618232241,-1.314974887338407,13.0,6.5,0.026000000000000002,0.0,-0.04024968550341901
cex_12h_SOL,trend,ema_cross,"{""fast"": 20, ""slow"": 100}",721,730,1.1781057645914463,-0.12799239025020848,-0.10542046357539792,0.3169920367067778,-0.7737406174407399,5.0,2.5,0.01,0.0,0.42273832787134547
cex_12h_SOL,trend,ema_cross,"{""fast"": 20, ""slow"": 200}",721,730,1.8828657185405195,0.5378639953567665,0.05727039203839279,0.2719251916008012,0.5554705269035068,1.0,0.5,0.002,0.0,0.9312734458426131
cex_12h_SOL,trend,ema_cross,"{""fast"": 50, ""slow"": 100}",721,730,1.8703253358879923,-0.6275847655432827,-0.2109488659607337,0.39487465430058244,-1.140468119679075,5.0,2.5,0.01,0.0,0.9206052873596318
cex_12h_SOL,trend,ema_cross,"{""fast"": 50, ""slow"": 200}",721,730,2.012498939476765,0.5378639953567665,0.05727039203839279,0.2719251916008012,0.5554705269035068,1.0,0.5,0.002,0.0,1.0422072084158311
cex_12h_SOL,trend,ema_slope,"{""span"": 20, ""thr"": 0.0}",721,730,-0.08179246949949973,-1.7016386044338296,-0.3959517891794948,0.48051162801386865,-1.4986182533903873,83.0,41.5,0.166,0.0,-0.17819911428579704
cex_12h_SOL,trend,ema_slope,"{""span"": 20, ""thr"": 0.001}",721,730,0.16550661143023468,-1.6989354484766377,-0.3705029625791132,0.5155333002554519,-1.3371639521563445,83.0,41.5,0.166,0.0,-0.07230438818243223
cex_12h_SOL,trend,ema_slope,"{""span"": 20, ""thr"": 0.005}",721,730,-1.0502194539726897,-0.8095256556352732,-0.15605684933455444,0.3393946269741359,-1.0270215342536588,40.0,20.0,0.08,0.0,-0.305844877995618
cex_12h_SOL,trend,ema_slope,"{""span"": 50, ""thr"": 0.0}",721,730,1.625614266106921,-1.752480841724995,-0.40434620264852017,0.4715872271598616,-1.5475923194429118,61.0,30.5,0.12200000000000003,0.0,0.7286160735526812
cex_12h_SOL,trend,ema_slope,"{""span"": 50, ""thr"": 0.001}",721,730,0.6860010106855831,-1.8777055328372216,-0.38564610285606205,0.48656142378247413,-1.4548703242696652,48.0,24.0,0.096,0.0,0.14893174991371483
cex_12h_SOL,trend,ema_slope,"{""span"": 50, ""thr"": 0.005}",721,730,-1.0098224949533088,0.09839287520313207,-0.0124637303462235,0.1691665674902754,-0.18433930796027928,10.0,5.0,0.02,0.0,-0.2021178752485454
cex_12h_SOL,trend,ema_slope,"{""span"": 100, ""thr"": 0.0}",721,730,0.9080693483371536,-0.5727209231238756,-0.20013686373364414,0.3893076363024337,-1.107396325373981,25.0,12.5,0.05,0.0,0.26472574559720075
cex_12h_SOL,trend,ema_slope,"{""span"": 100, ""thr"": 0.001}",721,730,0.6607371114650405,-1.1333304917836213,-0.2744126750809164,0.35637562762045316,-1.5580673430496772,31.0,15.5,0.062000000000000006,0.0,0.1375206196166021
cex_12h_SOL,trend,ema_slope,"{""span"": 100, ""thr"": 0.005}",721,730,-1.1049392244624883,-0.5650705691976718,-0.08856077749905678,0.19144958199134235,-1.0907419181874847,8.0,4.0,0.016,0.0,-0.08104105882072798
cex_12h_SOL,trend,price_ema,"{""span"": 20, ""thr"": 0.0}",721,730,-0.08179246949949973,-1.7016386044338296,-0.3959517891794948,0.48051162801386865,-1.4986182533903873,83.0,41.5,0.166,0.0,-0.17819911428579704
cex_12h_SOL,trend,price_ema,"{""span"": 20, ""thr"": 0.02}",721,730,-0.23615217038911906,-2.106121240511439,-0.4006814141062436,0.48357144033203914,-1.5005150743136042,78.0,39.0,0.156,0.0,-0.1819917790863247
cex_12h_SOL,trend,price_ema,"{""span"": 20, ""thr"": 0.05}",721,730,-0.37984095974295307,-0.5306423148854781,-0.1136073992067076,0.3094138898560468,-0.8486849965812071,36.0,18.0,0.07200000000000001,0.0,-0.14894457702122732
cex_12h_SOL,trend,price_ema,"{""span"": 50, ""thr"": 0.0}",721,730,1.625614266106921,-1.752480841724995,-0.40434620264852017,0.4715872271598616,-1.5475923194429118,61.0,30.5,0.12200000000000003,0.0,0.7286160735526812
cex_12h_SOL,trend,price_ema,"{""span"": 50, ""thr"": 0.02}",721,730,0.9690986016721458,-1.8097345714197237,-0.379495096574441,0.48686854790526624,-1.4386625769753096,52.0,26.0,0.10400000000000001,0.0,0.28220957270065905
cex_12h_SOL,trend,price_ema,"{""span"": 50, ""thr"": 0.05}",721,730,-0.7724798161449733,-1.1759262221271853,-0.24624272222592458,0.35828992266641646,-1.424383079067039,36.0,18.0,0.07200000000000001,0.0,-0.30572571990608943
cex_12h_SOL,trend,price_ema,"{""span"": 100, ""thr"": 0.0}",721,730,0.9080693483371536,-0.5727209231238756,-0.20013686373364414,0.3893076363024337,-1.107396325373981,25.0,12.5,0.05,0.0,0.26472574559720075
cex_12h_SOL,trend,price_ema,"{""span"": 100, ""thr"": 0.02}",721,730,0.9330611064432116,-0.8598140438012885,-0.24435037977134966,0.41084114423351037,-1.234615825236402,31.0,15.5,0.062000000000000006,0.0,0.2745011109611135
cex_12h_SOL,trend,price_ema,"{""span"": 100, ""thr"": 0.05}",721,730,0.6607371114650405,-1.2150150210812605,-0.28746705651235094,0.3679021101143344,-1.5634383033285508,31.0,15.5,0.062000000000000006,0.0,0.1375206196166021
cex_12h_SOL,trend,donchian,"{""lb"": 10}",721,730,0.1494723320183416,-1.2756492920114804,-0.19125512922126697,0.3087375975042417,-1.3442684167726737,94.0,47.0,0.188,0.0,-0.012700705873147644
cex_12h_SOL,trend,donchian,"{""lb"": 20}",721,730,1.0302390988170316,-1.184942129410338,-0.1556391709987136,0.314110766787648,-1.1070964279931603,62.0,31.0,0.12400000000000001,0.0,0.19526679897899313
cex_12h_SOL,trend,donchian,"{""lb"": 55}",721,730,-0.204754679712366,-0.5526124047843025,-0.08019772714065199,0.24932347787161036,-0.7634907495078572,34.0,17.0,0.068,0.0,-0.051345349549359875
cex_12h_SOL,momentum,mom_ret,"{""lb"": 5, ""thr"": 0.0}",721,730,0.5370215973460474,-1.589161468798954,-0.3778791887504366,0.555333890116812,-1.257739056010337,111.0,55.5,0.222,0.0,0.07581987555290226
cex_12h_SOL,momentum,mom_ret,"{""lb"": 5, ""thr"": 0.02}",721,730,-0.6901266910821098,-2.885155191680388,-0.5052403147185881,0.6251972649782676,-1.3290758210742935,113.0,56.5,0.226,0.0,-0.29642173676033134
cex_12h_SOL,momentum,mom_ret,"{""lb"": 5, ""thr"": 0.05}",721,730,-1.492602195308712,-2.4642086993512824,-0.36713005681856814,0.4525208421343115,-1.5140318059546092,80.0,40.0,0.16000000000000003,0.0,-0.3674049001625237
cex_12h_SOL,momentum,mom_ret,"{""lb"": 10, ""thr"": 0.0}",721,730,0.15217322983493736,-1.0106073187685032,-0.2818835790833373,0.45818370332227515,-1.236913120230381,83.0,41.5,0.16600000000000004,0.0,-0.08856843514034707
cex_12h_SOL,momentum,mom_ret,"{""lb"": 10, ""thr"": 0.02}",721,730,-0.5704704820282209,-2.4268766389383285,-0.4417819330852859,0.553347355315177,-1.3927627928236808,95.0,47.5,0.19,0.0,-0.29793157482216137
cex_12h_SOL,momentum,mom_ret,"{""lb"": 10, ""thr"": 0.05}",721,730,-0.409184127001875,-2.4415924196077494,-0.36635811630831316,0.4961608790208952,-1.3789074395376861,58.0,29.0,0.11599999999999999,0.0,-0.20099738314743987
cex_12h_SOL,momentum,mom_ret,"{""lb"": 20, ""thr"": 0.0}",721,730,0.4927302499672271,-1.5382215733452629,-0.37047651538771753,0.49471191500814143,-1.3933757330791388,63.0,31.5,0.126,0.0,0.057434169011300495
cex_12h_SOL,momentum,mom_ret,"{""lb"": 20, ""thr"": 0.02}",721,730,-0.09179369056890314,-2.414453937851799,-0.4689142337332812,0.5632798312479316,-1.4163491056448763,69.0,34.5,0.138,0.0,-0.16322710874607405
cex_12h_SOL,momentum,mom_ret,"{""lb"": 20, ""thr"": 0.05}",721,730,0.4455522701004868,-2.795178832292394,-0.44628333186459357,0.5087902380909652,-1.5238576270914075,60.0,30.0,0.12000000000000001,0.0,0.048417869458029505
cex_12h_SOL,momentum,mom_ret,"{""lb"": 50, ""thr"": 0.0}",721,730,-0.21424930008828835,-1.2305867646153972,-0.3217569132110655,0.4562378503141058,-1.3697928209567085,45.0,22.5,0.09,0.0,-0.2124455609502539
cex_12h_SOL,momentum,mom_ret,"{""lb"": 50, ""thr"": 0.02}",721,730,0.4691794099982985,-1.2625526255769928,-0.3157484372524285,0.45856115690539645,-1.3444270280156043,46.0,23.0,0.092,0.0,0.0547274815343215
cex_12h_SOL,momentum,mom_ret,"{""lb"": 50, ""thr"": 0.05}",721,730,0.2116659501757937,-1.21062546334541,-0.2869767085236161,0.4345261931847485,-1.3220225367310654,44.0,22.0,0.088,0.0,-0.03898014096203373
cex_12h_SOL,meanrev,rsi,"{""ob"": 65, ""os_"": 20}",721,730,-0.23169850893620994,-0.9500827344097706,-0.13877365341134362,0.2063314136520811,-1.523466413089225,20.0,10.0,0.04,0.0,-0.07895633553676462
cex_12h_SOL,meanrev,rsi,"{""ob"": 65, ""os_"": 30}",721,730,-0.570608615531689,-1.5577988420977187,-0.239399600715537,0.3176434029169126,-1.5710548640670443,30.0,15.0,0.06,0.0,-0.18195713435827332
cex_12h_SOL,meanrev,rsi,"{""ob"": 65, ""os_"": 35}",721,730,-0.9179257916287069,-2.1581984963712304,-0.32981681717945444,0.37225818908107067,-1.7087800450957285,36.0,18.0,0.07200000000000001,0.0,-0.2784562341098813
cex_12h_SOL,meanrev,rsi,"{""ob"": 70, ""os_"": 20}",721,730,0.5299350586187416,-0.9810346695964487,-0.13476961956772904,0.212647322961105,-1.4402165113089271,16.0,8.0,0.032,0.0,0.07184996837719315
cex_12h_SOL,meanrev,rsi,"{""ob"": 70, ""os_"": 30}",721,730,-0.0016795528486876414,-1.6004760515628376,-0.23586339939951217,0.3088848059286166,-1.5964888225703049,26.0,13.0,0.052000000000000005,0.0,-0.048015578957089855
cex_12h_SOL,meanrev,rsi,"{""ob"": 70, ""os_"": 35}",721,730,-0.42194125644691505,-2.2122782911576993,-0.32670098571881123,0.38153720088259646,-1.6559820155621796,32.0,16.0,0.064,0.0,-0.16031487703376401
cex_12h_SOL,meanrev,rsi,"{""ob"": 80, ""os_"": 20}",721,730,0.16539847782858033,-0.9541756994175633,-0.12363160022377451,0.17865634327178825,-1.5867234353297799,12.0,6.0,0.024,0.0,0.005586278961292601
cex_12h_SOL,meanrev,rsi,"{""ob"": 80, ""os_"": 30}",721,730,-0.33392860110000505,-1.596526526941088,-0.2260267496107473,0.2818679849923335,-1.6904629840995369,22.0,11.0,0.044,0.0,-0.10686896503338195
cex_12h_SOL,meanrev,rsi,"{""ob"": 80, ""os_"": 35}",721,730,-0.7471410566037399,-2.225191454471814,-0.31803367858890863,0.3548374041378157,-1.7465154215463523,28.0,14.0,0.056,0.0,-0.21222571888379327
cex_12h_SOL,meanrev,zscore,"{""lb"": 20, ""z"": 1.5}",721,730,-2.5118739366443346,-1.0721455505600666,-0.17077635481773434,0.24752792162544127,-1.522593639198514,50.0,25.0,0.1,0.0,-0.4550758768673441
cex_12h_SOL,meanrev,zscore,"{""lb"": 20, ""z"": 2.0}",721,730,-3.498210323972862,-2.661910946834886,-0.20588480619756433,0.25132661073167273,-1.7562309944370786,30.0,15.0,0.060000000000000005,0.0,-0.39461367378616985
cex_12h_SOL,meanrev,zscore,"{""lb"": 20, ""z"": 2.5}",721,730,-3.2999500919204534,-1.077389356826774,-0.030658800071055703,0.044551509007121945,-1.697829903127332,6.0,3.0,0.012,0.0,-0.21875305551827384
cex_12h_SOL,meanrev,zscore,"{""lb"": 50, ""z"": 1.5}",721,730,-0.19802909090809342,-1.0195943355929111,-0.17621626158789572,0.23447211473331422,-1.6511915334428484,26.0,13.0,0.052000000000000005,0.0,-0.07537047022262289
cex_12h_SOL,meanrev,zscore,"{""lb"": 50, ""z"": 2.0}",721,730,-0.7242621796186292,-0.938370850046281,-0.13123422044446054,0.19091094887389312,-1.5665710935637742,16.0,8.0,0.032,0.0,-0.11477533456874278
cex_12h_SOL,meanrev,zscore,"{""lb"": 50, ""z"": 2.5}",721,730,-0.054658355299769326,-1.0610572738590198,-0.07592270643519983,0.16753509947786685,-1.0792795193485736,10.0,5.0,0.02,0.0,-0.008553023723462783
cex_12h_SOL,meanrev,bb,"{""span"": 20, ""mult"": 1.5}",721,730,-2.5118739366443346,-1.0721455505600666,-0.17077635481773434,0.24752792162544127,-1.522593639198514,50.0,25.0,0.1,0.0,-0.4550758768673441
cex_12h_SOL,meanrev,bb,"{""span"": 20, ""mult"": 2.0}",721,730,-3.498210323972862,-2.661910946834886,-0.20588480619756433,0.25132661073167273,-1.7562309944370786,30.0,15.0,0.060000000000000005,0.0,-0.39461367378616985
cex_12h_SOL,meanrev,bb,"{""span"": 20, ""mult"": 2.5}",721,730,-3.2999500919204534,-1.077389356826774,-0.030658800071055703,0.044551509007121945,-1.697829903127332,6.0,3.0,0.012,0.0,-0.21875305551827384
cex_12h_SOL,meanrev,bb,"{""span"": 50, ""mult"": 1.5}",721,730,-0.19802909090809342,-1.0195943355929111,-0.17621626158789572,0.23447211473331422,-1.6511915334428484,26.0,13.0,0.052000000000000005,0.0,-0.07537047022262289
cex_12h_SOL,meanrev,bb,"{""span"": 50, ""mult"": 2.0}",721,730,-0.7242621796186292,-0.938370850046281,-0.13123422044446054,0.19091094887389312,-1.5665710935637742,16.0,8.0,0.032,0.0,-0.11477533456874278
cex_12h_SOL,meanrev,bb,"{""span"": 50, ""mult"": 2.5}",721,730,-0.054658355299769326,-1.0610572738590198,-0.07592270643519983,0.16753509947786685,-1.0792795193485736,10.0,5.0,0.02,0.0,-0.008553023723462783
dex_1h_SOL,trend,ema_cross,"{""fast"": 10, ""slow"": 50}",5002,8760,-2.1446274046593534,0.6669138153998451,0.051877949114843336,0.19669996830312836,1.2600083533724267,95.0,47.5,0.13774999999999998,-0.0007930204625000001,-0.43671932024402016
dex_1h_SOL,trend,ema_cross,"{""fast"": 10, ""slow"": 100}",5002,8760,-1.0830937929714661,1.5985746481155585,0.19825423354545468,0.18095849885581522,6.672010005901279,69.0,34.5,0.10005,-0.0009967785375,-0.279977990411974
dex_1h_SOL,trend,ema_cross,"{""fast"": 10, ""slow"": 200}",5002,8760,0.05664212236493427,0.3897076371846766,0.011851228024588156,0.22460974845989173,0.23565624684510872,61.0,30.5,0.08845,-0.0007899213875,-0.0627203249457049
dex_1h_SOL,trend,ema_cross,"{""fast"": 20, ""slow"": 50}",5002,8760,-1.4239422138225315,2.7779832909122364,0.412543792617182,0.16237711674820146,21.77691952819849,61.0,30.5,0.08845,-0.0008787700375,-0.3349626200277922
dex_1h_SOL,trend,ema_cross,"{""fast"": 20, ""slow"": 100}",5002,8760,-0.7277564385215357,0.9392489552779005,0.09260928907327126,0.22227311558886062,2.1309013567088604,61.0,30.5,0.08845,-0.0009176528375000002,-0.21840693708183823
dex_1h_SOL,trend,ema_cross,"{""fast"": 20, ""slow"": 200}",5002,8760,-0.42168161752224725,0.6629569190441513,0.051236853622511846,0.24445453631460087,1.0002578257319514,37.0,18.5,0.053649999999999996,-0.0007115003125000002,-0.16096984880489318
dex_1h_SOL,trend,ema_cross,"{""fast"": 50, ""slow"": 100}",5002,8760,-1.3949850694363934,1.444061132852748,0.17237586393991622,0.21159341187064123,4.75507319100466,35.0,17.5,0.050749999999999997,-0.0007309520875000001,-0.3301845194328856
dex_1h_SOL,trend,ema_cross,"{""fast"": 50, ""slow"": 200}",5002,8760,-1.0886336137607282,0.9919319373076356,0.10065472100301043,0.2883222226889705,1.80957498260926,19.0,9.5,0.027549999999999998,-0.0005624838375000001,-0.2811218068382825
dex_1h_SOL,trend,ema_slope,"{""span"": 20, ""thr"": 0.0}",5002,8760,-4.219041683629648,-3.9051322003637035,-0.4489556046476444,0.4695655302467639,-1.9728565454611433,495.0,247.5,0.7177499999999999,-0.0008749610625000001,-0.6545109279457095
dex_1h_SOL,trend,ema_slope,"{""span"": 20, ""thr"": 0.001}",5002,8760,-3.060437706783728,-5.472252151488464,-0.44341479585049404,0.4699903095131898,-1.9640606962355778,350.0,175.0,0.5074999999999998,-0.00065291315,-0.44722879305822905
dex_1h_SOL,trend,ema_slope,"{""span"": 20, ""thr"": 0.005}",5002,8760,-0.5331327294066441,-5.248708540047562,-0.13629625058916872,0.13629625058916872,-3.4738831977103484,16.0,8.0,0.0232,-1.26221625e-05,-0.04445039787515592
dex_1h_SOL,trend,ema_slope,"{""span"": 50, ""thr"": 0.0}",5002,8760,-3.681384654052887,-1.8841209461102726,-0.26543665195997357,0.3243478297191985,-2.284213622581288,331.0,165.5,0.47994999999999993,-0.0008837127875,-0.6080968368486475
dex_1h_SOL,trend,ema_slope,"{""span"": 50, ""thr"": 0.001}",5002,8760,-1.4254600940268365,-3.232665072306943,-0.2632545110447071,0.3176089820081889,-2.3220153245730297,152.0,76.0,0.2204,-0.0006121785750000001,-0.21686634876711053
dex_1h_SOL,trend,ema_slope,"{""span"": 50, ""thr"": 0.005}",5002,8760,-1.2743552779434049,0.0,0.0,-0.0,0.0,0.0,0.0,0.0,0.0,-0.05062049862775908
dex_1h_SOL,trend,ema_slope,"{""span"": 100, ""thr"": 0.0}",5002,8760,-1.556723999059181,-1.2105011804566312,-0.19200316570676823,0.2547934835704373,-2.381382102211154,243.0,121.5,0.35234999999999994,-0.0010086034375,-0.355238801152695
dex_1h_SOL,trend,ema_slope,"{""span"": 100, ""thr"": 0.001}",5002,8760,-2.24228779102923,-0.035753661564953944,-0.015177652342872938,0.15159859963524083,-0.42719427653492276,60.0,30.0,0.087,-0.0003764736625,-0.2525421712052184
dex_1h_SOL,trend,price_ema,"{""span"": 20, ""thr"": 0.0}",5002,8760,-4.219041683629648,-3.9051322003637035,-0.4489556046476444,0.4695655302467639,-1.9728565454611433,495.0,247.5,0.7177499999999999,-0.0008749610625000001,-0.6545109279457095
dex_1h_SOL,trend,price_ema,"{""span"": 20, ""thr"": 0.02}",5002,8760,-2.307365985919318,-4.694609540859147,-0.29469153130434533,0.3003271551336999,-2.6075350800041663,128.0,64.0,0.1856,-0.00033174485,-0.28133736341265847
dex_1h_SOL,trend,price_ema,"{""span"": 20, ""thr"": 0.05}",5002,8760,-1.0089591587799724,-4.572347664372901,-0.11652443404273516,0.11652443404273516,-3.5926685905190365,10.0,5.0,0.014499999999999999,-1.2169587499999999e-05,-0.07210541821935557
dex_1h_SOL,trend,price_ema,"{""span"": 50, ""thr"": 0.0}",5002,8760,-3.681384654052887,-1.8841209461102726,-0.26543665195997357,0.3243478297191985,-2.284213622581288,331.0,165.5,0.47994999999999993,-0.0008837127875,-0.6080968368486475
dex_1h_SOL,trend,price_ema,"{""span"": 50, ""thr"": 0.02}",5002,8760,-2.180672027050406,-3.0292543983083227,-0.26817457626415186,0.33253178764440033,-2.240631942345109,180.0,90.0,0.261,-0.0007066685374999999,-0.32365537149028345
dex_1h_SOL,trend,price_ema,"{""span"": 50, ""thr"": 0.05}",5002,8760,-1.9999285486039475,-3.2020929836382437,-0.1770324491465095,0.1770324491465095,-3.2415016622653985,46.0,23.0,0.0667,-0.0001542654875,-0.17838397430497843
dex_1h_SOL,trend,price_ema,"{""span"": 100, ""thr"": 0.0}",5002,8760,-1.556723999059181,-1.2105011804566312,-0.19200316570676823,0.2547934835704373,-2.381382102211154,243.0,121.5,0.35234999999999994,-0.0010086034375,-0.355238801152695
dex_1h_SOL,trend,price_ema,"{""span"": 100, ""thr"": 0.02}",5002,8760,-1.7855908904389384,-1.4618975130369638,-0.17476330743182622,0.3180724709942144,-1.7879039066614015,168.0,84.0,0.24359999999999998,-0.0009488767250000001,-0.3166197251877564
dex_1h_SOL,trend,price_ema,"{""span"": 100, ""thr"": 0.05}",5002,8760,-2.460424627625278,-0.185677540145135,-0.02610569954458608,0.15625769652834173,-0.6998073097469878,56.0,28.0,0.0812,-0.0003659407874999999,-0.26449197293272
dex_1h_SOL,trend,donchian,"{""lb"": 10}",5002,8760,-8.60260937201369,-11.917429611772292,-0.6453308638873996,0.6459640703386619,-1.5315158844105057,644.0,322.0,0.9338,-0.000266075725,-0.7373541069988643
dex_1h_SOL,trend,donchian,"{""lb"": 20}",5002,8760,-5.947624683229983,-10.083701804261148,-0.545769386998221,0.5465803449452983,-1.7717520027313698,448.0,224.0,0.6496,-0.00025255183749999996,-0.5613418016408763
dex_1h_SOL,trend,donchian,"{""lb"": 55}",5002,8760,-4.4965255591424125,-7.670339265439239,-0.40933100506252096,0.41188849375839454,-2.185622482726037,274.0,137.0,0.3973,-0.00022152995,-0.3716504091123136
dex_1h_SOL,momentum,mom_ret,"{""lb"": 5, ""thr"": 0.0}",5002,8760,-4.824696858305733,-8.583921837725395,-0.7142716138948801,0.7163708135050778,-1.390129094768265,863.0,431.5,1.25135,-0.0004904263625,-0.6995184694637895
dex_1h_SOL,momentum,mom_ret,"{""lb"": 5, ""thr"": 0.02}",5002,8760,-2.898709540449363,-10.19635876360813,-0.5111584720149941,0.5144555541637013,-1.8591014699504034,218.0,109.0,0.3161,-0.000272931825,-0.3274119783148499
dex_1h_SOL,momentum,mom_ret,"{""lb"": 5, ""thr"": 0.05}",5002,8760,-1.5262573980936411,-4.841192662385548,-0.10468778475056617,0.10468778475056617,-3.6657085125078632,14.0,7.0,0.0203,-1.888525e-05,-0.09510824639486548
dex_1h_SOL,momentum,mom_ret,"{""lb"": 10, ""thr"": 0.0}",5002,8760,-3.23721898075042,-6.904099778810262,-0.6392420362641341,0.6456472953133247,-1.530985659639363,637.0,318.5,0.92365,-0.0007852876625,-0.5645172923872391
dex_1h_SOL,momentum,mom_ret,"{""lb"": 10, ""thr"": 0.02}",5002,8760,-3.220437616625207,-6.035274920894876,-0.4234079262138797,0.4336680788995315,-2.098910824303151,256.0,128.0,0.3712,-0.000454182925,-0.4152200237345074
dex_1h_SOL,momentum,mom_ret,"{""lb"": 10, ""thr"": 0.05}",5002,8760,-1.4879314345502859,-8.034147344185937,-0.24031320265944311,0.24031320265944311,-2.9119466677925283,40.0,20.0,0.057999999999999996,-4.51729375e-05,-0.13426226519188778
dex_1h_SOL,momentum,mom_ret,"{""lb"": 20, ""thr"": 0.0}",5002,8760,-2.052825292878061,-4.71596455353174,-0.507252354364931,0.5119918109777142,-1.8650299740351277,439.0,219.5,0.63655,-0.0008407730625,-0.42616530078100534
dex_1h_SOL,momentum,mom_ret,"{""lb"": 20, ""thr"": 0.02}",5002,8760,-1.3208559898953507,-1.2140934621066932,-0.14324507416125287,0.24158268794614549,-2.0356243770063536,238.0,119.0,0.34509999999999996,-0.0006418493375000001,-0.24674227573051566
dex_1h_SOL,momentum,mom_ret,"{""lb"": 20, ""thr"": 0.05}",5002,8760,-4.197091292767982,-4.784812246657014,-0.24266939935113196,0.24393651897251467,-2.8853175108957867,76.0,38.0,0.11019999999999999,-0.000246960325,-0.38742270273592905
dex_1h_SOL,momentum,mom_ret,"{""lb"": 50, ""thr"": 0.0}",5002,8760,-2.1565358186167884,-0.004563108837052902,-0.04261403270462827,0.20322630527234237,-0.8541039969245141,217.0,108.5,0.31465,-0.0008726018875000001,-0.43769886065476615
dex_1h_SOL,momentum,mom_ret,"{""lb"": 50, ""thr"": 0.02}",5002,8760,-2.489137290496958,-0.8536836411021154,-0.12022980978269238,0.19725712392298034,-2.176006285223324,192.0,96.0,0.2784,-0.0008054272750000001,-0.41768403563804246
dex_1h_SOL,momentum,mom_ret,"{""lb"": 50, ""thr"": 0.05}",5002,8760,-1.7635890193592008,-0.9707113221898518,-0.10104874846392109,0.22125166744438532,-1.6845705406461493,114.0,57.0,0.16529999999999997,-0.000574844475,-0.2539355543265296
dex_1h_SOL,meanrev,rsi,"{""ob"": 65, ""os_"": 20}",5002,8760,-4.938800371021732,-3.9796864898878206,-0.24166300010327646,0.25600101213630805,-2.7425964743264593,250.0,125.0,0.3625,0.00043900827500000005,-0.46657409006592077
dex_1h_SOL,meanrev,rsi,"{""ob"": 65, ""os_"": 30}",5002,8760,-6.478143683702406,-4.7301209871778855,-0.3316284084421618,0.33916066909269854,-2.4431469418093545,310.0,155.0,0.4495,0.0005032631625,-0.6337768615420649
dex_1h_SOL,meanrev,rsi,"{""ob"": 65, ""os_"": 35}",5002,8760,-6.657805947366648,-3.216653340899832,-0.2671472077808481,0.2826004628388421,-2.6309615690431287,376.0,188.0,0.5452,0.0005206543000000001,-0.6699567076931463
dex_1h_SOL,meanrev,rsi,"{""ob"": 70, ""os_"": 20}",5002,8760,-3.7525852937511743,-3.6840958712096827,-0.18948640042009235,0.21129590413565544,-2.8461039767406286,188.0,94.0,0.27259999999999995,0.000353750525,-0.33596651587586357
dex_1h_SOL,meanrev,rsi,"{""ob"": 70, ""os_"": 30}",5002,8760,-5.588425211950039,-4.465338523180645,-0.2856417864296864,0.3147129063328873,-2.4487845644369703,248.0,124.0,0.3596,0.00041800541249999997,-0.5441083343192841
dex_1h_SOL,meanrev,rsi,"{""ob"": 70, ""os_"": 35}",5002,8760,-5.809082752710679,-2.7738988502932926,-0.21672402287554982,0.2684152763415253,-2.446861032342328,314.0,157.0,0.4552999999999999,0.00043539655000000003,-0.5891466964373653
dex_1h_SOL,meanrev,rsi,"{""ob"": 80, ""os_"": 20}",5002,8760,-3.72974051608435,-3.559565289150305,-0.13795124615259935,0.14509783582526822,-3.293500308769303,90.0,45.0,0.1305,0.00017814986250000003,-0.26906124618233707
dex_1h_SOL,meanrev,rsi,"{""ob"": 80, ""os_"": 30}",5002,8760,-5.638327843503828,-4.2632121989766825,-0.24022051187281535,0.27114568566522956,-2.5802322230649835,150.0,75.0,0.21749999999999997,0.00024240475000000003,-0.4981745740908645
dex_1h_SOL,meanrev,rsi,"{""ob"": 80, ""os_"": 35}",5002,8760,-5.813997214227204,-2.3138445646620567,-0.16692517942522633,0.23661202164605155,-2.326419101047721,216.0,108.0,0.3132,0.00025979588750000003,-0.5477508154516462
dex_1h_SOL,meanrev,zscore,"{""lb"": 20, ""z"": 1.5}",5002,8760,-7.284970620003513,-2.382920577146387,-0.18916356328861128,0.22984430101086928,-2.6133975835803454,386.0,193.0,0.5597,0.00034813597499999997,-0.6665716437436886
dex_1h_SOL,meanrev,zscore,"{""lb"": 20, ""z"": 2.0}",5002,8760,-7.569889262312175,-3.1658547589251405,-0.17043561297044507,0.17043561297044507,-3.2780282044153024,220.0,110.0,0.31899999999999995,0.000189197125,-0.5542626955833503
dex_1h_SOL,meanrev,zscore,"{""lb"": 20, ""z"": 2.5}",5002,8760,-4.817726060683345,-3.2786989802864634,-0.12725937384161945,0.12921211611158911,-3.4743668158382204,108.0,54.0,0.1566,5.755469999999999e-05,-0.30312311785078727
dex_1h_SOL,meanrev,zscore,"{""lb"": 50, ""z"": 1.5}",5002,8760,-3.71915095139084,-3.2972155783362083,-0.2813136196048497,0.3047578321195039,-2.508610092266688,264.0,132.0,0.3828,0.0006007396750000001,-0.43408832911085293
dex_1h_SOL,meanrev,zscore,"{""lb"": 50, ""z"": 2.0}",5002,8760,-4.057264579096094,-0.4783390749783354,-0.03443117826818742,0.1315497072560197,-1.0809927864582025,196.0,98.0,0.2842,0.0002717947625,-0.36016373632789467
dex_1h_SOL,meanrev,zscore,"{""lb"": 50, ""z"": 2.5}",5002,8760,-2.83047521982078,-1.8508649864231121,-0.06238280577190647,0.09177798917631963,-2.677318914628248,94.0,47.0,0.13629999999999998,0.00010804272500000001,-0.1985639902245958
dex_1h_SOL,meanrev,bb,"{""span"": 20, ""mult"": 1.5}",5002,8760,-7.284970620003513,-2.382920577146387,-0.18916356328861128,0.22984430101086928,-2.6133975835803454,386.0,193.0,0.5597,0.00034813597499999997,-0.6665716437436886
dex_1h_SOL,meanrev,bb,"{""span"": 20, ""mult"": 2.0}",5002,8760,-7.569889262312175,-3.1658547589251405,-0.17043561297044507,0.17043561297044507,-3.2780282044153024,220.0,110.0,0.31899999999999995,0.000189197125,-0.5542626955833503
dex_1h_SOL,meanrev,bb,"{""span"": 20, ""mult"": 2.5}",5002,8760,-4.817726060683345,-3.2786989802864634,-0.12725937384161945,0.12921211611158911,-3.4743668158382204,108.0,54.0,0.1566,5.755469999999999e-05,-0.30312311785078727
dex_1h_SOL,meanrev,bb,"{""span"": 50, ""mult"": 1.5}",5002,8760,-3.71915095139084,-3.2972155783362083,-0.2813136196048497,0.3047578321195039,-2.508610092266688,264.0,132.0,0.3828,0.0006007396750000001,-0.43408832911085293
dex_1h_SOL,meanrev,bb,"{""span"": 50, ""mult"": 2.0}",5002,8760,-4.057264579096094,-0.4783390749783354,-0.03443117826818742,0.1315497072560197,-1.0809927864582025,196.0,98.0,0.2842,0.0002717947625,-0.36016373632789467
dex_1h_SOL,meanrev,bb,"{""span"": 50, ""mult"": 2.5}",5002,8760,-2.83047521982078,-1.8508649864231121,-0.06238280577190647,0.09177798917631963,-2.677318914628248,94.0,47.0,0.13629999999999998,0.00010804272500000001,-0.1985639902245958
dex_1h_SOL,carry,funding,"{""thr"": 5e-05}",5002,8760,-1.4849044945714376,2.1720927304255078,0.01729929979564826,0.007940305751255353,9.820310880284616,8.0,4.0,0.0116,7.58826625e-05,-0.08776428504398204
dex_1h_SOL,carry,funding,"{""thr"": 0.0001}",5002,8760,0.8100280649250409,0.0,0.0,-0.0,0.0,0.0,0.0,0.0,0.0,0.02227953511662939
dex_1h_SOL,carry,funding_pct,"{""lb"": 100, ""hi"": 0.8}",5002,8760,-7.020062446837015,-7.690049194052923,-0.4929257582079263,0.5155305054856498,-1.8405281955999286,339.0,169.5,0.49155,0.0008076101999999999,-0.6643316602458156
dex_1h_SOL,carry,funding_pct,"{""lb"": 100, ""hi"": 0.9}",5002,8760,-4.10542382875484,-7.352568705726979,-0.3865832942667997,0.40153125419462155,-2.1972993809777366,228.0,114.0,0.3306,0.000496883625,-0.35211763680334884
dex_1h_SOL,carry,funding_pct,"{""lb"": 100, ""hi"": 0.95}",5002,8760,-3.1990857202057326,-6.8703988206987034,-0.2704353884192151,0.2793303497245843,-2.6796622431380173,138.0,69.0,0.2001,0.000310013225,-0.22537146502029515
dex_1h_SOL,carry,funding_pct,"{""lb"": 500, ""hi"": 0.8}",5002,8760,-6.832074801627139,-2.065782124357835,-0.14427390325067802,0.27251834611711456,-1.814329176956335,212.0,106.0,0.3074,0.0008119628499999999,-0.642939067715727
dex_1h_SOL,carry,funding_pct,"{""lb"": 500, ""hi"": 0.9}",5002,8760,-4.241941251255962,-3.308522594870176,-0.17260273711857888,0.22533876663577318,-2.5016445931298725,132.0,66.0,0.1914,0.000529467825,-0.3848668868138111
dex_1h_SOL,carry,funding_pct,"{""lb"": 500, ""hi"": 0.95}",5002,8760,-0.9873369762341679,-3.9020742014423644,-0.1643694804447453,0.1930116884709133,-2.820502433198657,88.0,44.0,0.1276,0.00036342449999999995,-0.07863738613576332
dex_1h_SOL,carry,funding_mom,"{""lb"": 24}",5002,8760,-9.269986866232786,-7.426338112878548,-0.6325926278287586,0.6340759050354521,-1.5574122146109852,657.0,328.5,0.9526499999999999,0.0010275839625,-0.8833547478582351
dex_1h_SOL,carry,funding_mom,"{""lb"": 100}",5002,8760,-5.470695686600481,-9.881806266248876,-0.7377381648465965,0.7497601956266373,-1.329954306561735,509.0,254.5,0.7380499999999999,0.001575631,-0.7203059508138134
dex_1h_SOL,carry,funding_mom,"{""lb"": 500}",5002,8760,-5.323888486493236,-8.346147784378783,-0.6866269042319342,0.6910264678497944,-1.4381201651696671,547.0,273.5,0.7931499999999999,0.00161931115,-0.6999568859242009
dex_1h_SOL,carry,funding_price_div,"{""lb"": 24}",5002,8760,-8.839017333576983,-7.162671626773903,-0.44924443198047426,0.4514679126245211,-2.0523146189515815,425.0,212.5,0.61625,0.00012946347500000002,-0.7203148947548879
dex_1h_SOL,carry,funding_price_div,"{""lb"": 100}",5002,8760,-6.82129624831881,-8.547123681717737,-0.4579945572797325,0.46055228513681706,-2.022630675243487,296.0,148.0,0.42919999999999997,0.0004786982875,-0.6207069363919371
dex_1h_SOL,carry,funding_price_div,"{""lb"": 500}",5002,8760,-4.766830991086126,-8.542291520648932,-0.42416774685359804,0.430432190140428,-2.115890429758762,280.0,140.0,0.4059999999999999,0.00029382475,-0.4684326171719686
dex_1h_BTC,trend,ema_cross,"{""fast"": 10, ""slow"": 50}",5001,8760,-1.7863188756751238,0.16821601963054145,-0.0037819872840360036,0.15554733044075642,-0.10576450946805738,97.0,48.5,0.14065,-0.00016630151250000003,-0.28319319315356184
dex_1h_BTC,trend,ema_cross,"{""fast"": 10, ""slow"": 100}",5001,8760,-1.2526891100833617,-0.8518835274796865,-0.09596876016346811,0.18210112856157828,-1.9607060716727782,81.0,40.5,0.11745,-6.070951249999995e-05,-0.21703274168981979
dex_1h_BTC,trend,ema_cross,"{""fast"": 10, ""slow"": 200}",5001,8760,-0.4792804600342725,-0.15815102932209196,-0.033983061211884436,0.14976225011016564,-0.9378872955141249,49.0,24.5,0.07105,-5.122526249999999e-05,-0.11113642839461868
dex_1h_BTC,trend,ema_cross,"{""fast"": 20, ""slow"": 50}",5001,8760,-0.3218752637027741,-0.05432033753264808,-0.02459088270159171,0.1435810732671347,-0.7192423307758651,73.0,36.5,0.10585,-0.00013256593749999998,-0.08823556206072969
dex_1h_BTC,trend,ema_cross,"{""fast"": 20, ""slow"": 100}",5001,8760,-1.1384744433650789,-0.2448273202590496,-0.04209574685782058,0.15343547002651794,-1.1184899091977696,53.0,26.5,0.07685,-6.913218749999992e-05,-0.20230465266878805
dex_1h_BTC,trend,ema_cross,"{""fast"": 20, ""slow"": 200}",5001,8760,-0.7560595981050077,0.001162338639966447,-0.01928486740666091,0.1797471094537802,-0.4546247953417972,33.0,16.5,0.04785,-9.918081250000004e-05,-0.15050856238638644
dex_1h_BTC,trend,ema_cross,"{""fast"": 50, ""slow"": 100}",5001,8760,-1.8465472556628197,0.1858864106724884,-0.001981040249774302,0.13943129031489204,-0.061992173570845126,33.0,16.5,0.04785,-0.00014908953749999998,-0.289844224526997
dex_1h_BTC,trend,ema_cross,"{""fast"": 50, ""slow"": 200}",5001,8760,-0.07393677109734155,-0.06754184645625375,-0.02568251534159438,0.18253423793146745,-0.5897784969841393,29.0,14.5,0.04205,-8.22811125e-05,-0.050087904573025255
dex_1h_BTC,trend,ema_slope,"{""span"": 20, ""thr"": 0.0}",5001,8760,-6.07974094691333,-9.017931116613285,-0.5909571769561163,0.6070255620620911,-1.6144775252919137,511.0,255.5,0.7409499999999999,-4.736293750000003e-05,-0.6519555190009501
dex_1h_BTC,trend,ema_slope,"{""span"": 20, ""thr"": 0.001}",5001,8760,-4.43514853826131,-7.442304597244677,-0.3573249737288494,0.35989931206537673,-2.377465023767518,206.0,103.0,0.29869999999999997,1.0539149999999972e-05,-0.4015616832269272
dex_1h_BTC,trend,ema_slope,"{""span"": 20, ""thr"": 0.005}",5001,8760,-1.5588187355314507,-2.251846565994547,-0.019638566369727828,0.019638566369727828,-4.234854128665186,2.0,1.0,0.0029,1.4504375e-06,-0.055062187067234536
dex_1h_BTC,trend,ema_slope,"{""span"": 50, ""thr"": 0.0}",5001,8760,-4.345361182762293,-5.664076233010043,-0.4336723650208244,0.4445025964530226,-2.063023416938632,341.0,170.5,0.49444999999999995,-7.59666875e-05,-0.5323422942352058
dex_1h_BTC,trend,ema_slope,"{""span"": 50, ""thr"": 0.001}",5001,8760,-2.770081082786625,-1.6996123313972304,-0.08245483268638454,0.151568409220489,-2.0709846661759985,48.0,24.0,0.0696,8.17646625e-05,-0.21366024037465992
dex_1h_BTC,trend,ema_slope,"{""span"": 100, ""thr"": 0.0}",5001,8760,-2.22152549212158,-2.862700245904825,-0.2549374988103237,0.27541195441085226,-2.6297701387776344,205.0,102.5,0.29724999999999996,-8.294103749999996e-05,-0.3334938465037136
dex_1h_BTC,trend,ema_slope,"{""span"": 100, ""thr"": 0.001}",5001,8760,0.7234630819913385,0.677126896384814,0.026345447218706353,0.07756459326874782,1.5545156112783296,14.0,7.0,0.0203,9.219062499999999e-05,0.04160146025334521
dex_1h_BTC,trend,price_ema,"{""span"": 20, ""thr"": 0.0}",5001,8760,-6.07974094691333,-9.017931116613285,-0.5909571769561163,0.6070255620620911,-1.6144775252919137,511.0,255.5,0.7409499999999999,-4.736293750000003e-05,-0.6519555190009501
dex_1h_BTC,trend,price_ema,"{""span"": 20, ""thr"": 0.02}",5001,8760,-2.4336161728540224,-5.629081947074837,-0.2031043093553867,0.20468890698115794,-3.0772062846145807,58.0,29.0,0.0841,1.2736450000000002e-05,-0.1691917037668922
dex_1h_BTC,trend,price_ema,"{""span"": 20, ""thr"": 0.05}",5001,8760,-1.581001258766019,-2.251846565994547,-0.019638566369727828,0.019638566369727828,-4.234854128665186,2.0,1.0,0.0029,1.4504375e-06,-0.05574579035489524
dex_1h_BTC,trend,price_ema,"{""span"": 50, ""thr"": 0.0}",5001,8760,-4.345361182762293,-5.664076233010043,-0.4336723650208244,0.4445025964530226,-2.063023416938632,341.0,170.5,0.49444999999999995,-7.59666875e-05,-0.5323422942352058
dex_1h_BTC,trend,price_ema,"{""span"": 50, ""thr"": 0.02}",5001,8760,-4.08206703469514,-4.115550447852452,-0.19723757485884885,0.23547026224642295,-2.623650790146548,106.0,53.0,0.15369999999999998,7.202426250000001e-05,-0.3269458523660015
dex_1h_BTC,trend,price_ema,"{""span"": 50, ""thr"": 0.05}",5001,8760,-0.7951294778658153,-5.158667578568834,-0.12295882530617319,0.12526024237034375,-3.4882827860337864,20.0,10.0,0.028999999999999998,1.2541875000000001e-05,-0.04152934879823611
dex_1h_BTC,trend,price_ema,"{""span"": 100, ""thr"": 0.0}",5001,8760,-2.22152549212158,-2.862700245904825,-0.2549374988103237,0.27541195441085226,-2.6297701387776344,205.0,102.5,0.29724999999999996,-8.294103749999996e-05,-0.3334938465037136
dex_1h_BTC,trend,price_ema,"{""span"": 100, ""thr"": 0.02}",5001,8760,-4.506027161073929,-3.3677347694752564,-0.20326369721502036,0.2538844094795511,-2.4822082315766116,140.0,70.0,0.203,2.3407925000000005e-05,-0.4055154265693892
dex_1h_BTC,trend,price_ema,"{""span"": 100, ""thr"": 0.05}",5001,8760,0.6079579272150859,0.22335147152619578,0.005620655087588133,0.0961911503511557,0.2582440176189106,20.0,10.0,0.028999999999999998,9.061852500000001e-05,0.03383496968982791
dex_1h_BTC,trend,donchian,"{""lb"": 10}",5001,8760,-11.98857851053989,-19.831288939416485,-0.6870801695494082,0.6876096307155847,-1.4453235512507703,672.0,336.0,0.9743999999999999,-5.3435149999999996e-05,-0.7272454734378634
dex_1h_BTC,trend,donchian,"{""lb"": 20}",5001,8760,-7.335436623981031,-13.77689665315904,-0.4940595886335012,0.49551885218780684,-1.9158650705155142,458.0,229.0,0.6640999999999999,-5.07971e-05,-0.5100620436781268
dex_1h_BTC,trend,donchian,"{""lb"": 55}",5001,8760,-4.181718363368159,-11.865392324480796,-0.3959920082373676,0.3959920082373676,-2.2474858503852637,290.0,145.0,0.4205,-2.9052174999999998e-05,-0.26255590063008494
dex_1h_BTC,momentum,mom_ret,"{""lb"": 5, ""thr"": 0.0}",5001,8760,-12.07233147271971,-18.407112038846577,-0.8366418033101699,0.8369182058034198,-1.1944307579334539,909.0,454.5,1.31805,-2.7736037500000006e-05,-0.8731767096918424
dex_1h_BTC,momentum,mom_ret,"{""lb"": 5, ""thr"": 0.02}",5001,8760,-2.561905938481546,-7.921712074038936,-0.2520862907711817,0.253573489537393,-2.837918427334329,86.0,43.0,0.12469999999999998,-1.7113725000000007e-05,-0.17957339730088706
dex_1h_BTC,momentum,mom_ret,"{""lb"": 5, ""thr"": 0.05}",5001,8760,-2.4610656084313725,-2.743449316113684,-0.029607700388958325,0.029607700388958325,-4.1639853024630264,4.0,2.0,0.0058,3.0146249999999996e-07,-0.060121810187620306
dex_1h_BTC,momentum,mom_ret,"{""lb"": 10, ""thr"": 0.0}",5001,8760,-8.016547623697418,-11.150773947774468,-0.66822512557502,0.6783264764919966,-1.4624429039672122,659.0,329.5,0.9555499999999999,-8.18765875e-05,-0.7468698444398455
dex_1h_BTC,momentum,mom_ret,"{""lb"": 10, ""thr"": 0.02}",5001,8760,-2.1704711779830275,-7.355765457944701,-0.2692497514857759,0.27974721372199973,-2.669255730566955,126.0,63.0,0.1827,2.2788500000000007e-05,-0.19500906870555323
dex_1h_BTC,momentum,mom_ret,"{""lb"": 10, ""thr"": 0.05}",5001,8760,-0.7391861394862529,-1.1465202708453488,-0.014006754044664893,0.03039853865261412,-1.969975747365246,4.0,2.0,0.0058,2.7012375e-06,-0.03454259807639848
dex_1h_BTC,momentum,mom_ret,"{""lb"": 20, ""thr"": 0.0}",5001,8760,-3.89846495908427,-4.421727556784892,-0.3613024941638254,0.385483079171178,-2.2297177435824205,431.0,215.5,0.6249499999999999,-5.546226250000003e-05,-0.4967299979019564
dex_1h_BTC,momentum,mom_ret,"{""lb"": 20, ""thr"": 0.02}",5001,8760,-2.9244044745274937,-5.2403162686373035,-0.278208670612871,0.28980557232334203,-2.622558906224474,168.0,84.0,0.24359999999999996,6.205415000000001e-05,-0.2935114871665946
dex_1h_BTC,momentum,mom_ret,"{""lb"": 20, ""thr"": 0.05}",5001,8760,-1.7074247139454497,-6.438530534440435,-0.1644071273362877,0.1644071273362877,-3.311777285401016,22.0,11.0,0.0319,1.64589375e-05,-0.10217714537582168
dex_1h_BTC,momentum,mom_ret,"{""lb"": 50, ""thr"": 0.0}",5001,8760,-2.427166961953649,-1.9704511517795213,-0.18806278809789934,0.246115801911208,-2.430952448298484,225.0,112.5,0.32625,-9.720221249999999e-05,-0.35602351886155037
dex_1h_BTC,momentum,mom_ret,"{""lb"": 50, ""thr"": 0.02}",5001,8760,-2.1964842637812505,-3.9251060333599086,-0.2500316482633319,0.2558757361322095,-2.7991446594227987,181.0,90.5,0.26244999999999996,-3.491675000000011e-06,-0.2688434217386402
dex_1h_BTC,momentum,mom_ret,"{""lb"": 50, ""thr"": 0.05}",5001,8760,-4.361280232586557,-0.516755176372101,-0.029232458468458122,0.14839751288362305,-0.8207745760983851,44.0,22.0,0.0638,7.288347500000001e-05,-0.3141115263886337
dex_1h_BTC,meanrev,rsi,"{""ob"": 65, ""os_"": 20}",5001,8760,-5.865240250396021,-7.037784423436986,-0.2651166362852164,0.26978493627476585,-2.7443532624232367,246.0,123.0,0.3567,0.0002108331,-0.3909451461096819
dex_1h_BTC,meanrev,rsi,"{""ob"": 65, ""os_"": 30}",5001,8760,-8.49334015324026,-6.819578725340568,-0.310346388871799,0.31472736972479887,-2.5527235623391316,320.0,160.0,0.46399999999999997,7.73258375e-05,-0.5912096882928465
dex_1h_BTC,meanrev,rsi,"{""ob"": 65, ""os_"": 35}",5001,8760,-8.092316244316482,-6.256855826488483,-0.3183115442450253,0.3235358848302111,-2.5133522589778465,344.0,172.0,0.4987999999999999,-1.297223750000001e-05,-0.6136420535722538
dex_1h_BTC,meanrev,rsi,"{""ob"": 70, ""os_"": 20}",5001,8760,-4.5075140962096345,-5.248557592141125,-0.17889855982924308,0.18223017554056709,-3.172170167158028,176.0,88.0,0.2552,9.660659999999999e-05,-0.27313984105252664
dex_1h_BTC,meanrev,rsi,"{""ob"": 70, ""os_"": 30}",5001,8760,-7.579154630067335,-5.2435742229372755,-0.22943476301620613,0.23270313947356525,-2.9243199562020368,250.0,125.0,0.3625,-3.690066250000001e-05,-0.51214018073131
dex_1h_BTC,meanrev,rsi,"{""ob"": 70, ""os_"": 35}",5001,8760,-7.160020509105944,-4.7661283696239805,-0.23833440732857536,0.24506441579018526,-2.8414598075764936,274.0,137.0,0.3973,-0.00012719873750000003,-0.5389114846432792
dex_1h_BTC,meanrev,rsi,"{""ob"": 80, ""os_"": 20}",5001,8760,-2.593565080468638,-4.4148004914055985,-0.12340556891484644,0.13667033352022573,-3.206238293190237,78.0,39.0,0.11309999999999999,-1.4424875e-05,-0.12266471472053264
dex_1h_BTC,meanrev,rsi,"{""ob"": 80, ""os_"": 30}",5001,8760,-6.561623877842812,-4.419165360313672,-0.17735719062028066,0.20473313711249042,-2.806515145082226,152.0,76.0,0.22039999999999998,-0.00014793213750000003,-0.41114308103738395
dex_1h_BTC,meanrev,rsi,"{""ob"": 80, ""os_"": 35}",5001,8760,-6.095786541458383,-3.945138485625616,-0.18685830492990763,0.21394637709781,-2.7842512227487664,176.0,88.0,0.2552,-0.00023823021250000002,-0.44345660003520915
dex_1h_BTC,meanrev,zscore,"{""lb"": 20, ""z"": 1.5}",5001,8760,-9.607538347576886,-8.10800390361094,-0.34761979888391636,0.35006194755256503,-2.4163110614552594,374.0,187.0,0.5423,4.975700000000002e-05,-0.6349414942284934
dex_1h_BTC,meanrev,zscore,"{""lb"": 20, ""z"": 2.0}",5001,8760,-7.980843576107519,-8.131837083870096,-0.26650929798749456,0.26925507926399783,-2.757727468861417,222.0,111.0,0.32189999999999996,3.4635474999999996e-05,-0.4698366864407544
dex_1h_BTC,meanrev,zscore,"{""lb"": 20, ""z"": 2.5}",5001,8760,-7.447732042626902,-7.457727419707287,-0.1706271751855235,0.1706271751855235,-3.2769615865473884,120.0,60.0,0.174,8.727762499999999e-06,-0.34005496095088183
dex_1h_BTC,meanrev,zscore,"{""lb"": 50, ""z"": 1.5}",5001,8760,-5.601602405305076,-3.6543233542131794,-0.20589560247929017,0.24103159431082855,-2.6366342386969928,262.0,131.0,0.3799,5.57083749999999e-06,-0.4454593580309154
dex_1h_BTC,meanrev,zscore,"{""lb"": 50, ""z"": 2.0}",5001,8760,-4.182848271364229,-2.3067377193087135,-0.09525372765463924,0.1349507542525633,-2.6292371613790726,198.0,99.0,0.28709999999999997,-4.438729999999999e-05,-0.28123484538852817
dex_1h_BTC,meanrev,zscore,"{""lb"": 50, ""z"": 2.5}",5001,8760,-4.3516342529634695,-1.7854513795779472,-0.042808300109064557,0.06971071322010988,-2.500480477096114,86.0,43.0,0.12469999999999999,-3.149423750000001e-05,-0.19527790984201554
dex_1h_BTC,meanrev,bb,"{""span"": 20, ""mult"": 1.5}",5001,8760,-9.607538347576886,-8.10800390361094,-0.34761979888391636,0.35006194755256503,-2.4163110614552594,374.0,187.0,0.5423,4.975700000000002e-05,-0.6349414942284934
dex_1h_BTC,meanrev,bb,"{""span"": 20, ""mult"": 2.0}",5001,8760,-7.980843576107519,-8.131837083870096,-0.26650929798749456,0.26925507926399783,-2.757727468861417,222.0,111.0,0.32189999999999996,3.4635474999999996e-05,-0.4698366864407544
dex_1h_BTC,meanrev,bb,"{""span"": 20, ""mult"": 2.5}",5001,8760,-7.447732042626902,-7.457727419707287,-0.1706271751855235,0.1706271751855235,-3.2769615865473884,120.0,60.0,0.174,8.727762499999999e-06,-0.34005496095088183
dex_1h_BTC,meanrev,bb,"{""span"": 50, ""mult"": 1.5}",5001,8760,-5.601602405305076,-3.6543233542131794,-0.20589560247929017,0.24103159431082855,-2.6366342386969928,262.0,131.0,0.3799,5.57083749999999e-06,-0.4454593580309154
dex_1h_BTC,meanrev,bb,"{""span"": 50, ""mult"": 2.0}",5001,8760,-4.182848271364229,-2.3067377193087135,-0.09525372765463924,0.1349507542525633,-2.6292371613790726,198.0,99.0,0.28709999999999997,-4.438729999999999e-05,-0.28123484538852817
dex_1h_BTC,meanrev,bb,"{""span"": 50, ""mult"": 2.5}",5001,8760,-4.3516342529634695,-1.7854513795779472,-0.042808300109064557,0.06971071322010988,-2.500480477096114,86.0,43.0,0.12469999999999999,-3.149423750000001e-05,-0.19527790984201554
dex_1h_BTC,carry,funding,"{""thr"": 5e-05}",5001,8760,-2.7694362958169845,0.0,0.0,-0.0,0.0,0.0,0.0,0.0,0.0,-0.024835119726159705
dex_1h_BTC,carry,funding_pct,"{""lb"": 100, ""hi"": 0.8}",5001,8760,-6.772767263342725,-8.57540756908307,-0.39504643913498094,0.39507805903547416,-2.2507715867426255,340.0,170.0,0.493,0.0003725537625,-0.48108279699489265
dex_1h_BTC,carry,funding_pct,"{""lb"": 100, ""hi"": 0.9}",5001,8760,-4.825512568479007,-8.712220504787167,-0.3006785136669926,0.3006785136669926,-2.6309113366973733,254.0,127.0,0.36829999999999996,0.0002456795875,-0.29097698177493825
dex_1h_BTC,carry,funding_pct,"{""lb"": 100, ""hi"": 0.95}",5001,8760,-4.141684717141222,-7.339881907360005,-0.2079586760699017,0.2102951161183617,-3.0416279583514125,170.0,85.0,0.2465,0.000132785075,-0.2060942108435796
dex_1h_BTC,carry,funding_pct,"{""lb"": 500, ""hi"": 0.8}",5001,8760,-4.114658408483368,-8.831617434256335,-0.367995728138665,0.367995728138665,-2.352881255062918,276.0,138.0,0.4002,0.0004213934250000001,-0.30137489251700866
dex_1h_BTC,carry,funding_pct,"{""lb"": 500, ""hi"": 0.9}",5001,8760,-4.0986833052828615,-4.449807816951431,-0.1594062640224322,0.1594062640224322,-3.3400430751614096,146.0,73.0,0.2117,0.00016550245,-0.23145314635923886
dex_1h_BTC,carry,funding_pct,"{""lb"": 500, ""hi"": 0.95}",5001,8760,-2.727303076871598,-1.548904759218457,-0.037159774571572046,0.037159774571572046,-4.111051395209804,88.0,44.0,0.1276,8.17277875e-05,-0.11809329984106753
dex_1h_BTC,carry,funding_mom,"{""lb"": 24}",5001,8760,-8.025728287222435,-9.814514778195923,-0.5809816807934983,0.5831967306751337,-1.6766339461723658,712.0,356.0,1.0324,0.000565207775,-0.7177462789544183
dex_1h_BTC,carry,funding_mom,"{""lb"": 100}",5001,8760,-5.205577996668754,-8.281663050665964,-0.5212198135722714,0.5220299108917132,-1.8393909381532125,562.0,281.0,0.8149,0.0009659524375000002,-0.5665078712712348
dex_1h_BTC,carry,funding_mom,"{""lb"": 500}",5001,8760,-7.550340064111915,-10.138873935943451,-0.6136370741470059,0.618953451398629,-1.590494963250802,531.0,265.5,0.7699499999999999,0.001250579225,-0.6788006279835588
dex_1h_BTC,carry,funding_price_div,"{""lb"": 24}",5001,8760,-7.622122070271081,-8.454017566909343,-0.39318753645343574,0.399961699193666,-2.21954410030763,456.0,228.0,0.6612,0.00034119035,-0.5782140663622621
dex_1h_BTC,carry,funding_price_div,"{""lb"": 100}",5001,8760,-7.136104596414011,-10.437986756242164,-0.42121886281831467,0.4218009502972873,-2.154402468216485,346.0,173.0,0.5016999999999999,0.00047740803750000003,-0.5290163142887218
dex_1h_BTC,carry,funding_price_div,"{""lb"": 500}",5001,8760,-5.308115267661386,-7.3864550708789425,-0.38562352291273605,0.399701980917802,-2.2053329047256343,288.0,144.0,0.41759999999999997,0.000815014225,-0.41862046207360193
dex_1h_ETH,trend,ema_cross,"{""fast"": 10, ""slow"": 50}",5001,8760,-0.3324147697048982,0.27105179422344655,0.00010676030387180013,0.1871157243038604,0.002498243925525437,99.0,49.5,0.14355,-0.00031961855000000005,-0.13153695800707488
dex_1h_ETH,trend,ema_cross,"{""fast"": 10, ""slow"": 100}",5001,8760,-0.7230624049974781,0.720005795882189,0.05725490886980733,0.24028276060798592,1.1486898573824997,69.0,34.5,0.10005,-0.00011996400000000002,-0.20162234836901904
dex_1h_ETH,trend,ema_cross,"{""fast"": 10, ""slow"": 200}",5001,8760,-0.7742310849071321,1.7724767690831478,0.20452461972737246,0.22545114607790034,5.581579898507111,45.0,22.5,0.06525,-8.771507499999995e-05,-0.21076227823291704
dex_1h_ETH,trend,ema_cross,"{""fast"": 20, ""slow"": 50}",5001,8760,-0.7383487847038194,-0.19496877809128024,-0.05602428605983267,0.23307899515561797,-0.9570474152868319,85.0,42.5,0.12324999999999998,-0.0002843497500000001,-0.20432540787498765
dex_1h_ETH,trend,ema_cross,"{""fast"": 20, ""slow"": 100}",5001,8760,-0.7270201958477601,0.3286658641823527,0.007216719284357964,0.2005007856577097,0.15950418244121364,61.0,30.5,0.08845,-7.676189999999999e-05,-0.2025009890056817
dex_1h_ETH,trend,ema_cross,"{""fast"": 20, ""slow"": 200}",5001,8760,-1.1233008622214842,1.9141244694937958,0.22594468885347418,0.23572323915096863,6.106927473174407,29.0,14.5,0.04205,-1.7885824999999884e-05,-0.2683175474085566
dex_1h_ETH,trend,ema_cross,"{""fast"": 50, ""slow"": 100}",5001,8760,-1.7264169685904427,2.108373602476075,0.25537446234015215,0.15922007577482025,10.717978037714976,29.0,14.5,0.04205,-5.9044274999999944e-05,-0.3580792421373805
dex_1h_ETH,trend,ema_cross,"{""fast"": 50, ""slow"": 200}",5001,8760,-0.45143052584605664,0.5251264325100748,0.03200861794579257,0.2880239598757872,0.5134893248395542,29.0,14.5,0.04205,8.912100000000006e-05,-0.1533782050037883
dex_1h_ETH,trend,ema_slope,"{""span"": 20, ""thr"": 0.0}",5001,8760,-4.9341708231388415,-5.622130142559864,-0.5236732553630186,0.5658220200752831,-1.698593956956608,515.0,257.5,0.7467499999999999,-0.000221682325,-0.684717765865167
dex_1h_ETH,trend,ema_slope,"{""span"": 20, ""thr"": 0.001}",5001,8760,-2.102814337551263,-7.251598933864114,-0.46221189583106004,0.46221189583106004,-2.020348594947364,291.0,145.5,0.42194999999999994,-0.0001497824375,-0.3231263259040801
dex_1h_ETH,trend,ema_slope,"{""span"": 20, ""thr"": 0.005}",5001,8760,-1.3285746276075527,-4.754550363749954,-0.10788012388836432,0.1092454855631198,-3.600299561389924,16.0,8.0,0.0232,-8.552325e-06,-0.07327231856513461
dex_1h_ETH,trend,ema_slope,"{""span"": 50, ""thr"": 0.0}",5001,8760,-1.694482907965536,-4.073791115554609,-0.42074467678770777,0.4830742828421613,-1.8804586137313077,327.0,163.5,0.47414999999999996,-0.00025273435,-0.3550953293024097
dex_1h_ETH,trend,ema_slope,"{""span"": 50, ""thr"": 0.001}",5001,8760,-2.0280465758185957,-0.4822799091933473,-0.04572751701987565,0.1778760823094911,-1.041611013000157,89.0,44.5,0.12905,-0.00013778732500000003,-0.2599050911049887
dex_1h_ETH,trend,ema_slope,"{""span"": 50, ""thr"": 0.005}",5001,8760,-2.4466713678235994,0.0,0.0,-0.0,0.0,0.0,0.0,0.0,0.0,-0.040288325099721134
dex_1h_ETH,trend,ema_slope,"{""span"": 100, ""thr"": 0.0}",5001,8760,-0.3576428764405323,-1.1404578649488597,-0.1614487855964699,0.36610529721029794,-1.4678215217396806,191.0,95.5,0.27695,-0.00012376150000000002,-0.13647532433020204
dex_1h_ETH,trend,ema_slope,"{""span"": 100, ""thr"": 0.001}",5001,8760,0.12188570846165515,0.06405235530691508,-0.004689810367301095,0.15601374425363415,-0.13055957243086122,38.0,19.0,0.055099999999999996,-8.357783749999999e-05,-0.005379698439054947
dex_1h_ETH,trend,price_ema,"{""span"": 20, ""thr"": 0.0}",5001,8760,-4.9341708231388415,-5.622130142559864,-0.5236732553630186,0.5658220200752831,-1.698593956956608,515.0,257.5,0.7467499999999999,-0.000221682325,-0.684717765865167
dex_1h_ETH,trend,price_ema,"{""span"": 20, ""thr"": 0.02}",5001,8760,-1.2534945525960135,-2.6917840922007805,-0.15433929825417347,0.15726120214361317,-3.306338838689768,84.0,42.0,0.12179999999999999,-6.184141250000001e-05,-0.1458939209627198
dex_1h_ETH,trend,price_ema,"{""span"": 20, ""thr"": 0.05}",5001,8760,-1.3922281416901654,-4.368458889897773,-0.09843588669907855,0.09981570248459969,-3.6536629211496807,14.0,7.0,0.0203,-5.427325e-06,-0.0715275592890493
dex_1h_ETH,trend,price_ema,"{""span"": 50, ""thr"": 0.0}",5001,8760,-1.694482907965536,-4.073791115554609,-0.42074467678770777,0.4830742828421613,-1.8804586137313077,327.0,163.5,0.47414999999999996,-0.00025273435,-0.3550953293024097
dex_1h_ETH,trend,price_ema,"{""span"": 50, ""thr"": 0.02}",5001,8760,-3.207586551028606,-0.661359866496943,-0.06314055126652496,0.2225592591128587,-1.1160350511867319,111.0,55.5,0.16094999999999998,-0.00016076241250000004,-0.3981480027252168
dex_1h_ETH,trend,price_ema,"{""span"": 50, ""thr"": 0.05}",5001,8760,-0.16557285100417488,-2.1130700914484755,-0.10172035806054536,0.11118021527555537,-3.370771527942433,26.0,13.0,0.0377,-1.5549825e-05,-0.02405919184043792
dex_1h_ETH,trend,price_ema,"{""span"": 100, ""thr"": 0.0}",5001,8760,-0.3576428764405323,-1.1404578649488597,-0.1614487855964699,0.36610529721029794,-1.4678215217396806,191.0,95.5,0.27695,-0.00012376150000000002,-0.13647532433020204
dex_1h_ETH,trend,price_ema,"{""span"": 100, ""thr"": 0.02}",5001,8760,-1.2626636170556698,-2.2429036874212076,-0.19713062286179195,0.2491275900314765,-2.4789256150457866,137.0,68.5,0.19865,-0.00022242315000000005,-0.22939640911945525
dex_1h_ETH,trend,price_ema,"{""span"": 100, ""thr"": 0.05}",5001,8760,0.06174531341542407,0.11427807859256925,-0.0014791345852807058,0.1532912098518886,-0.04213688777032674,34.0,17.0,0.0493,-7.789301249999999e-05,-0.012260993346465687
dex_1h_ETH,trend,donchian,"{""lb"": 10}",5001,8760,-8.461753170846261,-12.407453959160263,-0.6224389335989283,0.6282026802260828,-1.5694541745132873,650.0,325.0,0.9424999999999999,-7.834737499999998e-05,-0.7164639373383707
dex_1h_ETH,trend,donchian,"{""lb"": 20}",5001,8760,-4.364819090066968,-9.485561647570517,-0.47814694309584527,0.47814694309584527,-1.9700912709571672,432.0,216.0,0.6264,-6.30689125e-05,-0.4322167067801478
dex_1h_ETH,trend,donchian,"{""lb"": 55}",5001,8760,-3.9088008979063145,-6.473258276162415,-0.31218573308689845,0.31218573308689845,-2.5808257865031328,228.0,114.0,0.3306,-8.846862499999985e-06,-0.3273442263219284
dex_1h_ETH,momentum,mom_ret,"{""lb"": 5, ""thr"": 0.0}",5001,8760,-6.660195692331315,-10.908360854648503,-0.7537204680714016,0.7663195491515313,-1.3021113113673013,871.0,435.5,1.2629499999999998,-0.00013246071250000001,-0.7855362648102325
dex_1h_ETH,momentum,mom_ret,"{""lb"": 5, ""thr"": 0.02}",5001,8760,-2.470773566004596,-6.518554271949225,-0.32428155598452657,0.3255131732015398,-2.51976834703001,148.0,74.0,0.21459999999999999,-5.076127500000001e-05,-0.2561851169623627
dex_1h_ETH,momentum,mom_ret,"{""lb"": 5, ""thr"": 0.05}",5001,8760,-2.184576319210693,-2.970640759073817,-0.0593725080527443,0.0593725080527443,-3.959065497167294,16.0,8.0,0.0232,-1.15243375e-05,-0.10851758957295587
dex_1h_ETH,momentum,mom_ret,"{""lb"": 10, ""thr"": 0.0}",5001,8760,-4.1396527227581,-7.328644026794037,-0.6145685794284886,0.6323372456003664,-1.5570898174534822,643.0,321.5,0.93235,-0.00024627410000000003,-0.6222706040882623
dex_1h_ETH,momentum,mom_ret,"{""lb"": 10, ""thr"": 0.02}",5001,8760,-2.436239334123891,-5.066791671596665,-0.29871836701754595,0.3024298170942666,-2.6071585774523314,191.0,95.5,0.27695,-4.9741537500000004e-05,-0.3096186943496284
dex_1h_ETH,momentum,mom_ret,"{""lb"": 10, ""thr"": 0.05}",5001,8760,-1.861594748040412,-4.25937565434151,-0.1459158294574462,0.1459158294574462,-3.4175245768116977,38.0,19.0,0.055099999999999996,-2.5393625000000002e-05,-0.13190147088352133
dex_1h_ETH,momentum,mom_ret,"{""lb"": 20, ""thr"": 0.0}",5001,8760,-1.4041050117151983,-3.8803765357868047,-0.40644445558043196,0.4435735996018408,-2.0246485554476754,419.0,209.5,0.60755,-0.0004037561750000001,-0.31341167062574427
dex_1h_ETH,momentum,mom_ret,"{""lb"": 20, ""thr"": 0.02}",5001,8760,-1.2560347243532202,-3.971332814125554,-0.30052070605248415,0.30633044452275365,-2.581695795478346,197.0,98.5,0.28564999999999996,-0.00013176775,-0.2172615627670148
dex_1h_ETH,momentum,mom_ret,"{""lb"": 20, ""thr"": 0.05}",5001,8760,-2.7066799944607633,-1.0579217522397437,-0.0508047019569593,0.09710794746718522,-2.1016244097935006,34.0,17.0,0.0493,-7.15825875e-05,-0.24678119238839913
dex_1h_ETH,momentum,mom_ret,"{""lb"": 50, ""thr"": 0.0}",5001,8760,-1.3619922722095534,-2.1628639542967814,-0.2620163314768208,0.3001994985665955,-2.450224179175627,229.0,114.5,0.33204999999999996,-0.00014096266250000005,-0.30634575563555166
dex_1h_ETH,momentum,mom_ret,"{""lb"": 50, ""thr"": 0.02}",5001,8760,-2.0253393922900673,-3.331557590259269,-0.29651249672885693,0.3187261647426949,-2.4646684194642554,221.0,110.5,0.32045,-0.00012278195000000003,-0.3500226691480647
dex_1h_ETH,momentum,mom_ret,"{""lb"": 50, ""thr"": 0.05}",5001,8760,-1.6581011018502092,0.26524786267692035,0.007801245540619783,0.1669601853130456,0.2072658579771578,55.0,27.5,0.07974999999999999,-0.00011824046249999999,-0.2289906696967463
dex_1h_ETH,meanrev,rsi,"{""ob"": 65, ""os_"": 20}",5001,8760,-4.300222289925629,-4.606214219771664,-0.24826985077450914,0.2660881767934088,-2.6807026803247678,247.0,123.5,0.35814999999999997,0.00038218676250000006,-0.3899477195934401
dex_1h_ETH,meanrev,rsi,"{""ob"": 65, ""os_"": 30}",5001,8760,-6.092260046871523,-3.8679022780127768,-0.2636100826361558,0.282607558299542,-2.6115618117011987,299.0,149.5,0.43355,0.00028278408750000004,-0.5748505129479617
dex_1h_ETH,meanrev,rsi,"{""ob"": 65, ""os_"": 35}",5001,8760,-6.912966188372092,-4.12549978006554,-0.2992871466209508,0.3159299916234644,-2.4981246174864395,367.0,183.5,0.5321499999999999,0.00019823505000000002,-0.6540626916290742
dex_1h_ETH,meanrev,rsi,"{""ob"": 70, ""os_"": 20}",5001,8760,-5.1616852565082025,-2.9527002642257085,-0.1540216223965334,0.17599539637118156,-2.949900293301994,177.0,88.5,0.25664999999999993,0.00023952800000000003,-0.40664859789016483
dex_1h_ETH,meanrev,rsi,"{""ob"": 70, ""os_"": 30}",5001,8760,-6.820261749153819,-2.476933142425324,-0.1712851370709768,0.20562792783316017,-2.7266129503917984,229.0,114.5,0.33204999999999996,0.00014012532500000003,-0.5864894659839855
dex_1h_ETH,meanrev,rsi,"{""ob"": 70, ""os_"": 35}",5001,8760,-7.582204160903353,-2.854852751117157,-0.21143538898617775,0.23195580924213435,-2.7872260391862684,297.0,148.5,0.43065,5.557628749999999e-05,-0.6635329417086022
dex_1h_ETH,meanrev,rsi,"{""ob"": 80, ""os_"": 20}",5001,8760,-4.235257855742981,-2.826221437644101,-0.11137903938131077,0.12354743290923323,-3.267282551590656,104.0,52.0,0.1508,4.0200187500000004e-05,-0.25993558790666005
dex_1h_ETH,meanrev,rsi,"{""ob"": 80, ""os_"": 30}",5001,8760,-6.1454046964738485,-2.125370719967334,-0.12951274279476765,0.20965240483631425,-2.170888869057538,156.0,78.0,0.22619999999999998,-5.920248750000001e-05,-0.48424419464957
dex_1h_ETH,meanrev,rsi,"{""ob"": 80, ""os_"": 35}",5001,8760,-6.976283473626304,-2.556311335460042,-0.1716868176535592,0.22429482640974885,-2.5038439493322078,224.0,112.0,0.3248,-0.000143751525,-0.5803375625341414
dex_1h_ETH,meanrev,zscore,"{""lb"": 20, ""z"": 1.5}",5001,8760,-9.421449317258421,-3.829027798058159,-0.24966637016305326,0.257718366391193,-2.776781690753473,350.0,175.0,0.5075,0.000140368675,-0.7396940103133687
dex_1h_ETH,meanrev,zscore,"{""lb"": 20, ""z"": 2.0}",5001,8760,-7.698369175136211,-6.0580968166424105,-0.26398599177080695,0.26398599177080695,-2.7979969729818115,202.0,101.0,0.29289999999999994,6.8335425e-05,-0.5173356897271995
dex_1h_ETH,meanrev,zscore,"{""lb"": 20, ""z"": 2.5}",5001,8760,-4.373418750374752,-4.137572003589977,-0.1393367383496663,0.1393367383496663,-3.4559691914886352,118.0,59.0,0.17109999999999997,2.7790437500000003e-05,-0.24380394033319763
dex_1h_ETH,meanrev,zscore,"{""lb"": 50, ""z"": 1.5}",5001,8760,-4.986485972006904,-0.8184660556796134,-0.07439271540303616,0.18184319720252354,-1.5788860385413765,254.0,127.0,0.36829999999999996,0.0001323527375,-0.49272449322919376
dex_1h_ETH,meanrev,zscore,"{""lb"": 50, ""z"": 2.0}",5001,8760,-5.102635450668125,-1.374690067208948,-0.08567554319256188,0.13619807010304708,-2.381654116137462,156.0,78.0,0.22619999999999998,6.5961675e-05,-0.3998087506571816
dex_1h_ETH,meanrev,zscore,"{""lb"": 50, ""z"": 2.5}",5001,8760,-4.697948006033543,-3.38195627282302,-0.12070450659739018,0.1428640523626571,-3.0139124128071018,92.0,46.0,0.1334,3.212500000000001e-05,-0.2796179350955529
dex_1h_ETH,meanrev,bb,"{""span"": 20, ""mult"": 1.5}",5001,8760,-9.421449317258421,-3.829027798058159,-0.24966637016305326,0.257718366391193,-2.776781690753473,350.0,175.0,0.5075,0.000140368675,-0.7396940103133687
dex_1h_ETH,meanrev,bb,"{""span"": 20, ""mult"": 2.0}",5001,8760,-7.698369175136211,-6.0580968166424105,-0.26398599177080695,0.26398599177080695,-2.7979969729818115,202.0,101.0,0.29289999999999994,6.8335425e-05,-0.5173356897271995
dex_1h_ETH,meanrev,bb,"{""span"": 20, ""mult"": 2.5}",5001,8760,-4.373418750374752,-4.137572003589977,-0.1393367383496663,0.1393367383496663,-3.4559691914886352,118.0,59.0,0.17109999999999997,2.7790437500000003e-05,-0.24380394033319763
dex_1h_ETH,meanrev,bb,"{""span"": 50, ""mult"": 1.5}",5001,8760,-4.986485972006904,-0.8184660556796134,-0.07439271540303616,0.18184319720252354,-1.5788860385413765,254.0,127.0,0.36829999999999996,0.0001323527375,-0.49272449322919376
dex_1h_ETH,meanrev,bb,"{""span"": 50, ""mult"": 2.0}",5001,8760,-5.102635450668125,-1.374690067208948,-0.08567554319256188,0.13619807010304708,-2.381654116137462,156.0,78.0,0.22619999999999998,6.5961675e-05,-0.3998087506571816
dex_1h_ETH,meanrev,bb,"{""span"": 50, ""mult"": 2.5}",5001,8760,-4.697948006033543,-3.38195627282302,-0.12070450659739018,0.1428640523626571,-3.0139124128071018,92.0,46.0,0.1334,3.212500000000001e-05,-0.2796179350955529
dex_1h_ETH,carry,funding,"{""thr"": 5e-05}",5001,8760,2.73319450550572,0.0,0.0,-0.0,0.0,0.0,0.0,0.0,0.0,0.0364287907134937
dex_1h_ETH,carry,funding_pct,"{""lb"": 100, ""hi"": 0.8}",5001,8760,-8.151873950386376,-5.950839346238868,-0.39041563124130085,0.39041563124130085,-2.268019213136152,300.0,150.0,0.43499999999999994,0.000252593475,-0.615882690279981
dex_1h_ETH,carry,funding_pct,"{""lb"": 100, ""hi"": 0.9}",5001,8760,-7.61740741217776,-4.479694053980173,-0.24053666304554633,0.2582508801078401,-2.711183942790288,176.0,88.0,0.2552,0.0001444398,-0.4601628934556371
dex_1h_ETH,carry,funding_pct,"{""lb"": 100, ""hi"": 0.95}",5001,8760,-5.9427373661674086,-2.8248368870869673,-0.12429514773679584,0.14835000281461375,-2.9706051167713694,136.0,68.0,0.1972,9.13513e-05,-0.3080849657445155
dex_1h_ETH,carry,funding_pct,"{""lb"": 500, ""hi"": 0.8}",5001,8760,-5.890505648758376,-4.238608333880271,-0.2725716512470412,0.3123579897425653,-2.406594042567616,206.0,103.0,0.29869999999999997,0.00042536377500000005,-0.4942686837690051
dex_1h_ETH,carry,funding_pct,"{""lb"": 500, ""hi"": 0.9}",5001,8760,-4.560425201332701,-2.845583891565759,-0.1417034667517154,0.15286665246115105,-3.190728514695993,168.0,84.0,0.24359999999999998,0.00021357703750000002,-0.32257004078734886
dex_1h_ETH,carry,funding_pct,"{""lb"": 500, ""hi"": 0.95}",5001,8760,-4.870201299327993,-1.432118291129981,-0.05465899399401797,0.08673965210076945,-2.5148394718117113,72.0,36.0,0.10439999999999999,0.00011188116250000001,-0.2779929054717142
dex_1h_ETH,carry,funding_mom,"{""lb"": 24}",5001,8760,-8.346440817043142,-6.283868413694611,-0.4985927669729199,0.5240185740926233,-1.815401775975677,556.0,278.0,0.8061999999999999,0.0005512414624999999,-0.827903551640101
dex_1h_ETH,carry,funding_mom,"{""lb"": 100}",5001,8760,-4.500296263023239,-6.577627488161554,-0.5258994229550171,0.5516039339206484,-1.7438082105835446,454.0,227.0,0.6583,0.0009750499250000002,-0.6252428086687831
dex_1h_ETH,carry,funding_mom,"{""lb"": 500}",5001,8760,-7.46678749387651,-6.066689883533333,-0.5127267671220024,0.5226792289512463,-1.8310155044557814,537.0,268.5,0.7786499999999998,0.0011117605125000002,-0.777075274238649
dex_1h_ETH,carry,funding_price_div,"{""lb"": 24}",5001,8760,-8.068538387584741,-6.642348972191034,-0.33045425811891105,0.3565001777497828,-2.3206086826542776,346.0,173.0,0.5017,0.00017744517499999998,-0.657237027030058
dex_1h_ETH,carry,funding_price_div,"{""lb"": 100}",5001,8760,-5.535903812779739,-9.141986832558015,-0.36062059214058595,0.36062059214058595,-2.381618498735031,286.0,143.0,0.41469999999999996,0.00040296807500000005,-0.5389312892659096
dex_1h_ETH,carry,funding_price_div,"{""lb"": 500}",5001,8760,-6.384254750370879,-4.146112983972505,-0.2503415071391667,0.2604214858321001,-2.752254110401811,300.0,150.0,0.435,0.000685661575,-0.5364849256171449
