coin,tf,family,name,params,is_sh,oos_sh,oos_ret,n_trades
AAVEUSDT,1d,trend,ema_cross,"{""fast"": 10, ""slow"": 50}",-0.6572628204384809,1.1439246041405247,1.879497882766544,6.5
AAVEUSDT,1d,trend,ema_cross,"{""fast"": 10, ""slow"": 100}",-0.7039301989625287,0.6836547362405345,0.3910383027618991,4.5
AAVEUSDT,1d,trend,ema_cross,"{""fast"": 10, ""slow"": 200}",-0.9562915623772406,0.4845688097708252,0.010719301185665886,3.5
AAVEUSDT,1d,trend,ema_cross,"{""fast"": 20, ""slow"": 50}",-0.6917283005814215,0.9498890468363089,1.1136038110413384,6.5
AAVEUSDT,1d,trend,ema_cross,"{""fast"": 20, ""slow"": 100}",-0.648813415332757,0.8655603342210481,0.8506038163068232,3.5
AAVEUSDT,1d,trend,ema_cross,"{""fast"": 20, ""slow"": 200}",-0.7310366654025906,0.5451052199118056,0.11068038121626644,3.5
AAVEUSDT,1d,trend,ema_cross,"{""fast"": 50, ""slow"": 100}",-0.32499753649471297,0.26283365331416975,-0.2890498510830557,3.5
AAVEUSDT,1d,trend,ema_cross,"{""fast"": 50, ""slow"": 200}",-0.5369139101907856,0.16028868109878247,-0.39404894364165044,3.5
AAVEUSDT,1d,trend,ema_slope,"{""span"": 20, ""thr"": 0.0}",-0.8884405886766893,-0.020385652872705096,-0.5389342348855469,77.5
AAVEUSDT,1d,trend,ema_slope,"{""span"": 20, ""thr"": 0.001}",-1.0529455843463469,-0.21713042666628224,-0.6321588112274181,82.0
AAVEUSDT,1d,trend,ema_slope,"{""span"": 20, ""thr"": 0.005}",-1.2998870804184257,-0.9225513305008695,-0.791498498557606,74.0
AAVEUSDT,1d,trend,ema_slope,"{""span"": 50, ""thr"": 0.0}",-0.3917185742895925,0.7788285889819256,0.6255600013511833,36.5
AAVEUSDT,1d,trend,ema_slope,"{""span"": 50, ""thr"": 0.001}",-0.6016304244053091,0.6961479420418117,0.4457736832792878,35.5
AAVEUSDT,1d,trend,ema_slope,"{""span"": 50, ""thr"": 0.005}",-1.3701047431591062,-0.3618605222452247,-0.5729005907366759,42.0
AAVEUSDT,1d,trend,ema_slope,"{""span"": 100, ""thr"": 0.0}",-0.4502796349564523,0.3202165797308163,-0.2159285735511588,21.5
AAVEUSDT,1d,trend,ema_slope,"{""span"": 100, ""thr"": 0.001}",-0.7243758951782993,0.527178476476272,0.11972995078353876,19.0
AAVEUSDT,1d,trend,ema_slope,"{""span"": 100, ""thr"": 0.005}",-1.5196758851279724,-0.67045024007035,-0.6262802342813891,30.0
AAVEUSDT,1d,trend,price_ema,"{""span"": 20, ""thr"": 0.0}",-0.8884405886766893,-0.020385652872705096,-0.5389342348855469,77.5
AAVEUSDT,1d,trend,price_ema,"{""span"": 20, ""thr"": 0.02}",-0.8879027047848392,-0.23118409057053962,-0.6187553428750721,76.0
AAVEUSDT,1d,trend,price_ema,"{""span"": 20, ""thr"": 0.05}",-1.3431867095832133,-0.9913795302028825,-0.8056887729482213,76.0
AAVEUSDT,1d,trend,price_ema,"{""span"": 50, ""thr"": 0.0}",-0.3917185742895925,0.7788285889819256,0.6255600013511833,36.5
AAVEUSDT,1d,trend,price_ema,"{""span"": 50, ""thr"": 0.02}",-0.6288016066995524,0.735419905482964,0.5331974557386856,34.5
AAVEUSDT,1d,trend,price_ema,"{""span"": 50, ""thr"": 0.05}",-1.0074039179315077,0.15619431506746415,-0.3206940678070578,39.0
AAVEUSDT,1d,trend,price_ema,"{""span"": 100, ""thr"": 0.0}",-0.4502796349564523,0.3202165797308163,-0.2159285735511588,21.5
AAVEUSDT,1d,trend,price_ema,"{""span"": 100, ""thr"": 0.02}",-0.4064354773596954,0.4316188744713366,-0.04918522445383011,21.0
AAVEUSDT,1d,trend,price_ema,"{""span"": 100, ""thr"": 0.05}",-0.7259925558152467,0.5490766183710474,0.1572462709616247,19.0
AAVEUSDT,1d,trend,donchian,"{""lb"": 10}",-1.4122964441509573,-0.6326935957538805,-0.5717172740913058,108.0
AAVEUSDT,1d,trend,donchian,"{""lb"": 20}",-0.9996516288675197,-0.20176198513487645,-0.29933855957642364,72.0
AAVEUSDT,1d,trend,donchian,"{""lb"": 55}",-1.3453121724019017,-0.6702703272250552,-0.4523483139393778,52.0
AAVEUSDT,1d,momentum,mom_ret,"{""lb"": 5, ""thr"": 0.0}",-1.0567710194957416,-0.42359226371566344,-0.7597258410571269,123.5
AAVEUSDT,1d,momentum,mom_ret,"{""lb"": 5, ""thr"": 0.02}",-0.8881612512230717,-0.5448507760531683,-0.7587284417876325,120.5
AAVEUSDT,1d,momentum,mom_ret,"{""lb"": 5, ""thr"": 0.05}",-0.2892651979081651,-0.918039241907249,-0.8058226042903169,112.5
AAVEUSDT,1d,momentum,mom_ret,"{""lb"": 10, ""thr"": 0.0}",-0.9849552448515339,0.22505664107252757,-0.32215031492238144,79.5
AAVEUSDT,1d,momentum,mom_ret,"{""lb"": 10, ""thr"": 0.02}",-0.9385079652130749,-0.2999769154651864,-0.6710766241410657,82.5
AAVEUSDT,1d,momentum,mom_ret,"{""lb"": 10, ""thr"": 0.05}",-0.7603112300666734,-0.4774530889931674,-0.6990900578282613,71.5
AAVEUSDT,1d,momentum,mom_ret,"{""lb"": 20, ""thr"": 0.0}",-0.6654444299066385,0.5351972532731318,0.10595082715783577,52.5
AAVEUSDT,1d,momentum,mom_ret,"{""lb"": 20, ""thr"": 0.02}",-0.508037951800814,0.387618768864554,-0.1054530713545806,52.5
AAVEUSDT,1d,momentum,mom_ret,"{""lb"": 20, ""thr"": 0.05}",-0.294314519783103,0.2018763540558375,-0.2849938964131199,60.5
AAVEUSDT,1d,momentum,mom_ret,"{""lb"": 50, ""thr"": 0.0}",-1.0346912287247707,1.0449649860875379,1.4669928604119167,24.5
AAVEUSDT,1d,momentum,mom_ret,"{""lb"": 50, ""thr"": 0.02}",-0.9989034281978431,1.149430083431785,1.869738310749717,23.5
AAVEUSDT,1d,momentum,mom_ret,"{""lb"": 50, ""thr"": 0.05}",-0.6206541449079719,1.2075976991282629,2.122333169038241,23.5
AAVEUSDT,1d,meanrev,rsi,"{""ob"": 65, ""os_"": 20}",-0.4642376011908226,-0.3602953036436812,-0.35800976870798173,30.0
AAVEUSDT,1d,meanrev,rsi,"{""ob"": 65, ""os_"": 30}",-0.41614028154021704,-0.5911357758893455,-0.5307431888362486,41.0
AAVEUSDT,1d,meanrev,rsi,"{""ob"": 65, ""os_"": 35}",-0.1251294348280497,-0.3103331952136154,-0.449105498366165,53.0
AAVEUSDT,1d,meanrev,rsi,"{""ob"": 70, ""os_"": 20}",-0.06497545100708904,-0.6651294746985307,-0.43838391609321825,25.0
AAVEUSDT,1d,meanrev,rsi,"{""ob"": 70, ""os_"": 30}",-0.04927789928675379,-0.8560467499942073,-0.5894919271559848,36.0
AAVEUSDT,1d,meanrev,rsi,"{""ob"": 70, ""os_"": 35}",0.25426477416064464,-0.5196496621211423,-0.5180748902818715,48.0
AAVEUSDT,1d,meanrev,rsi,"{""ob"": 80, ""os_"": 20}",0.5664535873409551,0.3159924044730738,0.08254169235525532,15.0
AAVEUSDT,1d,meanrev,rsi,"{""ob"": 80, ""os_"": 30}",0.36997940778681476,-0.1839884061388456,-0.20872618032816903,26.0
AAVEUSDT,1d,meanrev,rsi,"{""ob"": 80, ""os_"": 35}",0.6346508729072675,0.13351945041404334,-0.07106644768145909,38.0
AAVEUSDT,1d,meanrev,zscore,"{""lb"": 20, ""z"": 1.5}",-0.1928533144466277,-0.0697282846994232,-0.2634336301787321,53.0
AAVEUSDT,1d,meanrev,zscore,"{""lb"": 20, ""z"": 2.0}",-0.08413784325394022,0.3834911006751944,0.12224955123017467,36.0
AAVEUSDT,1d,meanrev,zscore,"{""lb"": 20, ""z"": 2.5}",0.5108822175676121,0.454616761764716,0.05985916880918318,15.0
AAVEUSDT,1d,meanrev,zscore,"{""lb"": 50, ""z"": 1.5}",0.3387195478871617,-0.002173782200259129,-0.23155555949605033,36.0
AAVEUSDT,1d,meanrev,zscore,"{""lb"": 50, ""z"": 2.0}",0.673898992565453,-0.8428786695894536,-0.5046369288538206,23.0
AAVEUSDT,1d,meanrev,zscore,"{""lb"": 50, ""z"": 2.5}",0.9441339965820555,-0.06901772264646339,-0.08827329208654278,11.0
AAVEUSDT,1d,meanrev,bb,"{""span"": 20, ""mult"": 1.5}",-0.1928533144466277,-0.0697282846994232,-0.2634336301787321,53.0
AAVEUSDT,1d,meanrev,bb,"{""span"": 20, ""mult"": 2.0}",-0.08413784325394022,0.3834911006751944,0.12224955123017467,36.0
AAVEUSDT,1d,meanrev,bb,"{""span"": 20, ""mult"": 2.5}",0.5108822175676121,0.454616761764716,0.05985916880918318,15.0
AAVEUSDT,1d,meanrev,bb,"{""span"": 50, ""mult"": 1.5}",0.3387195478871617,-0.002173782200259129,-0.23155555949605033,36.0
AAVEUSDT,1d,meanrev,bb,"{""span"": 50, ""mult"": 2.0}",0.673898992565453,-0.8428786695894536,-0.5046369288538206,23.0
AAVEUSDT,1d,meanrev,bb,"{""span"": 50, ""mult"": 2.5}",0.9441339965820555,-0.06901772264646339,-0.08827329208654278,11.0
AAVEUSDT,1d,carry,funding,"{""thr"": 5e-05}",-0.7792542198179193,-0.647354341323264,-0.721712690033469,156.5
AAVEUSDT,1d,carry,funding,"{""thr"": 0.0001}",-0.338743913862865,-1.3389787179457275,-0.39514673816103074,10.0
AAVEUSDT,1d,carry,funding,"{""thr"": 0.0002}",-0.00020294042995716954,-1.006236936269339,-0.2850138814809027,3.0
AAVEUSDT,1d,carry,funding,"{""thr"": 0.0005}",-0.39171148099357894,0.7378650978583841,0.07599811324776362,1.0
AAVEUSDT,1d,carry,funding_pct,"{""lb"": 100, ""hi"": 0.8}",-0.138473711944704,-0.6660143139785727,-0.5501935331387304,120.0
AAVEUSDT,1d,carry,funding_pct,"{""lb"": 100, ""hi"": 0.9}",-0.6288240240329727,-1.3799315949208784,-0.6019000185792855,61.0
AAVEUSDT,1d,carry,funding_pct,"{""lb"": 100, ""hi"": 0.95}",-1.0461159036408672,-1.4793030493879098,-0.520133031768844,29.0
AAVEUSDT,1d,carry,funding_pct,"{""lb"": 500, ""hi"": 0.8}",-0.4353728965148874,-0.3809494327823999,-0.3918655098173406,97.0
AAVEUSDT,1d,carry,funding_pct,"{""lb"": 500, ""hi"": 0.9}",-0.40704507230713743,-1.0221103498061916,-0.4749396596967782,54.0
AAVEUSDT,1d,carry,funding_pct,"{""lb"": 500, ""hi"": 0.95}",-0.5847225715365691,-1.0516329166347695,-0.37289817230838906,25.0
AAVEUSDT,1d,carry,funding_mom,"{""lb"": 24}",-0.6106885859776018,-0.7308579051603391,-0.8307452888871653,234.5
AAVEUSDT,1d,carry,funding_mom,"{""lb"": 100}",-0.5238713693392943,-1.1961065185219688,-0.9184419471225691,212.5
AAVEUSDT,1d,carry,funding_mom,"{""lb"": 500}",-1.1344862375775318,-0.3415082656912904,-0.654079588240398,170.5
AAVEUSDT,1d,carry,funding_price_div,"{""lb"": 24}",-0.5509209752639297,-0.5986562859806697,-0.628854867893816,127.5
AAVEUSDT,1d,carry,funding_price_div,"{""lb"": 100}",-0.07304026902737752,-0.844145128768453,-0.6873500411128376,106.0
AAVEUSDT,1d,carry,funding_price_div,"{""lb"": 500}",-0.8166509798791768,0.1205595390883917,-0.19341427111912834,86.5
AAVEUSDT,1d,ichimoku,cloud,"{""tenkan"": 9, ""kijun"": 26, ""senkou"": 52, ""disp"": 26}",-0.06918245232433351,0.6448856436004132,0.351186103709344,20.5
AAVEUSDT,1d,ichimoku,cloud_fast,"{""tenkan"": 7, ""kijun"": 14, ""senkou"": 28, ""disp"": 14}",-0.010618982850130016,-0.06301442436514332,-0.5254562383657779,45.5
AAVEUSDT,1d,ichimoku,cloud_slow,"{""tenkan"": 12, ""kijun"": 24, ""senkou"": 52, ""disp"": 24}",0.046309487236080984,0.4152319515129893,-0.024586849051849713,28.5
AAVEUSDT,1d,ichimoku,tk,"{""tenkan"": 9, ""kijun"": 26}",-0.4859143199234251,0.13115994919333024,-0.4161701868174933,26.5
AAVEUSDT,1d,ichimoku,combo,"{""tenkan"": 9, ""kijun"": 26, ""senkou"": 52, ""disp"": 26}",-0.6748877043624357,0.5184333251645992,0.18791348910320127,21.5
AAVEUSDT,4h,trend,ema_cross,"{""fast"": 10, ""slow"": 50}",0.24766268643850026,-2.239946875804177,-0.6158901078593988,33.5
AAVEUSDT,4h,trend,ema_cross,"{""fast"": 10, ""slow"": 100}",0.7239974614936538,-1.4854969773473958,-0.49583523968616383,21.5
AAVEUSDT,4h,trend,ema_cross,"{""fast"": 10, ""slow"": 200}",-0.40731452332729795,-1.0777446314522805,-0.41546770839539304,9.5
AAVEUSDT,4h,trend,ema_cross,"{""fast"": 20, ""slow"": 50}",0.3093688933350351,-1.5297131856867996,-0.5036824243940574,18.5
AAVEUSDT,4h,trend,ema_cross,"{""fast"": 20, ""slow"": 100}",0.4093410323332248,-0.5604873053645539,-0.2953496586191361,11.5
AAVEUSDT,4h,trend,ema_cross,"{""fast"": 20, ""slow"": 200}",-0.24448748118874294,-0.9072431477817932,-0.37851680750284555,7.5
AAVEUSDT,4h,trend,ema_cross,"{""fast"": 50, ""slow"": 100}",0.4967140801187606,-0.3875002497072852,-0.2499436149152766,7.5
AAVEUSDT,4h,trend,ema_cross,"{""fast"": 50, ""slow"": 200}",0.3720564142174508,-0.7903614866905289,-0.35164939790457905,3.5
AAVEUSDT,4h,trend,ema_slope,"{""span"": 20, ""thr"": 0.0}",-1.9236983260016054,-2.6168685217598973,-0.6648602240089472,141.5
AAVEUSDT,4h,trend,ema_slope,"{""span"": 20, ""thr"": 0.001}",-2.2271738722542547,-2.7537164986177722,-0.6328777785400939,132.5
AAVEUSDT,4h,trend,ema_slope,"{""span"": 20, ""thr"": 0.005}",-0.6669968414081696,-0.5103868188734817,-0.11907486257592836,36.5
AAVEUSDT,4h,trend,ema_slope,"{""span"": 50, ""thr"": 0.0}",-0.22783095884949464,-2.4788082872896564,-0.6465294831187505,85.5
AAVEUSDT,4h,trend,ema_slope,"{""span"": 50, ""thr"": 0.001}",-0.9547528287088048,-1.427940767501252,-0.41249315247090146,73.5
AAVEUSDT,4h,trend,ema_slope,"{""span"": 50, ""thr"": 0.005}",-2.4548232631078584,-0.5698948452018524,-0.07179912997287252,7.0
AAVEUSDT,4h,trend,ema_slope,"{""span"": 100, ""thr"": 0.0}",-0.7561184289815116,-2.115349008573377,-0.5981595479833177,65.5
AAVEUSDT,4h,trend,ema_slope,"{""span"": 100, ""thr"": 0.001}",-0.5343814478241447,-2.57847455941703,-0.5335131763259402,59.5
AAVEUSDT,4h,trend,ema_slope,"{""span"": 100, ""thr"": 0.005}",-1.3771619301041937,-2.8530315017373282,-0.09345870853028815,4.0
AAVEUSDT,4h,trend,price_ema,"{""span"": 20, ""thr"": 0.0}",-1.9236983260016054,-2.6168685217598973,-0.6648602240089472,141.5
AAVEUSDT,4h,trend,price_ema,"{""span"": 20, ""thr"": 0.02}",-1.7228158459489349,-1.8233955088951155,-0.444197288044592,104.5
AAVEUSDT,4h,trend,price_ema,"{""span"": 20, ""thr"": 0.05}",-0.4474366417697817,0.267703902936699,0.012961884943038404,29.0
AAVEUSDT,4h,trend,price_ema,"{""span"": 50, ""thr"": 0.0}",-0.22783095884949464,-2.4788082872896564,-0.6465294831187505,85.5
AAVEUSDT,4h,trend,price_ema,"{""span"": 50, ""thr"": 0.02}",-0.9760928805455856,-2.4848646541125943,-0.5905686031998851,87.5
AAVEUSDT,4h,trend,price_ema,"{""span"": 50, ""thr"": 0.05}",-1.4591744521880377,-2.2609378546915093,-0.4373080500460389,58.0
AAVEUSDT,4h,trend,price_ema,"{""span"": 100, ""thr"": 0.0}",-0.7561184289815116,-2.115349008573377,-0.5981595479833177,65.5
AAVEUSDT,4h,trend,price_ema,"{""span"": 100, ""thr"": 0.02}",-0.8258968702272667,-1.9227265861788712,-0.5211443681082297,54.5
AAVEUSDT,4h,trend,price_ema,"{""span"": 100, ""thr"": 0.05}",-0.5713931049879374,-2.627887328929737,-0.5393369871000844,60.5
AAVEUSDT,4h,trend,donchian,"{""lb"": 10}",-2.3356796086784657,-3.4584107785528535,-0.5370312007845752,160.5
AAVEUSDT,4h,trend,donchian,"{""lb"": 20}",-1.487545662004799,-1.6141844216558985,-0.29279994292734013,106.5
AAVEUSDT,4h,trend,donchian,"{""lb"": 55}",-1.4326416123420158,-0.06870562145381577,-0.033316734126995096,49.0
AAVEUSDT,4h,momentum,mom_ret,"{""lb"": 5, ""thr"": 0.0}",-1.672710255668795,-2.8714186415755893,-0.6932380617245102,224.5
AAVEUSDT,4h,momentum,mom_ret,"{""lb"": 5, ""thr"": 0.02}",-2.283417259703412,-2.6254135127801503,-0.5547523829607394,155.5
AAVEUSDT,4h,momentum,mom_ret,"{""lb"": 5, ""thr"": 0.05}",-1.4210729036526826,-1.6039700120102156,-0.26707416144820784,68.5
AAVEUSDT,4h,momentum,mom_ret,"{""lb"": 10, ""thr"": 0.0}",-1.8230735777802198,-2.4823267050652795,-0.6471531076514152,158.5
AAVEUSDT,4h,momentum,mom_ret,"{""lb"": 10, ""thr"": 0.02}",-0.5689660332069872,-2.109301871749973,-0.5320473443249139,137.5
AAVEUSDT,4h,momentum,mom_ret,"{""lb"": 10, ""thr"": 0.05}",-1.7500937634718383,-2.621253282825561,-0.4687772011408753,78.5
AAVEUSDT,4h,momentum,mom_ret,"{""lb"": 20, ""thr"": 0.0}",-1.1491781983664402,-1.9184756516208519,-0.5692123611687119,122.5
AAVEUSDT,4h,momentum,mom_ret,"{""lb"": 20, ""thr"": 0.02}",-1.4025579701444724,-1.6399332543700917,-0.4729380895486901,100.5
AAVEUSDT,4h,momentum,mom_ret,"{""lb"": 20, ""thr"": 0.05}",-1.6814263331153965,-1.0937846927187092,-0.3042095448767854,64.5
AAVEUSDT,4h,momentum,mom_ret,"{""lb"": 50, ""thr"": 0.0}",-0.44330232567139577,-1.6615713569232287,-0.5266478049701034,65.5
AAVEUSDT,4h,momentum,mom_ret,"{""lb"": 50, ""thr"": 0.02}",-0.19548879948839545,-1.683517082978971,-0.5043216367633059,56.0
AAVEUSDT,4h,momentum,mom_ret,"{""lb"": 50, ""thr"": 0.05}",-0.6454015198635444,-1.5048033961658092,-0.4247120890400954,57.0
AAVEUSDT,4h,meanrev,rsi,"{""ob"": 65, ""os_"": 20}",-0.9327979263987525,-1.6676974249285332,-0.27033596972014307,47.5
AAVEUSDT,4h,meanrev,rsi,"{""ob"": 65, ""os_"": 30}",-1.2717436739267727,-1.5780311508697595,-0.2909775682863849,63.5
AAVEUSDT,4h,meanrev,rsi,"{""ob"": 65, ""os_"": 35}",-1.1670794590021272,-1.8512010698281793,-0.360914298161208,75.5
AAVEUSDT,4h,meanrev,rsi,"{""ob"": 70, ""os_"": 20}",0.2559861346548701,-2.1608179705497,-0.30422294245529935,31.5
AAVEUSDT,4h,meanrev,rsi,"{""ob"": 70, ""os_"": 30}",-0.4463922067778063,-1.9828342287949403,-0.3239059062817198,47.5
AAVEUSDT,4h,meanrev,rsi,"{""ob"": 70, ""os_"": 35}",-0.45223002759562264,-2.213077165385038,-0.390594642614166,59.5
AAVEUSDT,4h,meanrev,rsi,"{""ob"": 80, ""os_"": 20}",-0.35766512358848546,-1.5889676765834733,-0.17888968655756576,19.0
AAVEUSDT,4h,meanrev,rsi,"{""ob"": 80, ""os_"": 30}",-0.9115306637486496,-1.3889125601883328,-0.2021182256732721,35.0
AAVEUSDT,4h,meanrev,rsi,"{""ob"": 80, ""os_"": 35}",-0.8156766906624408,-1.7010052004303262,-0.2808198853489312,47.0
AAVEUSDT,4h,meanrev,zscore,"{""lb"": 20, ""z"": 1.5}",-2.174808394587454,-2.0734606719380313,-0.3874447712012651,84.5
AAVEUSDT,4h,meanrev,zscore,"{""lb"": 20, ""z"": 2.0}",-1.9435386050835024,-1.7915391242333665,-0.24207528060205918,54.5
AAVEUSDT,4h,meanrev,zscore,"{""lb"": 20, ""z"": 2.5}",-1.8803839979920969,-0.25202591691008497,-0.028797179520132277,28.0
AAVEUSDT,4h,meanrev,zscore,"{""lb"": 50, ""z"": 1.5}",-0.8551421545091851,-1.8623606591914879,-0.378548278416747,55.0
AAVEUSDT,4h,meanrev,zscore,"{""lb"": 50, ""z"": 2.0}",-0.2592999652943121,-2.315133277491184,-0.34176597136473075,36.0
AAVEUSDT,4h,meanrev,zscore,"{""lb"": 50, ""z"": 2.5}",-0.9041308534008883,-0.9785809227127304,-0.1349587615699246,24.0
AAVEUSDT,4h,meanrev,bb,"{""span"": 20, ""mult"": 1.5}",-2.174808394587454,-2.0734606719380313,-0.3874447712012651,84.5
AAVEUSDT,4h,meanrev,bb,"{""span"": 20, ""mult"": 2.0}",-1.9435386050835024,-1.7915391242333665,-0.24207528060205918,54.5
AAVEUSDT,4h,meanrev,bb,"{""span"": 20, ""mult"": 2.5}",-1.8803839979920969,-0.25202591691008497,-0.028797179520132277,28.0
AAVEUSDT,4h,meanrev,bb,"{""span"": 50, ""mult"": 1.5}",-0.8551421545091851,-1.8623606591914879,-0.378548278416747,55.0
AAVEUSDT,4h,meanrev,bb,"{""span"": 50, ""mult"": 2.0}",-0.2592999652943121,-2.315133277491184,-0.34176597136473075,36.0
AAVEUSDT,4h,meanrev,bb,"{""span"": 50, ""mult"": 2.5}",-0.9041308534008883,-0.9785809227127304,-0.1349587615699246,24.0
AAVEUSDT,4h,carry,funding,"{""thr"": 5e-05}",1.0902242232046928,0.7523517552876772,0.12575635038048727,130.5
AAVEUSDT,4h,carry,funding,"{""thr"": 0.0001}",0.15651155826556856,0.024362608203341022,-0.008145509004473528,18.0
AAVEUSDT,4h,carry,funding,"{""thr"": 0.0002}",-0.6174222204009091,0.991777288259177,0.053992080590830716,3.0
AAVEUSDT,4h,carry,funding_pct,"{""lb"": 100, ""hi"": 0.8}",-1.1154748607783238,-0.13792927638830862,-0.08479205505978493,132.0
AAVEUSDT,4h,carry,funding_pct,"{""lb"": 100, ""hi"": 0.9}",-0.41144911710765136,-0.049861244299674076,-0.03808596537121833,62.0
AAVEUSDT,4h,carry,funding_pct,"{""lb"": 100, ""hi"": 0.95}",1.1785243053546988,0.16031735593412258,0.002587036934151632,45.0
AAVEUSDT,4h,carry,funding_pct,"{""lb"": 500, ""hi"": 0.8}",-0.4529813800862224,0.17673602833353935,-0.02922104004523507,130.0
AAVEUSDT,4h,carry,funding_pct,"{""lb"": 500, ""hi"": 0.9}",-0.8808272573793259,0.6940242383591664,0.09184815306903005,72.0
AAVEUSDT,4h,carry,funding_pct,"{""lb"": 500, ""hi"": 0.95}",-0.3024312311035065,1.6479694582039164,0.2076201412439369,30.0
AAVEUSDT,4h,carry,funding_mom,"{""lb"": 24}",-1.247416021695414,-2.991110972626547,-0.7087645452335085,182.5
AAVEUSDT,4h,carry,funding_mom,"{""lb"": 100}",0.6419727276325907,-0.9473059324982447,-0.3876277675497739,200.5
AAVEUSDT,4h,carry,funding_mom,"{""lb"": 500}",-3.377819321410161,0.747185114611877,0.12966363470823827,191.5
AAVEUSDT,4h,carry,funding_price_div,"{""lb"": 24}",-1.7174051829929082,-3.0159801361218888,-0.5110155265600462,122.0
AAVEUSDT,4h,carry,funding_price_div,"{""lb"": 100}",0.18112608839266156,-1.5838849859688084,-0.32767780982643224,120.0
AAVEUSDT,4h,carry,funding_price_div,"{""lb"": 500}",-1.9647826012740495,-0.11221285273381139,-0.08701493152939788,98.0
AAVEUSDT,4h,ichimoku,cloud,"{""tenkan"": 9, ""kijun"": 26, ""senkou"": 52, ""disp"": 26}",0.046376641327301,-1.2800159333972854,-0.4306226647240595,54.5
AAVEUSDT,4h,ichimoku,cloud_fast,"{""tenkan"": 7, ""kijun"": 14, ""senkou"": 28, ""disp"": 14}",-1.09655153197113,-1.9464473937193398,-0.5408173021324498,78.5
AAVEUSDT,4h,ichimoku,cloud_slow,"{""tenkan"": 12, ""kijun"": 24, ""senkou"": 52, ""disp"": 24}",0.35446985853032187,-0.8865993628536678,-0.3495505196130809,50.5
AAVEUSDT,4h,ichimoku,tk,"{""tenkan"": 9, ""kijun"": 26}",-0.5082704820030209,-1.3944146779193687,-0.46086691634372035,58.5
AAVEUSDT,4h,ichimoku,combo,"{""tenkan"": 9, ""kijun"": 26, ""senkou"": 52, ""disp"": 26}",-0.10013523171840158,-0.9332290999138492,-0.3010060178754921,48.5
AAVEUSDT,1h,trend,ema_cross,"{""fast"": 10, ""slow"": 50}",-1.8585011251171917,-2.4862068274589184,-0.6420130856535338,121.5
AAVEUSDT,1h,trend,ema_cross,"{""fast"": 10, ""slow"": 100}",-1.462137235315439,-2.3807614962327106,-0.6277151142645312,85.5
AAVEUSDT,1h,trend,ema_cross,"{""fast"": 10, ""slow"": 200}",-0.18892516692461483,-2.7256629936732106,-0.6704472947867586,59.5
AAVEUSDT,1h,trend,ema_cross,"{""fast"": 20, ""slow"": 50}",-1.8091955110253812,-2.655393584768749,-0.663057058962774,83.5
AAVEUSDT,1h,trend,ema_cross,"{""fast"": 20, ""slow"": 100}",-0.7637271537154043,-2.0232562196606834,-0.5777053243916256,61.5
AAVEUSDT,1h,trend,ema_cross,"{""fast"": 20, ""slow"": 200}",0.5189044515844804,-2.095918113497057,-0.5880730966309237,39.5
AAVEUSDT,1h,trend,ema_cross,"{""fast"": 50, ""slow"": 100}",0.9530091341020194,-1.8067522003356637,-0.5436816386083548,39.5
AAVEUSDT,1h,trend,ema_cross,"{""fast"": 50, ""slow"": 200}",0.2762230465795495,-0.9488044973546508,-0.38132353807762,26.5
AAVEUSDT,1h,trend,ema_slope,"{""span"": 20, ""thr"": 0.0}",-5.126820525275861,-6.896067926904146,-0.9280065078175782,548.5
AAVEUSDT,1h,trend,ema_slope,"{""span"": 20, ""thr"": 0.001}",-6.37662442671973,-4.176003948235142,-0.7244084692764714,387.5
AAVEUSDT,1h,trend,ema_slope,"{""span"": 20, ""thr"": 0.005}",-1.198130597006077,-0.6180211417536775,-0.07191827961678599,31.0
AAVEUSDT,1h,trend,ema_slope,"{""span"": 50, ""thr"": 0.0}",-3.1552870690345385,-4.158782777659707,-0.8047433094820378,339.5
AAVEUSDT,1h,trend,ema_slope,"{""span"": 50, ""thr"": 0.001}",-3.388083478448738,-2.8341148673969507,-0.5231692031437598,192.5
AAVEUSDT,1h,trend,ema_slope,"{""span"": 50, ""thr"": 0.005}",-1.552062560785711,-2.050771548422355,-0.10760331093252917,8.0
AAVEUSDT,1h,trend,ema_slope,"{""span"": 100, ""thr"": 0.0}",-1.8706766759890512,-3.19511363141358,-0.7234509700659268,235.5
AAVEUSDT,1h,trend,ema_slope,"{""span"": 100, ""thr"": 0.001}",-2.6486333158315762,-0.5992351686065622,-0.1507904714143763,70.0
AAVEUSDT,1h,trend,price_ema,"{""span"": 20, ""thr"": 0.0}",-5.126820525275861,-6.896067926904146,-0.9280065078175782,548.5
AAVEUSDT,1h,trend,price_ema,"{""span"": 20, ""thr"": 0.02}",-4.385846479631589,-4.313039440035965,-0.6245203771322059,210.0
AAVEUSDT,1h,trend,price_ema,"{""span"": 20, ""thr"": 0.05}",-0.9059404863191003,-0.4381557512561211,-0.050738579215555024,27.0
AAVEUSDT,1h,trend,price_ema,"{""span"": 50, ""thr"": 0.0}",-3.1552870690345385,-4.158782777659707,-0.8047433094820378,339.5
AAVEUSDT,1h,trend,price_ema,"{""span"": 50, ""thr"": 0.02}",-4.528509911750294,-3.2773817184368252,-0.6045850920421153,221.5
AAVEUSDT,1h,trend,price_ema,"{""span"": 50, ""thr"": 0.05}",-1.8678771421690696,-1.6857005331195534,-0.2550674950254872,58.0
AAVEUSDT,1h,trend,price_ema,"{""span"": 100, ""thr"": 0.0}",-1.8706766759890512,-3.19511363141358,-0.7234509700659268,235.5
AAVEUSDT,1h,trend,price_ema,"{""span"": 100, ""thr"": 0.02}",-2.257072457536533,-2.9665574988438146,-0.6115702755836946,200.5
AAVEUSDT,1h,trend,price_ema,"{""span"": 100, ""thr"": 0.05}",-2.492994881974277,-0.6688063678223789,-0.16143396274629507,68.0
AAVEUSDT,1h,trend,donchian,"{""lb"": 10}",-10.184520464779757,-9.69494831578554,-0.8931089970423164,650.0
AAVEUSDT,1h,trend,donchian,"{""lb"": 20}",-9.181475685309742,-6.638208220345076,-0.7294464397480864,429.0
AAVEUSDT,1h,trend,donchian,"{""lb"": 55}",-7.139345313871561,-4.122939414059613,-0.4911954460682745,233.0
AAVEUSDT,1h,momentum,mom_ret,"{""lb"": 5, ""thr"": 0.0}",-9.450300913759923,-7.800428958669452,-0.9481583739030021,792.5
AAVEUSDT,1h,momentum,mom_ret,"{""lb"": 5, ""thr"": 0.02}",-4.48129924533648,-7.131656949832985,-0.7870211819006878,322.0
AAVEUSDT,1h,momentum,mom_ret,"{""lb"": 5, ""thr"": 0.05}",-1.7773052328243242,-2.130487805901593,-0.2065533459223814,44.0
AAVEUSDT,1h,momentum,mom_ret,"{""lb"": 10, ""thr"": 0.0}",-6.286343618246812,-6.944491916200315,-0.9296789006816547,566.5
AAVEUSDT,1h,momentum,mom_ret,"{""lb"": 10, ""thr"": 0.02}",-7.6496133940073845,-4.132064339032652,-0.6737746416260859,336.0
AAVEUSDT,1h,momentum,mom_ret,"{""lb"": 10, ""thr"": 0.05}",-3.1430413664067545,-2.764155120268916,-0.33389500694629204,92.0
AAVEUSDT,1h,momentum,mom_ret,"{""lb"": 20, ""thr"": 0.0}",-3.32577955462928,-4.8928005507475145,-0.8500965930948285,439.5
AAVEUSDT,1h,momentum,mom_ret,"{""lb"": 20, ""thr"": 0.02}",-4.748241068097965,-4.414053250240237,-0.7335263119677247,298.5
AAVEUSDT,1h,momentum,mom_ret,"{""lb"": 20, ""thr"": 0.05}",-2.946771538015475,-1.0880999119224086,-0.21999194474370953,114.5
AAVEUSDT,1h,momentum,mom_ret,"{""lb"": 50, ""thr"": 0.0}",-1.7274466750463713,-3.218015293987297,-0.7247748682137827,271.5
AAVEUSDT,1h,momentum,mom_ret,"{""lb"": 50, ""thr"": 0.02}",-2.170471861119222,-3.2875152664070137,-0.6688560928174878,224.5
AAVEUSDT,1h,momentum,mom_ret,"{""lb"": 50, ""thr"": 0.05}",-3.3168189249171984,-1.193335117434287,-0.2879161057167443,139.5
AAVEUSDT,1h,meanrev,rsi,"{""ob"": 65, ""os_"": 20}",-3.6881455380327712,-4.1079937234602575,-0.5392209647817565,206.0
AAVEUSDT,1h,meanrev,rsi,"{""ob"": 65, ""os_"": 30}",-4.581849539278332,-5.64793463993018,-0.7233345534180387,264.0
AAVEUSDT,1h,meanrev,rsi,"{""ob"": 65, ""os_"": 35}",-4.9737388260418225,-6.814715218304578,-0.8088764569039236,297.0
AAVEUSDT,1h,meanrev,rsi,"{""ob"": 70, ""os_"": 20}",-3.524356314200865,-4.268962484979394,-0.48126967994049064,163.0
AAVEUSDT,1h,meanrev,rsi,"{""ob"": 70, ""os_"": 30}",-4.453701223789064,-5.836531734317091,-0.6885388772366926,221.0
AAVEUSDT,1h,meanrev,rsi,"{""ob"": 70, ""os_"": 35}",-4.848110255463926,-7.065474555074427,-0.7848392198786192,254.0
AAVEUSDT,1h,meanrev,rsi,"{""ob"": 80, ""os_"": 20}",-2.2735282020099823,-3.9857233722594985,-0.3312478379513112,94.0
AAVEUSDT,1h,meanrev,rsi,"{""ob"": 80, ""os_"": 30}",-3.5261340472630316,-5.604142111528759,-0.5984612983135852,152.0
AAVEUSDT,1h,meanrev,rsi,"{""ob"": 80, ""os_"": 35}",-4.0267252871393575,-6.9604000540368425,-0.7226126344846213,185.0
AAVEUSDT,1h,meanrev,zscore,"{""lb"": 20, ""z"": 1.5}",-5.969772671062681,-7.829609585735385,-0.8015188541980018,361.0
AAVEUSDT,1h,meanrev,zscore,"{""lb"": 20, ""z"": 2.0}",-6.658601550143203,-8.088295965600725,-0.6949331577507607,207.0
AAVEUSDT,1h,meanrev,zscore,"{""lb"": 20, ""z"": 2.5}",-5.04908585386232,-4.308670840037605,-0.3240343871677056,88.0
AAVEUSDT,1h,meanrev,zscore,"{""lb"": 50, ""z"": 1.5}",-4.334187346289774,-3.9849255990098245,-0.6032003071252913,218.5
AAVEUSDT,1h,meanrev,zscore,"{""lb"": 50, ""z"": 2.0}",-3.3674942450461436,-3.6484369415356186,-0.4536452765861386,148.0
AAVEUSDT,1h,meanrev,zscore,"{""lb"": 50, ""z"": 2.5}",-2.892613810454215,-3.656218254374743,-0.3192443924730295,85.0
AAVEUSDT,1h,meanrev,bb,"{""span"": 20, ""mult"": 1.5}",-5.969772671062681,-7.829609585735385,-0.8015188541980018,361.0
AAVEUSDT,1h,meanrev,bb,"{""span"": 20, ""mult"": 2.0}",-6.658601550143203,-8.088295965600725,-0.6949331577507607,207.0
AAVEUSDT,1h,meanrev,bb,"{""span"": 20, ""mult"": 2.5}",-5.04908585386232,-4.308670840037605,-0.3240343871677056,88.0
AAVEUSDT,1h,meanrev,bb,"{""span"": 50, ""mult"": 1.5}",-4.334187346289774,-3.9849255990098245,-0.6032003071252913,218.5
AAVEUSDT,1h,meanrev,bb,"{""span"": 50, ""mult"": 2.0}",-3.3674942450461436,-3.6484369415356186,-0.4536452765861386,148.0
AAVEUSDT,1h,meanrev,bb,"{""span"": 50, ""mult"": 2.5}",-2.892613810454215,-3.656218254374743,-0.3192443924730295,85.0
AAVEUSDT,1h,carry,funding,"{""thr"": 5e-05}",0.9312966760714232,0.4865006874038541,0.052359886389532484,131.0
AAVEUSDT,1h,carry,funding,"{""thr"": 0.0001}",-0.5943055967332342,-0.30116558501557666,-0.03895475179140184,18.0
AAVEUSDT,1h,carry,funding,"{""thr"": 0.0002}",-1.5961398308072683,1.4415103608278395,0.08105015039825969,3.0
AAVEUSDT,1h,carry,funding_pct,"{""lb"": 100, ""hi"": 0.8}",-1.8323633958425756,-1.4736356308908813,-0.29709456543005097,159.0
AAVEUSDT,1h,carry,funding_pct,"{""lb"": 100, ""hi"": 0.9}",-1.3998743004504388,-2.2605330354835607,-0.29282898313210937,113.0
AAVEUSDT,1h,carry,funding_pct,"{""lb"": 100, ""hi"": 0.95}",-2.083066292765211,-2.6359025049980493,-0.24744838982092188,76.0
AAVEUSDT,1h,carry,funding_pct,"{""lb"": 500, ""hi"": 0.8}",-1.5281205004633744,-0.9598087899111809,-0.23502538198844014,129.5
AAVEUSDT,1h,carry,funding_pct,"{""lb"": 500, ""hi"": 0.9}",-0.7029280702986085,1.0737073047776304,0.1473662339115378,65.0
AAVEUSDT,1h,carry,funding_pct,"{""lb"": 500, ""hi"": 0.95}",0.21692076575498692,0.3923506973488428,0.030938353150270492,42.0
AAVEUSDT,1h,carry,funding_mom,"{""lb"": 24}",-1.729844982064592,-3.2522018694586703,-0.7238859656351473,235.5
AAVEUSDT,1h,carry,funding_mom,"{""lb"": 100}",-0.8213882112678011,-4.966802694952682,-0.8512911643039501,259.5
AAVEUSDT,1h,carry,funding_mom,"{""lb"": 500}",-2.679947504888954,-2.337969321988873,-0.623287567500141,253.5
AAVEUSDT,1h,carry,funding_price_div,"{""lb"": 24}",-3.2943272287804626,-5.328888422015273,-0.7237223934064745,293.5
AAVEUSDT,1h,carry,funding_price_div,"{""lb"": 100}",-1.959114403207082,-5.391753120761169,-0.7106112699800938,217.5
AAVEUSDT,1h,carry,funding_price_div,"{""lb"": 500}",-2.7047681728663187,-3.841836732803855,-0.5945095538732798,172.5
AAVEUSDT,1h,ichimoku,cloud,"{""tenkan"": 9, ""kijun"": 26, ""senkou"": 52, ""disp"": 26}",-2.598567725503579,-3.963410810457484,-0.7621310958856476,227.5
AAVEUSDT,1h,ichimoku,cloud_fast,"{""tenkan"": 7, ""kijun"": 14, ""senkou"": 28, ""disp"": 14}",-3.095372946224615,-4.872483503056659,-0.8253398500351357,327.5
AAVEUSDT,1h,ichimoku,cloud_slow,"{""tenkan"": 12, ""kijun"": 24, ""senkou"": 52, ""disp"": 24}",-2.6102110629541198,-3.9898964515555067,-0.7625901195277749,231.5
AAVEUSDT,1h,ichimoku,tk,"{""tenkan"": 9, ""kijun"": 26}",-1.7885758228015558,-1.8172955432962223,-0.5374455784415569,190.5
AAVEUSDT,1h,ichimoku,combo,"{""tenkan"": 9, ""kijun"": 26, ""senkou"": 52, ""disp"": 26}",-2.4123609330857665,-3.129724637542174,-0.6399160778804547,194.5
ADAUSDT,1d,trend,ema_cross,"{""fast"": 10, ""slow"": 50}",0.6809760422226248,-0.1148566764488513,-0.7297536113912639,13.5
ADAUSDT,1d,trend,ema_cross,"{""fast"": 10, ""slow"": 100}",0.4407605962297687,-0.40014136281894624,-0.8327307183794688,7.5
ADAUSDT,1d,trend,ema_cross,"{""fast"": 10, ""slow"": 200}",-0.14510095214554003,-0.6240446043633201,-0.8857010602998882,7.5
ADAUSDT,1d,trend,ema_cross,"{""fast"": 20, ""slow"": 50}",0.6252159359089476,-0.14422173506380936,-0.7441135872862767,9.5
ADAUSDT,1d,trend,ema_cross,"{""fast"": 20, ""slow"": 100}",0.22027110931569935,-0.2355587474497438,-0.7804594379348532,5.5
ADAUSDT,1d,trend,ema_cross,"{""fast"": 20, ""slow"": 200}",-0.21292266745556926,0.10585007847840826,-0.4442243948199066,5.5
ADAUSDT,1d,trend,ema_cross,"{""fast"": 50, ""slow"": 100}",-0.21969954557601895,-0.6714109931269254,-0.8942879506749306,5.5
ADAUSDT,1d,trend,ema_cross,"{""fast"": 50, ""slow"": 200}",-0.0943794774145114,-0.06897461290820833,-0.5842756692710271,5.5
ADAUSDT,1d,trend,ema_slope,"{""span"": 20, ""thr"": 0.0}",0.4315814563855831,-0.7000436852456343,-0.8981665737825779,78.5
ADAUSDT,1d,trend,ema_slope,"{""span"": 20, ""thr"": 0.001}",0.4143812409594209,-0.7782569488671431,-0.9004386142063168,79.5
ADAUSDT,1d,trend,ema_slope,"{""span"": 20, ""thr"": 0.005}",0.5172579163469156,-0.9855067885027062,-0.9029641409381042,63.0
ADAUSDT,1d,trend,ema_slope,"{""span"": 50, ""thr"": 0.0}",-0.41160393842917686,-0.3371123181981721,-0.8146026911647325,41.5
ADAUSDT,1d,trend,ema_slope,"{""span"": 50, ""thr"": 0.001}",0.08533307325200781,-0.3872806898123574,-0.8166117425672945,42.5
ADAUSDT,1d,trend,ema_slope,"{""span"": 50, ""thr"": 0.005}",0.3015473732580825,-1.2382858694501657,-0.9209937160273083,38.0
ADAUSDT,1d,trend,ema_slope,"{""span"": 100, ""thr"": 0.0}",0.21974410562680957,-0.15771511440783367,-0.7528717592125085,13.5
ADAUSDT,1d,trend,ema_slope,"{""span"": 100, ""thr"": 0.001}",0.28763078002434084,-0.3562008450463601,-0.8056410846511817,23.5
ADAUSDT,1d,trend,ema_slope,"{""span"": 100, ""thr"": 0.005}",0.6542659110913185,-0.9410703414524768,-0.6696760326677431,22.0
ADAUSDT,1d,trend,price_ema,"{""span"": 20, ""thr"": 0.0}",0.4315814563855831,-0.7000436852456343,-0.8981665737825779,78.5
ADAUSDT,1d,trend,price_ema,"{""span"": 20, ""thr"": 0.02}",0.5850722421495919,-0.8142456876618218,-0.8985315406945197,78.5
ADAUSDT,1d,trend,price_ema,"{""span"": 20, ""thr"": 0.05}",0.4188052371141611,-0.9567671643570941,-0.8978183429393642,64.0
ADAUSDT,1d,trend,price_ema,"{""span"": 50, ""thr"": 0.0}",-0.41160393842917686,-0.3371123181981721,-0.8146026911647325,41.5
ADAUSDT,1d,trend,price_ema,"{""span"": 50, ""thr"": 0.02}",0.046601225852159305,-0.3648949978772164,-0.8149013757517143,39.5
ADAUSDT,1d,trend,price_ema,"{""span"": 50, ""thr"": 0.05}",0.4841678347096065,-0.5290961462622431,-0.8371349580958419,40.0
ADAUSDT,1d,trend,price_ema,"{""span"": 100, ""thr"": 0.0}",0.21974410562680957,-0.15771511440783367,-0.7528717592125085,13.5
ADAUSDT,1d,trend,price_ema,"{""span"": 100, ""thr"": 0.02}",0.2238526333466421,-0.16992311636447885,-0.7466111474257986,19.5
ADAUSDT,1d,trend,price_ema,"{""span"": 100, ""thr"": 0.05}",0.28101206837022336,-0.3891580548096569,-0.815276524858088,23.5
ADAUSDT,1d,trend,donchian,"{""lb"": 10}",0.13510094022357733,-0.6450729833606267,-0.5487608469741676,97.5
ADAUSDT,1d,trend,donchian,"{""lb"": 20}",0.057828459342496454,-0.7363640352164388,-0.5218188662699826,69.0
ADAUSDT,1d,trend,donchian,"{""lb"": 55}",0.7131087418730884,-0.7392901508305454,-0.4570929804799976,37.0
ADAUSDT,1d,momentum,mom_ret,"{""lb"": 5, ""thr"": 0.0}",0.6863518595248542,-0.960521636475613,-0.9339256353575793,124.5
ADAUSDT,1d,momentum,mom_ret,"{""lb"": 5, ""thr"": 0.02}",0.8653604016649432,-0.9052206152845036,-0.9149785701018665,117.5
ADAUSDT,1d,momentum,mom_ret,"{""lb"": 5, ""thr"": 0.05}",0.5041708532102938,-0.404240882311575,-0.5442565437696286,99.0
ADAUSDT,1d,momentum,mom_ret,"{""lb"": 10, ""thr"": 0.0}",0.3104674099647372,-1.2974819493996528,-0.9618423485692156,88.5
ADAUSDT,1d,momentum,mom_ret,"{""lb"": 10, ""thr"": 0.02}",0.3806707974252761,-1.2438780306241521,-0.9504921805309676,82.0
ADAUSDT,1d,momentum,mom_ret,"{""lb"": 10, ""thr"": 0.05}",0.3735228083798342,-1.1706354978035474,-0.9335888746045693,78.0
ADAUSDT,1d,momentum,mom_ret,"{""lb"": 20, ""thr"": 0.0}",0.6957850721047639,-0.7715007341518892,-0.9092614892506794,50.5
ADAUSDT,1d,momentum,mom_ret,"{""lb"": 20, ""thr"": 0.02}",0.742218052430666,-0.7506352175243061,-0.9032680873837935,55.5
ADAUSDT,1d,momentum,mom_ret,"{""lb"": 20, ""thr"": 0.05}",0.6478174581194777,-0.0358263090945472,-0.4165177827217037,52.5
ADAUSDT,1d,momentum,mom_ret,"{""lb"": 50, ""thr"": 0.0}",0.794627254284934,-0.013010607168850694,-0.6835373295596607,23.5
ADAUSDT,1d,momentum,mom_ret,"{""lb"": 50, ""thr"": 0.02}",0.49566210122155885,-0.08135976412528756,-0.7135103200990061,28.5
ADAUSDT,1d,momentum,mom_ret,"{""lb"": 50, ""thr"": 0.05}",0.2994626266712793,-0.002067232544986047,-0.6621970521633458,29.5
ADAUSDT,1d,meanrev,rsi,"{""ob"": 65, ""os_"": 20}",-1.3653410431850341,0.785030563433893,0.48579153820706655,29.0
ADAUSDT,1d,meanrev,rsi,"{""ob"": 65, ""os_"": 30}",-1.3289593815366851,0.7116159593737139,0.47761381026456307,49.0
ADAUSDT,1d,meanrev,rsi,"{""ob"": 65, ""os_"": 35}",-1.3269044218923436,0.867448807152257,1.014822435363269,56.0
ADAUSDT,1d,meanrev,rsi,"{""ob"": 70, ""os_"": 20}",-1.3298281667264922,0.06170565922816794,-0.06725994402313595,26.0
ADAUSDT,1d,meanrev,rsi,"{""ob"": 70, ""os_"": 30}",-1.2871839110391008,0.14266559244785157,-0.0723937021733898,46.0
ADAUSDT,1d,meanrev,rsi,"{""ob"": 70, ""os_"": 35}",-1.283299389951379,0.5036641097955131,0.2648514564916502,53.0
ADAUSDT,1d,meanrev,rsi,"{""ob"": 80, ""os_"": 20}",-1.1791377210377725,-0.5514670142697523,-0.2680861300313716,14.0
ADAUSDT,1d,meanrev,rsi,"{""ob"": 80, ""os_"": 30}",-1.123140086506995,-0.2515421734901003,-0.2721145501374448,34.0
ADAUSDT,1d,meanrev,rsi,"{""ob"": 80, ""os_"": 35}",-1.1196329662848135,0.29233277763783,-0.00786868704565602,41.0
ADAUSDT,1d,meanrev,zscore,"{""lb"": 20, ""z"": 1.5}",-0.991384953132764,-0.2918820305877571,-0.34621540339291945,51.0
ADAUSDT,1d,meanrev,zscore,"{""lb"": 20, ""z"": 2.0}",-0.7989443734027393,0.8254666200528689,0.4635010621166835,34.0
ADAUSDT,1d,meanrev,zscore,"{""lb"": 20, ""z"": 2.5}",-0.464226711966079,0.14933719401340723,0.009810182043965776,12.0
ADAUSDT,1d,meanrev,zscore,"{""lb"": 50, ""z"": 1.5}",-1.3190475831737902,0.5755258384639572,0.31297999370882446,37.0
ADAUSDT,1d,meanrev,zscore,"{""lb"": 50, ""z"": 2.0}",-1.5255492699200168,-0.7945731644455329,-0.3733355289462682,14.0
ADAUSDT,1d,meanrev,zscore,"{""lb"": 50, ""z"": 2.5}",-1.5575418805745496,0.3749074775358562,0.10061509663955492,11.0
ADAUSDT,1d,meanrev,bb,"{""span"": 20, ""mult"": 1.5}",-0.991384953132764,-0.2918820305877571,-0.34621540339291945,51.0
ADAUSDT,1d,meanrev,bb,"{""span"": 20, ""mult"": 2.0}",-0.7989443734027393,0.8254666200528689,0.4635010621166835,34.0
ADAUSDT,1d,meanrev,bb,"{""span"": 20, ""mult"": 2.5}",-0.464226711966079,0.14933719401340723,0.009810182043965776,12.0
ADAUSDT,1d,meanrev,bb,"{""span"": 50, ""mult"": 1.5}",-1.3190475831737902,0.5755258384639572,0.31297999370882446,37.0
ADAUSDT,1d,meanrev,bb,"{""span"": 50, ""mult"": 2.0}",-1.5255492699200168,-0.7945731644455329,-0.3733355289462682,14.0
ADAUSDT,1d,meanrev,bb,"{""span"": 50, ""mult"": 2.5}",-1.5575418805745496,0.3749074775358562,0.10061509663955492,11.0
ADAUSDT,1d,carry,funding,"{""thr"": 5e-05}",-0.9652549616474699,-0.4264199235262424,-0.7964611022378271,165.0
ADAUSDT,1d,carry,funding,"{""thr"": 0.0001}",-0.12728776599490554,-0.31081822157692945,-0.19123468814380273,51.0
ADAUSDT,1d,carry,funding,"{""thr"": 0.0002}",0.1297566744448427,0.17500761150262195,0.02615267699790813,18.0
ADAUSDT,1d,carry,funding,"{""thr"": 0.0005}",0.25567639665354924,0.654664945759888,0.011225104638369121,1.0
ADAUSDT,1d,carry,funding_pct,"{""lb"": 100, ""hi"": 0.8}",-0.35889814821321575,-0.8200269715906654,-0.5306494099075152,89.0
ADAUSDT,1d,carry,funding_pct,"{""lb"": 100, ""hi"": 0.9}",-0.32641408985970083,-0.9279456377435141,-0.4468143052840955,50.0
ADAUSDT,1d,carry,funding_pct,"{""lb"": 100, ""hi"": 0.95}",-0.2731570045402524,-0.3842997015390531,-0.18858378081867377,32.0
ADAUSDT,1d,carry,funding_pct,"{""lb"": 500, ""hi"": 0.8}",-1.0633008154411685,-0.9248322043941518,-0.6060850112638079,94.0
ADAUSDT,1d,carry,funding_pct,"{""lb"": 500, ""hi"": 0.9}",0.10413580579171343,-0.5680473736243008,-0.3568592234511657,67.0
ADAUSDT,1d,carry,funding_pct,"{""lb"": 500, ""hi"": 0.95}",0.2719335048187571,0.161134969068693,0.014082322646536305,42.0
ADAUSDT,1d,carry,funding_mom,"{""lb"": 24}",-0.607811660281904,-0.654192802676094,-0.8725737418303652,213.5
ADAUSDT,1d,carry,funding_mom,"{""lb"": 100}",-1.7640672093531389,0.6378157398773318,0.3896130605184256,206.5
ADAUSDT,1d,carry,funding_mom,"{""lb"": 500}",-0.9599819117624064,-0.5782841258691486,-0.8573756566165605,136.5
ADAUSDT,1d,carry,funding_price_div,"{""lb"": 24}",-1.2355177193934874,-1.1504443279053287,-0.8780851233223302,111.0
ADAUSDT,1d,carry,funding_price_div,"{""lb"": 100}",-1.2540956696390173,0.4093374706032251,0.13289421046422611,99.0
ADAUSDT,1d,carry,funding_price_div,"{""lb"": 500}",-1.296749799115929,-1.0108397433730427,-0.6870110552321139,76.5
ADAUSDT,1d,ichimoku,cloud,"{""tenkan"": 9, ""kijun"": 26, ""senkou"": 52, ""disp"": 26}",0.7185673930359855,-0.5804980486581751,-0.8614218221082991,26.5
ADAUSDT,1d,ichimoku,cloud_fast,"{""tenkan"": 7, ""kijun"": 14, ""senkou"": 28, ""disp"": 14}",0.9528325763485097,-0.9404618374105452,-0.9196086879196812,47.0
ADAUSDT,1d,ichimoku,cloud_slow,"{""tenkan"": 12, ""kijun"": 24, ""senkou"": 52, ""disp"": 24}",0.5584309129132601,-0.4201649051097541,-0.8223334957747968,26.5
ADAUSDT,1d,ichimoku,tk,"{""tenkan"": 9, ""kijun"": 26}",0.8771870740886704,-0.9396111672101272,-0.9247109287696976,33.5
ADAUSDT,1d,ichimoku,combo,"{""tenkan"": 9, ""kijun"": 26, ""senkou"": 52, ""disp"": 26}",0.7936366270445002,-0.9449371557473492,-0.8973615026594174,32.5
ADAUSDT,4h,trend,ema_cross,"{""fast"": 10, ""slow"": 50}",1.2351500890938212,-2.5096417678374543,-0.5824376905903793,37.5
ADAUSDT,4h,trend,ema_cross,"{""fast"": 10, ""slow"": 100}",0.7955435523295166,-1.9242459435185886,-0.5002296072832899,29.5
ADAUSDT,4h,trend,ema_cross,"{""fast"": 10, ""slow"": 200}",1.5518208753642322,-0.47286066402770627,-0.22142479840759433,9.5
ADAUSDT,4h,trend,ema_cross,"{""fast"": 20, ""slow"": 50}",0.9116315672777133,-3.259961820415416,-0.6683509467022337,31.5
ADAUSDT,4h,trend,ema_cross,"{""fast"": 20, ""slow"": 100}",1.650507884909711,-1.4212600354807514,-0.41748454660657264,19.5
ADAUSDT,4h,trend,ema_cross,"{""fast"": 20, ""slow"": 200}",1.187028021634293,-0.5686289984950877,-0.24441698658097455,6.5
ADAUSDT,4h,trend,ema_cross,"{""fast"": 50, ""slow"": 100}",1.3830188762487847,-2.0499295999321916,-0.5197350787183332,13.5
ADAUSDT,4h,trend,ema_cross,"{""fast"": 50, ""slow"": 200}",1.1958013677273533,0.5394071842517857,0.05982629009653673,2.5
ADAUSDT,4h,trend,ema_slope,"{""span"": 20, ""thr"": 0.0}",0.03891139572596273,-2.8281888393840826,-0.6214703474810718,147.5
ADAUSDT,4h,trend,ema_slope,"{""span"": 20, ""thr"": 0.001}",-0.9104089975120705,-1.6100975847847758,-0.40159549881954604,114.5
ADAUSDT,4h,trend,ema_slope,"{""span"": 20, ""thr"": 0.005}",-1.7350293040641664,0.16025410733402237,-0.0017538107856359675,25.0
ADAUSDT,4h,trend,ema_slope,"{""span"": 50, ""thr"": 0.0}",0.5973259650417054,-2.700602820397011,-0.6057617601934693,91.5
ADAUSDT,4h,trend,ema_slope,"{""span"": 50, ""thr"": 0.001}",0.6891303918981272,-1.524131141264985,-0.35584592147274285,63.5
ADAUSDT,4h,trend,ema_slope,"{""span"": 50, ""thr"": 0.005}",-1.5235200107319196,1.1345325077445485,0.11847554572960162,3.0
ADAUSDT,4h,trend,ema_slope,"{""span"": 100, ""thr"": 0.0}",1.287073051990972,-3.4255891395448805,-0.6842873862386973,87.5
ADAUSDT,4h,trend,ema_slope,"{""span"": 100, ""thr"": 0.001}",0.6318150484690399,-0.7967522077440242,-0.20047487186601276,33.5
ADAUSDT,4h,trend,ema_slope,"{""span"": 100, ""thr"": 0.005}",-1.6097574454305699,-0.5419372614752926,-0.02650404575641363,1.0
ADAUSDT,4h,trend,price_ema,"{""span"": 20, ""thr"": 0.0}",0.03891139572596273,-2.8281888393840826,-0.6214703474810718,147.5
ADAUSDT,4h,trend,price_ema,"{""span"": 20, ""thr"": 0.02}",-1.0159080269293876,-1.3819284993338563,-0.31341362844414644,87.5
ADAUSDT,4h,trend,price_ema,"{""span"": 20, ""thr"": 0.05}",-1.274209970529188,0.04692074770109714,-0.018766971503865637,24.0
ADAUSDT,4h,trend,price_ema,"{""span"": 50, ""thr"": 0.0}",0.5973259650417054,-2.700602820397011,-0.6057617601934693,91.5
ADAUSDT,4h,trend,price_ema,"{""span"": 50, ""thr"": 0.02}",1.00930116282223,-1.4552337608842962,-0.35345897440417984,74.5
ADAUSDT,4h,trend,price_ema,"{""span"": 50, ""thr"": 0.05}",0.06942932510995212,-0.9128264201967793,-0.19243030568215747,42.5
ADAUSDT,4h,trend,price_ema,"{""span"": 100, ""thr"": 0.0}",1.287073051990972,-3.4255891395448805,-0.6842873862386973,87.5
ADAUSDT,4h,trend,price_ema,"{""span"": 100, ""thr"": 0.02}",0.7331436134653788,-1.8903001183876385,-0.44465653066487665,52.5
ADAUSDT,4h,trend,price_ema,"{""span"": 100, ""thr"": 0.05}",0.7306592161616363,-0.7338311410437215,-0.18939682803826963,33.5
ADAUSDT,4h,trend,donchian,"{""lb"": 10}",-1.569044044294935,-2.465341655710337,-0.4220332181655947,157.0
ADAUSDT,4h,trend,donchian,"{""lb"": 20}",-1.003650699437164,-1.6459005872919197,-0.27939536777969776,102.0
ADAUSDT,4h,trend,donchian,"{""lb"": 55}",-0.44725170543797993,-0.002769346236057909,-0.023301386416906933,58.0
ADAUSDT,4h,momentum,mom_ret,"{""lb"": 5, ""thr"": 0.0}",-3.2456997683141213,-0.8940624234966768,-0.3130639997121003,196.5
ADAUSDT,4h,momentum,mom_ret,"{""lb"": 5, ""thr"": 0.02}",-1.683390312556833,-1.1603066051614952,-0.2767143271835286,133.5
ADAUSDT,4h,momentum,mom_ret,"{""lb"": 5, ""thr"": 0.05}",-0.21624379464345103,-1.3280775206107047,-0.18902910551925511,42.0
ADAUSDT,4h,momentum,mom_ret,"{""lb"": 10, ""thr"": 0.0}",0.11149992840403665,-3.0607001852025117,-0.6484714277273986,146.5
ADAUSDT,4h,momentum,mom_ret,"{""lb"": 10, ""thr"": 0.02}",-1.3773772475390353,-1.8751445506322262,-0.4420666936428663,114.5
ADAUSDT,4h,momentum,mom_ret,"{""lb"": 10, ""thr"": 0.05}",-0.8767583968213282,-0.054254994907318194,-0.04760207603910571,59.5
ADAUSDT,4h,momentum,mom_ret,"{""lb"": 20, ""thr"": 0.0}",0.3301627409977152,-1.6471993703490242,-0.45808701432145504,110.5
ADAUSDT,4h,momentum,mom_ret,"{""lb"": 20, ""thr"": 0.02}",-0.014010992852992506,-2.2683366946637826,-0.4938282976063263,96.5
ADAUSDT,4h,momentum,mom_ret,"{""lb"": 20, ""thr"": 0.05}",-0.5358321454437339,-1.7039093959934433,-0.3408909547885346,63.5
ADAUSDT,4h,momentum,mom_ret,"{""lb"": 50, ""thr"": 0.0}",0.5371429901629372,-2.9148928088823873,-0.6311015584356778,79.5
ADAUSDT,4h,momentum,mom_ret,"{""lb"": 50, ""thr"": 0.02}",0.5784857265932812,-0.8974626952427983,-0.2864470437742943,61.5
ADAUSDT,4h,momentum,mom_ret,"{""lb"": 50, ""thr"": 0.05}",1.233298286776495,-1.079993820400272,-0.2922288661348973,50.5
ADAUSDT,4h,meanrev,rsi,"{""ob"": 65, ""os_"": 20}",-0.07720896668549233,-2.6550270549138912,-0.4080310301648489,51.5
ADAUSDT,4h,meanrev,rsi,"{""ob"": 65, ""os_"": 30}",-1.0867532063382699,-3.3929527813731397,-0.5219947818047772,66.5
ADAUSDT,4h,meanrev,rsi,"{""ob"": 65, ""os_"": 35}",-1.175752570674325,-3.3386772608886166,-0.5324998030174942,81.5
ADAUSDT,4h,meanrev,rsi,"{""ob"": 70, ""os_"": 20}",-0.6392911505649878,-2.4324031233608046,-0.35120427761199635,40.5
ADAUSDT,4h,meanrev,rsi,"{""ob"": 70, ""os_"": 30}",-1.528505433822475,-3.2313131846922345,-0.47610811267595876,55.5
ADAUSDT,4h,meanrev,rsi,"{""ob"": 70, ""os_"": 35}",-1.5654785827058268,-3.16829655373686,-0.48762157566761677,70.5
ADAUSDT,4h,meanrev,rsi,"{""ob"": 80, ""os_"": 20}",0.11148849321864904,-2.2836924611053098,-0.27563307868268605,22.0
ADAUSDT,4h,meanrev,rsi,"{""ob"": 80, ""os_"": 30}",-1.1534621009343309,-3.1751398222857365,-0.4150856110344642,37.0
ADAUSDT,4h,meanrev,rsi,"{""ob"": 80, ""os_"": 35}",-1.2250875440952425,-3.076624441468766,-0.4279401528465948,52.0
ADAUSDT,4h,meanrev,zscore,"{""lb"": 20, ""z"": 1.5}",-2.281783530323146,-2.5266675413299478,-0.41473342497211807,80.5
ADAUSDT,4h,meanrev,zscore,"{""lb"": 20, ""z"": 2.0}",-3.099546268138835,-2.6637490797114425,-0.2804488166300444,54.0
ADAUSDT,4h,meanrev,zscore,"{""lb"": 20, ""z"": 2.5}",-2.5634275052836024,0.1634820185672771,0.005603431721032948,29.0
ADAUSDT,4h,meanrev,zscore,"{""lb"": 50, ""z"": 1.5}",-1.5021921925692416,-2.1362246930764726,-0.3631135863495033,56.5
ADAUSDT,4h,meanrev,zscore,"{""lb"": 50, ""z"": 2.0}",-0.9310722259877849,-3.5153754683655496,-0.45277922484381283,27.5
ADAUSDT,4h,meanrev,zscore,"{""lb"": 50, ""z"": 2.5}",-1.5149202229543433,-2.6740556267177458,-0.31512393645918446,22.0
ADAUSDT,4h,meanrev,bb,"{""span"": 20, ""mult"": 1.5}",-2.281783530323146,-2.5266675413299478,-0.41473342497211807,80.5
ADAUSDT,4h,meanrev,bb,"{""span"": 20, ""mult"": 2.0}",-3.099546268138835,-2.6637490797114425,-0.2804488166300444,54.0
ADAUSDT,4h,meanrev,bb,"{""span"": 20, ""mult"": 2.5}",-2.5634275052836024,0.1634820185672771,0.005603431721032948,29.0
ADAUSDT,4h,meanrev,bb,"{""span"": 50, ""mult"": 1.5}",-1.5021921925692416,-2.1362246930764726,-0.3631135863495033,56.5
ADAUSDT,4h,meanrev,bb,"{""span"": 50, ""mult"": 2.0}",-0.9310722259877849,-3.5153754683655496,-0.45277922484381283,27.5
ADAUSDT,4h,meanrev,bb,"{""span"": 50, ""mult"": 2.5}",-1.5149202229543433,-2.6740556267177458,-0.31512393645918446,22.0
ADAUSDT,4h,carry,funding,"{""thr"": 5e-05}",0.18104742323603448,-2.014482912973306,-0.4310150501769988,149.5
ADAUSDT,4h,carry,funding,"{""thr"": 0.0001}",2.08577820474391,-1.269889677340808,-0.13417914723224178,52.0
ADAUSDT,4h,carry,funding,"{""thr"": 0.0002}",1.3452875890692142,-0.8396235879755941,-0.04627626788502437,14.0
ADAUSDT,4h,carry,funding_pct,"{""lb"": 100, ""hi"": 0.8}",-1.3339394087962013,-4.354082766911682,-0.5875430866688567,101.0
ADAUSDT,4h,carry,funding_pct,"{""lb"": 100, ""hi"": 0.9}",-1.49680993172091,-2.2891423974697354,-0.22762174107590538,50.0
ADAUSDT,4h,carry,funding_pct,"{""lb"": 100, ""hi"": 0.95}",-0.22566853593884567,-2.5052266138337163,-0.15231759118013666,32.0
ADAUSDT,4h,carry,funding_pct,"{""lb"": 500, ""hi"": 0.8}",-3.1053528319934043,-1.8245589627467005,-0.2869488500939371,68.0
ADAUSDT,4h,carry,funding_pct,"{""lb"": 500, ""hi"": 0.9}",-0.9101266572962106,-0.7784993026727192,-0.08325477713168694,45.0
ADAUSDT,4h,carry,funding_pct,"{""lb"": 500, ""hi"": 0.95}",0.2642300543631877,0.3840959394770353,0.02175712188700296,26.0
ADAUSDT,4h,carry,funding_mom,"{""lb"": 24}",-0.9383470857318121,-2.263582679527601,-0.545835257383625,180.5
ADAUSDT,4h,carry,funding_mom,"{""lb"": 100}",-0.33402190557993083,-2.4246328821824137,-0.5678851387450223,160.0
ADAUSDT,4h,carry,funding_mom,"{""lb"": 500}",-2.1947742868600315,0.8559511396193782,0.16572895742893023,170.5
ADAUSDT,4h,carry,funding_price_div,"{""lb"": 24}",-0.9567955738815788,-1.9315906915519367,-0.32309253644827074,113.0
ADAUSDT,4h,carry,funding_price_div,"{""lb"": 100}",0.2826440538549748,-4.733366392130898,-0.5938610943803524,99.0
ADAUSDT,4h,carry,funding_price_div,"{""lb"": 500}",0.41112572389069657,1.2872434187205024,0.2306977078086927,90.5
ADAUSDT,4h,ichimoku,cloud,"{""tenkan"": 9, ""kijun"": 26, ""senkou"": 52, ""disp"": 26}",0.2461340837475941,-1.2619378575950169,-0.3537910014954603,56.5
ADAUSDT,4h,ichimoku,cloud_fast,"{""tenkan"": 7, ""kijun"": 14, ""senkou"": 28, ""disp"": 14}",-0.12109080021078948,-1.5140992352836842,-0.4065653874154097,78.5
ADAUSDT,4h,ichimoku,cloud_slow,"{""tenkan"": 12, ""kijun"": 24, ""senkou"": 52, ""disp"": 24}",0.4271776453471307,-1.4319943709783824,-0.38576993017122885,63.5
ADAUSDT,4h,ichimoku,tk,"{""tenkan"": 9, ""kijun"": 26}",0.4152571338807508,-1.3734016373149025,-0.4054928839195555,54.5
ADAUSDT,4h,ichimoku,combo,"{""tenkan"": 9, ""kijun"": 26, ""senkou"": 52, ""disp"": 26}",0.3558948137375856,-1.8442545723121058,-0.40912834258866104,55.5
ADAUSDT,1h,trend,ema_cross,"{""fast"": 10, ""slow"": 50}",-0.42883778864891026,-2.42335181727779,-0.5694988771429645,105.5
ADAUSDT,1h,trend,ema_cross,"{""fast"": 10, ""slow"": 100}",0.05760367989634923,-2.275013380767676,-0.5484886224803172,81.5
ADAUSDT,1h,trend,ema_cross,"{""fast"": 10, ""slow"": 200}",0.6383668478671106,-2.6523020887588062,-0.5970590895973831,61.5
ADAUSDT,1h,trend,ema_cross,"{""fast"": 20, ""slow"": 50}",-0.12134518910703045,-2.9326779771500955,-0.6317393221995806,93.5
ADAUSDT,1h,trend,ema_cross,"{""fast"": 20, ""slow"": 100}",-0.3047538686117056,-1.2736890227791096,-0.38818892042237374,57.5
ADAUSDT,1h,trend,ema_cross,"{""fast"": 20, ""slow"": 200}",1.0485219534618817,-3.207983600042895,-0.6606274758901087,53.5
ADAUSDT,1h,trend,ema_cross,"{""fast"": 50, ""slow"": 100}",0.3597176130084819,-1.3983666677953994,-0.4111539611405858,35.5
ADAUSDT,1h,trend,ema_cross,"{""fast"": 50, ""slow"": 200}",0.9993851894269644,-3.4871061471317466,-0.6878220704227473,37.5
ADAUSDT,1h,trend,ema_slope,"{""span"": 20, ""thr"": 0.0}",-6.103301240217743,-5.608104515398648,-0.8407056605688149,494.5
ADAUSDT,1h,trend,ema_slope,"{""span"": 20, ""thr"": 0.001}",-5.155481989200609,-2.9181669168226816,-0.5263552602799293,322.0
ADAUSDT,1h,trend,ema_slope,"{""span"": 20, ""thr"": 0.005}",-0.023619157917997475,-1.026528560960601,-0.1051882420232656,19.0
ADAUSDT,1h,trend,ema_slope,"{""span"": 50, ""thr"": 0.0}",-2.451774375683791,-3.3298305184134476,-0.67594594543116,309.5
ADAUSDT,1h,trend,ema_slope,"{""span"": 50, ""thr"": 0.001}",-2.788433913187246,-2.4985030825846555,-0.41766261002142757,161.0
ADAUSDT,1h,trend,ema_slope,"{""span"": 50, ""thr"": 0.005}",-1.7852868301912743,-0.7445636188901716,-0.06339551530378584,6.0
ADAUSDT,1h,trend,ema_slope,"{""span"": 100, ""thr"": 0.0}",-0.8254307493409591,-3.39590634913722,-0.6809103515841037,255.5
ADAUSDT,1h,trend,ema_slope,"{""span"": 100, ""thr"": 0.001}",-2.59266124137471,-0.6059595744994449,-0.11808419414886906,48.0
ADAUSDT,1h,trend,price_ema,"{""span"": 20, ""thr"": 0.0}",-6.103301240217743,-5.608104515398648,-0.8407056605688149,494.5
ADAUSDT,1h,trend,price_ema,"{""span"": 20, ""thr"": 0.02}",-4.122451307172508,-4.305193627039943,-0.5297317686211765,175.0
ADAUSDT,1h,trend,price_ema,"{""span"": 20, ""thr"": 0.05}",-0.16447362755493564,-0.8430899637501297,-0.08697755182855682,19.0
ADAUSDT,1h,trend,price_ema,"{""span"": 50, ""thr"": 0.0}",-2.451774375683791,-3.3298305184134476,-0.67594594543116,309.5
ADAUSDT,1h,trend,price_ema,"{""span"": 50, ""thr"": 0.02}",-3.048739345826341,-1.8697787113417144,-0.36578568392894306,182.0
ADAUSDT,1h,trend,price_ema,"{""span"": 50, ""thr"": 0.05}",-2.3043062061154376,-0.295161199598497,-0.05838675660384418,39.0
ADAUSDT,1h,trend,price_ema,"{""span"": 100, ""thr"": 0.0}",-0.8254307493409591,-3.39590634913722,-0.6809103515841037,255.5
ADAUSDT,1h,trend,price_ema,"{""span"": 100, ""thr"": 0.02}",-1.1159595976858687,-3.3505309136226824,-0.5777612434484736,191.5
ADAUSDT,1h,trend,price_ema,"{""span"": 100, ""thr"": 0.05}",-2.585559688995996,-0.7807642827779988,-0.1415282910248451,49.0
ADAUSDT,1h,trend,donchian,"{""lb"": 10}",-11.075980597967254,-12.202506440520988,-0.9095623714767141,647.5
ADAUSDT,1h,trend,donchian,"{""lb"": 20}",-8.124706691705716,-8.760450187287134,-0.7867009024091582,444.0
ADAUSDT,1h,trend,donchian,"{""lb"": 55}",-4.894592779205006,-6.497808364969964,-0.6195914475919608,240.0
ADAUSDT,1h,momentum,mom_ret,"{""lb"": 5, ""thr"": 0.0}",-9.839808010838603,-7.618758420977702,-0.9134095488460419,781.5
ADAUSDT,1h,momentum,mom_ret,"{""lb"": 5, ""thr"": 0.02}",-4.176796151912858,-6.034736524951954,-0.6513787778602631,249.0
ADAUSDT,1h,momentum,mom_ret,"{""lb"": 5, ""thr"": 0.05}",0.4770855996635359,-0.10637231978820644,-0.017777029365528607,18.0
ADAUSDT,1h,momentum,mom_ret,"{""lb"": 10, ""thr"": 0.0}",-7.2794244627382945,-6.055787130603044,-0.8606090803720982,532.5
ADAUSDT,1h,momentum,mom_ret,"{""lb"": 10, ""thr"": 0.02}",-6.2146573033652315,-5.824900359754894,-0.7099878699772215,301.0
ADAUSDT,1h,momentum,mom_ret,"{""lb"": 10, ""thr"": 0.05}",-0.8667398124576291,-2.3806244972255715,-0.23781323245931563,53.0
ADAUSDT,1h,momentum,mom_ret,"{""lb"": 20, ""thr"": 0.0}",-4.846934084292981,-2.2707481182051774,-0.550960307640947,358.5
ADAUSDT,1h,momentum,mom_ret,"{""lb"": 20, ""thr"": 0.02}",-3.960123389039256,-3.9407585604391775,-0.627988705188202,291.5
ADAUSDT,1h,momentum,mom_ret,"{""lb"": 20, ""thr"": 0.05}",-1.3794423059694825,-4.169459445908243,-0.4758454357913374,101.0
ADAUSDT,1h,momentum,mom_ret,"{""lb"": 50, ""thr"": 0.0}",-0.5973602370522618,-3.549944852825593,-0.6973005310039341,289.5
ADAUSDT,1h,momentum,mom_ret,"{""lb"": 50, ""thr"": 0.02}",-1.7386424889905814,-2.5409750444668364,-0.5266903591336292,210.5
ADAUSDT,1h,momentum,mom_ret,"{""lb"": 50, ""thr"": 0.05}",-1.986088081958329,-0.5571994724256373,-0.14265530011767413,107.0
ADAUSDT,1h,meanrev,rsi,"{""ob"": 65, ""os_"": 20}",-4.398687318550242,-5.407595817693831,-0.6052468892345828,217.0
ADAUSDT,1h,meanrev,rsi,"{""ob"": 65, ""os_"": 30}",-5.304554644438847,-7.060517634818805,-0.7512368746467877,288.0
ADAUSDT,1h,meanrev,rsi,"{""ob"": 65, ""os_"": 35}",-4.979853552074224,-7.336286375920536,-0.7925209970042856,325.0
ADAUSDT,1h,meanrev,rsi,"{""ob"": 70, ""os_"": 20}",-5.365785066555903,-5.620324356775879,-0.576299154548539,174.0
ADAUSDT,1h,meanrev,rsi,"{""ob"": 70, ""os_"": 30}",-6.107598923151976,-7.30358768807517,-0.7329947664631876,245.0
ADAUSDT,1h,meanrev,rsi,"{""ob"": 70, ""os_"": 35}",-5.644105994175773,-7.529200169022935,-0.7773063046615223,282.0
ADAUSDT,1h,meanrev,rsi,"{""ob"": 80, ""os_"": 20}",-3.682337753467437,-3.7017302197947326,-0.3648606570306333,100.0
ADAUSDT,1h,meanrev,rsi,"{""ob"": 80, ""os_"": 30}",-4.730168375210268,-5.864849298137742,-0.5997517342282921,171.0
ADAUSDT,1h,meanrev,rsi,"{""ob"": 80, ""os_"": 35}",-4.297740882593454,-6.179974074242366,-0.666175961508896,208.0
ADAUSDT,1h,meanrev,zscore,"{""lb"": 20, ""z"": 1.5}",-6.819793821562404,-9.321721383994975,-0.8328896980261999,373.0
ADAUSDT,1h,meanrev,zscore,"{""lb"": 20, ""z"": 2.0}",-6.380069327291921,-7.502111428607315,-0.6373235288875393,209.0
ADAUSDT,1h,meanrev,zscore,"{""lb"": 20, ""z"": 2.5}",-4.841376264130055,-4.698543382074176,-0.36007986101839184,106.0
ADAUSDT,1h,meanrev,zscore,"{""lb"": 50, ""z"": 1.5}",-3.582291039999038,-5.370568780739384,-0.6638839378715216,213.0
ADAUSDT,1h,meanrev,zscore,"{""lb"": 50, ""z"": 2.0}",-4.535864435342325,-3.7950715248096656,-0.4140773816986998,159.0
ADAUSDT,1h,meanrev,zscore,"{""lb"": 50, ""z"": 2.5}",-3.510909758485782,-1.4030578187782043,-0.13200885581126764,71.0
ADAUSDT,1h,meanrev,bb,"{""span"": 20, ""mult"": 1.5}",-6.819793821562404,-9.321721383994975,-0.8328896980261999,373.0
ADAUSDT,1h,meanrev,bb,"{""span"": 20, ""mult"": 2.0}",-6.380069327291921,-7.502111428607315,-0.6373235288875393,209.0
ADAUSDT,1h,meanrev,bb,"{""span"": 20, ""mult"": 2.5}",-4.841376264130055,-4.698543382074176,-0.36007986101839184,106.0
ADAUSDT,1h,meanrev,bb,"{""span"": 50, ""mult"": 1.5}",-3.582291039999038,-5.370568780739384,-0.6638839378715216,213.0
ADAUSDT,1h,meanrev,bb,"{""span"": 50, ""mult"": 2.0}",-4.535864435342325,-3.7950715248096656,-0.4140773816986998,159.0
ADAUSDT,1h,meanrev,bb,"{""span"": 50, ""mult"": 2.5}",-3.510909758485782,-1.4030578187782043,-0.13200885581126764,71.0
ADAUSDT,1h,carry,funding,"{""thr"": 5e-05}",0.6183241271704989,-0.837141651452246,-0.2458475575849337,149.5
ADAUSDT,1h,carry,funding,"{""thr"": 0.0001}",1.7735810916891044,-0.23239568575259092,-0.03889742024421117,52.0
ADAUSDT,1h,carry,funding,"{""thr"": 0.0002}",0.7873284277564033,-1.8768415734597772,-0.09060233415846364,14.0
ADAUSDT,1h,carry,funding_pct,"{""lb"": 100, ""hi"": 0.8}",-0.7341289414039569,-3.6458025329533865,-0.49572502683658803,145.0
ADAUSDT,1h,carry,funding_pct,"{""lb"": 100, ""hi"": 0.9}",-2.9936843504699633,-4.30253612798321,-0.41568073172116315,97.0
ADAUSDT,1h,carry,funding_pct,"{""lb"": 100, ""hi"": 0.95}",-1.5136915259644774,-5.647019522907664,-0.3797085023816764,69.0
ADAUSDT,1h,carry,funding_pct,"{""lb"": 500, ""hi"": 0.8}",-1.7314184847259704,-3.123463082256989,-0.43702262198936426,109.0
ADAUSDT,1h,carry,funding_pct,"{""lb"": 500, ""hi"": 0.9}",-1.067035951407681,-2.391405889415703,-0.23989891982332856,53.0
ADAUSDT,1h,carry,funding_pct,"{""lb"": 500, ""hi"": 0.95}",-1.1046446961868284,-1.4379627087176632,-0.10955138567534806,30.0
ADAUSDT,1h,carry,funding_mom,"{""lb"": 24}",-1.2532402293676124,-0.37133755503534444,-0.18505697495419415,217.5
ADAUSDT,1h,carry,funding_mom,"{""lb"": 100}",0.05609344801516522,-3.282955891811451,-0.6610745977165173,220.5
ADAUSDT,1h,carry,funding_mom,"{""lb"": 500}",-0.1889390834772038,-3.6652362394781433,-0.7017828325095812,246.5
ADAUSDT,1h,carry,funding_price_div,"{""lb"": 24}",-3.13649597283256,-3.556827430610892,-0.49911321962927346,257.0
ADAUSDT,1h,carry,funding_price_div,"{""lb"": 100}",-0.8187544788723564,-3.771924380940903,-0.5384690795372795,173.0
ADAUSDT,1h,carry,funding_price_div,"{""lb"": 500}",-0.8097371983495166,-4.025509426656715,-0.5335881749670495,162.0
ADAUSDT,1h,ichimoku,cloud,"{""tenkan"": 9, ""kijun"": 26, ""senkou"": 52, ""disp"": 26}",-0.5450657528380857,-3.4880672272930022,-0.6624634741796533,223.5
ADAUSDT,1h,ichimoku,cloud_fast,"{""tenkan"": 7, ""kijun"": 14, ""senkou"": 28, ""disp"": 14}",-3.51291200821025,-3.448845103546877,-0.665154593058686,291.5
ADAUSDT,1h,ichimoku,cloud_slow,"{""tenkan"": 12, ""kijun"": 24, ""senkou"": 52, ""disp"": 24}",-0.9908557929162563,-3.7842870420019814,-0.6883671288794371,229.5
ADAUSDT,1h,ichimoku,tk,"{""tenkan"": 9, ""kijun"": 26}",-2.948106152657739,-1.5152733866059156,-0.425321324200154,185.5
ADAUSDT,1h,ichimoku,combo,"{""tenkan"": 9, ""kijun"": 26, ""senkou"": 52, ""disp"": 26}",-2.5421744005788094,-2.930748476574746,-0.5599247243886578,188.5
APTUSDT,1d,trend,ema_cross,"{""fast"": 10, ""slow"": 50}",0.7507488906188986,0.19910844536141978,-0.2828710807062842,14.5
APTUSDT,1d,trend,ema_cross,"{""fast"": 10, ""slow"": 100}",0.3579503710944347,0.7118296149642861,0.4121625919989902,4.5
APTUSDT,1d,trend,ema_cross,"{""fast"": 10, ""slow"": 200}",-0.047492913022003376,1.4174500738743687,2.6261696254044455,0.5
APTUSDT,1d,trend,ema_cross,"{""fast"": 20, ""slow"": 50}",0.18139377613844423,0.5311022387211429,0.11318240451698114,8.5
APTUSDT,1d,trend,ema_cross,"{""fast"": 20, ""slow"": 100}",-0.021038784536605317,0.8856635899086797,0.7780560375590815,2.5
APTUSDT,1d,trend,ema_cross,"{""fast"": 20, ""slow"": 200}",-0.3945174013144321,1.4174500738743687,2.6261696254044455,0.5
APTUSDT,1d,trend,ema_cross,"{""fast"": 50, ""slow"": 100}",-0.3477088907387344,1.4174500738743687,2.6261696254044455,0.5
APTUSDT,1d,trend,ema_cross,"{""fast"": 50, ""slow"": 200}",-0.8053972114031194,1.1643649933351599,1.6010204092306024,1.5
APTUSDT,1d,trend,ema_slope,"{""span"": 20, ""thr"": 0.0}",0.41165826844692804,-0.6038849243028072,-0.7516640838933757,64.5
APTUSDT,1d,trend,ema_slope,"{""span"": 20, ""thr"": 0.001}",0.6862995232946874,-0.7767259714362225,-0.7932563279386627,67.5
APTUSDT,1d,trend,ema_slope,"{""span"": 20, ""thr"": 0.005}",0.23021393560421957,-0.36673880794143277,-0.5182173913652242,62.0
APTUSDT,1d,trend,ema_slope,"{""span"": 50, ""thr"": 0.0}",0.7875795093369554,-0.057473420557181056,-0.48855719749753856,38.5
APTUSDT,1d,trend,ema_slope,"{""span"": 50, ""thr"": 0.001}",0.5465232660031935,0.06323193288845652,-0.3757923168950823,39.5
APTUSDT,1d,trend,ema_slope,"{""span"": 50, ""thr"": 0.005}",0.5587835586742318,0.43315995623637266,0.1035786723859482,26.0
APTUSDT,1d,trend,ema_slope,"{""span"": 100, ""thr"": 0.0}",0.8968653196479259,0.6411176777845725,0.28640360751734195,12.5
APTUSDT,1d,trend,ema_slope,"{""span"": 100, ""thr"": 0.001}",0.7547836446141911,0.5792675736693526,0.19804752788420532,15.5
APTUSDT,1d,trend,ema_slope,"{""span"": 100, ""thr"": 0.005}",-0.11869958125251802,0.2658896185256146,-0.04995163923661816,19.0
APTUSDT,1d,trend,price_ema,"{""span"": 20, ""thr"": 0.0}",0.41165826844692804,-0.6038849243028072,-0.7516640838933757,64.5
APTUSDT,1d,trend,price_ema,"{""span"": 20, ""thr"": 0.02}",0.6474655152577615,-0.9201333982383959,-0.811978036580594,72.0
APTUSDT,1d,trend,price_ema,"{""span"": 20, ""thr"": 0.05}",0.15323890339420707,-0.2736876260913915,-0.4538883707302823,58.0
APTUSDT,1d,trend,price_ema,"{""span"": 50, ""thr"": 0.0}",0.7875795093369554,-0.057473420557181056,-0.48855719749753856,38.5
APTUSDT,1d,trend,price_ema,"{""span"": 50, ""thr"": 0.02}",0.5173832807368466,0.18763337679272166,-0.27342094712552667,41.5
APTUSDT,1d,trend,price_ema,"{""span"": 50, ""thr"": 0.05}",0.5471094956492969,-0.24292977727587098,-0.5517463629999426,32.5
APTUSDT,1d,trend,price_ema,"{""span"": 100, ""thr"": 0.0}",0.8968653196479259,0.6411176777845725,0.28640360751734195,12.5
APTUSDT,1d,trend,price_ema,"{""span"": 100, ""thr"": 0.02}",0.9700288283105952,0.5385775649221003,0.12625401959639415,15.5
APTUSDT,1d,trend,price_ema,"{""span"": 100, ""thr"": 0.05}",0.7547836446141911,0.5792675736693526,0.19804752788420532,15.5
APTUSDT,1d,trend,donchian,"{""lb"": 10}",-0.01897183899624887,-0.15451881127329017,-0.28017744640630027,95.0
APTUSDT,1d,trend,donchian,"{""lb"": 20}",0.18021334748251522,-0.5251583612839169,-0.4055229398293817,69.0
APTUSDT,1d,trend,donchian,"{""lb"": 55}",0.04943641509748917,-0.43813256350668534,-0.30347330364912795,42.0
APTUSDT,1d,momentum,mom_ret,"{""lb"": 5, ""thr"": 0.0}",0.676306180154788,-0.889779695380459,-0.828705399692842,106.5
APTUSDT,1d,momentum,mom_ret,"{""lb"": 5, ""thr"": 0.02}",0.4772289546101267,-0.8994151539590058,-0.7984791002182523,106.5
APTUSDT,1d,momentum,mom_ret,"{""lb"": 5, ""thr"": 0.05}",0.5864109052993166,-1.1207924256617663,-0.7620286011611332,92.0
APTUSDT,1d,momentum,mom_ret,"{""lb"": 10, ""thr"": 0.0}",0.6092557275164282,-0.8915953043399193,-0.8308305571604071,72.5
APTUSDT,1d,momentum,mom_ret,"{""lb"": 10, ""thr"": 0.02}",0.5703697757837329,-1.1953288184327358,-0.8683511390673105,77.5
APTUSDT,1d,momentum,mom_ret,"{""lb"": 10, ""thr"": 0.05}",0.6356764350133823,-1.1523580579859034,-0.827336692014541,75.0
APTUSDT,1d,momentum,mom_ret,"{""lb"": 20, ""thr"": 0.0}",0.4097696099666954,-0.5391550238010513,-0.7297655374134953,55.5
APTUSDT,1d,momentum,mom_ret,"{""lb"": 20, ""thr"": 0.02}",0.5231487362229763,-0.6106061022810604,-0.7429990143360989,64.5
APTUSDT,1d,momentum,mom_ret,"{""lb"": 20, ""thr"": 0.05}",0.2680541461142893,-0.44662461532494546,-0.6355164158594351,55.5
APTUSDT,1d,momentum,mom_ret,"{""lb"": 50, ""thr"": 0.0}",0.3954111397983847,-0.1426184644873917,-0.5439801151999237,42.5
APTUSDT,1d,momentum,mom_ret,"{""lb"": 50, ""thr"": 0.02}",0.3841312011585713,-0.2239303667099917,-0.57717106555724,46.5
APTUSDT,1d,momentum,mom_ret,"{""lb"": 50, ""thr"": 0.05}",0.5776507074295494,0.04685082356242005,-0.3723877841680492,33.5
APTUSDT,1d,meanrev,rsi,"{""ob"": 65, ""os_"": 20}",0.023665470470951702,1.2624074685052695,0.872007097242826,28.0
APTUSDT,1d,meanrev,rsi,"{""ob"": 65, ""os_"": 30}",-0.1875231176908435,0.3087844579546939,0.04108289698709622,37.0
APTUSDT,1d,meanrev,rsi,"{""ob"": 65, ""os_"": 35}",-0.17406259336500363,0.12027448064370895,-0.13651081134227305,44.0
APTUSDT,1d,meanrev,rsi,"{""ob"": 70, ""os_"": 20}",-0.4052579589516069,0.7411387355627829,0.35712082009084023,25.0
APTUSDT,1d,meanrev,rsi,"{""ob"": 70, ""os_"": 30}",-0.5775161825730267,-0.12186856819649523,-0.2452617957364479,34.0
APTUSDT,1d,meanrev,rsi,"{""ob"": 70, ""os_"": 35}",-0.5312372840202269,-0.2751614103551757,-0.37400923448596146,41.0
APTUSDT,1d,meanrev,rsi,"{""ob"": 80, ""os_"": 20}",-0.9186498921040325,0.1012316490273622,-0.01097282760652507,12.0
APTUSDT,1d,meanrev,rsi,"{""ob"": 80, ""os_"": 30}",-1.02514720073631,-0.6640739282202462,-0.4499704219332915,21.0
APTUSDT,1d,meanrev,rsi,"{""ob"": 80, ""os_"": 35}",-0.9326821661076722,-0.7638629121459476,-0.5437975251758833,28.0
APTUSDT,1d,meanrev,zscore,"{""lb"": 20, ""z"": 1.5}",-0.8110959961954683,-0.006083158644227558,-0.15921914615625332,43.0
APTUSDT,1d,meanrev,zscore,"{""lb"": 20, ""z"": 2.0}",-0.6383737747989459,0.7250930050453717,0.26481155535344225,25.0
APTUSDT,1d,meanrev,zscore,"{""lb"": 20, ""z"": 2.5}",0.22509548000316904,-0.7537680758231221,-0.17712414576415192,11.0
APTUSDT,1d,meanrev,zscore,"{""lb"": 50, ""z"": 1.5}",-0.9978360207724559,-0.5965168976474754,-0.4289051588962286,30.0
APTUSDT,1d,meanrev,zscore,"{""lb"": 50, ""z"": 2.0}",-0.45735825052250184,-0.1564475385920148,-0.14162747154376776,17.0
APTUSDT,1d,meanrev,zscore,"{""lb"": 50, ""z"": 2.5}",-0.6484471574655186,-0.083970659407045,-0.041357538238106506,7.0
APTUSDT,1d,meanrev,bb,"{""span"": 20, ""mult"": 1.5}",-0.8110959961954683,-0.006083158644227558,-0.15921914615625332,43.0
APTUSDT,1d,meanrev,bb,"{""span"": 20, ""mult"": 2.0}",-0.6383737747989459,0.7250930050453717,0.26481155535344225,25.0
APTUSDT,1d,meanrev,bb,"{""span"": 20, ""mult"": 2.5}",0.22509548000316904,-0.7537680758231221,-0.17712414576415192,11.0
APTUSDT,1d,meanrev,bb,"{""span"": 50, ""mult"": 1.5}",-0.9978360207724559,-0.5965168976474754,-0.4289051588962286,30.0
APTUSDT,1d,meanrev,bb,"{""span"": 50, ""mult"": 2.0}",-0.45735825052250184,-0.1564475385920148,-0.14162747154376776,17.0
APTUSDT,1d,meanrev,bb,"{""span"": 50, ""mult"": 2.5}",-0.6484471574655186,-0.083970659407045,-0.041357538238106506,7.0
APTUSDT,1d,carry,funding,"{""thr"": 5e-05}",0.05398631815944929,0.0763918689729858,-0.2672938565271552,150.0
APTUSDT,1d,carry,funding,"{""thr"": 0.0001}",0.06091790282549051,-1.5476530784751263,-0.7524505930412922,63.0
APTUSDT,1d,carry,funding,"{""thr"": 0.0002}",-0.20982382431965393,-1.3574831944980879,-0.6615244546023613,42.0
APTUSDT,1d,carry,funding,"{""thr"": 0.0005}",-0.07234599073955518,-0.04818512116501402,-0.04464227710763946,20.0
APTUSDT,1d,carry,funding_pct,"{""lb"": 100, ""hi"": 0.8}",-0.639180096621208,1.195590503543438,1.1098468408084776,101.0
APTUSDT,1d,carry,funding_pct,"{""lb"": 100, ""hi"": 0.9}",-0.3877009486534121,-0.07319296994936819,-0.14747796646077094,53.0
APTUSDT,1d,carry,funding_pct,"{""lb"": 100, ""hi"": 0.95}",0.032799331452646845,0.573411072707293,0.1731754335921265,31.0
APTUSDT,1d,carry,funding_pct,"{""lb"": 500, ""hi"": 0.8}",0.24947880555216861,-0.663627054703294,-0.5968488729316332,83.0
APTUSDT,1d,carry,funding_pct,"{""lb"": 500, ""hi"": 0.9}",0.9332649318811946,-0.010414608890492458,-0.16105303901728085,49.0
APTUSDT,1d,carry,funding_pct,"{""lb"": 500, ""hi"": 0.95}",0.44664410441725827,-0.056323129785952185,-0.11245440854432509,29.0
APTUSDT,1d,carry,funding_mom,"{""lb"": 24}",-1.1791959189249266,-0.03068478914525648,-0.4582695512395517,187.5
APTUSDT,1d,carry,funding_mom,"{""lb"": 100}",-1.036580289237246,0.625629241587634,0.276499096152544,143.5
APTUSDT,1d,carry,funding_mom,"{""lb"": 500}",0.15139186222720222,0.061322069770862,-0.38288163037934675,102.5
APTUSDT,1d,carry,funding_price_div,"{""lb"": 24}",-1.3199963757750977,-0.7263125331808066,-0.6319047413337331,109.0
APTUSDT,1d,carry,funding_price_div,"{""lb"": 100}",-0.7121894109501571,0.9247659567599636,0.7380349089363729,75.0
APTUSDT,1d,carry,funding_price_div,"{""lb"": 500}",-0.11337690787635574,0.6114126605827042,0.217050430191418,45.0
APTUSDT,1d,ichimoku,cloud,"{""tenkan"": 9, ""kijun"": 26, ""senkou"": 52, ""disp"": 26}",0.8409984452243028,-0.08613496193558594,-0.4874033070229675,28.5
APTUSDT,1d,ichimoku,cloud_fast,"{""tenkan"": 7, ""kijun"": 14, ""senkou"": 28, ""disp"": 14}",0.3492721014770842,-0.5686259557544062,-0.7135354255362745,43.0
APTUSDT,1d,ichimoku,cloud_slow,"{""tenkan"": 12, ""kijun"": 24, ""senkou"": 52, ""disp"": 24}",0.7087164314933152,-0.04256678958036189,-0.4599499644815762,31.5
APTUSDT,1d,ichimoku,tk,"{""tenkan"": 9, ""kijun"": 26}",0.28660002647431515,0.3517398113122494,-0.10643816619618285,26.5
APTUSDT,1d,ichimoku,combo,"{""tenkan"": 9, ""kijun"": 26, ""senkou"": 52, ""disp"": 26}",0.457998905469077,0.4095500797507305,0.02014269872092167,23.0
APTUSDT,4h,trend,ema_cross,"{""fast"": 10, ""slow"": 50}",1.1165023326184438,-1.9836374556159437,-0.5837465855807822,28.5
APTUSDT,4h,trend,ema_cross,"{""fast"": 10, ""slow"": 100}",-0.271877093378671,-1.0402137166103267,-0.4122717918729141,20.5
APTUSDT,4h,trend,ema_cross,"{""fast"": 10, ""slow"": 200}",-0.34397077916015567,-0.008847982379907127,-0.14383523158481704,4.5
APTUSDT,4h,trend,ema_cross,"{""fast"": 20, ""slow"": 50}",0.490275917208286,-0.21156042160898125,-0.20482163437703838,14.5
APTUSDT,4h,trend,ema_cross,"{""fast"": 20, ""slow"": 100}",-0.025298148061286482,-0.4932970730920169,-0.2819056094099557,14.5
APTUSDT,4h,trend,ema_cross,"{""fast"": 20, ""slow"": 200}",-0.4516241796190795,0.10172794872810542,-0.10849482633819996,4.5
APTUSDT,4h,trend,ema_cross,"{""fast"": 50, ""slow"": 100}",-0.3774833976660802,-0.07475513189744006,-0.16408572501762064,6.5
APTUSDT,4h,trend,ema_cross,"{""fast"": 50, ""slow"": 200}",-0.7425301630546076,0.04927594660968954,-0.12576022180356683,6.5
APTUSDT,4h,trend,ema_slope,"{""span"": 20, ""thr"": 0.0}",-0.14594889977623712,-3.407935314436619,-0.752639320353589,145.5
APTUSDT,4h,trend,ema_slope,"{""span"": 20, ""thr"": 0.001}",-0.25299629467296303,-3.7283057118090155,-0.7385728912889267,136.5
APTUSDT,4h,trend,ema_slope,"{""span"": 20, ""thr"": 0.005}",-0.32914049075740065,-2.7665574610407626,-0.4043238125388853,47.0
APTUSDT,4h,trend,ema_slope,"{""span"": 50, ""thr"": 0.0}",0.4748104950988598,-2.9091649732499065,-0.7027130090000915,101.5
APTUSDT,4h,trend,ema_slope,"{""span"": 50, ""thr"": 0.001}",0.6770393163765024,-2.5391117262933496,-0.5776723083864078,79.0
APTUSDT,4h,trend,ema_slope,"{""span"": 50, ""thr"": 0.005}",-0.8878896945167825,-2.1351258686938244,-0.22147523418466586,10.0
APTUSDT,4h,trend,ema_slope,"{""span"": 100, ""thr"": 0.0}",0.5386908818927406,-1.82873898373655,-0.5587491295744113,70.5
APTUSDT,4h,trend,ema_slope,"{""span"": 100, ""thr"": 0.001}",-0.046841051263669005,-2.2262585462820614,-0.4985353442277628,41.0
APTUSDT,4h,trend,ema_slope,"{""span"": 100, ""thr"": 0.005}",-2.629799253207427,0.3989993961324984,0.009335023856547497,1.0
APTUSDT,4h,trend,price_ema,"{""span"": 20, ""thr"": 0.0}",-0.14594889977623712,-3.407935314436619,-0.752639320353589,145.5
APTUSDT,4h,trend,price_ema,"{""span"": 20, ""thr"": 0.02}",0.5279901567626247,-3.410866297740441,-0.6541228897694253,114.0
APTUSDT,4h,trend,price_ema,"{""span"": 20, ""thr"": 0.05}",-0.3646147377839203,-3.5285842290636453,-0.457448664109965,38.0
APTUSDT,4h,trend,price_ema,"{""span"": 50, ""thr"": 0.0}",0.4748104950988598,-2.9091649732499065,-0.7027130090000915,101.5
APTUSDT,4h,trend,price_ema,"{""span"": 50, ""thr"": 0.02}",1.1092086054054413,-3.0997363919108976,-0.6566667285152614,86.0
APTUSDT,4h,trend,price_ema,"{""span"": 50, ""thr"": 0.05}",0.770718457313407,-1.9204499949306553,-0.39606018558062583,54.0
APTUSDT,4h,trend,price_ema,"{""span"": 100, ""thr"": 0.0}",0.5386908818927406,-1.82873898373655,-0.5587491295744113,70.5
APTUSDT,4h,trend,price_ema,"{""span"": 100, ""thr"": 0.02}",0.7498336844947506,-2.1458657192640747,-0.5586215113914355,59.0
APTUSDT,4h,trend,price_ema,"{""span"": 100, ""thr"": 0.05}",-0.09440419666745388,-2.2487148524861733,-0.5016384838441841,41.0
APTUSDT,4h,trend,donchian,"{""lb"": 10}",-0.027685982877740156,-4.804367546581478,-0.7109040182767468,176.0
APTUSDT,4h,trend,donchian,"{""lb"": 20}",1.0771431860985583,-4.471259916106197,-0.6194339565555251,117.0
APTUSDT,4h,trend,donchian,"{""lb"": 55}",-0.7917472137637753,-3.902653935793365,-0.4939865960145322,69.0
APTUSDT,4h,momentum,mom_ret,"{""lb"": 5, ""thr"": 0.0}",-1.9971017010715064,-6.227024992588368,-0.911838575844772,226.5
APTUSDT,4h,momentum,mom_ret,"{""lb"": 5, ""thr"": 0.02}",-2.372525194190458,-4.865841150895042,-0.7566911217602996,172.5
APTUSDT,4h,momentum,mom_ret,"{""lb"": 5, ""thr"": 0.05}",-1.1786838737654561,-3.1787968855574436,-0.4694832863203312,62.0
APTUSDT,4h,momentum,mom_ret,"{""lb"": 10, ""thr"": 0.0}",-0.10806579578045626,-3.8785027418761646,-0.7924616979191087,163.5
APTUSDT,4h,momentum,mom_ret,"{""lb"": 10, ""thr"": 0.02}",-0.8266760463511301,-2.131948298664043,-0.5349748827218821,137.5
APTUSDT,4h,momentum,mom_ret,"{""lb"": 10, ""thr"": 0.05}",0.47158540869102156,-4.155358335702902,-0.6193179834768023,87.0
APTUSDT,4h,momentum,mom_ret,"{""lb"": 20, ""thr"": 0.0}",-0.12932050574462073,-4.116923075480078,-0.8088699761322962,128.5
APTUSDT,4h,momentum,mom_ret,"{""lb"": 20, ""thr"": 0.02}",-0.7290510731863836,-3.642320770537535,-0.710017175986823,105.0
APTUSDT,4h,momentum,mom_ret,"{""lb"": 20, ""thr"": 0.05}",-0.03142615369287345,-2.209413793580028,-0.4708648375861336,84.0
APTUSDT,4h,momentum,mom_ret,"{""lb"": 50, ""thr"": 0.0}",1.199400583490546,-1.9267560966020423,-0.5751068309648616,78.5
APTUSDT,4h,momentum,mom_ret,"{""lb"": 50, ""thr"": 0.02}",1.0286686210864575,-1.7845535894930664,-0.5183643509202178,80.5
APTUSDT,4h,momentum,mom_ret,"{""lb"": 50, ""thr"": 0.05}",0.8567705216670236,-2.2211018617252645,-0.5204832411768701,65.0
APTUSDT,4h,meanrev,rsi,"{""ob"": 65, ""os_"": 20}",-0.15387565114151122,-0.5024004644493001,-0.12903715521079273,48.0
APTUSDT,4h,meanrev,rsi,"{""ob"": 65, ""os_"": 30}",-0.9673704166069003,-1.0461992685872592,-0.24960147501566032,63.0
APTUSDT,4h,meanrev,rsi,"{""ob"": 65, ""os_"": 35}",-1.6651193800223227,-1.3475474338815694,-0.3199035946950972,80.0
APTUSDT,4h,meanrev,rsi,"{""ob"": 70, ""os_"": 20}",-0.265486434095295,0.9338041273448747,0.12440821870932539,42.0
APTUSDT,4h,meanrev,rsi,"{""ob"": 70, ""os_"": 30}",-1.089388359988713,0.054767628510916856,-0.031239651785659017,57.0
APTUSDT,4h,meanrev,rsi,"{""ob"": 70, ""os_"": 35}",-1.8067354180184008,-0.37479414546512196,-0.12199929972377177,74.0
APTUSDT,4h,meanrev,rsi,"{""ob"": 80, ""os_"": 20}",-0.32401284502825556,1.9205343770208207,0.17663532996173847,19.0
APTUSDT,4h,meanrev,rsi,"{""ob"": 80, ""os_"": 30}",-1.1851528625995917,0.2575255714964218,0.013757844356083293,34.0
APTUSDT,4h,meanrev,rsi,"{""ob"": 80, ""os_"": 35}",-1.9352188824554437,-0.3144384405247612,-0.08121745600365105,51.0
APTUSDT,4h,meanrev,zscore,"{""lb"": 20, ""z"": 1.5}",-3.0486083926069165,0.8207879140317095,0.12847323114167297,104.0
APTUSDT,4h,meanrev,zscore,"{""lb"": 20, ""z"": 2.0}",-3.1596531014362914,2.2871800757657907,0.34669253714186343,51.0
APTUSDT,4h,meanrev,zscore,"{""lb"": 20, ""z"": 2.5}",-2.9073772176356787,0.4614233809793273,0.034342818610151316,15.0
APTUSDT,4h,meanrev,zscore,"{""lb"": 50, ""z"": 1.5}",-1.3959233340069785,0.8555741030227694,0.14024313999203009,69.0
APTUSDT,4h,meanrev,zscore,"{""lb"": 50, ""z"": 2.0}",-2.1514838054931826,-0.03943743360604483,-0.034319941020144684,37.0
APTUSDT,4h,meanrev,zscore,"{""lb"": 50, ""z"": 2.5}",-1.9091782183126216,1.186971651896135,0.12227915509325826,23.0
APTUSDT,4h,meanrev,bb,"{""span"": 20, ""mult"": 1.5}",-3.0486083926069165,0.8207879140317095,0.12847323114167297,104.0
APTUSDT,4h,meanrev,bb,"{""span"": 20, ""mult"": 2.0}",-3.1596531014362914,2.2871800757657907,0.34669253714186343,51.0
APTUSDT,4h,meanrev,bb,"{""span"": 20, ""mult"": 2.5}",-2.9073772176356787,0.4614233809793273,0.034342818610151316,15.0
APTUSDT,4h,meanrev,bb,"{""span"": 50, ""mult"": 1.5}",-1.3959233340069785,0.8555741030227694,0.14024313999203009,69.0
APTUSDT,4h,meanrev,bb,"{""span"": 50, ""mult"": 2.0}",-2.1514838054931826,-0.03943743360604483,-0.034319941020144684,37.0
APTUSDT,4h,meanrev,bb,"{""span"": 50, ""mult"": 2.5}",-1.9091782183126216,1.186971651896135,0.12227915509325826,23.0
APTUSDT,4h,carry,funding,"{""thr"": 5e-05}",-3.2057681959804363,-3.2733252801760733,-0.6306654072092547,123.5
APTUSDT,4h,carry,funding,"{""thr"": 0.0001}",-1.9824511235139768,-2.9035080932518866,-0.4597821157423617,65.0
APTUSDT,4h,carry,funding,"{""thr"": 0.0002}",-2.0520890151632436,-2.004740003121783,-0.276346316163956,38.0
APTUSDT,4h,carry,funding,"{""thr"": 0.0005}",0.14067187145639126,-0.6499421194475853,-0.04478868326761409,12.0
APTUSDT,4h,carry,funding_pct,"{""lb"": 100, ""hi"": 0.8}",0.036823450748543984,-2.837077296778367,-0.5477640191106871,111.0
APTUSDT,4h,carry,funding_pct,"{""lb"": 100, ""hi"": 0.9}",1.2833480823982597,-0.8512495105748004,-0.16579384623562676,62.0
APTUSDT,4h,carry,funding_pct,"{""lb"": 100, ""hi"": 0.95}",-0.122166398536749,-0.7431468319605956,-0.09886932163761097,48.0
APTUSDT,4h,carry,funding_pct,"{""lb"": 500, ""hi"": 0.8}",-2.155767128607239,-1.5874317027296843,-0.334016380551299,96.5
APTUSDT,4h,carry,funding_pct,"{""lb"": 500, ""hi"": 0.9}",-0.901208923804686,-0.034274964615305305,-0.02632259742080978,49.0
APTUSDT,4h,carry,funding_pct,"{""lb"": 500, ""hi"": 0.95}",-0.250315455442222,1.4571734661396805,0.15238717666089174,22.0
APTUSDT,4h,carry,funding_mom,"{""lb"": 24}",-0.34477774042793136,-0.2516964491954819,-0.2161985191902963,180.0
APTUSDT,4h,carry,funding_mom,"{""lb"": 100}",0.23697396136867338,-2.5814552449669486,-0.6648185454721532,148.5
APTUSDT,4h,carry,funding_mom,"{""lb"": 500}",-1.0388682626784662,0.6420686086587052,0.08711884512630741,126.5
APTUSDT,4h,carry,funding_price_div,"{""lb"": 24}",0.4769822762348128,-2.558685505818738,-0.47538324248744046,131.0
APTUSDT,4h,carry,funding_price_div,"{""lb"": 100}",0.04930673049240753,-3.1352356310640555,-0.5637025212840294,98.5
APTUSDT,4h,carry,funding_price_div,"{""lb"": 500}",1.0673656506408173,0.1628830445482798,-0.029175279893254746,68.5
APTUSDT,4h,ichimoku,cloud,"{""tenkan"": 9, ""kijun"": 26, ""senkou"": 52, ""disp"": 26}",0.9173517119817441,-2.425230542962943,-0.6197410777787167,63.5
APTUSDT,4h,ichimoku,cloud_fast,"{""tenkan"": 7, ""kijun"": 14, ""senkou"": 28, ""disp"": 14}",0.11281402614153381,-3.303300938494519,-0.7171442679029181,93.5
APTUSDT,4h,ichimoku,cloud_slow,"{""tenkan"": 12, ""kijun"": 24, ""senkou"": 52, ""disp"": 24}",0.8663710452138855,-2.3568079720858077,-0.6116946455861962,61.5
APTUSDT,4h,ichimoku,tk,"{""tenkan"": 9, ""kijun"": 26}",-0.22605734620229995,-3.7528923087080686,-0.7707839607014477,55.5
APTUSDT,4h,ichimoku,combo,"{""tenkan"": 9, ""kijun"": 26, ""senkou"": 52, ""disp"": 26}",0.5641254786589206,-3.513453377987793,-0.6869383865449421,57.0
APTUSDT,1h,trend,ema_cross,"{""fast"": 10, ""slow"": 50}",0.0601823223265581,-3.6257027831722572,-0.770677116786291,115.5
APTUSDT,1h,trend,ema_cross,"{""fast"": 10, ""slow"": 100}",0.4018902708678318,-3.631580756523582,-0.7705603628111353,89.5
APTUSDT,1h,trend,ema_cross,"{""fast"": 10, ""slow"": 200}",0.7627002174935533,-1.6165946773998425,-0.5214266663660555,47.5
APTUSDT,1h,trend,ema_cross,"{""fast"": 20, ""slow"": 50}",0.2865288912482011,-2.3169185959754373,-0.6298213649540971,81.5
APTUSDT,1h,trend,ema_cross,"{""fast"": 20, ""slow"": 100}",0.3937837987241822,-2.9262233299740696,-0.7031864265461333,67.5
APTUSDT,1h,trend,ema_cross,"{""fast"": 20, ""slow"": 200}",0.6814967639065421,-2.254923766587851,-0.6208030847953212,35.5
APTUSDT,1h,trend,ema_cross,"{""fast"": 50, ""slow"": 100}",0.5145382722968732,-2.2951081162232416,-0.6266317863565598,37.5
APTUSDT,1h,trend,ema_cross,"{""fast"": 50, ""slow"": 200}",0.6858567975665686,-1.1976363339371943,-0.44271499479574383,20.5
APTUSDT,1h,trend,ema_slope,"{""span"": 20, ""thr"": 0.0}",-5.751148631104292,-6.828614647587258,-0.9305634270491329,536.5
APTUSDT,1h,trend,ema_slope,"{""span"": 20, ""thr"": 0.001}",-4.124588762358525,-7.67270835574457,-0.8993364943814898,427.0
APTUSDT,1h,trend,ema_slope,"{""span"": 20, ""thr"": 0.005}",-1.0677200198516101,-5.531479435502618,-0.44421350552270045,39.0
APTUSDT,1h,trend,ema_slope,"{""span"": 50, ""thr"": 0.0}",-3.2258285461417495,-5.234114811312051,-0.8728863182843144,333.5
APTUSDT,1h,trend,ema_slope,"{""span"": 50, ""thr"": 0.001}",-0.8916673054773328,-5.74641103753249,-0.7735594833250442,214.0
APTUSDT,1h,trend,ema_slope,"{""span"": 50, ""thr"": 0.005}",-1.9776551512580176,-0.6302971359127767,-0.040409657397368126,3.0
APTUSDT,1h,trend,ema_slope,"{""span"": 100, ""thr"": 0.0}",-0.996457367031029,-5.060343603006398,-0.8648701456199224,267.5
APTUSDT,1h,trend,ema_slope,"{""span"": 100, ""thr"": 0.001}",-1.0413573461036945,-3.7740355323441075,-0.5594728616993369,94.0
APTUSDT,1h,trend,ema_slope,"{""span"": 100, ""thr"": 0.005}",-0.2906479350006411,0.0,0.0,0.0
APTUSDT,1h,trend,price_ema,"{""span"": 20, ""thr"": 0.0}",-5.751148631104292,-6.828614647587258,-0.9305634270491329,536.5
APTUSDT,1h,trend,price_ema,"{""span"": 20, ""thr"": 0.02}",-1.8450379294784547,-7.403126439055273,-0.8005130538775159,235.0
APTUSDT,1h,trend,price_ema,"{""span"": 20, ""thr"": 0.05}",-1.0010948226054115,-5.041619882915252,-0.3997040966672244,32.0
APTUSDT,1h,trend,price_ema,"{""span"": 50, ""thr"": 0.0}",-3.2258285461417495,-5.234114811312051,-0.8728863182843144,333.5
APTUSDT,1h,trend,price_ema,"{""span"": 50, ""thr"": 0.02}",-1.3465198126097875,-5.683651018433517,-0.797611787797608,253.0
APTUSDT,1h,trend,price_ema,"{""span"": 50, ""thr"": 0.05}",-1.536189448001362,-2.9643493444018856,-0.38909127883848915,55.0
APTUSDT,1h,trend,price_ema,"{""span"": 100, ""thr"": 0.0}",-0.996457367031029,-5.060343603006398,-0.8648701456199224,267.5
APTUSDT,1h,trend,price_ema,"{""span"": 100, ""thr"": 0.02}",-0.632985803048388,-3.3902087781929198,-0.670441451340172,210.0
APTUSDT,1h,trend,price_ema,"{""span"": 100, ""thr"": 0.05}",-1.0594821568247548,-3.8065649003649735,-0.5597271627492623,90.0
APTUSDT,1h,trend,donchian,"{""lb"": 10}",-9.09123420058517,-12.984212349241512,-0.9463026833709661,671.5
APTUSDT,1h,trend,donchian,"{""lb"": 20}",-7.038096335630777,-11.857383709130847,-0.8935255729995446,458.0
APTUSDT,1h,trend,donchian,"{""lb"": 55}",-4.159828814976914,-9.629636396834636,-0.7827696321027537,265.0
APTUSDT,1h,momentum,mom_ret,"{""lb"": 5, ""thr"": 0.0}",-9.197385010816868,-8.618505655599842,-0.9643812394017333,816.5
APTUSDT,1h,momentum,mom_ret,"{""lb"": 5, ""thr"": 0.02}",-4.681604950452897,-8.09549032907744,-0.8453016317777748,357.0
APTUSDT,1h,momentum,mom_ret,"{""lb"": 5, ""thr"": 0.05}",-0.4391846743565173,-5.030304297587638,-0.4125750102902427,55.0
APTUSDT,1h,momentum,mom_ret,"{""lb"": 10, ""thr"": 0.0}",-4.589753223493975,-7.137580485625639,-0.9375583445020189,548.5
APTUSDT,1h,momentum,mom_ret,"{""lb"": 10, ""thr"": 0.02}",-5.525532092214761,-8.941989539768482,-0.9070894896588662,387.0
APTUSDT,1h,momentum,mom_ret,"{""lb"": 10, ""thr"": 0.05}",-2.1140207069430943,-5.172285493932763,-0.5454970148277705,83.0
APTUSDT,1h,momentum,mom_ret,"{""lb"": 20, ""thr"": 0.0}",-4.3840635003808845,-7.2005803581196215,-0.9384167122911727,398.5
APTUSDT,1h,momentum,mom_ret,"{""lb"": 20, ""thr"": 0.02}",-4.404556339352082,-6.854050710361006,-0.8763544887116055,341.0
APTUSDT,1h,momentum,mom_ret,"{""lb"": 20, ""thr"": 0.05}",-0.818796059341443,-5.007854678126737,-0.6114161315246609,116.0
APTUSDT,1h,momentum,mom_ret,"{""lb"": 50, ""thr"": 0.0}",-1.8351389620181722,-3.5017643889404333,-0.7619964507405663,285.5
APTUSDT,1h,momentum,mom_ret,"{""lb"": 50, ""thr"": 0.02}",-2.7726933600993195,-5.006335905580961,-0.8066803341165102,249.0
APTUSDT,1h,momentum,mom_ret,"{""lb"": 50, ""thr"": 0.05}",-0.7921170942778741,-4.154096295029258,-0.6548979038189788,166.0
APTUSDT,1h,meanrev,rsi,"{""ob"": 65, ""os_"": 20}",-5.520023325236701,-3.1116301748360593,-0.4392061431267362,201.0
APTUSDT,1h,meanrev,rsi,"{""ob"": 65, ""os_"": 30}",-5.282309963802864,-4.077920074664288,-0.6025056936166094,275.0
APTUSDT,1h,meanrev,rsi,"{""ob"": 65, ""os_"": 35}",-5.40776498598092,-4.0391148167650455,-0.646492112120499,307.0
APTUSDT,1h,meanrev,rsi,"{""ob"": 70, ""os_"": 20}",-3.994546098100676,-3.4945551033250593,-0.42267763548508797,160.0
APTUSDT,1h,meanrev,rsi,"{""ob"": 70, ""os_"": 30}",-3.893259988216072,-4.391860949914102,-0.5907901806878476,234.0
APTUSDT,1h,meanrev,rsi,"{""ob"": 70, ""os_"": 35}",-4.131239510840374,-4.263295666524942,-0.6360730289679528,266.0
APTUSDT,1h,meanrev,rsi,"{""ob"": 80, ""os_"": 20}",-3.8987046341081317,-2.5588352743603613,-0.24246577333892283,101.0
APTUSDT,1h,meanrev,rsi,"{""ob"": 80, ""os_"": 30}",-3.7035900557511074,-3.685434314405649,-0.46305484930379137,175.0
APTUSDT,1h,meanrev,rsi,"{""ob"": 80, ""os_"": 35}",-3.9415467279300604,-3.550295022177139,-0.5224727924865471,207.0
APTUSDT,1h,meanrev,zscore,"{""lb"": 20, ""z"": 1.5}",-6.329613560060606,-5.141732612294494,-0.6797590922402166,371.0
APTUSDT,1h,meanrev,zscore,"{""lb"": 20, ""z"": 2.0}",-5.382261026674304,-4.3462445023855,-0.4762990834797164,214.0
APTUSDT,1h,meanrev,zscore,"{""lb"": 20, ""z"": 2.5}",-3.1714222958587697,-2.803902555389382,-0.2417246745637669,99.0
APTUSDT,1h,meanrev,zscore,"{""lb"": 50, ""z"": 1.5}",-5.222664962498182,-2.2061106651021634,-0.4348027468022142,264.0
APTUSDT,1h,meanrev,zscore,"{""lb"": 50, ""z"": 2.0}",-4.132733646026573,-1.0863952621478217,-0.17746814542614087,157.0
APTUSDT,1h,meanrev,zscore,"{""lb"": 50, ""z"": 2.5}",-3.053925854845351,-1.8387063449352636,-0.18289261325215267,66.0
APTUSDT,1h,meanrev,bb,"{""span"": 20, ""mult"": 1.5}",-6.329613560060606,-5.141732612294494,-0.6797590922402166,371.0
APTUSDT,1h,meanrev,bb,"{""span"": 20, ""mult"": 2.0}",-5.382261026674304,-4.3462445023855,-0.4762990834797164,214.0
APTUSDT,1h,meanrev,bb,"{""span"": 20, ""mult"": 2.5}",-3.1714222958587697,-2.803902555389382,-0.2417246745637669,99.0
APTUSDT,1h,meanrev,bb,"{""span"": 50, ""mult"": 1.5}",-5.222664962498182,-2.2061106651021634,-0.4348027468022142,264.0
APTUSDT,1h,meanrev,bb,"{""span"": 50, ""mult"": 2.0}",-4.132733646026573,-1.0863952621478217,-0.17746814542614087,157.0
APTUSDT,1h,meanrev,bb,"{""span"": 50, ""mult"": 2.5}",-3.053925854845351,-1.8387063449352636,-0.18289261325215267,66.0
APTUSDT,1h,carry,funding,"{""thr"": 5e-05}",-2.970030734382218,-2.5217757327288024,-0.5659016171030024,123.5
APTUSDT,1h,carry,funding,"{""thr"": 0.0001}",-2.6577763473444107,-1.5369034303546587,-0.3003807443808426,65.0
APTUSDT,1h,carry,funding,"{""thr"": 0.0002}",-2.611967376955905,-1.9138750770169817,-0.2513126564964726,38.0
APTUSDT,1h,carry,funding,"{""thr"": 0.0005}",0.03373294639074732,1.0443176469194866,0.05346639158716471,12.0
APTUSDT,1h,carry,funding_pct,"{""lb"": 100, ""hi"": 0.8}",-0.9465923218637318,-2.4571986836123103,-0.4563171166007832,139.0
APTUSDT,1h,carry,funding_pct,"{""lb"": 100, ""hi"": 0.9}",-1.4543850803877125,-1.5008771384387478,-0.24232873111798725,111.0
APTUSDT,1h,carry,funding_pct,"{""lb"": 100, ""hi"": 0.95}",-3.4640235592000113,-2.3584221755966404,-0.25618116110703715,81.0
APTUSDT,1h,carry,funding_pct,"{""lb"": 500, ""hi"": 0.8}",-0.6976610248802763,-1.7502763393161762,-0.3781784704138451,123.0
APTUSDT,1h,carry,funding_pct,"{""lb"": 500, ""hi"": 0.9}",0.5864059336617288,-2.001840526388667,-0.3072421419405599,67.0
APTUSDT,1h,carry,funding_pct,"{""lb"": 500, ""hi"": 0.95}",0.5494035036616909,0.0571454689810143,-0.008703219146693031,40.0
APTUSDT,1h,carry,funding_mom,"{""lb"": 24}",-2.257620543847817,-3.106253370000575,-0.719319064591721,203.5
APTUSDT,1h,carry,funding_mom,"{""lb"": 100}",-0.6157858308040264,-1.0372073037312317,-0.410332390236423,230.0
APTUSDT,1h,carry,funding_mom,"{""lb"": 500}",0.8570694834618507,-2.7562550519441356,-0.6837984056804634,185.5
APTUSDT,1h,carry,funding_price_div,"{""lb"": 24}",-4.45220326816417,-5.059633768525357,-0.7003624213983211,251.0
APTUSDT,1h,carry,funding_price_div,"{""lb"": 100}",-0.07459309215897861,-4.278021348008643,-0.6391547810554976,218.0
APTUSDT,1h,carry,funding_price_div,"{""lb"": 500}",0.7428253517299004,-3.9020462022884157,-0.6261066442642984,135.0
APTUSDT,1h,ichimoku,cloud,"{""tenkan"": 9, ""kijun"": 26, ""senkou"": 52, ""disp"": 26}",-1.187929446754004,-3.4980270052487366,-0.7378897163156343,195.5
APTUSDT,1h,ichimoku,cloud_fast,"{""tenkan"": 7, ""kijun"": 14, ""senkou"": 28, ""disp"": 14}",-3.5569018004843054,-5.373067929505784,-0.8622055499624444,288.5
APTUSDT,1h,ichimoku,cloud_slow,"{""tenkan"": 12, ""kijun"": 24, ""senkou"": 52, ""disp"": 24}",-1.605523884854613,-3.6116096762450076,-0.7487707768722762,204.5
APTUSDT,1h,ichimoku,tk,"{""tenkan"": 9, ""kijun"": 26}",-2.5980601641061494,-3.9986616169364244,-0.7922132461596672,202.5
APTUSDT,1h,ichimoku,combo,"{""tenkan"": 9, ""kijun"": 26, ""senkou"": 52, ""disp"": 26}",-2.32432452983993,-4.152574711145089,-0.7470476410444005,188.5
ARBUSDT,1d,trend,ema_cross,"{""fast"": 10, ""slow"": 50}",0.5960624180580862,0.22698278577523884,-0.28437579560446435,8.5
ARBUSDT,1d,trend,ema_cross,"{""fast"": 10, ""slow"": 100}",0.38237675536801763,0.5728328974708339,0.11906307608689248,4.5
ARBUSDT,1d,trend,ema_cross,"{""fast"": 10, ""slow"": 200}",-0.17280517308829535,0.011423377330429694,-0.46069583629883937,4.5
ARBUSDT,1d,trend,ema_cross,"{""fast"": 20, ""slow"": 50}",0.35340311230247107,-0.17198027251642792,-0.5728972498684624,8.5
ARBUSDT,1d,trend,ema_cross,"{""fast"": 20, ""slow"": 100}",0.369248571059474,0.7840235062220474,0.46795856608725694,2.5
ARBUSDT,1d,trend,ema_cross,"{""fast"": 20, ""slow"": 200}",-0.3598530755408807,0.26763964125644707,-0.24910337645090974,2.5
ARBUSDT,1d,trend,ema_cross,"{""fast"": 50, ""slow"": 100}",-0.18913257107480363,0.4944440984026574,-0.004859572093021125,2.5
ARBUSDT,1d,trend,ema_cross,"{""fast"": 50, ""slow"": 200}",-0.5086052850594172,-0.3524112322482,-0.6693521538774148,2.5
ARBUSDT,1d,trend,ema_slope,"{""span"": 20, ""thr"": 0.0}",0.9736115338645877,0.1482488799436156,-0.34273627192839984,51.5
ARBUSDT,1d,trend,ema_slope,"{""span"": 20, ""thr"": 0.001}",0.51433016853457,0.38518318485845693,-0.09072919195894291,51.5
ARBUSDT,1d,trend,ema_slope,"{""span"": 20, ""thr"": 0.005}",0.39940449273299916,0.916898307905592,0.7599343078034666,49.0
ARBUSDT,1d,trend,ema_slope,"{""span"": 50, ""thr"": 0.0}",0.7350034289329456,0.4237860731762481,-0.061047655879225116,33.5
ARBUSDT,1d,trend,ema_slope,"{""span"": 50, ""thr"": 0.001}",0.6577222337148234,0.49572181446573815,0.049428125224448616,29.0
ARBUSDT,1d,trend,ema_slope,"{""span"": 50, ""thr"": 0.005}",0.4273161939218745,0.031443886301504485,-0.25206979639594174,25.0
ARBUSDT,1d,trend,ema_slope,"{""span"": 100, ""thr"": 0.0}",0.6044842733850944,-0.2663783376965691,-0.6209330399489315,18.5
ARBUSDT,1d,trend,ema_slope,"{""span"": 100, ""thr"": 0.001}",0.37530113759813744,0.15777154588078734,-0.3100291474754253,18.5
ARBUSDT,1d,trend,ema_slope,"{""span"": 100, ""thr"": 0.005}",0.1603943536835312,-0.2617557724968603,-0.34426830393070196,19.0
ARBUSDT,1d,trend,price_ema,"{""span"": 20, ""thr"": 0.0}",0.9736115338645877,0.1482488799436156,-0.34273627192839984,51.5
ARBUSDT,1d,trend,price_ema,"{""span"": 20, ""thr"": 0.02}",0.2609520977572275,0.3182123338811883,-0.1381536706945926,52.5
ARBUSDT,1d,trend,price_ema,"{""span"": 20, ""thr"": 0.05}",0.20310804957722126,0.800224243404126,0.5553876882838715,48.0
ARBUSDT,1d,trend,price_ema,"{""span"": 50, ""thr"": 0.0}",0.7350034289329456,0.4237860731762481,-0.061047655879225116,33.5
ARBUSDT,1d,trend,price_ema,"{""span"": 50, ""thr"": 0.02}",0.7455498114227188,0.5514664049111788,0.123171811160949,30.0
ARBUSDT,1d,trend,price_ema,"{""span"": 50, ""thr"": 0.05}",0.3065454826784692,0.4338225199269265,-0.00462331991753373,28.0
ARBUSDT,1d,trend,price_ema,"{""span"": 100, ""thr"": 0.0}",0.6044842733850944,-0.2663783376965691,-0.6209330399489315,18.5
ARBUSDT,1d,trend,price_ema,"{""span"": 100, ""thr"": 0.02}",0.4905064752922335,-0.06860535328848032,-0.5014441879687379,20.5
ARBUSDT,1d,trend,price_ema,"{""span"": 100, ""thr"": 0.05}",0.43430001055611667,0.15777154588078734,-0.3100291474754253,18.5
ARBUSDT,1d,trend,donchian,"{""lb"": 10}",0.19160456337125412,0.6554727863105129,0.33612232552777477,75.0
ARBUSDT,1d,trend,donchian,"{""lb"": 20}",-0.01590946692485174,0.41455081603042754,0.12354810036102837,48.0
ARBUSDT,1d,trend,donchian,"{""lb"": 55}",0.3233940437790064,-0.8961565068449492,-0.40493472470756897,30.0
ARBUSDT,1d,momentum,mom_ret,"{""lb"": 5, ""thr"": 0.0}",-0.1399604699104002,-0.3965332840903681,-0.673594807142456,91.5
ARBUSDT,1d,momentum,mom_ret,"{""lb"": 5, ""thr"": 0.02}",-0.04572539189314294,-0.00739455900436814,-0.4200995019550706,94.5
ARBUSDT,1d,momentum,mom_ret,"{""lb"": 5, ""thr"": 0.05}",-0.6412001408626237,-0.8408043742051107,-0.7126794375225243,85.0
ARBUSDT,1d,momentum,mom_ret,"{""lb"": 10, ""thr"": 0.0}",0.7019645896803193,-0.13757202337691898,-0.5500664299391076,73.5
ARBUSDT,1d,momentum,mom_ret,"{""lb"": 10, ""thr"": 0.02}",0.45967858160811553,-0.10698838964248102,-0.46379074421170097,68.5
ARBUSDT,1d,momentum,mom_ret,"{""lb"": 10, ""thr"": 0.05}",0.7703816527812805,-0.047455736300403416,-0.3691427515131668,64.0
ARBUSDT,1d,momentum,mom_ret,"{""lb"": 20, ""thr"": 0.0}",-0.0884450348987082,0.7007914293605491,0.3415032559400286,35.5
ARBUSDT,1d,momentum,mom_ret,"{""lb"": 20, ""thr"": 0.02}",-0.192627963935989,0.663898971864545,0.2883865072971361,35.5
ARBUSDT,1d,momentum,mom_ret,"{""lb"": 20, ""thr"": 0.05}",-0.08965885902798715,0.5810850155166906,0.18472156211511037,44.5
ARBUSDT,1d,momentum,mom_ret,"{""lb"": 50, ""thr"": 0.0}",0.6831727387906522,0.5966155417191409,0.17112028607881613,14.5
ARBUSDT,1d,momentum,mom_ret,"{""lb"": 50, ""thr"": 0.02}",0.45803965758121556,0.534129242290353,0.10049629894457524,15.5
ARBUSDT,1d,momentum,mom_ret,"{""lb"": 50, ""thr"": 0.05}",0.7740048961396296,0.5345946941789441,0.10666404353180647,14.5
ARBUSDT,1d,meanrev,rsi,"{""ob"": 65, ""os_"": 20}",0.11985325292181684,-0.45153836550095855,-0.30074872383256956,24.0
ARBUSDT,1d,meanrev,rsi,"{""ob"": 65, ""os_"": 30}",-0.2707763409856121,0.04679993379131355,-0.10339628018822311,40.0
ARBUSDT,1d,meanrev,rsi,"{""ob"": 65, ""os_"": 35}",-0.5095966006505875,0.6346531269118819,0.30509626227982434,46.0
ARBUSDT,1d,meanrev,rsi,"{""ob"": 70, ""os_"": 20}",0.433873277097162,-0.46004594253456743,-0.27691822491347784,18.0
ARBUSDT,1d,meanrev,rsi,"{""ob"": 70, ""os_"": 30}",-0.07041456550598123,0.07836131903588768,-0.07284000563562176,34.0
ARBUSDT,1d,meanrev,rsi,"{""ob"": 70, ""os_"": 35}",-0.3534261868067407,0.6851345145838457,0.34957397169214466,40.0
ARBUSDT,1d,meanrev,rsi,"{""ob"": 80, ""os_"": 20}",0.2596562710645093,-0.4899475095665245,-0.2317006706974588,10.0
ARBUSDT,1d,meanrev,rsi,"{""ob"": 80, ""os_"": 30}",-0.3852395103537366,0.15182789808304722,-0.014860522876457116,26.0
ARBUSDT,1d,meanrev,rsi,"{""ob"": 80, ""os_"": 35}",-0.6626061166856563,0.7928266364401174,0.43396889953583995,32.0
ARBUSDT,1d,meanrev,zscore,"{""lb"": 20, ""z"": 1.5}",-0.44793825656708797,0.016317321139127358,-0.18951711380535863,42.0
ARBUSDT,1d,meanrev,zscore,"{""lb"": 20, ""z"": 2.0}",0.8143928078193434,-0.07345310327371826,-0.12732530316591384,24.0
ARBUSDT,1d,meanrev,zscore,"{""lb"": 20, ""z"": 2.5}",0.9536259229967059,1.8574974197549388,0.509473157510999,14.0
ARBUSDT,1d,meanrev,zscore,"{""lb"": 50, ""z"": 1.5}",-0.6346798173818027,0.00941378542278999,-0.19510267363002565,29.0
ARBUSDT,1d,meanrev,zscore,"{""lb"": 50, ""z"": 2.0}",0.25330380086957016,0.4625225806629684,0.14760614200113675,18.0
ARBUSDT,1d,meanrev,zscore,"{""lb"": 50, ""z"": 2.5}",0.789842803039824,2.0767960590766856,0.7427902755922402,11.0
ARBUSDT,1d,meanrev,bb,"{""span"": 20, ""mult"": 1.5}",-0.44793825656708797,0.016317321139127358,-0.18951711380535863,42.0
ARBUSDT,1d,meanrev,bb,"{""span"": 20, ""mult"": 2.0}",0.8143928078193434,-0.07345310327371826,-0.12732530316591384,24.0
ARBUSDT,1d,meanrev,bb,"{""span"": 20, ""mult"": 2.5}",0.9536259229967059,1.8574974197549388,0.509473157510999,14.0
ARBUSDT,1d,meanrev,bb,"{""span"": 50, ""mult"": 1.5}",-0.6346798173818027,0.00941378542278999,-0.19510267363002565,29.0
ARBUSDT,1d,meanrev,bb,"{""span"": 50, ""mult"": 2.0}",0.25330380086957016,0.4625225806629684,0.14760614200113675,18.0
ARBUSDT,1d,meanrev,bb,"{""span"": 50, ""mult"": 2.5}",0.789842803039824,2.0767960590766856,0.7427902755922402,11.0
ARBUSDT,1d,carry,funding,"{""thr"": 5e-05}",0.45859173614090054,0.8257949135615782,0.5824838711671878,154.5
ARBUSDT,1d,carry,funding,"{""thr"": 0.0001}",-0.09385278037092547,-0.04428172165587894,-0.025893166094796416,31.0
ARBUSDT,1d,carry,funding,"{""thr"": 0.0002}",-0.7231280492238956,0.6027293240022846,0.005201585836971168,1.0
ARBUSDT,1d,carry,funding,"{""thr"": 0.0005}",0.210133486853238,0.0,0.0,0.0
ARBUSDT,1d,carry,funding_pct,"{""lb"": 100, ""hi"": 0.8}",-0.6718630778708795,-0.7456736041477116,-0.3938317348647511,77.0
ARBUSDT,1d,carry,funding_pct,"{""lb"": 100, ""hi"": 0.9}",-1.2692099874384497,1.3058663051923642,0.498729438098763,49.0
ARBUSDT,1d,carry,funding_pct,"{""lb"": 100, ""hi"": 0.95}",-1.2405999682926423,0.8698789715005785,0.19770701694530213,26.0
ARBUSDT,1d,carry,funding_pct,"{""lb"": 500, ""hi"": 0.8}",-0.6045633583781835,0.1357545819067674,-0.09931211575663146,95.5
ARBUSDT,1d,carry,funding_pct,"{""lb"": 500, ""hi"": 0.9}",0.16257053902600271,0.3786939670196397,0.0986757277623036,61.0
ARBUSDT,1d,carry,funding_pct,"{""lb"": 500, ""hi"": 0.95}",0.0023978393796134077,0.5867254399483892,0.14522785304767782,37.0
ARBUSDT,1d,carry,funding_mom,"{""lb"": 24}",-0.8971198263545259,0.07619079790329675,-0.3726612540193649,199.5
ARBUSDT,1d,carry,funding_mom,"{""lb"": 100}",-0.9687992176161259,0.2654115924232729,-0.20123368630236838,187.5
ARBUSDT,1d,carry,funding_mom,"{""lb"": 500}",-0.08852905947344245,0.9024100034078413,0.747870723894722,115.5
ARBUSDT,1d,carry,funding_price_div,"{""lb"": 24}",-0.26354415749559446,0.19479336079087933,-0.07406686818815211,109.0
ARBUSDT,1d,carry,funding_price_div,"{""lb"": 100}",-0.0837879223906336,0.08081314982449676,-0.1110596646555766,90.0
ARBUSDT,1d,carry,funding_price_div,"{""lb"": 500}",-0.13195000811680743,1.0295420799406203,0.45523007229506596,43.0
ARBUSDT,1d,ichimoku,cloud,"{""tenkan"": 9, ""kijun"": 26, ""senkou"": 52, ""disp"": 26}",1.124849291433063,0.4661785397373462,0.01734016672421901,16.0
ARBUSDT,1d,ichimoku,cloud_fast,"{""tenkan"": 7, ""kijun"": 14, ""senkou"": 28, ""disp"": 14}",0.599885001590044,0.2828755279590888,-0.17016551191673335,32.5
ARBUSDT,1d,ichimoku,cloud_slow,"{""tenkan"": 12, ""kijun"": 24, ""senkou"": 52, ""disp"": 24}",1.0889832665493764,0.6597503906291476,0.2924023701804963,16.0
ARBUSDT,1d,ichimoku,tk,"{""tenkan"": 9, ""kijun"": 26}",0.5813077307681356,-0.24279307880344125,-0.6041974702850014,24.5
ARBUSDT,1d,ichimoku,combo,"{""tenkan"": 9, ""kijun"": 26, ""senkou"": 52, ""disp"": 26}",0.9801022905006451,0.05049051532154483,-0.3232871484600853,18.0
ARBUSDT,4h,trend,ema_cross,"{""fast"": 10, ""slow"": 50}",0.7207452702692461,-0.9417986460247034,-0.37956150571720926,31.5
ARBUSDT,4h,trend,ema_cross,"{""fast"": 10, ""slow"": 100}",0.8804216473305249,0.7238875047192977,0.12029328081913215,15.5
ARBUSDT,4h,trend,ema_cross,"{""fast"": 10, ""slow"": 200}",1.4590648669327213,1.0495569005433776,0.2569162360896666,5.5
ARBUSDT,4h,trend,ema_cross,"{""fast"": 20, ""slow"": 50}",0.7194745694246996,0.006205981066166553,-0.1315448345157254,17.5
ARBUSDT,4h,trend,ema_cross,"{""fast"": 20, ""slow"": 100}",1.6163904829007327,0.714978758758176,0.11670393894674014,11.5
ARBUSDT,4h,trend,ema_cross,"{""fast"": 20, ""slow"": 200}",1.5662111502854075,1.060567294241313,0.26175665954409477,3.5
ARBUSDT,4h,trend,ema_cross,"{""fast"": 50, ""slow"": 100}",1.2012150200964575,0.3210880775866308,-0.028486210998422523,7.5
ARBUSDT,4h,trend,ema_cross,"{""fast"": 50, ""slow"": 200}",1.4812135404967037,-0.045543028532397396,-0.1468010532018248,3.5
ARBUSDT,4h,trend,ema_slope,"{""span"": 20, ""thr"": 0.0}",-0.8395086647579701,-2.3887760521249595,-0.6278711666092262,155.5
ARBUSDT,4h,trend,ema_slope,"{""span"": 20, ""thr"": 0.001}",-0.8168912296300008,-1.98852082404495,-0.5303305779431274,130.0
ARBUSDT,4h,trend,ema_slope,"{""span"": 20, ""thr"": 0.005}",-1.1906625817384353,-1.7783897945746148,-0.3003399206707532,41.0
ARBUSDT,4h,trend,ema_slope,"{""span"": 50, ""thr"": 0.0}",-0.1910926652644078,-0.7858520517476357,-0.34271492547957993,81.5
ARBUSDT,4h,trend,ema_slope,"{""span"": 50, ""thr"": 0.001}",0.23778924692977624,-1.2450066411499565,-0.37585066007724477,72.0
ARBUSDT,4h,trend,ema_slope,"{""span"": 50, ""thr"": 0.005}",-3.3933241155360596,-2.112929664877041,-0.23216154459590888,15.0
ARBUSDT,4h,trend,ema_slope,"{""span"": 100, ""thr"": 0.0}",0.14802763605743058,0.16348265554657643,-0.08077419075459058,43.5
ARBUSDT,4h,trend,ema_slope,"{""span"": 100, ""thr"": 0.001}",0.6748605529630629,0.28875733353330735,-0.011640863251558886,32.0
ARBUSDT,4h,trend,ema_slope,"{""span"": 100, ""thr"": 0.005}",-1.869938989527038,0.0,0.0,0.0
ARBUSDT,4h,trend,price_ema,"{""span"": 20, ""thr"": 0.0}",-0.8395086647579701,-2.3887760521249595,-0.6278711666092262,155.5
ARBUSDT,4h,trend,price_ema,"{""span"": 20, ""thr"": 0.02}",-0.6146905673433879,-1.620596197325698,-0.4102769055115978,100.0
ARBUSDT,4h,trend,price_ema,"{""span"": 20, ""thr"": 0.05}",-0.983401076379232,-1.1512070533031045,-0.2089727575043555,35.0
ARBUSDT,4h,trend,price_ema,"{""span"": 50, ""thr"": 0.0}",-0.1910926652644078,-0.7858520517476357,-0.34271492547957993,81.5
ARBUSDT,4h,trend,price_ema,"{""span"": 50, ""thr"": 0.02}",0.27742696455413146,-1.9918321495220859,-0.5184175965684865,84.0
ARBUSDT,4h,trend,price_ema,"{""span"": 50, ""thr"": 0.05}",0.5222628361809786,-0.13926395687003124,-0.09487945697072886,49.0
ARBUSDT,4h,trend,price_ema,"{""span"": 100, ""thr"": 0.0}",0.14802763605743058,0.16348265554657643,-0.08077419075459058,43.5
ARBUSDT,4h,trend,price_ema,"{""span"": 100, ""thr"": 0.02}",0.6432584418647432,0.1587188481968014,-0.06890013214394908,45.5
ARBUSDT,4h,trend,price_ema,"{""span"": 100, ""thr"": 0.05}",0.7294910323461856,0.2293257296301981,-0.028496710607917475,34.0
ARBUSDT,4h,trend,donchian,"{""lb"": 10}",-0.5278929540319302,-5.760779989839923,-0.7338219452761137,174.0
ARBUSDT,4h,trend,donchian,"{""lb"": 20}",0.22261331715903832,-4.6008340957012654,-0.6018493714883181,122.0
ARBUSDT,4h,trend,donchian,"{""lb"": 55}",-0.2684734656452991,-2.9214087340661936,-0.38349969498655445,63.0
ARBUSDT,4h,momentum,mom_ret,"{""lb"": 5, ""thr"": 0.0}",-1.7271798834262895,-3.957074009532268,-0.7843979054780805,214.5
ARBUSDT,4h,momentum,mom_ret,"{""lb"": 5, ""thr"": 0.02}",-0.8965064562280042,-3.801617536991584,-0.6682151853039946,178.0
ARBUSDT,4h,momentum,mom_ret,"{""lb"": 5, ""thr"": 0.05}",-0.05970939055109303,-2.079448994797493,-0.3209802840496745,59.0
ARBUSDT,4h,momentum,mom_ret,"{""lb"": 10, ""thr"": 0.0}",-0.4344928515373297,-1.4072196226882399,-0.47300870097997605,162.5
ARBUSDT,4h,momentum,mom_ret,"{""lb"": 10, ""thr"": 0.02}",-0.8219733947578757,-1.612688148114689,-0.43595952218632417,128.0
ARBUSDT,4h,momentum,mom_ret,"{""lb"": 10, ""thr"": 0.05}",-1.4103492562508104,-2.39389046326326,-0.43996467206821666,83.0
ARBUSDT,4h,momentum,mom_ret,"{""lb"": 20, ""thr"": 0.0}",-0.008889999163282052,-0.8623145918144507,-0.3624371426084363,96.5
ARBUSDT,4h,momentum,mom_ret,"{""lb"": 20, ""thr"": 0.02}",-0.42264061900441696,-0.9320286410929605,-0.32863302912974257,98.0
ARBUSDT,4h,momentum,mom_ret,"{""lb"": 20, ""thr"": 0.05}",-1.1110872205715134,-1.2410809333397606,-0.327086751001035,78.0
ARBUSDT,4h,momentum,mom_ret,"{""lb"": 50, ""thr"": 0.0}",-1.127949560918125,-0.3027859720956601,-0.22126138261003359,68.5
ARBUSDT,4h,momentum,mom_ret,"{""lb"": 50, ""thr"": 0.02}",-0.3901447751750069,-0.18858059798054272,-0.1760575579778707,66.5
ARBUSDT,4h,momentum,mom_ret,"{""lb"": 50, ""thr"": 0.05}",0.08170496851047095,-0.3123801127572338,-0.17908490094829776,49.0
ARBUSDT,4h,meanrev,rsi,"{""ob"": 65, ""os_"": 20}",1.5425910199047448,-2.089553413362197,-0.3601476918208626,45.0
ARBUSDT,4h,meanrev,rsi,"{""ob"": 65, ""os_"": 30}",0.14571352344619354,-2.1785272354598213,-0.4090820988359263,66.0
ARBUSDT,4h,meanrev,rsi,"{""ob"": 65, ""os_"": 35}",-1.3581111594211694,-2.0512904419675575,-0.427449467073842,83.0
ARBUSDT,4h,meanrev,rsi,"{""ob"": 70, ""os_"": 20}",1.343542968843242,-0.6334077059666994,-0.11178026363886218,41.0
ARBUSDT,4h,meanrev,rsi,"{""ob"": 70, ""os_"": 30}",-0.23438797439647666,-0.9135817110422191,-0.17970923028055175,62.0
ARBUSDT,4h,meanrev,rsi,"{""ob"": 70, ""os_"": 35}",-1.771568914879737,-0.8868605747738634,-0.20520614381104485,79.0
ARBUSDT,4h,meanrev,rsi,"{""ob"": 80, ""os_"": 20}",1.352229971755951,0.9207606073404628,0.0781134670616419,17.0
ARBUSDT,4h,meanrev,rsi,"{""ob"": 80, ""os_"": 30}",-0.5245430610279228,0.12065234783081269,-0.004338127675509118,38.0
ARBUSDT,4h,meanrev,rsi,"{""ob"": 80, ""os_"": 35}",-2.092134451216166,-0.0197872330008319,-0.03528606175131099,55.0
ARBUSDT,4h,meanrev,zscore,"{""lb"": 20, ""z"": 1.5}",-2.3867743871868305,-0.6572249847054851,-0.16461211445290824,91.0
ARBUSDT,4h,meanrev,zscore,"{""lb"": 20, ""z"": 2.0}",-3.752664740408882,-0.515749103062598,-0.09978707830886224,58.0
ARBUSDT,4h,meanrev,zscore,"{""lb"": 20, ""z"": 2.5}",-2.311001892127964,0.1739949894200524,0.006577032428231044,27.0
ARBUSDT,4h,meanrev,zscore,"{""lb"": 50, ""z"": 1.5}",-1.0183921039065598,-1.6911420625381193,-0.35374087524228026,58.0
ARBUSDT,4h,meanrev,zscore,"{""lb"": 50, ""z"": 2.0}",-1.3100036030555524,-1.3181603183926063,-0.22630056525429854,36.0
ARBUSDT,4h,meanrev,zscore,"{""lb"": 50, ""z"": 2.5}",-1.7053502733721735,-0.5089824065491345,-0.07228154864329706,19.0
ARBUSDT,4h,meanrev,bb,"{""span"": 20, ""mult"": 1.5}",-2.3867743871868305,-0.6572249847054851,-0.16461211445290824,91.0
ARBUSDT,4h,meanrev,bb,"{""span"": 20, ""mult"": 2.0}",-3.752664740408882,-0.515749103062598,-0.09978707830886224,58.0
ARBUSDT,4h,meanrev,bb,"{""span"": 20, ""mult"": 2.5}",-2.311001892127964,0.1739949894200524,0.006577032428231044,27.0
ARBUSDT,4h,meanrev,bb,"{""span"": 50, ""mult"": 1.5}",-1.0183921039065598,-1.6911420625381193,-0.35374087524228026,58.0
ARBUSDT,4h,meanrev,bb,"{""span"": 50, ""mult"": 2.0}",-1.3100036030555524,-1.3181603183926063,-0.22630056525429854,36.0
ARBUSDT,4h,meanrev,bb,"{""span"": 50, ""mult"": 2.5}",-1.7053502733721735,-0.5089824065491345,-0.07228154864329706,19.0
ARBUSDT,4h,carry,funding,"{""thr"": 5e-05}",-0.5432562944987874,-2.5726197560576036,-0.5551781279453752,177.0
ARBUSDT,4h,carry,funding,"{""thr"": 0.0001}",-0.7091418024154307,-0.5528592101457606,-0.08289305421086435,46.0
ARBUSDT,4h,carry,funding,"{""thr"": 0.0002}",-0.4897149402741276,0.5035081330965544,0.0136185589934672,6.0
ARBUSDT,4h,carry,funding_pct,"{""lb"": 100, ""hi"": 0.8}",-0.3645401399013097,-2.3938048002621266,-0.3612276870782677,87.0
ARBUSDT,4h,carry,funding_pct,"{""lb"": 100, ""hi"": 0.9}",-0.9419015330733898,-2.0892415381724634,-0.21521392002325201,43.0
ARBUSDT,4h,carry,funding_pct,"{""lb"": 100, ""hi"": 0.95}",-0.783105850351351,-3.1624324196190807,-0.22326829402975512,25.0
ARBUSDT,4h,carry,funding_pct,"{""lb"": 500, ""hi"": 0.8}",-0.7511332934501275,-0.9281449384897174,-0.18969423576940947,72.0
ARBUSDT,4h,carry,funding_pct,"{""lb"": 500, ""hi"": 0.9}",-0.24953893679311673,-1.7477056433228952,-0.19619256058990897,43.0
ARBUSDT,4h,carry,funding_pct,"{""lb"": 500, ""hi"": 0.95}",-1.1858448049974606,-0.5461635798225896,-0.05399841338188727,26.0
ARBUSDT,4h,carry,funding_mom,"{""lb"": 24}",-1.6310910230024163,-1.5417985451898133,-0.48474727595657197,203.5
ARBUSDT,4h,carry,funding_mom,"{""lb"": 100}",-0.8217335484764298,0.005399677583204052,-0.11828759680873802,200.5
ARBUSDT,4h,carry,funding_mom,"{""lb"": 500}",-1.4549327537767578,-0.16391833132488032,-0.17050903701763542,198.5
ARBUSDT,4h,carry,funding_price_div,"{""lb"": 24}",-1.693201062717216,-1.643505225124467,-0.3459377147877728,135.0
ARBUSDT,4h,carry,funding_price_div,"{""lb"": 100}",-0.5766470316929909,0.3748617213706831,0.02866169804280916,112.0
ARBUSDT,4h,carry,funding_price_div,"{""lb"": 500}",0.15413019450178017,-1.0222384650727103,-0.2230804543001207,94.0
ARBUSDT,4h,ichimoku,cloud,"{""tenkan"": 9, ""kijun"": 26, ""senkou"": 52, ""disp"": 26}",0.09800279313560037,-0.6526271121094663,-0.2843817708108488,51.5
ARBUSDT,4h,ichimoku,cloud_fast,"{""tenkan"": 7, ""kijun"": 14, ""senkou"": 28, ""disp"": 14}",-0.5118896259859489,-1.0186694569923873,-0.37657459925764925,67.5
ARBUSDT,4h,ichimoku,cloud_slow,"{""tenkan"": 12, ""kijun"": 24, ""senkou"": 52, ""disp"": 24}",0.31589404733468573,-0.595241104551149,-0.2706452998545623,53.5
ARBUSDT,4h,ichimoku,tk,"{""tenkan"": 9, ""kijun"": 26}",0.2797150917251967,0.3860854150575315,-0.0050936736811448835,40.5
ARBUSDT,4h,ichimoku,combo,"{""tenkan"": 9, ""kijun"": 26, ""senkou"": 52, ""disp"": 26}",0.12733436829403857,0.08499787984395224,-0.07002741206129637,43.0
ARBUSDT,1h,trend,ema_cross,"{""fast"": 10, ""slow"": 50}",-0.8730406386756202,-2.6485567332793507,-0.6686458023449078,121.5
ARBUSDT,1h,trend,ema_cross,"{""fast"": 10, ""slow"": 100}",-1.1401405749204365,-1.6648117784864571,-0.527054296986065,73.5
ARBUSDT,1h,trend,ema_cross,"{""fast"": 10, ""slow"": 200}",-0.18935304599769007,-1.0300626707578489,-0.40474866293756073,49.5
ARBUSDT,1h,trend,ema_cross,"{""fast"": 20, ""slow"": 50}",-0.8807805306566396,-1.5360484802210235,-0.5048847895073562,87.5
ARBUSDT,1h,trend,ema_cross,"{""fast"": 20, ""slow"": 100}",0.20659871140490557,-1.226655909487536,-0.44586864520053937,61.5
ARBUSDT,1h,trend,ema_cross,"{""fast"": 20, ""slow"": 200}",0.02377031519866316,-1.0370079545402744,-0.4066226363965938,39.5
ARBUSDT,1h,trend,ema_cross,"{""fast"": 50, ""slow"": 100}",0.15359675192018274,0.37440938742223223,-0.012898021668735549,35.5
ARBUSDT,1h,trend,ema_cross,"{""fast"": 50, ""slow"": 200}",-0.10373570722112818,-0.48849309131601687,-0.2764767811048513,23.5
ARBUSDT,1h,trend,ema_slope,"{""span"": 20, ""thr"": 0.0}",-4.327770814721361,-6.793810393581721,-0.9273484278252162,540.5
ARBUSDT,1h,trend,ema_slope,"{""span"": 20, ""thr"": 0.001}",-4.011111094125753,-6.735266844545233,-0.8636295434027432,438.5
ARBUSDT,1h,trend,ema_slope,"{""span"": 20, ""thr"": 0.005}",-0.2221860099294094,-3.6900078805086527,-0.2839835425279562,37.0
ARBUSDT,1h,trend,ema_slope,"{""span"": 50, ""thr"": 0.0}",-3.243348340753968,-4.697262910744475,-0.8431199434736824,342.5
ARBUSDT,1h,trend,ema_slope,"{""span"": 50, ""thr"": 0.001}",-2.1044936975034094,-3.52951574692579,-0.599688007034957,191.0
ARBUSDT,1h,trend,ema_slope,"{""span"": 50, ""thr"": 0.005}",0.04868547304384223,-2.3517054001744158,-0.03861368874252791,2.0
ARBUSDT,1h,trend,ema_slope,"{""span"": 100, ""thr"": 0.0}",-1.2033201992007774,-2.576377280765325,-0.6594550614765072,226.5
ARBUSDT,1h,trend,ema_slope,"{""span"": 100, ""thr"": 0.001}",-2.0169675973540566,-1.3506164492506736,-0.281654396800058,83.0
ARBUSDT,1h,trend,ema_slope,"{""span"": 100, ""thr"": 0.005}",-1.7196603402813568,0.0,0.0,0.0
ARBUSDT,1h,trend,price_ema,"{""span"": 20, ""thr"": 0.0}",-4.327770814721361,-6.793810393581721,-0.9273484278252162,540.5
ARBUSDT,1h,trend,price_ema,"{""span"": 20, ""thr"": 0.02}",-2.7748918582715643,-6.025278254446554,-0.7276808155402625,223.0
ARBUSDT,1h,trend,price_ema,"{""span"": 20, ""thr"": 0.05}",-0.4419629355393888,-2.9938186712653994,-0.2285105943174237,30.0
ARBUSDT,1h,trend,price_ema,"{""span"": 50, ""thr"": 0.0}",-3.243348340753968,-4.697262910744475,-0.8431199434736824,342.5
ARBUSDT,1h,trend,price_ema,"{""span"": 50, ""thr"": 0.02}",-2.405077714793581,-5.46437926989954,-0.7812080158877965,247.0
ARBUSDT,1h,trend,price_ema,"{""span"": 50, ""thr"": 0.05}",-1.4103478419170747,-2.0161388844655264,-0.2985502319887877,55.0
ARBUSDT,1h,trend,price_ema,"{""span"": 100, ""thr"": 0.0}",-1.2033201992007774,-2.576377280765325,-0.6594550614765072,226.5
ARBUSDT,1h,trend,price_ema,"{""span"": 100, ""thr"": 0.02}",-1.0242190443632013,-3.829093791203135,-0.7013948483098862,206.0
ARBUSDT,1h,trend,price_ema,"{""span"": 100, ""thr"": 0.05}",-2.0798690290781443,-1.3549574481523985,-0.28162047591780537,83.0
ARBUSDT,1h,trend,donchian,"{""lb"": 10}",-8.336627856081623,-15.763853596349115,-0.9647241944343539,670.5
ARBUSDT,1h,trend,donchian,"{""lb"": 20}",-5.773169258652312,-12.673545175597487,-0.8989723582765851,445.5
ARBUSDT,1h,trend,donchian,"{""lb"": 55}",-3.1681230326725105,-9.747370492896335,-0.7589967226983223,259.0
ARBUSDT,1h,momentum,mom_ret,"{""lb"": 5, ""thr"": 0.0}",-7.95837263638875,-10.072763057828357,-0.9777366000801334,817.5
ARBUSDT,1h,momentum,mom_ret,"{""lb"": 5, ""thr"": 0.02}",-4.638341854043267,-8.275922376353108,-0.8386276247612456,356.0
ARBUSDT,1h,momentum,mom_ret,"{""lb"": 5, ""thr"": 0.05}",0.1725923597325496,-3.5702971032619457,-0.2678105616220967,46.0
ARBUSDT,1h,momentum,mom_ret,"{""lb"": 10, ""thr"": 0.0}",-4.657567821197033,-9.34508608803707,-0.9707927598506901,583.5
ARBUSDT,1h,momentum,mom_ret,"{""lb"": 10, ""thr"": 0.02}",-4.417950630916551,-7.482424312569209,-0.8563322858696375,367.5
ARBUSDT,1h,momentum,mom_ret,"{""lb"": 10, ""thr"": 0.05}",-1.5254229525741907,-3.9248602815985594,-0.4265100692560241,77.0
ARBUSDT,1h,momentum,mom_ret,"{""lb"": 20, ""thr"": 0.0}",-3.0137860691221543,-6.566479240705799,-0.9199197159854908,436.5
ARBUSDT,1h,momentum,mom_ret,"{""lb"": 20, ""thr"": 0.02}",-4.2378888072435466,-6.301520975731035,-0.8470977396392885,357.0
ARBUSDT,1h,momentum,mom_ret,"{""lb"": 20, ""thr"": 0.05}",-1.3672127930458866,-3.1969494843436497,-0.46012859427771413,115.0
ARBUSDT,1h,momentum,mom_ret,"{""lb"": 50, ""thr"": 0.0}",-0.8437846617678909,-1.4589933682691159,-0.4900388286773072,262.5
ARBUSDT,1h,momentum,mom_ret,"{""lb"": 50, ""thr"": 0.02}",-2.0902130533171683,-3.219170891019794,-0.6723415074053585,266.0
ARBUSDT,1h,momentum,mom_ret,"{""lb"": 50, ""thr"": 0.05}",-3.2000077963502056,-2.5023492323878886,-0.4826870994913892,146.0
ARBUSDT,1h,meanrev,rsi,"{""ob"": 65, ""os_"": 20}",-4.619275657577965,-5.069083807667157,-0.608983880872151,208.0
ARBUSDT,1h,meanrev,rsi,"{""ob"": 65, ""os_"": 30}",-5.0464321851162355,-5.812719474112856,-0.7265231738067738,277.0
ARBUSDT,1h,meanrev,rsi,"{""ob"": 65, ""os_"": 35}",-4.810695718059707,-5.657202643687172,-0.7481517904611346,314.5
ARBUSDT,1h,meanrev,rsi,"{""ob"": 70, ""os_"": 20}",-4.339576747283357,-4.056354270205363,-0.4760625022284831,148.0
ARBUSDT,1h,meanrev,rsi,"{""ob"": 70, ""os_"": 30}",-4.78809612484396,-4.9658360456253625,-0.6335579097512206,217.0
ARBUSDT,1h,meanrev,rsi,"{""ob"": 70, ""os_"": 35}",-4.53540768946499,-4.8288772372905076,-0.6625389229008087,254.5
ARBUSDT,1h,meanrev,rsi,"{""ob"": 80, ""os_"": 20}",-2.1594526894608324,-3.203851090446184,-0.2860278089991236,97.0
ARBUSDT,1h,meanrev,rsi,"{""ob"": 80, ""os_"": 30}",-2.9500471690361043,-4.2635396033926956,-0.5006475712033194,166.0
ARBUSDT,1h,meanrev,rsi,"{""ob"": 80, ""os_"": 35}",-2.8231399264470554,-4.080529620157759,-0.5401401395799774,203.5
ARBUSDT,1h,meanrev,zscore,"{""lb"": 20, ""z"": 1.5}",-6.621192431113297,-5.9047670518364255,-0.7152209137190277,346.5
ARBUSDT,1h,meanrev,zscore,"{""lb"": 20, ""z"": 2.0}",-6.611723446343162,-5.427065424498572,-0.5535026376565133,201.5
ARBUSDT,1h,meanrev,zscore,"{""lb"": 20, ""z"": 2.5}",-4.470232008926633,-4.445720120268067,-0.3407772230090542,96.0
ARBUSDT,1h,meanrev,zscore,"{""lb"": 50, ""z"": 1.5}",-4.884538633755614,-2.8632033230937357,-0.491882028670967,255.0
ARBUSDT,1h,meanrev,zscore,"{""lb"": 50, ""z"": 2.0}",-4.410969884013124,-1.7469836241374428,-0.24899410487041318,152.0
ARBUSDT,1h,meanrev,zscore,"{""lb"": 50, ""z"": 2.5}",-3.892590523627264,-2.360173218220287,-0.2224814859812443,69.0
ARBUSDT,1h,meanrev,bb,"{""span"": 20, ""mult"": 1.5}",-6.621192431113297,-5.9047670518364255,-0.7152209137190277,346.5
ARBUSDT,1h,meanrev,bb,"{""span"": 20, ""mult"": 2.0}",-6.611723446343162,-5.427065424498572,-0.5535026376565133,201.5
ARBUSDT,1h,meanrev,bb,"{""span"": 20, ""mult"": 2.5}",-4.470232008926633,-4.445720120268067,-0.3407772230090542,96.0
ARBUSDT,1h,meanrev,bb,"{""span"": 50, ""mult"": 1.5}",-4.884538633755614,-2.8632033230937357,-0.491882028670967,255.0
ARBUSDT,1h,meanrev,bb,"{""span"": 50, ""mult"": 2.0}",-4.410969884013124,-1.7469836241374428,-0.24899410487041318,152.0
ARBUSDT,1h,meanrev,bb,"{""span"": 50, ""mult"": 2.5}",-3.892590523627264,-2.360173218220287,-0.2224814859812443,69.0
ARBUSDT,1h,carry,funding,"{""thr"": 5e-05}",-0.3924228501266513,-3.2176435589508743,-0.648061571316578,177.0
ARBUSDT,1h,carry,funding,"{""thr"": 0.0001}",-0.5197929243927735,0.6564491284810214,0.06855263751739504,46.0
ARBUSDT,1h,carry,funding,"{""thr"": 0.0002}",-0.2412889347935512,0.4616385707316934,0.012029792041647891,6.0
ARBUSDT,1h,carry,funding_pct,"{""lb"": 100, ""hi"": 0.8}",-2.13263832634895,-3.2382829708478966,-0.45233725196439045,116.0
ARBUSDT,1h,carry,funding_pct,"{""lb"": 100, ""hi"": 0.9}",-0.6501218218653972,-3.46287357060446,-0.33652613960161815,83.0
ARBUSDT,1h,carry,funding_pct,"{""lb"": 100, ""hi"": 0.95}",-0.6750553852336614,-0.9930581602826198,-0.08905349520365313,49.0
ARBUSDT,1h,carry,funding_pct,"{""lb"": 500, ""hi"": 0.8}",-0.7388348058883764,-0.7320469288504764,-0.15556364429837544,87.0
ARBUSDT,1h,carry,funding_pct,"{""lb"": 500, ""hi"": 0.9}",-0.25712196163942913,-2.3303153869459683,-0.2433533115337253,47.0
ARBUSDT,1h,carry,funding_pct,"{""lb"": 500, ""hi"": 0.95}",-0.5147121152991505,-3.3376032987436655,-0.22010365503232654,24.0
ARBUSDT,1h,carry,funding_mom,"{""lb"": 24}",-1.862081587045123,-3.878818341666505,-0.7666201170979678,257.5
ARBUSDT,1h,carry,funding_mom,"{""lb"": 100}",-0.08984990760942271,-3.7854638180165887,-0.7677231205337584,277.5
ARBUSDT,1h,carry,funding_mom,"{""lb"": 500}",-2.318972225878547,-4.638908243208322,-0.8270672015907595,286.5
ARBUSDT,1h,carry,funding_price_div,"{""lb"": 24}",-3.9012212390971177,-7.258692240233197,-0.8189784635576492,291.0
ARBUSDT,1h,carry,funding_price_div,"{""lb"": 100}",-0.5802558764903788,-4.403925695973268,-0.6594390252392021,213.0
ARBUSDT,1h,carry,funding_price_div,"{""lb"": 500}",-1.487831417254313,-3.7467943210129877,-0.5846037309386711,159.0
ARBUSDT,1h,ichimoku,cloud,"{""tenkan"": 9, ""kijun"": 26, ""senkou"": 52, ""disp"": 26}",-1.510906068702509,-3.817329238292932,-0.7582700733656429,239.5
ARBUSDT,1h,ichimoku,cloud_fast,"{""tenkan"": 7, ""kijun"": 14, ""senkou"": 28, ""disp"": 14}",-1.8979256930307686,-4.58049090667838,-0.8108105042635918,301.0
ARBUSDT,1h,ichimoku,cloud_slow,"{""tenkan"": 12, ""kijun"": 24, ""senkou"": 52, ""disp"": 24}",-1.4696546908284607,-4.112150296892342,-0.7793892987274683,252.5
ARBUSDT,1h,ichimoku,tk,"{""tenkan"": 9, ""kijun"": 26}",-1.5393661866285906,-4.600735625825674,-0.8309875849620442,195.5
ARBUSDT,1h,ichimoku,combo,"{""tenkan"": 9, ""kijun"": 26, ""senkou"": 52, ""disp"": 26}",-2.2193819364595355,-4.213928399287922,-0.7433576857300981,207.0
ATOMUSDT,1d,trend,ema_cross,"{""fast"": 10, ""slow"": 50}",0.7267314369262233,-0.9117099806950784,-0.8088526020601164,19.5
ATOMUSDT,1d,trend,ema_cross,"{""fast"": 10, ""slow"": 100}",0.545478590605356,-1.0294742495795857,-0.8357409483538849,15.5
ATOMUSDT,1d,trend,ema_cross,"{""fast"": 10, ""slow"": 200}",-0.1492761716831083,0.0048412306085154405,-0.385412762234703,5.5
ATOMUSDT,1d,trend,ema_cross,"{""fast"": 20, ""slow"": 50}",0.5966930153503558,-0.5907556036511453,-0.7122869551790694,13.5
ATOMUSDT,1d,trend,ema_cross,"{""fast"": 20, ""slow"": 100}",0.19052054363334375,-0.4622099342451552,-0.6608521475344847,11.5
ATOMUSDT,1d,trend,ema_cross,"{""fast"": 20, ""slow"": 200}",-0.3542892513182249,0.4464691806277806,0.08060038960712701,1.5
ATOMUSDT,1d,trend,ema_cross,"{""fast"": 50, ""slow"": 100}",-0.21707588929174107,-0.2928859261872022,-0.5803711903571191,7.5
ATOMUSDT,1d,trend,ema_cross,"{""fast"": 50, ""slow"": 200}",-0.2891903132192873,-0.0508866740775331,-0.42846328444969073,2.5
ATOMUSDT,1d,trend,ema_slope,"{""span"": 20, ""thr"": 0.0}",0.3044637543315052,-0.9266020334570784,-0.8121940824066464,83.5
ATOMUSDT,1d,trend,ema_slope,"{""span"": 20, ""thr"": 0.001}",0.05179668860548724,-0.8517276833708198,-0.7817556116095628,80.5
ATOMUSDT,1d,trend,ema_slope,"{""span"": 20, ""thr"": 0.005}",-0.38108657193532447,-1.3530458545448112,-0.7935984714782247,73.0
ATOMUSDT,1d,trend,ema_slope,"{""span"": 50, ""thr"": 0.0}",0.9647715200463309,-0.6833821222125439,-0.7438451509929092,43.5
ATOMUSDT,1d,trend,ema_slope,"{""span"": 50, ""thr"": 0.001}",0.6375634386045855,-0.8631022801347397,-0.7701206926695865,54.5
ATOMUSDT,1d,trend,ema_slope,"{""span"": 50, ""thr"": 0.005}",-0.005649984269466503,-1.2624242707249187,-0.6721086064663482,28.0
ATOMUSDT,1d,trend,ema_slope,"{""span"": 100, ""thr"": 0.0}",0.6902697158233215,-0.9964523061915999,-0.8282404033687738,45.5
ATOMUSDT,1d,trend,ema_slope,"{""span"": 100, ""thr"": 0.001}",0.3409042650984348,-1.1058332484822577,-0.8122739858410192,40.5
ATOMUSDT,1d,trend,ema_slope,"{""span"": 100, ""thr"": 0.005}",-0.7957901236320756,-1.3824103998046708,-0.6042337260083412,14.0
ATOMUSDT,1d,trend,price_ema,"{""span"": 20, ""thr"": 0.0}",0.3044637543315052,-0.9266020334570784,-0.8121940824066464,83.5
ATOMUSDT,1d,trend,price_ema,"{""span"": 20, ""thr"": 0.02}",0.1510590523716104,-0.6269874083692291,-0.6906320323972016,72.5
ATOMUSDT,1d,trend,price_ema,"{""span"": 20, ""thr"": 0.05}",-0.33121951711235376,-1.2855121388221897,-0.7763783396372692,70.0
ATOMUSDT,1d,trend,price_ema,"{""span"": 50, ""thr"": 0.0}",0.9647715200463309,-0.6833821222125439,-0.7438451509929092,43.5
ATOMUSDT,1d,trend,price_ema,"{""span"": 50, ""thr"": 0.02}",0.5788262055648955,-0.6895723642229479,-0.7234661887524125,55.5
ATOMUSDT,1d,trend,price_ema,"{""span"": 50, ""thr"": 0.05}",0.22863636949178487,-0.8705484622985353,-0.746583356595921,47.5
ATOMUSDT,1d,trend,price_ema,"{""span"": 100, ""thr"": 0.0}",0.6902697158233215,-0.9964523061915999,-0.8282404033687738,45.5
ATOMUSDT,1d,trend,price_ema,"{""span"": 100, ""thr"": 0.02}",0.60933310224623,-0.7838281578365436,-0.7580206303013233,39.5
ATOMUSDT,1d,trend,price_ema,"{""span"": 100, ""thr"": 0.05}",0.3409042650984348,-1.0804710706169414,-0.8066571075097646,38.5
ATOMUSDT,1d,trend,donchian,"{""lb"": 10}",-0.5342538140521292,-1.1965338270250225,-0.6246281196234448,104.0
ATOMUSDT,1d,trend,donchian,"{""lb"": 20}",-0.610216770553173,-0.5211224363222277,-0.3165943915974938,63.0
ATOMUSDT,1d,trend,donchian,"{""lb"": 55}",-0.7183941039604073,-1.0994195913101779,-0.3754989295246195,36.0
ATOMUSDT,1d,momentum,mom_ret,"{""lb"": 5, ""thr"": 0.0}",-0.27663278027202787,-0.521444640925967,-0.6841889945995425,120.5
ATOMUSDT,1d,momentum,mom_ret,"{""lb"": 5, ""thr"": 0.02}",-0.5784684674515842,-0.9310415644434175,-0.7580001320284735,122.5
ATOMUSDT,1d,momentum,mom_ret,"{""lb"": 5, ""thr"": 0.05}",-1.0831429195800462,-1.619416225234604,-0.8313153845518518,102.0
ATOMUSDT,1d,momentum,mom_ret,"{""lb"": 10, ""thr"": 0.0}",-0.19615505937096261,-0.695902844118541,-0.7477212203805347,89.5
ATOMUSDT,1d,momentum,mom_ret,"{""lb"": 10, ""thr"": 0.02}",0.0918228976418714,-1.035492874100427,-0.7925603196117779,87.5
ATOMUSDT,1d,momentum,mom_ret,"{""lb"": 10, ""thr"": 0.05}",-0.152251600762315,-1.2841304028109566,-0.7886993430820236,78.5
ATOMUSDT,1d,momentum,mom_ret,"{""lb"": 20, ""thr"": 0.0}",0.6517003998040904,-0.31655441001040713,-0.5922668897401699,59.5
ATOMUSDT,1d,momentum,mom_ret,"{""lb"": 20, ""thr"": 0.02}",0.2844996833845268,-0.3254852998117085,-0.5693991851159674,60.0
ATOMUSDT,1d,momentum,mom_ret,"{""lb"": 20, ""thr"": 0.05}",0.45236872304534187,-0.2037527843153304,-0.47144717536883984,56.0
ATOMUSDT,1d,momentum,mom_ret,"{""lb"": 50, ""thr"": 0.0}",0.9045181344983168,-1.205524209126738,-0.8682751112257616,55.5
ATOMUSDT,1d,momentum,mom_ret,"{""lb"": 50, ""thr"": 0.02}",0.8731480022677107,-1.0906284393679482,-0.8376027326888756,48.5
ATOMUSDT,1d,momentum,mom_ret,"{""lb"": 50, ""thr"": 0.05}",0.7002042832119671,-0.9564138929277689,-0.7824825482655124,44.5
ATOMUSDT,1d,meanrev,rsi,"{""ob"": 65, ""os_"": 20}",-0.5350534931427054,0.16484624635326467,0.017987456553160364,28.0
ATOMUSDT,1d,meanrev,rsi,"{""ob"": 65, ""os_"": 30}",-0.3936889373134695,0.9159942968743603,0.5832146539179008,46.0
ATOMUSDT,1d,meanrev,rsi,"{""ob"": 65, ""os_"": 35}",-0.4880568431012459,0.7131906117197099,0.439883317149524,50.5
ATOMUSDT,1d,meanrev,rsi,"{""ob"": 70, ""os_"": 20}",-0.22795559969606946,-0.46485677493430516,-0.16556096729884207,19.0
ATOMUSDT,1d,meanrev,rsi,"{""ob"": 70, ""os_"": 30}",-0.08531923796535847,0.616459305545828,0.29775283169666955,37.0
ATOMUSDT,1d,meanrev,rsi,"{""ob"": 70, ""os_"": 35}",-0.21858744205294475,0.445621967160892,0.1802648791302106,41.5
ATOMUSDT,1d,meanrev,rsi,"{""ob"": 80, ""os_"": 20}",-0.4130845034751008,0.4241261118487337,0.07351439467461884,14.0
ATOMUSDT,1d,meanrev,rsi,"{""ob"": 80, ""os_"": 30}",-0.11107267425667879,1.11884246827682,0.6695723605430377,32.0
ATOMUSDT,1d,meanrev,rsi,"{""ob"": 80, ""os_"": 35}",-0.2791770081241795,0.8284452288327219,0.5184229016392954,36.5
ATOMUSDT,1d,meanrev,zscore,"{""lb"": 20, ""z"": 1.5}",0.41285776975416727,0.22629964005194156,0.024887049977518894,52.5
ATOMUSDT,1d,meanrev,zscore,"{""lb"": 20, ""z"": 2.0}",0.24754099912858138,0.3791137882187555,0.10448651811934262,29.0
ATOMUSDT,1d,meanrev,zscore,"{""lb"": 20, ""z"": 2.5}",0.35503545404970416,0.4169204148850281,0.08789398760255862,10.0
ATOMUSDT,1d,meanrev,zscore,"{""lb"": 50, ""z"": 1.5}",-0.5144516125418938,1.0957446281356484,0.9012963734739146,33.0
ATOMUSDT,1d,meanrev,zscore,"{""lb"": 50, ""z"": 2.0}",-0.21671297773914036,0.6366496404147506,0.2001000645801594,16.0
ATOMUSDT,1d,meanrev,zscore,"{""lb"": 50, ""z"": 2.5}",-0.05293883265551467,0.9394136398401479,0.21614990742534435,7.0
ATOMUSDT,1d,meanrev,bb,"{""span"": 20, ""mult"": 1.5}",0.41285776975416727,0.22629964005194156,0.024887049977518894,52.5
ATOMUSDT,1d,meanrev,bb,"{""span"": 20, ""mult"": 2.0}",0.24754099912858138,0.3791137882187555,0.10448651811934262,29.0
ATOMUSDT,1d,meanrev,bb,"{""span"": 20, ""mult"": 2.5}",0.35503545404970416,0.4169204148850281,0.08789398760255862,10.0
ATOMUSDT,1d,meanrev,bb,"{""span"": 50, ""mult"": 1.5}",-0.5144516125418938,1.0957446281356484,0.9012963734739146,33.0
ATOMUSDT,1d,meanrev,bb,"{""span"": 50, ""mult"": 2.0}",-0.21671297773914036,0.6366496404147506,0.2001000645801594,16.0
ATOMUSDT,1d,meanrev,bb,"{""span"": 50, ""mult"": 2.5}",-0.05293883265551467,0.9394136398401479,0.21614990742534435,7.0
ATOMUSDT,1d,carry,funding,"{""thr"": 5e-05}",-0.5341731317781566,0.7059499250334961,0.5117393544245592,188.5
ATOMUSDT,1d,carry,funding,"{""thr"": 0.0001}",0.09643800947756721,-0.3228867046316852,-0.3315918474011812,100.5
ATOMUSDT,1d,carry,funding,"{""thr"": 0.0002}",-0.2866275172483306,0.028506949582231884,-0.07169455749374287,69.0
ATOMUSDT,1d,carry,funding,"{""thr"": 0.0005}",0.5872459397693682,0.29206562901100463,0.050440148047533384,8.0
ATOMUSDT,1d,carry,funding_pct,"{""lb"": 100, ""hi"": 0.8}",-0.5034605546713325,-0.24533604607260373,-0.2637928882932332,129.5
ATOMUSDT,1d,carry,funding_pct,"{""lb"": 100, ""hi"": 0.9}",-0.24364855152390527,-0.11660615225406833,-0.12358852181695379,66.0
ATOMUSDT,1d,carry,funding_pct,"{""lb"": 100, ""hi"": 0.95}",-0.0629502673945473,0.11271956493255514,0.0006697431104885077,30.0
ATOMUSDT,1d,carry,funding_pct,"{""lb"": 500, ""hi"": 0.8}",-0.5297341046883312,-0.5426585565719724,-0.4079453489478705,107.0
ATOMUSDT,1d,carry,funding_pct,"{""lb"": 500, ""hi"": 0.9}",-0.5697031942169475,0.17360114068011495,0.013066581314731707,63.0
ATOMUSDT,1d,carry,funding_pct,"{""lb"": 500, ""hi"": 0.95}",-0.4470491653231933,-0.017963836416720905,-0.03717378816378958,35.0
ATOMUSDT,1d,carry,funding_mom,"{""lb"": 24}",0.30952783259784633,-0.7184802709506186,-0.7445074098859616,201.5
ATOMUSDT,1d,carry,funding_mom,"{""lb"": 100}",-0.7516254655801913,0.1556512206442092,-0.21616478128557337,210.5
ATOMUSDT,1d,carry,funding_mom,"{""lb"": 500}",-0.2794813700551479,0.20116561699836846,-0.2080700701636784,137.5
ATOMUSDT,1d,carry,funding_price_div,"{""lb"": 24}",0.36464351780260523,-1.1678188508225051,-0.634772538583209,111.0
ATOMUSDT,1d,carry,funding_price_div,"{""lb"": 100}",-0.47304909939251955,-1.6243289933037348,-0.7014938439834699,111.0
ATOMUSDT,1d,carry,funding_price_div,"{""lb"": 500}",-0.5815828972412214,0.236742810996643,0.026334682318018166,65.0
ATOMUSDT,1d,ichimoku,cloud,"{""tenkan"": 9, ""kijun"": 26, ""senkou"": 52, ""disp"": 26}",0.4949999245698013,-1.1406378452683232,-0.8334854576491362,41.5
ATOMUSDT,1d,ichimoku,cloud_fast,"{""tenkan"": 7, ""kijun"": 14, ""senkou"": 28, ""disp"": 14}",0.5088398834604103,-0.7733202253645787,-0.7331202796193126,46.5
ATOMUSDT,1d,ichimoku,cloud_slow,"{""tenkan"": 12, ""kijun"": 24, ""senkou"": 52, ""disp"": 24}",0.4601062144462364,-1.0099967118235493,-0.8031349581566697,37.5
ATOMUSDT,1d,ichimoku,tk,"{""tenkan"": 9, ""kijun"": 26}",0.434736432095483,-0.8903162113881402,-0.8018889421837198,34.5
ATOMUSDT,1d,ichimoku,combo,"{""tenkan"": 9, ""kijun"": 26, ""senkou"": 52, ""disp"": 26}",0.23280256201507576,-1.1215927435622053,-0.7908342802321544,35.5
ATOMUSDT,4h,trend,ema_cross,"{""fast"": 10, ""slow"": 50}",-1.024468856389876,-0.18600823681785938,-0.11646660521417318,30.5
ATOMUSDT,4h,trend,ema_cross,"{""fast"": 10, ""slow"": 100}",-0.38045935184779195,-0.6915277903867526,-0.22434838610578844,20.5
ATOMUSDT,4h,trend,ema_cross,"{""fast"": 10, ""slow"": 200}",0.2680513056761148,-0.7564555571234757,-0.237629184659077,10.5
ATOMUSDT,4h,trend,ema_cross,"{""fast"": 20, ""slow"": 50}",0.40204742237628016,0.11942694960964947,-0.04378532978740779,18.5
ATOMUSDT,4h,trend,ema_cross,"{""fast"": 20, ""slow"": 100}",0.007641508731212474,-0.6470430133017824,-0.21569026782208411,12.5
ATOMUSDT,4h,trend,ema_cross,"{""fast"": 20, ""slow"": 200}",0.2601114141949602,-0.602423024706408,-0.20640742493990127,8.5
ATOMUSDT,4h,trend,ema_cross,"{""fast"": 50, ""slow"": 100}",0.6538508917167279,-1.0548374761915122,-0.29390652470340173,8.5
ATOMUSDT,4h,trend,ema_cross,"{""fast"": 50, ""slow"": 200}",-0.12013677626662914,-1.9883727180930346,-0.44576269116069955,6.5
ATOMUSDT,4h,trend,ema_slope,"{""span"": 20, ""thr"": 0.0}",-1.8843668831306357,0.06061190502356092,-0.05842918026173127,110.5
ATOMUSDT,4h,trend,ema_slope,"{""span"": 20, ""thr"": 0.001}",-2.4934440450738,-2.2299765478983504,-0.42482656110007744,119.0
ATOMUSDT,4h,trend,ema_slope,"{""span"": 20, ""thr"": 0.005}",-3.3737588700376477,-1.390097166462827,-0.12337213425895877,26.0
ATOMUSDT,4h,trend,ema_slope,"{""span"": 50, ""thr"": 0.0}",-0.23873648362178598,-0.8175706002614107,-0.2499856774491026,82.5
ATOMUSDT,4h,trend,ema_slope,"{""span"": 50, ""thr"": 0.001}",-2.2168692431140142,-0.4041760633493517,-0.12305074744634381,61.0
ATOMUSDT,4h,trend,ema_slope,"{""span"": 50, ""thr"": 0.005}",-3.527541845190842,-2.9733674163507677,-0.06665658146271403,4.0
ATOMUSDT,4h,trend,ema_slope,"{""span"": 100, ""thr"": 0.0}",-0.21584177909580207,-0.7107303639838746,-0.22928343295622378,44.5
ATOMUSDT,4h,trend,ema_slope,"{""span"": 100, ""thr"": 0.001}",-0.7053574655410033,-2.9051049367456647,-0.4054353318601177,53.0
ATOMUSDT,4h,trend,ema_slope,"{""span"": 100, ""thr"": 0.005}",-1.7712870128998206,0.0,0.0,0.0
ATOMUSDT,4h,trend,price_ema,"{""span"": 20, ""thr"": 0.0}",-1.8843668831306357,0.06061190502356092,-0.05842918026173127,110.5
ATOMUSDT,4h,trend,price_ema,"{""span"": 20, ""thr"": 0.02}",-2.4344622173860393,-3.1856556582892326,-0.441414313447854,98.0
ATOMUSDT,4h,trend,price_ema,"{""span"": 20, ""thr"": 0.05}",-2.9866328790590115,-2.1578789299217775,-0.17266242908978802,29.0
ATOMUSDT,4h,trend,price_ema,"{""span"": 50, ""thr"": 0.0}",-0.23873648362178598,-0.8175706002614107,-0.2499856774491026,82.5
ATOMUSDT,4h,trend,price_ema,"{""span"": 50, ""thr"": 0.02}",-1.6712020873635114,-0.1433101967270853,-0.07870251286205676,57.0
ATOMUSDT,4h,trend,price_ema,"{""span"": 50, ""thr"": 0.05}",-1.7605783578316678,-1.1815104969173573,-0.17428646008210125,38.0
ATOMUSDT,4h,trend,price_ema,"{""span"": 100, ""thr"": 0.0}",-0.21584177909580207,-0.7107303639838746,-0.22928343295622378,44.5
ATOMUSDT,4h,trend,price_ema,"{""span"": 100, ""thr"": 0.02}",-1.065382594134778,0.08170245919481015,-0.040521037903116564,41.5
ATOMUSDT,4h,trend,price_ema,"{""span"": 100, ""thr"": 0.05}",-0.8526087369449102,-2.734410301010919,-0.38766872159444143,51.0
ATOMUSDT,4h,trend,donchian,"{""lb"": 10}",-2.925926542797452,-6.965733381031471,-0.6386737620612433,173.0
ATOMUSDT,4h,trend,donchian,"{""lb"": 20}",-1.5747689806462692,-6.17583992912625,-0.532262166702054,124.0
ATOMUSDT,4h,trend,donchian,"{""lb"": 55}",-0.6369246585680435,-4.431210077564333,-0.36323188178085397,77.0
ATOMUSDT,4h,momentum,mom_ret,"{""lb"": 5, ""thr"": 0.0}",-2.0308370604353505,-4.085813239816348,-0.6800508062805732,201.5
ATOMUSDT,4h,momentum,mom_ret,"{""lb"": 5, ""thr"": 0.02}",-1.6729249250669795,-4.038100333921767,-0.5098869994447572,140.0
ATOMUSDT,4h,momentum,mom_ret,"{""lb"": 5, ""thr"": 0.05}",-2.318802000720958,-2.3076969354130625,-0.1787827822138901,38.0
ATOMUSDT,4h,momentum,mom_ret,"{""lb"": 10, ""thr"": 0.0}",-2.6536442970795933,-0.47198660430380035,-0.18138841040356124,130.5
ATOMUSDT,4h,momentum,mom_ret,"{""lb"": 10, ""thr"": 0.02}",-2.5658805414143693,-2.5051757626261044,-0.40772815508102045,111.0
ATOMUSDT,4h,momentum,mom_ret,"{""lb"": 10, ""thr"": 0.05}",-3.861385711868701,-0.3419371849354801,-0.053330815442562574,38.0
ATOMUSDT,4h,momentum,mom_ret,"{""lb"": 20, ""thr"": 0.0}",-1.190317833296009,-1.0855558270247803,-0.3015615555952701,112.5
ATOMUSDT,4h,momentum,mom_ret,"{""lb"": 20, ""thr"": 0.02}",-2.7708513519835085,0.24731303598769735,-0.0011931001015300646,81.0
ATOMUSDT,4h,momentum,mom_ret,"{""lb"": 20, ""thr"": 0.05}",-1.4257230062389337,-1.6724453082079866,-0.265902503907709,64.0
ATOMUSDT,4h,momentum,mom_ret,"{""lb"": 50, ""thr"": 0.0}",-0.5351063080627283,0.0257916716871044,-0.06678118164893043,54.5
ATOMUSDT,4h,momentum,mom_ret,"{""lb"": 50, ""thr"": 0.02}",0.14663722633364853,-1.0074780924447762,-0.25769023723627016,63.5
ATOMUSDT,4h,momentum,mom_ret,"{""lb"": 50, ""thr"": 0.05}",-0.4957919288860344,-0.3542253410417968,-0.11397087158836838,45.0
ATOMUSDT,4h,meanrev,rsi,"{""ob"": 65, ""os_"": 20}",0.93707193558106,-1.1704302927307233,-0.14952195543338975,57.0
ATOMUSDT,4h,meanrev,rsi,"{""ob"": 65, ""os_"": 30}",0.706027044625005,-2.0033502681302005,-0.27191340476000425,81.0
ATOMUSDT,4h,meanrev,rsi,"{""ob"": 65, ""os_"": 35}",0.6588096000355955,-1.9074084826327184,-0.30263150038773035,93.0
ATOMUSDT,4h,meanrev,rsi,"{""ob"": 70, ""os_"": 20}",0.8430591882845159,-0.7243069245577749,-0.07751458934798838,45.0
ATOMUSDT,4h,meanrev,rsi,"{""ob"": 70, ""os_"": 30}",0.5891863433233896,-1.755072960324269,-0.21026854709405862,69.0
ATOMUSDT,4h,meanrev,rsi,"{""ob"": 70, ""os_"": 35}",0.5466267204665533,-1.647017012290892,-0.24358744961085577,81.0
ATOMUSDT,4h,meanrev,rsi,"{""ob"": 80, ""os_"": 20}",1.0304969096865313,-0.390232627690237,-0.029565722297380415,21.0
ATOMUSDT,4h,meanrev,rsi,"{""ob"": 80, ""os_"": 30}",0.5760354347313066,-1.7079993012608325,-0.16921995380052834,45.0
ATOMUSDT,4h,meanrev,rsi,"{""ob"": 80, ""os_"": 35}",0.5145755438134549,-1.5334245039684822,-0.20427070335642405,57.0
ATOMUSDT,4h,meanrev,zscore,"{""lb"": 20, ""z"": 1.5}",-1.4069996231612993,-2.1819870477783163,-0.2803367367665469,99.0
ATOMUSDT,4h,meanrev,zscore,"{""lb"": 20, ""z"": 2.0}",-1.6291254168258575,-2.4557410639840116,-0.2160985288027355,55.0
ATOMUSDT,4h,meanrev,zscore,"{""lb"": 20, ""z"": 2.5}",-1.0620821484103642,-0.6762418237343853,-0.03304068389678705,17.0
ATOMUSDT,4h,meanrev,zscore,"{""lb"": 50, ""z"": 1.5}",-0.6020590798806568,-1.5530494305421336,-0.23681378076436377,59.0
ATOMUSDT,4h,meanrev,zscore,"{""lb"": 50, ""z"": 2.0}",-1.2317026498689783,-0.6155527065994173,-0.060989694954523443,40.0
ATOMUSDT,4h,meanrev,zscore,"{""lb"": 50, ""z"": 2.5}",-0.12126189928541466,0.6257782570573882,0.02872229712982377,20.0
ATOMUSDT,4h,meanrev,bb,"{""span"": 20, ""mult"": 1.5}",-1.4069996231612993,-2.1819870477783163,-0.2803367367665469,99.0
ATOMUSDT,4h,meanrev,bb,"{""span"": 20, ""mult"": 2.0}",-1.6291254168258575,-2.4557410639840116,-0.2160985288027355,55.0
ATOMUSDT,4h,meanrev,bb,"{""span"": 20, ""mult"": 2.5}",-1.0620821484103642,-0.6762418237343853,-0.03304068389678705,17.0
ATOMUSDT,4h,meanrev,bb,"{""span"": 50, ""mult"": 1.5}",-0.6020590798806568,-1.5530494305421336,-0.23681378076436377,59.0
ATOMUSDT,4h,meanrev,bb,"{""span"": 50, ""mult"": 2.0}",-1.2317026498689783,-0.6155527065994173,-0.060989694954523443,40.0
ATOMUSDT,4h,meanrev,bb,"{""span"": 50, ""mult"": 2.5}",-0.12126189928541466,0.6257782570573882,0.02872229712982377,20.0
ATOMUSDT,4h,carry,funding,"{""thr"": 5e-05}",-0.2181186817678878,-2.3345332549925337,-0.4209535446617031,128.5
ATOMUSDT,4h,carry,funding,"{""thr"": 0.0001}",-1.265167711793273,-2.0425662007583933,-0.2936605787095544,76.0
ATOMUSDT,4h,carry,funding,"{""thr"": 0.0002}",-2.243349154698249,-0.5746250758582605,-0.06676658900272303,36.0
ATOMUSDT,4h,carry,funding,"{""thr"": 0.0005}",0.04555009530005864,-1.7075512986930628,-0.08471417147915627,7.0
ATOMUSDT,4h,carry,funding_pct,"{""lb"": 100, ""hi"": 0.8}",-2.2337369422842333,-3.0471921913080124,-0.41642653223689896,117.5
ATOMUSDT,4h,carry,funding_pct,"{""lb"": 100, ""hi"": 0.9}",-1.3389698267737729,-1.3766141150861677,-0.15962717237905577,66.5
ATOMUSDT,4h,carry,funding_pct,"{""lb"": 100, ""hi"": 0.95}",-2.1356809121411944,1.7711292129149498,0.14811260066411402,45.0
ATOMUSDT,4h,carry,funding_pct,"{""lb"": 500, ""hi"": 0.8}",-0.4784275650842517,-3.977789959145808,-0.5001539468411553,105.5
ATOMUSDT,4h,carry,funding_pct,"{""lb"": 500, ""hi"": 0.9}",-0.5800472864349139,-3.0575598518807436,-0.31734162496310814,58.0
ATOMUSDT,4h,carry,funding_pct,"{""lb"": 500, ""hi"": 0.95}",-0.7142187792015001,-1.2290550911212021,-0.08266294144397834,25.0
ATOMUSDT,4h,carry,funding_mom,"{""lb"": 24}",-1.7835600610646987,-2.616244653246664,-0.5276622015645264,182.5
ATOMUSDT,4h,carry,funding_mom,"{""lb"": 100}",0.605277265746218,-2.4830855904135767,-0.5127530416972933,152.5
ATOMUSDT,4h,carry,funding_mom,"{""lb"": 500}",-2.511099298111692,-0.8925117873551198,-0.2640917365481611,148.5
ATOMUSDT,4h,carry,funding_price_div,"{""lb"": 24}",-3.4259113829682266,-2.135443411313195,-0.3195477780905315,121.5
ATOMUSDT,4h,carry,funding_price_div,"{""lb"": 100}",0.6898864290550215,-5.202294430996,-0.541107185950167,104.5
ATOMUSDT,4h,carry,funding_price_div,"{""lb"": 500}",-1.773225759723801,-3.328644352411673,-0.3998160983601201,87.5
ATOMUSDT,4h,ichimoku,cloud,"{""tenkan"": 9, ""kijun"": 26, ""senkou"": 52, ""disp"": 26}",-0.4474892487178804,0.06853678828676256,-0.04755685402363685,53.5
ATOMUSDT,4h,ichimoku,cloud_fast,"{""tenkan"": 7, ""kijun"": 14, ""senkou"": 28, ""disp"": 14}",-1.9604451878700304,0.022702117362915247,-0.06114029486673289,66.5
ATOMUSDT,4h,ichimoku,cloud_slow,"{""tenkan"": 12, ""kijun"": 24, ""senkou"": 52, ""disp"": 24}",-0.30183639597780965,-0.175625490128403,-0.10084760917028335,53.5
ATOMUSDT,4h,ichimoku,tk,"{""tenkan"": 9, ""kijun"": 26}",-0.8934562316402043,0.9778152007324142,0.19107925692490713,42.5
ATOMUSDT,4h,ichimoku,combo,"{""tenkan"": 9, ""kijun"": 26, ""senkou"": 52, ""disp"": 26}",-0.6655062236676502,0.9690799961735587,0.1699936989324633,43.5
ATOMUSDT,1h,trend,ema_cross,"{""fast"": 10, ""slow"": 50}",-2.373935904196528,-0.02077485377815724,-0.08826595984876084,89.5
ATOMUSDT,1h,trend,ema_cross,"{""fast"": 10, ""slow"": 100}",-1.0688404099190922,0.3578592024149651,0.012421173496002025,66.5
ATOMUSDT,1h,trend,ema_cross,"{""fast"": 10, ""slow"": 200}",-0.37523747891384357,-0.5258829008996831,-0.20598726516272392,58.5
ATOMUSDT,1h,trend,ema_cross,"{""fast"": 20, ""slow"": 50}",-1.8770298940930117,-0.41704281778640745,-0.18194406076383995,65.5
ATOMUSDT,1h,trend,ema_cross,"{""fast"": 20, ""slow"": 100}",-1.8606989705628691,0.23803015081567602,-0.02055464067641588,52.5
ATOMUSDT,1h,trend,ema_cross,"{""fast"": 20, ""slow"": 200}",-1.0159676019719286,-0.9325544263975406,-0.290268554072209,46.5
ATOMUSDT,1h,trend,ema_cross,"{""fast"": 50, ""slow"": 100}",-1.2257486412022287,0.3010300454825703,-0.003217446643251076,30.5
ATOMUSDT,1h,trend,ema_cross,"{""fast"": 50, ""slow"": 200}",-0.7998699916297872,-0.07447830249354116,-0.10091798288117082,24.5
ATOMUSDT,1h,trend,ema_slope,"{""span"": 20, ""thr"": 0.0}",-6.451015384356268,-7.092041690542219,-0.8745129651703445,509.5
ATOMUSDT,1h,trend,ema_slope,"{""span"": 20, ""thr"": 0.001}",-6.133451148412554,-9.14023086235295,-0.8523975368125505,381.0
ATOMUSDT,1h,trend,ema_slope,"{""span"": 20, ""thr"": 0.005}",-1.4572220853165205,-4.7324615298627775,-0.17131863121084467,12.0
ATOMUSDT,1h,trend,ema_slope,"{""span"": 50, ""thr"": 0.0}",-3.8212974064316696,-2.3869079898323133,-0.5278644710056484,287.5
ATOMUSDT,1h,trend,ema_slope,"{""span"": 50, ""thr"": 0.001}",-4.111663727455414,-5.639605117916948,-0.6299022270635178,150.0
ATOMUSDT,1h,trend,ema_slope,"{""span"": 50, ""thr"": 0.005}",-2.0092390453056126,0.0,0.0,0.0
ATOMUSDT,1h,trend,ema_slope,"{""span"": 100, ""thr"": 0.0}",-3.376298644579683,-1.003634329902086,-0.305478372000783,202.5
ATOMUSDT,1h,trend,ema_slope,"{""span"": 100, ""thr"": 0.001}",-2.911645444930448,-3.068519936260644,-0.3612990475271487,63.0
ATOMUSDT,1h,trend,ema_slope,"{""span"": 100, ""thr"": 0.005}",-1.0225057722853057,0.0,0.0,0.0
ATOMUSDT,1h,trend,price_ema,"{""span"": 20, ""thr"": 0.0}",-6.451015384356268,-7.092041690542219,-0.8745129651703445,509.5
ATOMUSDT,1h,trend,price_ema,"{""span"": 20, ""thr"": 0.02}",-4.578854314275013,-6.564130169801298,-0.5884597869259665,141.0
ATOMUSDT,1h,trend,price_ema,"{""span"": 20, ""thr"": 0.05}",-0.7955669771677429,-4.046837013624338,-0.14476433287821,8.0
ATOMUSDT,1h,trend,price_ema,"{""span"": 50, ""thr"": 0.0}",-3.8212974064316696,-2.3869079898323133,-0.5278644710056484,287.5
ATOMUSDT,1h,trend,price_ema,"{""span"": 50, ""thr"": 0.02}",-4.376171814905363,-6.9004467100305735,-0.7348334503330085,204.0
ATOMUSDT,1h,trend,price_ema,"{""span"": 50, ""thr"": 0.05}",-1.7137685818216553,-3.6077143887203538,-0.27008390602252996,40.0
ATOMUSDT,1h,trend,price_ema,"{""span"": 100, ""thr"": 0.0}",-3.376298644579683,-1.003634329902086,-0.305478372000783,202.5
ATOMUSDT,1h,trend,price_ema,"{""span"": 100, ""thr"": 0.02}",-3.9785440454397945,-2.0586927263510555,-0.40082672945535525,158.0
ATOMUSDT,1h,trend,price_ema,"{""span"": 100, ""thr"": 0.05}",-3.0697671572304066,-3.095118319222594,-0.36171506689497746,62.0
ATOMUSDT,1h,trend,donchian,"{""lb"": 10}",-11.299645884836995,-18.80664257662969,-0.9568908001211197,675.5
ATOMUSDT,1h,trend,donchian,"{""lb"": 20}",-8.301489211224022,-16.55382169071594,-0.9049766607922709,477.0
ATOMUSDT,1h,trend,donchian,"{""lb"": 55}",-5.067928724474704,-13.071253593924252,-0.779966735061311,279.0
ATOMUSDT,1h,momentum,mom_ret,"{""lb"": 5, ""thr"": 0.0}",-10.901794345683637,-11.523732382976803,-0.9640809042574093,786.5
ATOMUSDT,1h,momentum,mom_ret,"{""lb"": 5, ""thr"": 0.02}",-5.290857288660525,-10.266114076086414,-0.7548600190251714,244.0
ATOMUSDT,1h,momentum,mom_ret,"{""lb"": 5, ""thr"": 0.05}",-0.25330848940256445,-3.665516641544652,-0.14470448260130664,13.0
ATOMUSDT,1h,momentum,mom_ret,"{""lb"": 10, ""thr"": 0.0}",-6.28269658747613,-7.028062173675282,-0.87067292954678,536.5
ATOMUSDT,1h,momentum,mom_ret,"{""lb"": 10, ""thr"": 0.02}",-6.193865820840719,-8.496732640076992,-0.7737668903695752,301.0
ATOMUSDT,1h,momentum,mom_ret,"{""lb"": 10, ""thr"": 0.05}",-1.680866139870203,-4.41945020931465,-0.2464345544798524,41.0
ATOMUSDT,1h,momentum,mom_ret,"{""lb"": 20, ""thr"": 0.0}",-4.644652490386706,-6.2171125561427125,-0.8361679375038382,377.5
ATOMUSDT,1h,momentum,mom_ret,"{""lb"": 20, ""thr"": 0.02}",-4.007180018110643,-6.5870687662898115,-0.7499429791609347,288.0
ATOMUSDT,1h,momentum,mom_ret,"{""lb"": 20, ""thr"": 0.05}",-2.863489040655755,-4.505824693293095,-0.38193159105028085,80.0
ATOMUSDT,1h,momentum,mom_ret,"{""lb"": 50, ""thr"": 0.0}",-3.1811866750897955,-1.9609650166424857,-0.4683885261762514,234.5
ATOMUSDT,1h,momentum,mom_ret,"{""lb"": 50, ""thr"": 0.02}",-3.5528534676481005,-2.3542117155899183,-0.4592301297647011,221.0
ATOMUSDT,1h,momentum,mom_ret,"{""lb"": 50, ""thr"": 0.05}",-3.6630418486119183,-1.8895490197171503,-0.29345206508584165,112.0
ATOMUSDT,1h,meanrev,rsi,"{""ob"": 65, ""os_"": 20}",-4.584679463474328,-4.719264127348479,-0.4934485807223564,214.0
ATOMUSDT,1h,meanrev,rsi,"{""ob"": 65, ""os_"": 30}",-4.864299844861469,-5.899918880833165,-0.6327348815006159,294.0
ATOMUSDT,1h,meanrev,rsi,"{""ob"": 65, ""os_"": 35}",-5.70826252136315,-6.765162041353964,-0.723973084603688,343.0
ATOMUSDT,1h,meanrev,rsi,"{""ob"": 70, ""os_"": 20}",-3.790188017498159,-3.6838130496538755,-0.3453201136857509,178.0
ATOMUSDT,1h,meanrev,rsi,"{""ob"": 70, ""os_"": 30}",-4.158523296707005,-5.106194744981258,-0.5253372572339396,258.0
ATOMUSDT,1h,meanrev,rsi,"{""ob"": 70, ""os_"": 35}",-5.087739255339617,-6.084828970470784,-0.6432558221847884,307.0
ATOMUSDT,1h,meanrev,rsi,"{""ob"": 80, ""os_"": 20}",-2.026609364824524,-3.1123622093165566,-0.18147704217636207,94.0
ATOMUSDT,1h,meanrev,rsi,"{""ob"": 80, ""os_"": 30}",-2.701985430021086,-4.716986833217183,-0.40654606885072087,174.0
ATOMUSDT,1h,meanrev,rsi,"{""ob"": 80, ""os_"": 35}",-3.8271822911603754,-5.759627765057161,-0.5539754531705526,223.0
ATOMUSDT,1h,meanrev,zscore,"{""lb"": 20, ""z"": 1.5}",-7.0860366291138694,-8.321607224333858,-0.7447066000287499,397.5
ATOMUSDT,1h,meanrev,zscore,"{""lb"": 20, ""z"": 2.0}",-6.850751564465446,-6.273589649831982,-0.46877509684230134,229.0
ATOMUSDT,1h,meanrev,zscore,"{""lb"": 20, ""z"": 2.5}",-3.541003650223038,-3.72599824504738,-0.1777503490805764,70.0
ATOMUSDT,1h,meanrev,zscore,"{""lb"": 50, ""z"": 1.5}",-3.9982367300360733,-4.221415000586337,-0.5263171942472131,253.0
ATOMUSDT,1h,meanrev,zscore,"{""lb"": 50, ""z"": 2.0}",-4.270334072374717,-3.338621727612336,-0.3302710647898063,175.0
ATOMUSDT,1h,meanrev,zscore,"{""lb"": 50, ""z"": 2.5}",-3.4043099154266243,-1.4400456144671114,-0.10381903025826356,85.0
ATOMUSDT,1h,meanrev,bb,"{""span"": 20, ""mult"": 1.5}",-7.0860366291138694,-8.321607224333858,-0.7447066000287499,397.5
ATOMUSDT,1h,meanrev,bb,"{""span"": 20, ""mult"": 2.0}",-6.850751564465446,-6.273589649831982,-0.46877509684230134,229.0
ATOMUSDT,1h,meanrev,bb,"{""span"": 20, ""mult"": 2.5}",-3.541003650223038,-3.72599824504738,-0.1777503490805764,70.0
ATOMUSDT,1h,meanrev,bb,"{""span"": 50, ""mult"": 1.5}",-3.9982367300360733,-4.221415000586337,-0.5263171942472131,253.0
ATOMUSDT,1h,meanrev,bb,"{""span"": 50, ""mult"": 2.0}",-4.270334072374717,-3.338621727612336,-0.3302710647898063,175.0
ATOMUSDT,1h,meanrev,bb,"{""span"": 50, ""mult"": 2.5}",-3.4043099154266243,-1.4400456144671114,-0.10381903025826356,85.0
ATOMUSDT,1h,carry,funding,"{""thr"": 5e-05}",0.513609216586587,-1.9586623839608415,-0.40805180296745724,129.5
ATOMUSDT,1h,carry,funding,"{""thr"": 0.0001}",-0.6558439042081554,-2.050110922601876,-0.32064931472124236,76.0
ATOMUSDT,1h,carry,funding,"{""thr"": 0.0002}",-1.2915963716907097,-0.6778988643944315,-0.08617354371060482,36.0
ATOMUSDT,1h,carry,funding,"{""thr"": 0.0005}",0.06832391995751826,-1.9079828185853656,-0.11239617790754786,7.0
ATOMUSDT,1h,carry,funding_pct,"{""lb"": 100, ""hi"": 0.8}",-0.841362346064927,-4.067514902958999,-0.5283433810697229,160.0
ATOMUSDT,1h,carry,funding_pct,"{""lb"": 100, ""hi"": 0.9}",-1.1235660457921175,-4.577820088635396,-0.4249088743007551,121.0
ATOMUSDT,1h,carry,funding_pct,"{""lb"": 100, ""hi"": 0.95}",-1.0014577212900526,-2.0629826003164764,-0.1665043771729271,68.0
ATOMUSDT,1h,carry,funding_pct,"{""lb"": 500, ""hi"": 0.8}",-1.359211683881019,-2.8607119671893098,-0.4416010632405656,123.0
ATOMUSDT,1h,carry,funding_pct,"{""lb"": 500, ""hi"": 0.9}",-0.5527673752004402,-0.2272498933146414,-0.04640144702358573,69.0
ATOMUSDT,1h,carry,funding_pct,"{""lb"": 500, ""hi"": 0.95}",-0.03291821142062733,1.778729352708542,0.15646317778465124,35.0
ATOMUSDT,1h,carry,funding_mom,"{""lb"": 24}",-1.6925368957157332,-3.398883340333603,-0.642136221680951,245.5
ATOMUSDT,1h,carry,funding_mom,"{""lb"": 100}",-0.8984486379290206,-2.9000560931986374,-0.5889418156571711,234.5
ATOMUSDT,1h,carry,funding_mom,"{""lb"": 500}",-0.8361754113945106,-3.7334188092385885,-0.676210756594742,209.5
ATOMUSDT,1h,carry,funding_price_div,"{""lb"": 24}",-4.120603535641419,-6.357459723321191,-0.6961333125813153,274.0
ATOMUSDT,1h,carry,funding_price_div,"{""lb"": 100}",-2.895253238844129,-3.628503569430458,-0.47974761077055816,193.5
ATOMUSDT,1h,carry,funding_price_div,"{""lb"": 500}",-0.2334260632701433,-3.744673658056481,-0.5000173451110139,130.5
ATOMUSDT,1h,ichimoku,cloud,"{""tenkan"": 9, ""kijun"": 26, ""senkou"": 52, ""disp"": 26}",-3.0527982210656153,-2.3675887408151106,-0.4988700843323104,178.5
ATOMUSDT,1h,ichimoku,cloud_fast,"{""tenkan"": 7, ""kijun"": 14, ""senkou"": 28, ""disp"": 14}",-2.9591661060488574,-3.9717924269132525,-0.6677602799764081,270.0
ATOMUSDT,1h,ichimoku,cloud_slow,"{""tenkan"": 12, ""kijun"": 24, ""senkou"": 52, ""disp"": 24}",-3.3819726666544283,-2.314749389223757,-0.4898667935964297,177.5
ATOMUSDT,1h,ichimoku,tk,"{""tenkan"": 9, ""kijun"": 26}",-2.3242667988042256,-2.796127317754526,-0.5654341428158258,181.5
ATOMUSDT,1h,ichimoku,combo,"{""tenkan"": 9, ""kijun"": 26, ""senkou"": 52, ""disp"": 26}",-3.995733710776963,-3.134789408508515,-0.5434379276550789,174.0
AVAXUSDT,1d,trend,ema_cross,"{""fast"": 10, ""slow"": 50}",0.4237054548968148,0.18840939731244755,-0.2989010381205157,11.5
AVAXUSDT,1d,trend,ema_cross,"{""fast"": 10, ""slow"": 100}",0.5909862541014369,0.45557130964564096,0.02346735165987357,7.5
AVAXUSDT,1d,trend,ema_cross,"{""fast"": 10, ""slow"": 200}",0.00042310632814528647,0.2761742548327846,-0.2064643346595365,5.5
AVAXUSDT,1d,trend,ema_cross,"{""fast"": 20, ""slow"": 50}",0.5200090167720613,0.381692002045428,-0.07732572812245586,9.5
AVAXUSDT,1d,trend,ema_cross,"{""fast"": 20, ""slow"": 100}",0.49747788698638296,0.5137167317063147,0.1122955375140835,3.5
AVAXUSDT,1d,trend,ema_cross,"{""fast"": 20, ""slow"": 200}",-0.08816892193110615,0.09714864296568909,-0.38572962390725163,5.5
AVAXUSDT,1d,trend,ema_cross,"{""fast"": 50, ""slow"": 100}",0.1867909861410866,0.07170764708896343,-0.40719329489065537,3.5
AVAXUSDT,1d,trend,ema_cross,"{""fast"": 50, ""slow"": 200}",-0.3935957618910533,0.048337737756498515,-0.4270239767810059,3.5
AVAXUSDT,1d,trend,ema_slope,"{""span"": 20, ""thr"": 0.0}",0.5549193877181969,-0.7107355916631733,-0.8019939819270596,87.5
AVAXUSDT,1d,trend,ema_slope,"{""span"": 20, ""thr"": 0.001}",0.6888385810906207,-0.6758793724236426,-0.7766959830530641,93.0
AVAXUSDT,1d,trend,ema_slope,"{""span"": 20, ""thr"": 0.005}",0.8422826531695983,-0.07924762256739339,-0.40062573437565496,56.0
AVAXUSDT,1d,trend,ema_slope,"{""span"": 50, ""thr"": 0.0}",0.568199729212363,0.4768993341228625,0.07185274402687436,37.5
AVAXUSDT,1d,trend,ema_slope,"{""span"": 50, ""thr"": 0.001}",0.4993799291680402,-0.18789276767752555,-0.5352348396977462,46.5
AVAXUSDT,1d,trend,ema_slope,"{""span"": 50, ""thr"": 0.005}",0.160935046955518,-0.07879093116890712,-0.337206218307637,28.0
AVAXUSDT,1d,trend,ema_slope,"{""span"": 100, ""thr"": 0.0}",0.08186530813442869,0.249111816588027,-0.23571366556800788,21.5
AVAXUSDT,1d,trend,ema_slope,"{""span"": 100, ""thr"": 0.001}",0.37119998173411467,0.0421273571535157,-0.39479849817822443,21.5
AVAXUSDT,1d,trend,ema_slope,"{""span"": 100, ""thr"": 0.005}",-0.10993055544023193,-0.5497988539495003,-0.5192548269247563,21.0
AVAXUSDT,1d,trend,price_ema,"{""span"": 20, ""thr"": 0.0}",0.5549193877181969,-0.7107355916631733,-0.8019939819270596,87.5
AVAXUSDT,1d,trend,price_ema,"{""span"": 20, ""thr"": 0.02}",0.7868338954143683,-0.43481768338013554,-0.6713087060915582,81.0
AVAXUSDT,1d,trend,price_ema,"{""span"": 20, ""thr"": 0.05}",0.8264255425403578,-0.21174952188842278,-0.46204449659950475,54.0
AVAXUSDT,1d,trend,price_ema,"{""span"": 50, ""thr"": 0.0}",0.568199729212363,0.4768993341228625,0.07185274402687436,37.5
AVAXUSDT,1d,trend,price_ema,"{""span"": 50, ""thr"": 0.02}",0.4731409869496481,-0.3784795507536065,-0.645162583141304,47.5
AVAXUSDT,1d,trend,price_ema,"{""span"": 50, ""thr"": 0.05}",0.5805101392957247,0.003690876804734919,-0.37251989835498567,40.5
AVAXUSDT,1d,trend,price_ema,"{""span"": 100, ""thr"": 0.0}",0.08186530813442869,0.249111816588027,-0.23571366556800788,21.5
AVAXUSDT,1d,trend,price_ema,"{""span"": 100, ""thr"": 0.02}",0.3064489607150947,0.12471472380042806,-0.3428959160856677,25.5
AVAXUSDT,1d,trend,price_ema,"{""span"": 100, ""thr"": 0.05}",0.37119998173411467,0.030314510530698145,-0.4043305013512888,22.5
AVAXUSDT,1d,trend,donchian,"{""lb"": 10}",0.329049925009394,-0.9551776300250557,-0.6629234231657095,98.0
AVAXUSDT,1d,trend,donchian,"{""lb"": 20}",0.18407681651661104,-0.31766449038756234,-0.33454056144141564,64.0
AVAXUSDT,1d,trend,donchian,"{""lb"": 55}",-0.2745727525059492,-0.5558251264949656,-0.4027115659588505,41.0
AVAXUSDT,1d,momentum,mom_ret,"{""lb"": 5, ""thr"": 0.0}",0.5892621457140325,-1.101593620567595,-0.8864176405592396,133.5
AVAXUSDT,1d,momentum,mom_ret,"{""lb"": 5, ""thr"": 0.02}",0.7155405626730437,-0.6856063831443197,-0.759297229795117,125.0
AVAXUSDT,1d,momentum,mom_ret,"{""lb"": 5, ""thr"": 0.05}",0.7191013749052029,-1.3411772270206141,-0.8611016988486497,113.0
AVAXUSDT,1d,momentum,mom_ret,"{""lb"": 10, ""thr"": 0.0}",0.9300906180866853,-0.260524931036584,-0.6243787200490478,87.5
AVAXUSDT,1d,momentum,mom_ret,"{""lb"": 10, ""thr"": 0.02}",0.8674630946376948,-0.8325681103203815,-0.8052147681637698,89.5
AVAXUSDT,1d,momentum,mom_ret,"{""lb"": 10, ""thr"": 0.05}",0.520878190083725,-0.6977313204946327,-0.7158176818065739,82.0
AVAXUSDT,1d,momentum,mom_ret,"{""lb"": 20, ""thr"": 0.0}",0.7456624955572969,-0.08412852840169,-0.5161453015515585,74.5
AVAXUSDT,1d,momentum,mom_ret,"{""lb"": 20, ""thr"": 0.02}",0.5411300868012393,0.05715792527501004,-0.38694840474409686,61.0
AVAXUSDT,1d,momentum,mom_ret,"{""lb"": 20, ""thr"": 0.05}",0.5785922258907487,0.19869967768164573,-0.21497332192281293,54.0
AVAXUSDT,1d,momentum,mom_ret,"{""lb"": 50, ""thr"": 0.0}",0.5538940718492207,0.07919737807831415,-0.3990468181110084,29.5
AVAXUSDT,1d,momentum,mom_ret,"{""lb"": 50, ""thr"": 0.02}",0.6402649367594482,0.06359491067017783,-0.39677649576737206,27.5
AVAXUSDT,1d,momentum,mom_ret,"{""lb"": 50, ""thr"": 0.05}",0.5017060120046867,0.10046348919785854,-0.3486696679676965,32.5
AVAXUSDT,1d,meanrev,rsi,"{""ob"": 65, ""os_"": 20}",-1.072436131309318,-0.10030936126172743,-0.16716880283383406,22.0
AVAXUSDT,1d,meanrev,rsi,"{""ob"": 65, ""os_"": 30}",-0.9748200576719741,-0.4992489166894148,-0.44360820607997165,37.0
AVAXUSDT,1d,meanrev,rsi,"{""ob"": 65, ""os_"": 35}",-1.067825719255224,-0.14473562486620298,-0.3151747681876631,50.0
AVAXUSDT,1d,meanrev,rsi,"{""ob"": 70, ""os_"": 20}",-0.7693402867911827,-0.12898807858832845,-0.16076085627550984,21.0
AVAXUSDT,1d,meanrev,rsi,"{""ob"": 70, ""os_"": 30}",-0.6715046178109585,-0.5409158867664846,-0.4393272318644751,36.0
AVAXUSDT,1d,meanrev,rsi,"{""ob"": 70, ""os_"": 35}",-0.7962078850881583,-0.16360692979577124,-0.30990560499807773,49.0
AVAXUSDT,1d,meanrev,rsi,"{""ob"": 80, ""os_"": 20}",-0.8378983648494003,0.4856575472906469,0.15932544715682395,11.0
AVAXUSDT,1d,meanrev,rsi,"{""ob"": 80, ""os_"": 30}",-0.6624068461565844,-0.2082309376621688,-0.2254863080591043,26.0
AVAXUSDT,1d,meanrev,rsi,"{""ob"": 80, ""os_"": 35}",-0.7925878422841534,0.17167487254596708,-0.0467031965221778,39.0
AVAXUSDT,1d,meanrev,zscore,"{""lb"": 20, ""z"": 1.5}",-1.261548711445844,-0.4611141717102228,-0.43773478841303837,45.0
AVAXUSDT,1d,meanrev,zscore,"{""lb"": 20, ""z"": 2.0}",-0.6972599746717107,0.37822657193310744,0.10224209929957362,30.0
AVAXUSDT,1d,meanrev,zscore,"{""lb"": 20, ""z"": 2.5}",-0.5788408955958119,-0.17557674041868207,-0.04760844420132937,13.0
AVAXUSDT,1d,meanrev,zscore,"{""lb"": 50, ""z"": 1.5}",-1.0405967405460215,-0.4435088595108303,-0.4151979467821234,32.0
AVAXUSDT,1d,meanrev,zscore,"{""lb"": 50, ""z"": 2.0}",-0.56897822218943,-0.7060747434371327,-0.3202688997147102,13.0
AVAXUSDT,1d,meanrev,zscore,"{""lb"": 50, ""z"": 2.5}",0.06563536676865903,-0.42009502634736795,-0.15508831999916217,10.0
AVAXUSDT,1d,meanrev,bb,"{""span"": 20, ""mult"": 1.5}",-1.261548711445844,-0.4611141717102228,-0.43773478841303837,45.0
AVAXUSDT,1d,meanrev,bb,"{""span"": 20, ""mult"": 2.0}",-0.6972599746717107,0.37822657193310744,0.10224209929957362,30.0
AVAXUSDT,1d,meanrev,bb,"{""span"": 20, ""mult"": 2.5}",-0.5788408955958119,-0.17557674041868207,-0.04760844420132937,13.0
AVAXUSDT,1d,meanrev,bb,"{""span"": 50, ""mult"": 1.5}",-1.0405967405460215,-0.4435088595108303,-0.4151979467821234,32.0
AVAXUSDT,1d,meanrev,bb,"{""span"": 50, ""mult"": 2.0}",-0.56897822218943,-0.7060747434371327,-0.3202688997147102,13.0
AVAXUSDT,1d,meanrev,bb,"{""span"": 50, ""mult"": 2.5}",0.06563536676865903,-0.42009502634736795,-0.15508831999916217,10.0
AVAXUSDT,1d,carry,funding,"{""thr"": 5e-05}",-1.531504003489203,-0.8637632564686022,-0.767672060570405,192.5
AVAXUSDT,1d,carry,funding,"{""thr"": 0.0001}",-0.5478590483616047,-1.573460600234885,-0.611951301433079,66.5
AVAXUSDT,1d,carry,funding,"{""thr"": 0.0002}",-0.2892070665538785,-0.5006455857305248,-0.2157479850023426,25.0
AVAXUSDT,1d,carry,funding,"{""thr"": 0.0005}",0.1751200108938289,-0.8149419033457075,-0.07478141844413544,3.0
AVAXUSDT,1d,carry,funding_pct,"{""lb"": 100, ""hi"": 0.8}",-0.9096514820095994,-0.9377989570687175,-0.606157802328083,92.5
AVAXUSDT,1d,carry,funding_pct,"{""lb"": 100, ""hi"": 0.9}",-1.2512131527115218,-1.3017818095012825,-0.5176113326816707,50.5
AVAXUSDT,1d,carry,funding_pct,"{""lb"": 100, ""hi"": 0.95}",-0.8547214312160897,-1.119392247641718,-0.4366978973400135,36.0
AVAXUSDT,1d,carry,funding_pct,"{""lb"": 500, ""hi"": 0.8}",-0.8449883044914778,-1.0764914299102992,-0.611387238138241,85.5
AVAXUSDT,1d,carry,funding_pct,"{""lb"": 500, ""hi"": 0.9}",-1.196068053989911,-0.9072736112709883,-0.35908943057080944,53.0
AVAXUSDT,1d,carry,funding_pct,"{""lb"": 500, ""hi"": 0.95}",-1.0474856268121875,-0.6941633108534918,-0.18769584012826135,30.0
AVAXUSDT,1d,carry,funding_mom,"{""lb"": 24}",-1.4399727687857586,-1.6054383925137814,-0.9298467848344004,213.5
AVAXUSDT,1d,carry,funding_mom,"{""lb"": 100}",-2.0746693357896477,-0.7626070556253974,-0.7983465232609823,193.5
AVAXUSDT,1d,carry,funding_mom,"{""lb"": 500}",-1.012822888947894,0.23758255037526094,-0.22268253653907988,138.5
AVAXUSDT,1d,carry,funding_price_div,"{""lb"": 24}",-0.7853231276760136,-1.9972072420989178,-0.844918350570221,126.0
AVAXUSDT,1d,carry,funding_price_div,"{""lb"": 100}",-1.8663116554003905,-0.4462338135978837,-0.3971666189686577,93.0
AVAXUSDT,1d,carry,funding_price_div,"{""lb"": 500}",-1.01006829186054,0.31439538785626164,0.07495560204001483,54.0
AVAXUSDT,1d,ichimoku,cloud,"{""tenkan"": 9, ""kijun"": 26, ""senkou"": 52, ""disp"": 26}",0.6210511179590907,-0.3521414769487337,-0.6387930234929077,34.5
AVAXUSDT,1d,ichimoku,cloud_fast,"{""tenkan"": 7, ""kijun"": 14, ""senkou"": 28, ""disp"": 14}",0.904908166102588,-0.06113395282356724,-0.4592753084486173,48.0
AVAXUSDT,1d,ichimoku,cloud_slow,"{""tenkan"": 12, ""kijun"": 24, ""senkou"": 52, ""disp"": 24}",0.6773064291871294,-0.1385344086610437,-0.5206440634268973,31.5
AVAXUSDT,1d,ichimoku,tk,"{""tenkan"": 9, ""kijun"": 26}",0.5175171135379217,0.09598061837876319,-0.3736031478236794,32.5
AVAXUSDT,1d,ichimoku,combo,"{""tenkan"": 9, ""kijun"": 26, ""senkou"": 52, ""disp"": 26}",0.33420501351228615,-0.2023012216682024,-0.48198011786150985,36.5
AVAXUSDT,4h,trend,ema_cross,"{""fast"": 10, ""slow"": 50}",-0.06787490632394269,-4.528773275312309,-0.7441033350336594,41.5
AVAXUSDT,4h,trend,ema_cross,"{""fast"": 10, ""slow"": 100}",0.7817556197202168,-2.782212512134291,-0.5827631722065186,30.5
AVAXUSDT,4h,trend,ema_cross,"{""fast"": 10, ""slow"": 200}",1.434031284748241,-0.7373083659430208,-0.2579533031713992,12.5
AVAXUSDT,4h,trend,ema_cross,"{""fast"": 20, ""slow"": 50}",0.3803839371015806,-2.7341957794628353,-0.5770997232746775,26.5
AVAXUSDT,4h,trend,ema_cross,"{""fast"": 20, ""slow"": 100}",1.0833076483720814,-1.0330103354399678,-0.3169890605561363,16.5
AVAXUSDT,4h,trend,ema_cross,"{""fast"": 20, ""slow"": 200}",1.6552039412700512,-0.2975020965568705,-0.15968720287263705,8.5
AVAXUSDT,4h,trend,ema_cross,"{""fast"": 50, ""slow"": 100}",1.2787510235887956,-1.9813352669346718,-0.4777014185197923,12.5
AVAXUSDT,4h,trend,ema_cross,"{""fast"": 50, ""slow"": 200}",1.7293615541755787,-0.5492279696877608,-0.21723005026707287,6.5
AVAXUSDT,4h,trend,ema_slope,"{""span"": 20, ""thr"": 0.0}",-0.7466025836090692,-4.868002136775482,-0.7680717112137263,143.5
AVAXUSDT,4h,trend,ema_slope,"{""span"": 20, ""thr"": 0.001}",-0.7369140071468994,-4.556990787727655,-0.690085464385459,127.0
AVAXUSDT,4h,trend,ema_slope,"{""span"": 20, ""thr"": 0.005}",-0.923005022134401,-1.8339408149569434,-0.17077275816575577,24.0
AVAXUSDT,4h,trend,ema_slope,"{""span"": 50, ""thr"": 0.0}",-0.5202416010637692,-5.263584645905645,-0.7922728202915152,109.5
AVAXUSDT,4h,trend,ema_slope,"{""span"": 50, ""thr"": 0.001}",0.3008929559057812,-5.138780158457655,-0.6641146378402605,82.0
AVAXUSDT,4h,trend,ema_slope,"{""span"": 50, ""thr"": 0.005}",-2.843777432065438,1.1197100364119414,0.06108082351428901,1.0
AVAXUSDT,4h,trend,ema_slope,"{""span"": 100, ""thr"": 0.0}",0.618456546700339,-4.732015408551453,-0.7592742880890526,85.5
AVAXUSDT,4h,trend,ema_slope,"{""span"": 100, ""thr"": 0.001}",0.9917356319916866,-4.229942234772444,-0.5322984724009847,41.0
AVAXUSDT,4h,trend,ema_slope,"{""span"": 100, ""thr"": 0.005}",-1.8857916331412998,0.0,0.0,0.0
AVAXUSDT,4h,trend,price_ema,"{""span"": 20, ""thr"": 0.0}",-0.7466025836090692,-4.868002136775482,-0.7680717112137263,143.5
AVAXUSDT,4h,trend,price_ema,"{""span"": 20, ""thr"": 0.02}",-1.501310956180055,-4.797547826031815,-0.6187723229061349,100.0
AVAXUSDT,4h,trend,price_ema,"{""span"": 20, ""thr"": 0.05}",-1.2862557804122665,-1.404753260925526,-0.1326260168813569,21.0
AVAXUSDT,4h,trend,price_ema,"{""span"": 50, ""thr"": 0.0}",-0.5202416010637692,-5.263584645905645,-0.7922728202915152,109.5
AVAXUSDT,4h,trend,price_ema,"{""span"": 50, ""thr"": 0.02}",0.010055719506570665,-3.966308247930525,-0.5980879918389143,77.0
AVAXUSDT,4h,trend,price_ema,"{""span"": 50, ""thr"": 0.05}",0.3893983161887061,-3.040999816212605,-0.3435788657989447,36.0
AVAXUSDT,4h,trend,price_ema,"{""span"": 100, ""thr"": 0.0}",0.618456546700339,-4.732015408551453,-0.7592742880890526,85.5
AVAXUSDT,4h,trend,price_ema,"{""span"": 100, ""thr"": 0.02}",0.6350689342613123,-3.4760869837860664,-0.5968208297617061,62.0
AVAXUSDT,4h,trend,price_ema,"{""span"": 100, ""thr"": 0.05}",0.9917356319916866,-4.142019231872567,-0.5245765636843431,41.0
AVAXUSDT,4h,trend,donchian,"{""lb"": 10}",-2.0872367844197637,-5.469097484639829,-0.6208410303107135,171.0
AVAXUSDT,4h,trend,donchian,"{""lb"": 20}",-1.763144904968003,-6.434463129486856,-0.5975933212234004,115.0
AVAXUSDT,4h,trend,donchian,"{""lb"": 55}",-0.6542597271511184,-4.843110704500693,-0.39617764886625906,60.0
AVAXUSDT,4h,momentum,mom_ret,"{""lb"": 5, ""thr"": 0.0}",-2.5586965548586624,-4.215262573636441,-0.7207024551339696,209.5
AVAXUSDT,4h,momentum,mom_ret,"{""lb"": 5, ""thr"": 0.02}",-2.9105437656329425,-3.407654359857787,-0.4987244808234691,141.0
AVAXUSDT,4h,momentum,mom_ret,"{""lb"": 5, ""thr"": 0.05}",-2.2895035495653477,-2.4310370320062233,-0.2452143910205168,41.0
AVAXUSDT,4h,momentum,mom_ret,"{""lb"": 10, ""thr"": 0.0}",-1.0829868320104854,-5.150922994921637,-0.7850512202900258,163.5
AVAXUSDT,4h,momentum,mom_ret,"{""lb"": 10, ""thr"": 0.02}",-0.9879994447583641,-5.338024113808679,-0.7104427476354573,134.5
AVAXUSDT,4h,momentum,mom_ret,"{""lb"": 10, ""thr"": 0.05}",-0.3358613206477659,-3.4985119307416075,-0.41171607798876286,57.0
AVAXUSDT,4h,momentum,mom_ret,"{""lb"": 20, ""thr"": 0.0}",-1.433650071640651,-6.16788473929245,-0.8384345150942145,121.5
AVAXUSDT,4h,momentum,mom_ret,"{""lb"": 20, ""thr"": 0.02}",-0.9189871632022547,-5.643549676968316,-0.7483718544492965,108.0
AVAXUSDT,4h,momentum,mom_ret,"{""lb"": 20, ""thr"": 0.05}",-0.8107748173763332,-3.930003319774197,-0.4680651863113515,61.0
AVAXUSDT,4h,momentum,mom_ret,"{""lb"": 50, ""thr"": 0.0}",0.4336650984808559,-3.7549270316532644,-0.6842192851760336,79.5
AVAXUSDT,4h,momentum,mom_ret,"{""lb"": 50, ""thr"": 0.02}",0.5044622470211662,-3.2539987276673745,-0.5927852674203689,74.0
AVAXUSDT,4h,momentum,mom_ret,"{""lb"": 50, ""thr"": 0.05}",0.23408640336407036,-3.14157181614022,-0.49659322378594617,55.0
AVAXUSDT,4h,meanrev,rsi,"{""ob"": 65, ""os_"": 20}",-0.6029253634029497,0.375488970213791,0.028716374835800584,57.0
AVAXUSDT,4h,meanrev,rsi,"{""ob"": 65, ""os_"": 30}",-0.8911965082226762,-0.7618650809522811,-0.13885415132523704,70.0
AVAXUSDT,4h,meanrev,rsi,"{""ob"": 65, ""os_"": 35}",-1.1825490090421253,-0.8471590700143845,-0.1687782599185127,75.0
AVAXUSDT,4h,meanrev,rsi,"{""ob"": 70, ""os_"": 20}",0.1388634301405502,-0.7496958744876391,-0.07677880468942533,43.0
AVAXUSDT,4h,meanrev,rsi,"{""ob"": 70, ""os_"": 30}",-0.41462043444930846,-1.6599263101961528,-0.22716492203484928,56.0
AVAXUSDT,4h,meanrev,rsi,"{""ob"": 70, ""os_"": 35}",-0.7580358660091,-1.6344387810182046,-0.2540203041206053,61.0
AVAXUSDT,4h,meanrev,rsi,"{""ob"": 80, ""os_"": 20}",0.4053654572388569,-0.8790019873865913,-0.05567286481623379,17.0
AVAXUSDT,4h,meanrev,rsi,"{""ob"": 80, ""os_"": 30}",-0.3597556665565699,-1.7822475853252937,-0.20949698853172005,30.0
AVAXUSDT,4h,meanrev,rsi,"{""ob"": 80, ""os_"": 35}",-0.7396639068669121,-1.7046706966923237,-0.23696631674701896,35.0
AVAXUSDT,4h,meanrev,zscore,"{""lb"": 20, ""z"": 1.5}",-1.9467501490939108,-1.2738797567662272,-0.2118937816969544,92.0
AVAXUSDT,4h,meanrev,zscore,"{""lb"": 20, ""z"": 2.0}",-2.648162772519902,-0.41142203184720316,-0.057534875660747886,51.0
AVAXUSDT,4h,meanrev,zscore,"{""lb"": 20, ""z"": 2.5}",-1.6235224406281703,1.1821969036531317,0.04939809176767884,24.0
AVAXUSDT,4h,meanrev,zscore,"{""lb"": 50, ""z"": 1.5}",-0.8386531641456799,1.6024192733609914,0.24795470181762003,60.0
AVAXUSDT,4h,meanrev,zscore,"{""lb"": 50, ""z"": 2.0}",-0.9801923442520991,-0.6667758456488155,-0.08466189653300904,32.0
AVAXUSDT,4h,meanrev,zscore,"{""lb"": 50, ""z"": 2.5}",-0.4128445911285009,-1.072458662311973,-0.07240266483232938,21.0
AVAXUSDT,4h,meanrev,bb,"{""span"": 20, ""mult"": 1.5}",-1.9467501490939108,-1.2738797567662272,-0.2118937816969544,92.0
AVAXUSDT,4h,meanrev,bb,"{""span"": 20, ""mult"": 2.0}",-2.648162772519902,-0.41142203184720316,-0.057534875660747886,51.0
AVAXUSDT,4h,meanrev,bb,"{""span"": 20, ""mult"": 2.5}",-1.6235224406281703,1.1821969036531317,0.04939809176767884,24.0
AVAXUSDT,4h,meanrev,bb,"{""span"": 50, ""mult"": 1.5}",-0.8386531641456799,1.6024192733609914,0.24795470181762003,60.0
AVAXUSDT,4h,meanrev,bb,"{""span"": 50, ""mult"": 2.0}",-0.9801923442520991,-0.6667758456488155,-0.08466189653300904,32.0
AVAXUSDT,4h,meanrev,bb,"{""span"": 50, ""mult"": 2.5}",-0.4128445911285009,-1.072458662311973,-0.07240266483232938,21.0
AVAXUSDT,4h,carry,funding,"{""thr"": 5e-05}",-2.1110176568542687,1.3995932114740615,0.2806049225986955,144.5
AVAXUSDT,4h,carry,funding,"{""thr"": 0.0001}",-2.4895844147567057,-0.09358893849360442,-0.02508920059444264,40.0
AVAXUSDT,4h,carry,funding,"{""thr"": 0.0002}",-2.119330145417535,0.8209429449040262,0.05276004952237723,9.0
AVAXUSDT,4h,carry,funding,"{""thr"": 0.0005}",-0.02745089718263848,0.0,0.0,0.0
AVAXUSDT,4h,carry,funding_pct,"{""lb"": 100, ""hi"": 0.8}",-0.677761831097635,0.4948471774844436,0.05212554660061852,90.0
AVAXUSDT,4h,carry,funding_pct,"{""lb"": 100, ""hi"": 0.9}",-2.396452218029318,-0.9109918699800329,-0.12936008791370057,51.0
AVAXUSDT,4h,carry,funding_pct,"{""lb"": 100, ""hi"": 0.95}",-2.0993566328056175,-0.9269441608903878,-0.09886833973798359,34.0
AVAXUSDT,4h,carry,funding_pct,"{""lb"": 500, ""hi"": 0.8}",-2.032893644110095,0.6895963865539679,0.08835751663719704,90.5
AVAXUSDT,4h,carry,funding_pct,"{""lb"": 500, ""hi"": 0.9}",-0.9826315925914189,-0.48325517400522383,-0.06100671177089512,24.0
AVAXUSDT,4h,carry,funding_pct,"{""lb"": 500, ""hi"": 0.95}",-1.971629865226883,0.5610914715479273,0.03563496735822547,12.0
AVAXUSDT,4h,carry,funding_mom,"{""lb"": 24}",-1.637704278215602,0.2988276469054789,-0.004969607074219007,178.5
AVAXUSDT,4h,carry,funding_mom,"{""lb"": 100}",-0.9248599059940983,-1.8803789623529463,-0.45772770879413616,182.5
AVAXUSDT,4h,carry,funding_mom,"{""lb"": 500}",-3.6030475697569253,1.6459766324583323,0.44873540827503366,154.5
AVAXUSDT,4h,carry,funding_price_div,"{""lb"": 24}",-2.239198776851095,-4.385718849319963,-0.5098140325866678,143.0
AVAXUSDT,4h,carry,funding_price_div,"{""lb"": 100}",0.27626818169352124,-3.854006383813666,-0.4974399053060943,120.5
AVAXUSDT,4h,carry,funding_price_div,"{""lb"": 500}",-1.126657904219584,0.539819841203345,0.06272539778706121,88.5
AVAXUSDT,4h,ichimoku,cloud,"{""tenkan"": 9, ""kijun"": 26, ""senkou"": 52, ""disp"": 26}",-0.14839444574059066,-4.9055440131709265,-0.740208325883603,74.5
AVAXUSDT,4h,ichimoku,cloud_fast,"{""tenkan"": 7, ""kijun"": 14, ""senkou"": 28, ""disp"": 14}",-1.5274302707138694,-4.146348883236653,-0.6911746430788654,89.5
AVAXUSDT,4h,ichimoku,cloud_slow,"{""tenkan"": 12, ""kijun"": 24, ""senkou"": 52, ""disp"": 24}",-0.08804014272180001,-5.039943133649274,-0.75259584461423,76.5
AVAXUSDT,4h,ichimoku,tk,"{""tenkan"": 9, ""kijun"": 26}",-1.269805697090542,-3.8831814673642424,-0.6773448862875714,51.5
AVAXUSDT,4h,ichimoku,combo,"{""tenkan"": 9, ""kijun"": 26, ""senkou"": 52, ""disp"": 26}",-0.6823258471207403,-3.666677173964113,-0.5741044116012155,50.5
AVAXUSDT,1h,trend,ema_cross,"{""fast"": 10, ""slow"": 50}",0.7879467917663718,-4.89406529866254,-0.7829197842791061,113.5
AVAXUSDT,1h,trend,ema_cross,"{""fast"": 10, ""slow"": 100}",0.3309479845889787,-4.5931268388177875,-0.7625889654273498,95.5
AVAXUSDT,1h,trend,ema_cross,"{""fast"": 10, ""slow"": 200}",-0.2992515377652053,-4.772874780920991,-0.7749937157022967,69.5
AVAXUSDT,1h,trend,ema_cross,"{""fast"": 20, ""slow"": 50}",0.8250659090361032,-4.845285931302945,-0.7797579135511397,97.5
AVAXUSDT,1h,trend,ema_cross,"{""fast"": 20, ""slow"": 100}",-0.5342944817651242,-4.751561082740361,-0.7738532842132488,69.5
AVAXUSDT,1h,trend,ema_cross,"{""fast"": 20, ""slow"": 200}",-0.009711068772961549,-5.038855248958101,-0.7922122191475395,55.5
AVAXUSDT,1h,trend,ema_cross,"{""fast"": 50, ""slow"": 100}",-1.1090121721114,-5.050440625314062,-0.7930363943276824,49.5
AVAXUSDT,1h,trend,ema_cross,"{""fast"": 50, ""slow"": 200}",-0.6654066477579841,-3.753004611898947,-0.6967386806874959,35.5
AVAXUSDT,1h,trend,ema_slope,"{""span"": 20, ""thr"": 0.0}",-5.137013487354053,-7.935705384036371,-0.9150867901566543,529.5
AVAXUSDT,1h,trend,ema_slope,"{""span"": 20, ""thr"": 0.001}",-4.449620049231517,-8.116453486380479,-0.8411382310232454,371.0
AVAXUSDT,1h,trend,ema_slope,"{""span"": 20, ""thr"": 0.005}",-1.6060891344359913,-2.2107010559862976,-0.1467381429758453,20.0
AVAXUSDT,1h,trend,ema_slope,"{""span"": 50, ""thr"": 0.0}",-2.295930004485604,-5.020932280801557,-0.7920746655959078,317.5
AVAXUSDT,1h,trend,ema_slope,"{""span"": 50, ""thr"": 0.001}",-1.9332983852737242,-5.677991269244926,-0.6289849191522517,147.0
AVAXUSDT,1h,trend,ema_slope,"{""span"": 50, ""thr"": 0.005}",-0.898674342291613,-2.0257636040210727,-0.06401877193903294,2.0
AVAXUSDT,1h,trend,ema_slope,"{""span"": 100, ""thr"": 0.0}",-0.818058876920069,-5.368101749281183,-0.8122234509867325,233.5
AVAXUSDT,1h,trend,ema_slope,"{""span"": 100, ""thr"": 0.001}",-2.9840619163130064,-2.956704680459386,-0.3300791673270608,53.0
AVAXUSDT,1h,trend,ema_slope,"{""span"": 100, ""thr"": 0.005}",-1.0875092631792058,0.0,0.0,0.0
AVAXUSDT,1h,trend,price_ema,"{""span"": 20, ""thr"": 0.0}",-5.137013487354053,-7.935705384036371,-0.9150867901566543,529.5
AVAXUSDT,1h,trend,price_ema,"{""span"": 20, ""thr"": 0.02}",-4.238155280223521,-4.867047640363182,-0.521008725072929,131.0
AVAXUSDT,1h,trend,price_ema,"{""span"": 20, ""thr"": 0.05}",-1.6075683800395053,-2.8295241108629465,-0.1618361076887489,16.0
AVAXUSDT,1h,trend,price_ema,"{""span"": 50, ""thr"": 0.0}",-2.295930004485604,-5.020932280801557,-0.7920746655959078,317.5
AVAXUSDT,1h,trend,price_ema,"{""span"": 50, ""thr"": 0.02}",-2.503392444104304,-5.611712750201125,-0.6808818499940209,181.0
AVAXUSDT,1h,trend,price_ema,"{""span"": 50, ""thr"": 0.05}",-2.0339275569568174,-2.3884797382261533,-0.22980277993955767,36.0
AVAXUSDT,1h,trend,price_ema,"{""span"": 100, ""thr"": 0.0}",-0.818058876920069,-5.368101749281183,-0.8122234509867325,233.5
AVAXUSDT,1h,trend,price_ema,"{""span"": 100, ""thr"": 0.02}",-1.8543807765235119,-5.518942966803316,-0.7151465658340108,175.0
AVAXUSDT,1h,trend,price_ema,"{""span"": 100, ""thr"": 0.05}",-2.9732119295317583,-2.47732100360276,-0.28428713918771453,47.0
AVAXUSDT,1h,trend,donchian,"{""lb"": 10}",-10.172499397660536,-12.790786453411478,-0.9197618380895318,638.0
AVAXUSDT,1h,trend,donchian,"{""lb"": 20}",-8.698264560237915,-9.158647926470287,-0.7888506852914298,420.0
AVAXUSDT,1h,trend,donchian,"{""lb"": 55}",-5.510757144559972,-8.20402155024069,-0.675174307206994,232.0
AVAXUSDT,1h,momentum,mom_ret,"{""lb"": 5, ""thr"": 0.0}",-8.68428111165888,-11.505893106655677,-0.9714821058051402,838.5
AVAXUSDT,1h,momentum,mom_ret,"{""lb"": 5, ""thr"": 0.02}",-4.816411356739337,-6.967462886320969,-0.6866821168101653,231.0
AVAXUSDT,1h,momentum,mom_ret,"{""lb"": 5, ""thr"": 0.05}",-0.5362379712513402,-2.687840801278513,-0.174372471394028,23.0
AVAXUSDT,1h,momentum,mom_ret,"{""lb"": 10, ""thr"": 0.0}",-7.065592117899588,-6.583575516266416,-0.8716325282165823,557.5
AVAXUSDT,1h,momentum,mom_ret,"{""lb"": 10, ""thr"": 0.02}",-5.774401641384449,-6.703400444246002,-0.7296576262447381,284.0
AVAXUSDT,1h,momentum,mom_ret,"{""lb"": 10, ""thr"": 0.05}",-1.4593380972583865,-3.165818289626073,-0.25733649418981386,48.0
AVAXUSDT,1h,momentum,mom_ret,"{""lb"": 20, ""thr"": 0.0}",-4.5073458543524305,-6.214321053512259,-0.8552182405651734,404.5
AVAXUSDT,1h,momentum,mom_ret,"{""lb"": 20, ""thr"": 0.02}",-3.497977149680362,-5.21877828001062,-0.6952547273682402,266.0
AVAXUSDT,1h,momentum,mom_ret,"{""lb"": 20, ""thr"": 0.05}",-2.753719161404501,-4.898580121498546,-0.46504141626818585,90.0
AVAXUSDT,1h,momentum,mom_ret,"{""lb"": 50, ""thr"": 0.0}",-1.3837510111806925,-4.425501656554751,-0.7538068338750866,274.5
AVAXUSDT,1h,momentum,mom_ret,"{""lb"": 50, ""thr"": 0.02}",-1.5769913663054005,-5.1388023605038144,-0.7317349074788695,224.5
AVAXUSDT,1h,momentum,mom_ret,"{""lb"": 50, ""thr"": 0.05}",-2.1230463424103805,-3.6678643547448155,-0.4751335480923983,110.0
AVAXUSDT,1h,meanrev,rsi,"{""ob"": 65, ""os_"": 20}",-6.2039773204784385,-4.439790843606988,-0.45650442187044926,212.0
AVAXUSDT,1h,meanrev,rsi,"{""ob"": 65, ""os_"": 30}",-6.034960539773305,-5.639200327517974,-0.6272357958434991,294.0
AVAXUSDT,1h,meanrev,rsi,"{""ob"": 65, ""os_"": 35}",-6.501762471769126,-5.54545339194848,-0.6805940235570562,322.0
AVAXUSDT,1h,meanrev,rsi,"{""ob"": 70, ""os_"": 20}",-5.20527737873423,-4.017394985594975,-0.38620384431040633,155.0
AVAXUSDT,1h,meanrev,rsi,"{""ob"": 70, ""os_"": 30}",-5.090625251915951,-5.311448664275659,-0.5790191407308689,237.0
AVAXUSDT,1h,meanrev,rsi,"{""ob"": 70, ""os_"": 35}",-5.636230366880118,-5.212044696936149,-0.6392791987017257,265.0
AVAXUSDT,1h,meanrev,rsi,"{""ob"": 80, ""os_"": 20}",-4.894224545202344,-2.678760629802263,-0.1898340673786556,92.0
AVAXUSDT,1h,meanrev,rsi,"{""ob"": 80, ""os_"": 30}",-4.65170322448469,-4.38324024310373,-0.44433612478017537,174.0
AVAXUSDT,1h,meanrev,rsi,"{""ob"": 80, ""os_"": 35}",-5.242940415740192,-4.302028067628605,-0.5238749840793617,202.0
AVAXUSDT,1h,meanrev,zscore,"{""lb"": 20, ""z"": 1.5}",-7.210697199428607,-6.963534345803088,-0.7202059857417835,359.0
AVAXUSDT,1h,meanrev,zscore,"{""lb"": 20, ""z"": 2.0}",-7.178633376345087,-6.94772561976291,-0.6023475613604692,208.0
AVAXUSDT,1h,meanrev,zscore,"{""lb"": 20, ""z"": 2.5}",-5.722294377838157,-5.729154784571051,-0.41872247736574486,105.0
AVAXUSDT,1h,meanrev,zscore,"{""lb"": 50, ""z"": 1.5}",-5.315432739756747,-3.915165306053818,-0.5268436754468508,238.0
AVAXUSDT,1h,meanrev,zscore,"{""lb"": 50, ""z"": 2.0}",-4.477903735818343,-1.3344595878113152,-0.17535510046248437,137.0
AVAXUSDT,1h,meanrev,zscore,"{""lb"": 50, ""z"": 2.5}",-4.26542500437277,-2.676502247545261,-0.19104771171846713,72.0
AVAXUSDT,1h,meanrev,bb,"{""span"": 20, ""mult"": 1.5}",-7.210697199428607,-6.963534345803088,-0.7202059857417835,359.0
AVAXUSDT,1h,meanrev,bb,"{""span"": 20, ""mult"": 2.0}",-7.178633376345087,-6.94772561976291,-0.6023475613604692,208.0
AVAXUSDT,1h,meanrev,bb,"{""span"": 20, ""mult"": 2.5}",-5.722294377838157,-5.729154784571051,-0.41872247736574486,105.0
AVAXUSDT,1h,meanrev,bb,"{""span"": 50, ""mult"": 1.5}",-5.315432739756747,-3.915165306053818,-0.5268436754468508,238.0
AVAXUSDT,1h,meanrev,bb,"{""span"": 50, ""mult"": 2.0}",-4.477903735818343,-1.3344595878113152,-0.17535510046248437,137.0
AVAXUSDT,1h,meanrev,bb,"{""span"": 50, ""mult"": 2.5}",-4.26542500437277,-2.676502247545261,-0.19104771171846713,72.0
AVAXUSDT,1h,carry,funding,"{""thr"": 5e-05}",-1.5242372854153963,0.41198525014751014,0.03608110494954153,145.0
AVAXUSDT,1h,carry,funding,"{""thr"": 0.0001}",-2.2046390993437885,-0.5306378677416294,-0.07331229992594201,40.0
AVAXUSDT,1h,carry,funding,"{""thr"": 0.0002}",-2.156879286108584,0.6650151960560428,0.03631512063772524,9.0
AVAXUSDT,1h,carry,funding,"{""thr"": 0.0005}",0.46688974048720944,0.0,0.0,0.0
AVAXUSDT,1h,carry,funding_pct,"{""lb"": 100, ""hi"": 0.8}",-1.5072727296621158,-2.29089800813363,-0.3427418852856172,138.5
AVAXUSDT,1h,carry,funding_pct,"{""lb"": 100, ""hi"": 0.9}",-1.8993289420286448,-2.40382269174308,-0.25275830072379146,91.0
AVAXUSDT,1h,carry,funding_pct,"{""lb"": 100, ""hi"": 0.95}",-1.865069880853516,-0.718351233488356,-0.0658873928299124,53.0
AVAXUSDT,1h,carry,funding_pct,"{""lb"": 500, ""hi"": 0.8}",-1.7464930830605392,0.40907595486596804,0.03745143912515747,98.0
AVAXUSDT,1h,carry,funding_pct,"{""lb"": 500, ""hi"": 0.9}",-2.0057874508992017,-0.9146473130511482,-0.12653208393704474,55.0
AVAXUSDT,1h,carry,funding_pct,"{""lb"": 500, ""hi"": 0.95}",-1.3415730375808326,-0.4882897472673666,-0.05281781283478448,35.0
AVAXUSDT,1h,carry,funding_mom,"{""lb"": 24}",-2.014305042130748,-0.5821787029974357,-0.23085945879802894,216.5
AVAXUSDT,1h,carry,funding_mom,"{""lb"": 100}",-1.610495963388587,-1.347402742118981,-0.385303722431919,230.5
AVAXUSDT,1h,carry,funding_mom,"{""lb"": 500}",-4.523772560033375,-0.516017471403058,-0.21825622150489976,232.5
AVAXUSDT,1h,carry,funding_price_div,"{""lb"": 24}",-4.538866067534645,-5.557260383666832,-0.6413740801439247,280.5
AVAXUSDT,1h,carry,funding_price_div,"{""lb"": 100}",-2.629674145061717,-7.006345555566555,-0.6944662632724727,232.0
AVAXUSDT,1h,carry,funding_price_div,"{""lb"": 500}",-3.354426519573426,-3.62865797262332,-0.49889525633024645,170.0
AVAXUSDT,1h,ichimoku,cloud,"{""tenkan"": 9, ""kijun"": 26, ""senkou"": 52, ""disp"": 26}",-0.9613024302096049,-6.037571374694263,-0.8253160099110219,230.5
AVAXUSDT,1h,ichimoku,cloud_fast,"{""tenkan"": 7, ""kijun"": 14, ""senkou"": 28, ""disp"": 14}",-3.111355808923351,-5.383102558654152,-0.7897977776781181,288.5
AVAXUSDT,1h,ichimoku,cloud_slow,"{""tenkan"": 12, ""kijun"": 24, ""senkou"": 52, ""disp"": 24}",-0.9863904768744043,-6.218544088661127,-0.8303261815078423,239.5
AVAXUSDT,1h,ichimoku,tk,"{""tenkan"": 9, ""kijun"": 26}",-1.4573013265694528,-2.937674677723532,-0.6083747728437581,199.5
AVAXUSDT,1h,ichimoku,combo,"{""tenkan"": 9, ""kijun"": 26, ""senkou"": 52, ""disp"": 26}",-1.3971890993765643,-4.6175243271159045,-0.7023880029830789,208.5
BCHUSDT,1d,trend,ema_cross,"{""fast"": 10, ""slow"": 50}",-0.6971612172393068,0.9883354581770607,1.1047824886993003,7.5
BCHUSDT,1d,trend,ema_cross,"{""fast"": 10, ""slow"": 100}",-0.4532381187951422,0.6188293583909669,0.35172823248490337,9.5
BCHUSDT,1d,trend,ema_cross,"{""fast"": 10, ""slow"": 200}",-0.6782116024297309,-0.4445337284868158,-0.6233294050786585,11.5
BCHUSDT,1d,trend,ema_cross,"{""fast"": 20, ""slow"": 50}",-0.8984052337870327,0.8660910929485625,0.8181902536459023,5.5
BCHUSDT,1d,trend,ema_cross,"{""fast"": 20, ""slow"": 100}",-0.3121815457205547,0.5149109465395635,0.19296134521752428,5.5
BCHUSDT,1d,trend,ema_cross,"{""fast"": 20, ""slow"": 200}",-0.3554465586317582,-0.1163123918529474,-0.44127995114249696,7.5
BCHUSDT,1d,trend,ema_cross,"{""fast"": 50, ""slow"": 100}",-0.4755647377712649,-0.027964496197517633,-0.3782705904374767,5.5
BCHUSDT,1d,trend,ema_cross,"{""fast"": 50, ""slow"": 200}",-0.572300307460338,0.010991874324974229,-0.34812200452814235,3.5
BCHUSDT,1d,trend,ema_slope,"{""span"": 20, ""thr"": 0.0}",-0.45884236383520055,-0.7241551307917085,-0.7295294487114716,79.5
BCHUSDT,1d,trend,ema_slope,"{""span"": 20, ""thr"": 0.001}",-0.32911481380913454,-0.9760131040950931,-0.7655160103843263,79.5
BCHUSDT,1d,trend,ema_slope,"{""span"": 20, ""thr"": 0.005}",-0.22313587690349546,-0.8956508964792778,-0.6092830009208163,59.0
BCHUSDT,1d,trend,ema_slope,"{""span"": 50, ""thr"": 0.0}",-0.9173686570263586,-0.7003674710734766,-0.7225376408142021,53.5
BCHUSDT,1d,trend,ema_slope,"{""span"": 50, ""thr"": 0.001}",-0.6395661805173019,-0.23290820073485577,-0.467870666076206,37.5
BCHUSDT,1d,trend,ema_slope,"{""span"": 50, ""thr"": 0.005}",0.046519388121561644,-0.8477518854582992,-0.5021079693719365,32.0
BCHUSDT,1d,trend,ema_slope,"{""span"": 100, ""thr"": 0.0}",-0.935260859512439,-0.38342989828450275,-0.5947084807464966,45.5
BCHUSDT,1d,trend,ema_slope,"{""span"": 100, ""thr"": 0.001}",-0.6121612812164411,-0.4948655839474795,-0.5906834890690361,29.5
BCHUSDT,1d,trend,ema_slope,"{""span"": 100, ""thr"": 0.005}",0.36058064345219715,-0.15684956882520518,-0.13077952695956985,11.5
BCHUSDT,1d,trend,price_ema,"{""span"": 20, ""thr"": 0.0}",-0.45884236383520055,-0.7241551307917085,-0.7295294487114716,79.5
BCHUSDT,1d,trend,price_ema,"{""span"": 20, ""thr"": 0.02}",-0.27547368170196196,-1.3561606468869738,-0.8249792749968425,85.5
BCHUSDT,1d,trend,price_ema,"{""span"": 20, ""thr"": 0.05}",-0.1249177468974404,-0.8250395362587742,-0.5809647667320919,57.0
BCHUSDT,1d,trend,price_ema,"{""span"": 50, ""thr"": 0.0}",-0.9173686570263586,-0.7003674710734766,-0.7225376408142021,53.5
BCHUSDT,1d,trend,price_ema,"{""span"": 50, ""thr"": 0.02}",-0.69990178596762,-0.21849815030176734,-0.4700539856378072,36.5
BCHUSDT,1d,trend,price_ema,"{""span"": 50, ""thr"": 0.05}",-0.4951763110155338,-0.8265128351223013,-0.694623411761242,53.5
BCHUSDT,1d,trend,price_ema,"{""span"": 100, ""thr"": 0.0}",-0.935260859512439,-0.38342989828450275,-0.5947084807464966,45.5
BCHUSDT,1d,trend,price_ema,"{""span"": 100, ""thr"": 0.02}",-0.6756940074082599,-0.2089122363775092,-0.47547426901442835,32.5
BCHUSDT,1d,trend,price_ema,"{""span"": 100, ""thr"": 0.05}",-0.6004238971238036,-0.4948655839474795,-0.5906834890690361,29.5
BCHUSDT,1d,trend,donchian,"{""lb"": 10}",-0.3250305867055245,-1.4957510855214535,-0.6958839681448662,97.0
BCHUSDT,1d,trend,donchian,"{""lb"": 20}",-0.4166396734185049,-1.1630518425916556,-0.5739338447929199,70.0
BCHUSDT,1d,trend,donchian,"{""lb"": 55}",0.03514747890946607,-0.7600336045997476,-0.39138395292825634,42.0
BCHUSDT,1d,momentum,mom_ret,"{""lb"": 5, ""thr"": 0.0}",-0.06378063034873026,-1.561401823774648,-0.9005851399788505,147.5
BCHUSDT,1d,momentum,mom_ret,"{""lb"": 5, ""thr"": 0.02}",-0.1155002410102191,-1.1551150279171298,-0.7935542132646928,123.0
BCHUSDT,1d,momentum,mom_ret,"{""lb"": 5, ""thr"": 0.05}",-0.05590369240081341,-1.175176386336235,-0.7134662805302407,89.0
BCHUSDT,1d,momentum,mom_ret,"{""lb"": 10, ""thr"": 0.0}",-0.6127763290673384,-1.6205907872261314,-0.9085197839672876,109.5
BCHUSDT,1d,momentum,mom_ret,"{""lb"": 10, ""thr"": 0.02}",-0.37864771621707816,-1.5883410087964458,-0.8769195496750711,101.5
BCHUSDT,1d,momentum,mom_ret,"{""lb"": 10, ""thr"": 0.05}",-0.05173018323630133,-0.8529401414286962,-0.6662454248842877,80.5
BCHUSDT,1d,momentum,mom_ret,"{""lb"": 20, ""thr"": 0.0}",-0.4026677552584148,-0.10473192488728393,-0.432432267569301,58.5
BCHUSDT,1d,momentum,mom_ret,"{""lb"": 20, ""thr"": 0.02}",-0.1443777741653877,0.1113605065154482,-0.24258540876861834,61.5
BCHUSDT,1d,momentum,mom_ret,"{""lb"": 20, ""thr"": 0.05}",-0.2027012223859081,-0.462951099474147,-0.5685574517558207,69.5
BCHUSDT,1d,momentum,mom_ret,"{""lb"": 50, ""thr"": 0.0}",-0.37974214137642315,0.19644761484985054,-0.18544240622509445,33.5
BCHUSDT,1d,momentum,mom_ret,"{""lb"": 50, ""thr"": 0.02}",-0.4394521070847167,0.11069269625860717,-0.2531091873739483,37.5
BCHUSDT,1d,momentum,mom_ret,"{""lb"": 50, ""thr"": 0.05}",-0.2781896394623482,0.14276893401550383,-0.1990612164908533,32.5
BCHUSDT,1d,meanrev,rsi,"{""ob"": 65, ""os_"": 20}",-0.8660283500655718,-0.2358505610795028,-0.19406727672415125,35.0
BCHUSDT,1d,meanrev,rsi,"{""ob"": 65, ""os_"": 30}",-0.2700282515077278,0.2797145140979697,0.05596821410748021,46.5
BCHUSDT,1d,meanrev,rsi,"{""ob"": 65, ""os_"": 35}",-0.14762103513916996,-0.16043960361864368,-0.23356097702803957,51.5
BCHUSDT,1d,meanrev,rsi,"{""ob"": 70, ""os_"": 20}",-0.4266193804492092,-0.699366959540928,-0.317539680464341,16.0
BCHUSDT,1d,meanrev,rsi,"{""ob"": 70, ""os_"": 30}",0.24487473183215014,-0.019809916777723587,-0.10581071594901936,27.5
BCHUSDT,1d,meanrev,rsi,"{""ob"": 70, ""os_"": 35}",0.35027588667000764,-0.47100483242586455,-0.3509827738524385,32.5
BCHUSDT,1d,meanrev,rsi,"{""ob"": 80, ""os_"": 20}",-0.2648689661579937,-1.0672426847973793,-0.34622391322540214,10.0
BCHUSDT,1d,meanrev,rsi,"{""ob"": 80, ""os_"": 30}",0.8024786000056046,-0.1538515721215764,-0.14339404910693232,21.5
BCHUSDT,1d,meanrev,rsi,"{""ob"": 80, ""os_"": 35}",0.853980928636959,-0.6346829414951539,-0.3782613725457973,26.5
BCHUSDT,1d,meanrev,zscore,"{""lb"": 20, ""z"": 1.5}",-0.5958337097070835,1.1937961053232657,0.9125776393304776,64.0
BCHUSDT,1d,meanrev,zscore,"{""lb"": 20, ""z"": 2.0}",-0.4376462856458242,0.6792158063179772,0.22008668739111892,32.0
BCHUSDT,1d,meanrev,zscore,"{""lb"": 20, ""z"": 2.5}",-0.23646188521312486,0.592419560427545,0.13089265851104037,11.0
BCHUSDT,1d,meanrev,zscore,"{""lb"": 50, ""z"": 1.5}",-0.7371411222368836,-0.19402413633943721,-0.2655413030191981,38.0
BCHUSDT,1d,meanrev,zscore,"{""lb"": 50, ""z"": 2.0}",-0.4475019479576303,-0.2916262400102314,-0.21236560627934675,22.0
BCHUSDT,1d,meanrev,zscore,"{""lb"": 50, ""z"": 2.5}",-0.5233124546416307,-0.19449838459431618,-0.09989128842478368,14.0
BCHUSDT,1d,meanrev,bb,"{""span"": 20, ""mult"": 1.5}",-0.5958337097070835,1.1937961053232657,0.9125776393304776,64.0
BCHUSDT,1d,meanrev,bb,"{""span"": 20, ""mult"": 2.0}",-0.4376462856458242,0.6792158063179772,0.22008668739111892,32.0
BCHUSDT,1d,meanrev,bb,"{""span"": 20, ""mult"": 2.5}",-0.23646188521312486,0.592419560427545,0.13089265851104037,11.0
BCHUSDT,1d,meanrev,bb,"{""span"": 50, ""mult"": 1.5}",-0.7371411222368836,-0.19402413633943721,-0.2655413030191981,38.0
BCHUSDT,1d,meanrev,bb,"{""span"": 50, ""mult"": 2.0}",-0.4475019479576303,-0.2916262400102314,-0.21236560627934675,22.0
BCHUSDT,1d,meanrev,bb,"{""span"": 50, ""mult"": 2.5}",-0.5233124546416307,-0.19449838459431618,-0.09989128842478368,14.0
BCHUSDT,1d,carry,funding,"{""thr"": 5e-05}",-0.6361317217242585,0.3553665938981483,0.05684090756918225,174.5
BCHUSDT,1d,carry,funding,"{""thr"": 0.0001}",-0.571910228049393,-0.7650950868237335,-0.41710522238443504,67.5
BCHUSDT,1d,carry,funding,"{""thr"": 0.0002}",-0.8495018252835269,-0.805208938598441,-0.29794219397772925,40.0
BCHUSDT,1d,carry,funding,"{""thr"": 0.0005}",-0.4254480855623024,-0.8019281577343987,-0.12659703393477906,9.0
BCHUSDT,1d,carry,funding_pct,"{""lb"": 100, ""hi"": 0.8}",-0.7744783919430942,0.3637901660600468,0.11450690503471894,118.0
BCHUSDT,1d,carry,funding_pct,"{""lb"": 100, ""hi"": 0.9}",-0.9974655057289846,-0.25416666115039643,-0.17107012214066442,68.0
BCHUSDT,1d,carry,funding_pct,"{""lb"": 100, ""hi"": 0.95}",-0.8330014734596294,-0.4346256852880401,-0.13784877375729376,23.0
BCHUSDT,1d,carry,funding_pct,"{""lb"": 500, ""hi"": 0.8}",-0.6527836043774539,-0.8800679632199321,-0.3883811911811429,59.0
BCHUSDT,1d,carry,funding_pct,"{""lb"": 500, ""hi"": 0.9}",-0.6881097680070968,-0.8210352862337621,-0.3116546240998227,33.0
BCHUSDT,1d,carry,funding_pct,"{""lb"": 500, ""hi"": 0.95}",-0.4775836235000943,-0.364972946105566,-0.12585445771864145,18.0
BCHUSDT,1d,carry,funding_mom,"{""lb"": 24}",-0.8105702287108119,-1.2814618293620825,-0.8361682229237233,187.5
BCHUSDT,1d,carry,funding_mom,"{""lb"": 100}",-0.7791993752187292,0.38285782085546166,0.038471578754079916,147.5
BCHUSDT,1d,carry,funding_mom,"{""lb"": 500}",-0.5960921754560936,-0.7416236808089003,-0.7211316821856402,153.5
BCHUSDT,1d,carry,funding_price_div,"{""lb"": 24}",-1.0094648371865564,-1.5405170978098899,-0.7498764462852661,100.5
BCHUSDT,1d,carry,funding_price_div,"{""lb"": 100}",-0.29352326357794806,-0.03938397407760559,-0.0969734764591661,74.0
BCHUSDT,1d,carry,funding_price_div,"{""lb"": 500}",0.15417737260332035,-0.31610508333620146,-0.26494446680986183,85.0
BCHUSDT,1d,ichimoku,cloud,"{""tenkan"": 9, ""kijun"": 26, ""senkou"": 52, ""disp"": 26}",-0.31352232912129246,-0.00999928384517869,-0.3373237008052933,25.5
BCHUSDT,1d,ichimoku,cloud_fast,"{""tenkan"": 7, ""kijun"": 14, ""senkou"": 28, ""disp"": 14}",-0.6171746975424297,-0.29200111746679774,-0.5215461848718881,46.5
BCHUSDT,1d,ichimoku,cloud_slow,"{""tenkan"": 12, ""kijun"": 24, ""senkou"": 52, ""disp"": 24}",-0.2021425758341538,0.07594378444557026,-0.2648575099497348,27.0
BCHUSDT,1d,ichimoku,tk,"{""tenkan"": 9, ""kijun"": 26}",-0.5294723097767897,0.22838364056814414,-0.12762732183252912,28.5
BCHUSDT,1d,ichimoku,combo,"{""tenkan"": 9, ""kijun"": 26, ""senkou"": 52, ""disp"": 26}",-0.34451534573575665,0.21682691801707088,-0.0733185496310581,24.0
BCHUSDT,4h,trend,ema_cross,"{""fast"": 10, ""slow"": 50}",-2.933290860485629,1.6843708135902078,0.4673945410023306,24.5
BCHUSDT,4h,trend,ema_cross,"{""fast"": 10, ""slow"": 100}",-2.4733111836999018,0.03826613359361755,-0.07605702607903786,24.5
BCHUSDT,4h,trend,ema_cross,"{""fast"": 10, ""slow"": 200}",-1.4629896133134952,0.7709584607277639,0.13507064709366268,12.5
BCHUSDT,4h,trend,ema_cross,"{""fast"": 20, ""slow"": 50}",-2.0845081553353393,1.6466685767279656,0.45041498933953394,18.5
BCHUSDT,4h,trend,ema_cross,"{""fast"": 20, ""slow"": 100}",-2.197990593101899,0.2892442067724702,-0.008272845314908572,16.5
BCHUSDT,4h,trend,ema_cross,"{""fast"": 20, ""slow"": 200}",-1.9436191306203556,0.6164239405974563,0.08694184581318765,8.5
BCHUSDT,4h,trend,ema_cross,"{""fast"": 50, ""slow"": 100}",-2.1004885664367365,0.5058640618335092,0.05377923116344485,10.5
BCHUSDT,4h,trend,ema_cross,"{""fast"": 50, ""slow"": 200}",-1.314387922542653,0.5217937298914808,0.058467539890276754,6.5
BCHUSDT,4h,trend,ema_slope,"{""span"": 20, ""thr"": 0.0}",-4.958040235376735,0.12249018982557607,-0.05409813625526394,99.5
BCHUSDT,4h,trend,ema_slope,"{""span"": 20, ""thr"": 0.001}",-3.8899398532007314,0.22961498663977498,-0.014788251250676954,102.5
BCHUSDT,4h,trend,ema_slope,"{""span"": 20, ""thr"": 0.005}",-3.7554564669076385,-0.1008545817778673,-0.0360199622836781,28.0
BCHUSDT,4h,trend,ema_slope,"{""span"": 50, ""thr"": 0.0}",-3.0272913399314065,0.8879494554734216,0.17348113655644082,67.5
BCHUSDT,4h,trend,ema_slope,"{""span"": 50, ""thr"": 0.001}",-3.632826905041853,2.00836442893423,0.5132678240824884,45.0
BCHUSDT,4h,trend,ema_slope,"{""span"": 50, ""thr"": 0.005}",-1.9649333148538608,0.5082579756787425,0.046171031403093865,8.0
BCHUSDT,4h,trend,ema_slope,"{""span"": 100, ""thr"": 0.0}",-1.4947705925215247,0.4902831211841419,0.04921955668394573,58.5
BCHUSDT,4h,trend,ema_slope,"{""span"": 100, ""thr"": 0.001}",-4.405588496132745,2.4349197669349523,0.6589515186651593,24.0
BCHUSDT,4h,trend,ema_slope,"{""span"": 100, ""thr"": 0.005}",0.0,-0.7726072044701509,-0.061401056131993315,7.0
BCHUSDT,4h,trend,price_ema,"{""span"": 20, ""thr"": 0.0}",-4.958040235376735,0.12249018982557607,-0.05409813625526394,99.5
BCHUSDT,4h,trend,price_ema,"{""span"": 20, ""thr"": 0.02}",-2.328159075363519,-0.15328376814257233,-0.08606131464950728,80.5
BCHUSDT,4h,trend,price_ema,"{""span"": 20, ""thr"": 0.05}",-3.2771407195393762,-0.24047945128420667,-0.053451393678906056,29.0
BCHUSDT,4h,trend,price_ema,"{""span"": 50, ""thr"": 0.0}",-3.0272913399314065,0.8879494554734216,0.17348113655644082,67.5
BCHUSDT,4h,trend,price_ema,"{""span"": 50, ""thr"": 0.02}",-3.858568452224671,1.8208540393232586,0.46970672541296343,51.0
BCHUSDT,4h,trend,price_ema,"{""span"": 50, ""thr"": 0.05}",-4.151564611862877,1.748408226696854,0.36417377133230433,28.0
BCHUSDT,4h,trend,price_ema,"{""span"": 100, ""thr"": 0.0}",-1.4947705925215247,0.4902831211841419,0.04921955668394573,58.5
BCHUSDT,4h,trend,price_ema,"{""span"": 100, ""thr"": 0.02}",-3.34584192484779,1.505404828359219,0.37542960491997257,39.0
BCHUSDT,4h,trend,price_ema,"{""span"": 100, ""thr"": 0.05}",-4.398341990953044,2.4349197669349523,0.6589515186651593,24.0
BCHUSDT,4h,trend,donchian,"{""lb"": 10}",-4.785558124569265,-1.2578779068322532,-0.24140623370031788,152.5
BCHUSDT,4h,trend,donchian,"{""lb"": 20}",-3.961493197028053,-0.997093203058358,-0.18380829974937374,108.5
BCHUSDT,4h,trend,donchian,"{""lb"": 55}",-1.9659916094403138,0.6720525587429959,0.07596433766170607,61.0
BCHUSDT,4h,momentum,mom_ret,"{""lb"": 5, ""thr"": 0.0}",-4.042603736499854,-1.3749903196076665,-0.38075850563174396,217.5
BCHUSDT,4h,momentum,mom_ret,"{""lb"": 5, ""thr"": 0.02}",-4.145057856667369,-1.212540999132069,-0.2644192157355254,120.5
BCHUSDT,4h,momentum,mom_ret,"{""lb"": 5, ""thr"": 0.05}",-2.257249746113695,-1.1423352037429273,-0.14098950512384434,33.0
BCHUSDT,4h,momentum,mom_ret,"{""lb"": 10, ""thr"": 0.0}",-3.4514539946845697,0.37775914405681343,0.01702637729918255,134.5
BCHUSDT,4h,momentum,mom_ret,"{""lb"": 10, ""thr"": 0.02}",-3.2327249453992724,-0.575242793197422,-0.1747761735061666,101.5
BCHUSDT,4h,momentum,mom_ret,"{""lb"": 10, ""thr"": 0.05}",-3.3118363410542746,-0.699047213895845,-0.13887796955189813,49.0
BCHUSDT,4h,momentum,mom_ret,"{""lb"": 20, ""thr"": 0.0}",-4.166819001091272,0.19930083831522158,-0.03269038144991854,92.5
BCHUSDT,4h,momentum,mom_ret,"{""lb"": 20, ""thr"": 0.02}",-3.6815008035186896,1.08778665834077,0.22308642542706925,80.5
BCHUSDT,4h,momentum,mom_ret,"{""lb"": 20, ""thr"": 0.05}",-1.6721732462470165,0.38725607516716115,0.03290353153999148,45.0
BCHUSDT,4h,momentum,mom_ret,"{""lb"": 50, ""thr"": 0.0}",-3.08960383223278,0.7246540272523556,0.12060483896107743,74.5
BCHUSDT,4h,momentum,mom_ret,"{""lb"": 50, ""thr"": 0.02}",-3.4300185887562846,0.8158316095890844,0.14575684673210065,64.5
BCHUSDT,4h,momentum,mom_ret,"{""lb"": 50, ""thr"": 0.05}",-2.3063904674544697,2.338229961866664,0.6041831545872458,36.0
BCHUSDT,4h,meanrev,rsi,"{""ob"": 65, ""os_"": 20}",-0.9377453207954215,-0.6994759877750059,-0.11579827401356879,58.5
BCHUSDT,4h,meanrev,rsi,"{""ob"": 65, ""os_"": 30}",-0.7567853487161348,-2.0509862412400848,-0.35512320838162137,80.5
BCHUSDT,4h,meanrev,rsi,"{""ob"": 65, ""os_"": 35}",-1.0385677752556817,-2.845770499503454,-0.49037731310199406,84.5
BCHUSDT,4h,meanrev,rsi,"{""ob"": 70, ""os_"": 20}",-0.26604131478790777,1.1979259915207592,0.12176173388972877,48.0
BCHUSDT,4h,meanrev,rsi,"{""ob"": 70, ""os_"": 30}",-0.15623364990528088,-0.9979760079327915,-0.18186304476612192,70.0
BCHUSDT,4h,meanrev,rsi,"{""ob"": 70, ""os_"": 35}",-0.5482263245716843,-1.994899368276857,-0.3534561038698746,74.0
BCHUSDT,4h,meanrev,rsi,"{""ob"": 80, ""os_"": 20}",-1.499326696294587,0.8360430962004038,0.0675365512344912,29.0
BCHUSDT,4h,meanrev,rsi,"{""ob"": 80, ""os_"": 30}",-0.9593266257513854,-1.4051430159116083,-0.2214112166231923,51.0
BCHUSDT,4h,meanrev,rsi,"{""ob"": 80, ""os_"": 35}",-1.2394702429831128,-2.3782054424814847,-0.3847095864973449,55.0
BCHUSDT,4h,meanrev,zscore,"{""lb"": 20, ""z"": 1.5}",-0.4872913312200517,-3.083653722106682,-0.4488936980284496,84.5
BCHUSDT,4h,meanrev,zscore,"{""lb"": 20, ""z"": 2.0}",-0.6530763699328419,-3.0379493484838447,-0.3404479020922111,54.0
BCHUSDT,4h,meanrev,zscore,"{""lb"": 20, ""z"": 2.5}",-1.300434909501081,-2.290855474215746,-0.2077513620207685,29.0
BCHUSDT,4h,meanrev,zscore,"{""lb"": 50, ""z"": 1.5}",-0.5347371446127691,-2.884536980748992,-0.43563274446707145,47.0
BCHUSDT,4h,meanrev,zscore,"{""lb"": 50, ""z"": 2.0}",-0.7629004262400528,-2.1636749109313347,-0.24490374596787268,38.0
BCHUSDT,4h,meanrev,zscore,"{""lb"": 50, ""z"": 2.5}",0.3517407735691718,-0.51477646226551,-0.04354303568766049,17.0
BCHUSDT,4h,meanrev,bb,"{""span"": 20, ""mult"": 1.5}",-0.4872913312200517,-3.083653722106682,-0.4488936980284496,84.5
BCHUSDT,4h,meanrev,bb,"{""span"": 20, ""mult"": 2.0}",-0.6530763699328419,-3.0379493484838447,-0.3404479020922111,54.0
BCHUSDT,4h,meanrev,bb,"{""span"": 20, ""mult"": 2.5}",-1.300434909501081,-2.290855474215746,-0.2077513620207685,29.0
BCHUSDT,4h,meanrev,bb,"{""span"": 50, ""mult"": 1.5}",-0.5347371446127691,-2.884536980748992,-0.43563274446707145,47.0
BCHUSDT,4h,meanrev,bb,"{""span"": 50, ""mult"": 2.0}",-0.7629004262400528,-2.1636749109313347,-0.24490374596787268,38.0
BCHUSDT,4h,meanrev,bb,"{""span"": 50, ""mult"": 2.5}",0.3517407735691718,-0.51477646226551,-0.04354303568766049,17.0
BCHUSDT,4h,carry,funding,"{""thr"": 5e-05}",0.46554874582577976,-4.837293916884643,-0.6777347850792615,112.0
BCHUSDT,4h,carry,funding,"{""thr"": 0.0001}",-0.18171399242607136,-4.8278607129707805,-0.5730779321239964,37.0
BCHUSDT,4h,carry,funding,"{""thr"": 0.0002}",-1.1858571222383256,-2.2375473798969665,-0.19445336192767115,20.0
BCHUSDT,4h,carry,funding,"{""thr"": 0.0005}",0.8884127859901355,0.2733967672775709,0.00983087251751913,6.0
BCHUSDT,4h,carry,funding_pct,"{""lb"": 100, ""hi"": 0.8}",-1.4147286981794849,-2.593543337754044,-0.4239639365106591,100.0
BCHUSDT,4h,carry,funding_pct,"{""lb"": 100, ""hi"": 0.9}",-0.11396682773748645,-2.629748839941206,-0.3121203354635541,65.0
BCHUSDT,4h,carry,funding_pct,"{""lb"": 100, ""hi"": 0.95}",-0.8221621994737113,-2.2914838815224967,-0.2032671889202362,46.0
BCHUSDT,4h,carry,funding_pct,"{""lb"": 500, ""hi"": 0.8}",-1.0078414044468595,-4.432278306281435,-0.5965622245688117,88.0
BCHUSDT,4h,carry,funding_pct,"{""lb"": 500, ""hi"": 0.9}",-1.2613959133576713,-4.376723297948926,-0.42822165297198445,53.0
BCHUSDT,4h,carry,funding_pct,"{""lb"": 500, ""hi"": 0.95}",-0.5208770012024697,-0.7443964742206909,-0.05111116949664274,12.0
BCHUSDT,4h,carry,funding_mom,"{""lb"": 24}",-0.43442519828783593,-2.094050614872969,-0.4949367722795981,147.5
BCHUSDT,4h,carry,funding_mom,"{""lb"": 100}",0.4765401240221027,-2.35443396837456,-0.5294557648348135,115.5
BCHUSDT,4h,carry,funding_mom,"{""lb"": 500}",-0.5454764584788414,-4.4607881768659,-0.7385103855371262,137.5
BCHUSDT,4h,carry,funding_price_div,"{""lb"": 24}",-1.8777125802340149,-1.2405672046996765,-0.24064988428033407,107.0
BCHUSDT,4h,carry,funding_price_div,"{""lb"": 100}",-0.38094093871350804,-0.9560072707194707,-0.1864743308345581,69.0
BCHUSDT,4h,carry,funding_price_div,"{""lb"": 500}",-4.806556978168889,-2.183917322647725,-0.3228361237898937,71.0
BCHUSDT,4h,ichimoku,cloud,"{""tenkan"": 9, ""kijun"": 26, ""senkou"": 52, ""disp"": 26}",-2.7996873042524064,1.9661194986826367,0.5570034043880938,41.5
BCHUSDT,4h,ichimoku,cloud_fast,"{""tenkan"": 7, ""kijun"": 14, ""senkou"": 28, ""disp"": 14}",-3.359378855489061,1.6595336049490108,0.4409622821156145,51.0
BCHUSDT,4h,ichimoku,cloud_slow,"{""tenkan"": 12, ""kijun"": 24, ""senkou"": 52, ""disp"": 24}",-2.5351313514819296,1.9581604750897939,0.5513993825635264,40.5
BCHUSDT,4h,ichimoku,tk,"{""tenkan"": 9, ""kijun"": 26}",-2.3415161259326287,0.21476402317507562,-0.02639867805076135,48.0
BCHUSDT,4h,ichimoku,combo,"{""tenkan"": 9, ""kijun"": 26, ""senkou"": 52, ""disp"": 26}",-2.644089871366132,0.9897623796871533,0.1900444540749313,40.0
BCHUSDT,1h,trend,ema_cross,"{""fast"": 10, ""slow"": 50}",-4.1367431565194694,0.6832215159599478,0.10788098947642388,83.5
BCHUSDT,1h,trend,ema_cross,"{""fast"": 10, ""slow"": 100}",-3.8624793885880484,1.2446164850833685,0.3036922105220279,61.5
BCHUSDT,1h,trend,ema_cross,"{""fast"": 10, ""slow"": 200}",-2.1646588204334805,1.4730763952202606,0.3922652056693072,49.5
BCHUSDT,1h,trend,ema_cross,"{""fast"": 20, ""slow"": 50}",-4.800156335932578,1.090068127049598,0.24689753546212212,69.5
BCHUSDT,1h,trend,ema_cross,"{""fast"": 20, ""slow"": 100}",-2.104757584135188,1.5700678515838962,0.4315461717337461,43.5
BCHUSDT,1h,trend,ema_cross,"{""fast"": 20, ""slow"": 200}",-2.26319356168453,1.4381672802030947,0.3784747465579179,32.5
BCHUSDT,1h,trend,ema_cross,"{""fast"": 50, ""slow"": 100}",-1.9610133379092713,1.5948335925473394,0.44207356862936087,30.5
BCHUSDT,1h,trend,ema_cross,"{""fast"": 50, ""slow"": 200}",-2.716640759235773,1.7034373030381231,0.4881574505516961,22.5
BCHUSDT,1h,trend,ema_slope,"{""span"": 20, ""thr"": 0.0}",-6.326911268403086,-6.537508367782223,-0.8673124453689488,506.5
BCHUSDT,1h,trend,ema_slope,"{""span"": 20, ""thr"": 0.001}",-7.8177450205452015,-5.9191694085817534,-0.7506987324089305,301.0
BCHUSDT,1h,trend,ema_slope,"{""span"": 20, ""thr"": 0.005}",-1.7115300428066362,-2.8523575219779236,-0.24392499796886302,25.0
BCHUSDT,1h,trend,ema_slope,"{""span"": 50, ""thr"": 0.0}",-5.475201644744249,-3.363725517739085,-0.6601477938721763,305.5
BCHUSDT,1h,trend,ema_slope,"{""span"": 50, ""thr"": 0.001}",-4.341178633850421,-1.7019928249354552,-0.3245694675222539,121.0
BCHUSDT,1h,trend,ema_slope,"{""span"": 50, ""thr"": 0.005}",0.0,-1.9332593169456682,-0.007536702410735008,1.0
BCHUSDT,1h,trend,ema_slope,"{""span"": 100, ""thr"": 0.0}",-5.302023809319718,0.0008108112649961108,-0.09190896869822085,155.5
BCHUSDT,1h,trend,ema_slope,"{""span"": 100, ""thr"": 0.001}",-3.8437982845876824,0.23038331452846794,0.0031341653883565357,48.0
BCHUSDT,1h,trend,price_ema,"{""span"": 20, ""thr"": 0.0}",-6.326911268403086,-6.537508367782223,-0.8673124453689488,506.5
BCHUSDT,1h,trend,price_ema,"{""span"": 20, ""thr"": 0.02}",-3.8416233280769374,-2.381429143558,-0.363437314928558,120.0
BCHUSDT,1h,trend,price_ema,"{""span"": 20, ""thr"": 0.05}",-2.4182033238656198,-2.5178304397972853,-0.21659443448862514,20.0
BCHUSDT,1h,trend,price_ema,"{""span"": 50, ""thr"": 0.0}",-5.475201644744249,-3.363725517739085,-0.6601477938721763,305.5
BCHUSDT,1h,trend,price_ema,"{""span"": 50, ""thr"": 0.02}",-5.772566619812165,-1.8576417138319097,-0.3623697329293989,151.0
BCHUSDT,1h,trend,price_ema,"{""span"": 50, ""thr"": 0.05}",-2.057180649880374,-1.2745266734910201,-0.18110807139952745,40.0
BCHUSDT,1h,trend,price_ema,"{""span"": 100, ""thr"": 0.0}",-5.302023809319718,0.0008108112649961108,-0.09190896869822085,155.5
BCHUSDT,1h,trend,price_ema,"{""span"": 100, ""thr"": 0.02}",-5.1151571636477104,-0.3172558589180159,-0.1335729598173444,130.0
BCHUSDT,1h,trend,price_ema,"{""span"": 100, ""thr"": 0.05}",-3.953027429495097,0.015623113505160855,-0.03617764041499871,49.0
BCHUSDT,1h,trend,donchian,"{""lb"": 10}",-15.98880216816887,-14.022027802308324,-0.9333685386250187,655.0
BCHUSDT,1h,trend,donchian,"{""lb"": 20}",-13.18412549580057,-9.244098485675563,-0.8061158192645146,458.0
BCHUSDT,1h,trend,donchian,"{""lb"": 55}",-8.679311723367798,-5.335464266401004,-0.5587990556102491,248.0
BCHUSDT,1h,momentum,mom_ret,"{""lb"": 5, ""thr"": 0.0}",-10.827709228520755,-11.70024240311441,-0.9720175732451714,868.5
BCHUSDT,1h,momentum,mom_ret,"{""lb"": 5, ""thr"": 0.02}",-4.784483399875268,-7.705974946383504,-0.6958475868724908,207.0
BCHUSDT,1h,momentum,mom_ret,"{""lb"": 5, ""thr"": 0.05}",-1.7350871516830175,-2.582325077734323,-0.16836293160669413,24.0
BCHUSDT,1h,momentum,mom_ret,"{""lb"": 10, ""thr"": 0.0}",-8.576037985923794,-8.337734438161633,-0.9221896981705282,579.5
BCHUSDT,1h,momentum,mom_ret,"{""lb"": 10, ""thr"": 0.02}",-6.714334105072449,-5.811300927290692,-0.6939053078187527,245.0
BCHUSDT,1h,momentum,mom_ret,"{""lb"": 10, ""thr"": 0.05}",-2.5353022078013545,-1.0813467428435006,-0.1225627085719736,36.0
BCHUSDT,1h,momentum,mom_ret,"{""lb"": 20, ""thr"": 0.0}",-6.464021231845056,-4.529436854349177,-0.7595966138724505,427.5
BCHUSDT,1h,momentum,mom_ret,"{""lb"": 20, ""thr"": 0.02}",-6.375623449946956,-2.835431804238346,-0.5084919488748222,244.5
BCHUSDT,1h,momentum,mom_ret,"{""lb"": 20, ""thr"": 0.05}",-2.273047605074119,-0.47582467815625307,-0.0977436100848591,58.0
BCHUSDT,1h,momentum,mom_ret,"{""lb"": 50, ""thr"": 0.0}",-3.2731791750860686,-2.878831441222753,-0.6083751229511112,248.5
BCHUSDT,1h,momentum,mom_ret,"{""lb"": 50, ""thr"": 0.02}",-5.392000149107724,-1.9108309534717194,-0.4325369202205427,179.5
BCHUSDT,1h,momentum,mom_ret,"{""lb"": 50, ""thr"": 0.05}",-4.007790478970429,-0.9597467190110822,-0.2137149749085847,92.0
BCHUSDT,1h,meanrev,rsi,"{""ob"": 65, ""os_"": 20}",-5.701064707326549,-5.5328461685095665,-0.5612593333515148,204.0
BCHUSDT,1h,meanrev,rsi,"{""ob"": 65, ""os_"": 30}",-6.070770769171294,-7.529624328943532,-0.746469865894342,297.0
BCHUSDT,1h,meanrev,rsi,"{""ob"": 65, ""os_"": 35}",-6.308222423567558,-7.63846144974827,-0.7836564900172162,341.0
BCHUSDT,1h,meanrev,rsi,"{""ob"": 70, ""os_"": 20}",-4.913874183426824,-5.376695615962996,-0.5154692797212824,168.0
BCHUSDT,1h,meanrev,rsi,"{""ob"": 70, ""os_"": 30}",-5.332101617162401,-7.445611939839742,-0.7200096826470055,261.0
BCHUSDT,1h,meanrev,rsi,"{""ob"": 70, ""os_"": 35}",-5.602161075170348,-7.527129043271334,-0.7610773637184444,305.0
BCHUSDT,1h,meanrev,rsi,"{""ob"": 80, ""os_"": 20}",-3.1681622593235654,-3.8713435778152574,-0.3681938908453892,80.0
BCHUSDT,1h,meanrev,rsi,"{""ob"": 80, ""os_"": 30}",-3.8251434919987988,-6.355830655564007,-0.6349053102226377,173.0
BCHUSDT,1h,meanrev,rsi,"{""ob"": 80, ""os_"": 35}",-4.22077666095257,-6.508158756412619,-0.6884557059020324,217.0
BCHUSDT,1h,meanrev,zscore,"{""lb"": 20, ""z"": 1.5}",-7.4859342467797,-8.218964104815232,-0.7932043775178019,371.0
BCHUSDT,1h,meanrev,zscore,"{""lb"": 20, ""z"": 2.0}",-6.513593721146553,-7.138407313654343,-0.626746366701758,202.0
BCHUSDT,1h,meanrev,zscore,"{""lb"": 20, ""z"": 2.5}",-4.147005478040192,-5.767382885465231,-0.38717769682947756,104.0
BCHUSDT,1h,meanrev,zscore,"{""lb"": 50, ""z"": 1.5}",-4.566995052640216,-5.355169166665175,-0.6565029158208764,226.0
BCHUSDT,1h,meanrev,zscore,"{""lb"": 50, ""z"": 2.0}",-4.706045930252947,-5.402797025989948,-0.5748593416801074,142.0
BCHUSDT,1h,meanrev,zscore,"{""lb"": 50, ""z"": 2.5}",-4.165081874868606,-4.1393185512129715,-0.39936680388373935,84.0
BCHUSDT,1h,meanrev,bb,"{""span"": 20, ""mult"": 1.5}",-7.4859342467797,-8.218964104815232,-0.7932043775178019,371.0
BCHUSDT,1h,meanrev,bb,"{""span"": 20, ""mult"": 2.0}",-6.513593721146553,-7.138407313654343,-0.626746366701758,202.0
BCHUSDT,1h,meanrev,bb,"{""span"": 20, ""mult"": 2.5}",-4.147005478040192,-5.767382885465231,-0.38717769682947756,104.0
BCHUSDT,1h,meanrev,bb,"{""span"": 50, ""mult"": 1.5}",-4.566995052640216,-5.355169166665175,-0.6565029158208764,226.0
BCHUSDT,1h,meanrev,bb,"{""span"": 50, ""mult"": 2.0}",-4.706045930252947,-5.402797025989948,-0.5748593416801074,142.0
BCHUSDT,1h,meanrev,bb,"{""span"": 50, ""mult"": 2.5}",-4.165081874868606,-4.1393185512129715,-0.39936680388373935,84.0
BCHUSDT,1h,carry,funding,"{""thr"": 5e-05}",0.9208471756165265,-4.775991118889646,-0.7007673841237294,112.5
BCHUSDT,1h,carry,funding,"{""thr"": 0.0001}",0.36676317916627044,-4.2997261285321695,-0.5498917407199154,37.0
BCHUSDT,1h,carry,funding,"{""thr"": 0.0002}",-1.285713888189101,-2.7846677275779355,-0.2976866084067441,20.0
BCHUSDT,1h,carry,funding,"{""thr"": 0.0005}",1.6980468331056975,0.5103439320674843,0.025451341461785848,6.0
BCHUSDT,1h,carry,funding_pct,"{""lb"": 100, ""hi"": 0.8}",-2.125331724387368,-3.393364240459977,-0.5121911293599888,148.5
BCHUSDT,1h,carry,funding_pct,"{""lb"": 100, ""hi"": 0.9}",-1.6367261491259142,-3.0974395569896074,-0.35093762345564483,124.5
BCHUSDT,1h,carry,funding_pct,"{""lb"": 100, ""hi"": 0.95}",-1.513080155954067,-3.005915689839512,-0.2742704305642606,92.5
BCHUSDT,1h,carry,funding_pct,"{""lb"": 500, ""hi"": 0.8}",-0.5108578084272064,-2.8768391299038534,-0.4641296812614505,106.5
BCHUSDT,1h,carry,funding_pct,"{""lb"": 500, ""hi"": 0.9}",0.08424797022302159,-1.2077981836209348,-0.19230778067312604,75.5
BCHUSDT,1h,carry,funding_pct,"{""lb"": 500, ""hi"": 0.95}",0.7507241655157336,-1.4370938365030776,-0.1759957519537355,40.5
BCHUSDT,1h,carry,funding_mom,"{""lb"": 24}",-1.1933225797130638,-5.1561546266200144,-0.7978847099638583,214.5
BCHUSDT,1h,carry,funding_mom,"{""lb"": 100}",-1.0289781410420906,-3.016564179989961,-0.6235493973292753,207.5
BCHUSDT,1h,carry,funding_mom,"{""lb"": 500}",-2.67556630759179,-2.007460387454087,-0.4948120336940528,192.5
BCHUSDT,1h,carry,funding_price_div,"{""lb"": 24}",-6.4731161963080694,-7.738505226171783,-0.7706334173951138,294.0
BCHUSDT,1h,carry,funding_price_div,"{""lb"": 100}",-3.263621332233234,-2.492745156192828,-0.42381739154420817,180.0
BCHUSDT,1h,carry,funding_price_div,"{""lb"": 500}",-2.3915555851157064,-0.4810247437097565,-0.12189744522105428,115.0
BCHUSDT,1h,ichimoku,cloud,"{""tenkan"": 9, ""kijun"": 26, ""senkou"": 52, ""disp"": 26}",-4.857422480684573,-1.4864653711461728,-0.3849099062264213,204.5
BCHUSDT,1h,ichimoku,cloud_fast,"{""tenkan"": 7, ""kijun"": 14, ""senkou"": 28, ""disp"": 14}",-5.27668273644618,-3.127368488890904,-0.6110219035171734,300.5
BCHUSDT,1h,ichimoku,cloud_slow,"{""tenkan"": 12, ""kijun"": 24, ""senkou"": 52, ""disp"": 24}",-4.460203794163534,-1.7416591788558244,-0.4251844903117794,214.5
BCHUSDT,1h,ichimoku,tk,"{""tenkan"": 9, ""kijun"": 26}",-4.719085189680688,0.21868804762820057,-0.030436719208153384,188.5
BCHUSDT,1h,ichimoku,combo,"{""tenkan"": 9, ""kijun"": 26, ""senkou"": 52, ""disp"": 26}",-5.210480364819155,-0.6195042046055654,-0.19976584714888046,184.5
BNBUSDT,1d,trend,ema_cross,"{""fast"": 10, ""slow"": 50}",0.02943147922168693,0.3875332662394206,0.11885239436211714,13.5
BNBUSDT,1d,trend,ema_cross,"{""fast"": 10, ""slow"": 100}",0.07145032715824319,0.10935751626741187,-0.11736942988772503,9.5
BNBUSDT,1d,trend,ema_cross,"{""fast"": 10, ""slow"": 200}",0.29263179782753096,-0.6065066785220414,-0.5188851415102524,13.5
BNBUSDT,1d,trend,ema_cross,"{""fast"": 20, ""slow"": 50}",0.33924617697297327,0.5766433021922884,0.31306929121799487,7.5
BNBUSDT,1d,trend,ema_cross,"{""fast"": 20, ""slow"": 100}",-0.06622355337201498,0.567750076046267,0.30172951253771885,3.5
BNBUSDT,1d,trend,ema_cross,"{""fast"": 20, ""slow"": 200}",0.3230736683241944,0.19430739851334902,-0.051439742278182043,5.5
BNBUSDT,1d,trend,ema_cross,"{""fast"": 50, ""slow"": 100}",0.2972307681681458,0.6536221785374352,0.400460960758954,3.5
BNBUSDT,1d,trend,ema_cross,"{""fast"": 50, ""slow"": 200}",0.2784459239621432,0.21433428098107207,-0.03538992762602655,5.5
BNBUSDT,1d,trend,ema_slope,"{""span"": 20, ""thr"": 0.0}",-0.2945656457625788,-0.2857887906072529,-0.3676629705763039,85.5
BNBUSDT,1d,trend,ema_slope,"{""span"": 20, ""thr"": 0.001}",-0.5435021143823063,-0.05889248190544637,-0.2142257238758718,76.0
BNBUSDT,1d,trend,ema_slope,"{""span"": 20, ""thr"": 0.005}",-0.3793703950531168,-1.0676733329285415,-0.48562736594828315,44.0
BNBUSDT,1d,trend,ema_slope,"{""span"": 50, ""thr"": 0.0}",0.16290018914421334,0.0011695859304065844,-0.19458111766899178,45.5
BNBUSDT,1d,trend,ema_slope,"{""span"": 50, ""thr"": 0.001}",-0.3620417946372314,0.24995450711377187,0.015235691073509416,37.5
BNBUSDT,1d,trend,ema_slope,"{""span"": 50, ""thr"": 0.005}",0.06924162591224654,-0.23379425792803096,-0.17016751397683494,16.0
BNBUSDT,1d,trend,ema_slope,"{""span"": 100, ""thr"": 0.0}",-0.14741722789461142,-0.32387299097752853,-0.3882881930163783,35.5
BNBUSDT,1d,trend,ema_slope,"{""span"": 100, ""thr"": 0.001}",0.014661260464479318,0.26487867743313714,0.03185801064629268,26.5
BNBUSDT,1d,trend,ema_slope,"{""span"": 100, ""thr"": 0.005}",0.41908187028825467,-0.37087898738692204,-0.1614711552060527,7.0
BNBUSDT,1d,trend,price_ema,"{""span"": 20, ""thr"": 0.0}",-0.2945656457625788,-0.2857887906072529,-0.3676629705763039,85.5
BNBUSDT,1d,trend,price_ema,"{""span"": 20, ""thr"": 0.02}",-0.44864343980706906,-0.6267053091534646,-0.4470967372792115,72.0
BNBUSDT,1d,trend,price_ema,"{""span"": 20, ""thr"": 0.05}",-0.3575775546921961,-0.9817082642918883,-0.45752001832161926,41.0
BNBUSDT,1d,trend,price_ema,"{""span"": 50, ""thr"": 0.0}",0.16290018914421334,0.0011695859304065844,-0.19458111766899178,45.5
BNBUSDT,1d,trend,price_ema,"{""span"": 50, ""thr"": 0.02}",-0.3658206902638106,-0.05056347268422494,-0.19963046871795098,44.5
BNBUSDT,1d,trend,price_ema,"{""span"": 50, ""thr"": 0.05}",-0.37133800863778277,-0.1946623925224316,-0.24536292581774288,40.0
BNBUSDT,1d,trend,price_ema,"{""span"": 100, ""thr"": 0.0}",-0.14741722789461142,-0.32387299097752853,-0.3882881930163783,35.5
BNBUSDT,1d,trend,price_ema,"{""span"": 100, ""thr"": 0.02}",0.09799643321403548,0.1985857018063249,-0.0360316185625329,27.5
BNBUSDT,1d,trend,price_ema,"{""span"": 100, ""thr"": 0.05}",0.06736552799550478,0.2579217780672884,0.026789043906734422,26.5
BNBUSDT,1d,trend,donchian,"{""lb"": 10}",-0.03277778752750812,-1.3015675018016422,-0.5114961135759666,102.0
BNBUSDT,1d,trend,donchian,"{""lb"": 20}",0.21329399998295948,-0.445730531545256,-0.23176865429591498,66.0
BNBUSDT,1d,trend,donchian,"{""lb"": 55}",0.012913806752263085,-0.051475314241713525,-0.05986717144660969,37.0
BNBUSDT,1d,momentum,mom_ret,"{""lb"": 5, ""thr"": 0.0}",0.4073948853720543,-1.3045608595457854,-0.7345087537512176,128.5
BNBUSDT,1d,momentum,mom_ret,"{""lb"": 5, ""thr"": 0.02}",-0.10694349913704623,-1.8772559838059721,-0.7695169591342581,120.0
BNBUSDT,1d,momentum,mom_ret,"{""lb"": 5, ""thr"": 0.05}",-0.05490782518336828,-1.1265835270367093,-0.5295665971383015,71.0
BNBUSDT,1d,momentum,mom_ret,"{""lb"": 10, ""thr"": 0.0}",-0.6786242664937849,0.23841603820399862,-0.012796115444899558,99.5
BNBUSDT,1d,momentum,mom_ret,"{""lb"": 10, ""thr"": 0.02}",-0.32731043595449344,-0.35478584733261137,-0.36203616155227747,89.0
BNBUSDT,1d,momentum,mom_ret,"{""lb"": 10, ""thr"": 0.05}",-0.39488936331891084,-0.9216020794941521,-0.4986891375497172,66.0
BNBUSDT,1d,momentum,mom_ret,"{""lb"": 20, ""thr"": 0.0}",-0.7874044305602306,-0.37302322935756616,-0.41464909046791487,64.5
BNBUSDT,1d,momentum,mom_ret,"{""lb"": 20, ""thr"": 0.02}",-0.5447706183188207,-0.0006929420292017664,-0.16866802565996553,67.5
BNBUSDT,1d,momentum,mom_ret,"{""lb"": 20, ""thr"": 0.05}",-0.7730413711830704,-0.13642468298653945,-0.22110069691714673,52.0
BNBUSDT,1d,momentum,mom_ret,"{""lb"": 50, ""thr"": 0.0}",-0.19762756424482478,0.2724908127156943,0.014795613622345272,37.5
BNBUSDT,1d,momentum,mom_ret,"{""lb"": 50, ""thr"": 0.02}",-0.04167672156957476,0.3136694738764795,0.05467461869194312,37.5
BNBUSDT,1d,momentum,mom_ret,"{""lb"": 50, ""thr"": 0.05}",0.04809274365537368,0.24127691766567966,0.002516340192321387,39.5
BNBUSDT,1d,meanrev,rsi,"{""ob"": 65, ""os_"": 20}",-0.7780252064346515,-0.16420852793028018,-0.11897160083425784,30.0
BNBUSDT,1d,meanrev,rsi,"{""ob"": 65, ""os_"": 30}",-0.9046263820320565,-0.5617497491355616,-0.29540484786430166,40.0
BNBUSDT,1d,meanrev,rsi,"{""ob"": 65, ""os_"": 35}",-0.7651255882629477,-0.4893716410853694,-0.3096595377618926,53.0
BNBUSDT,1d,meanrev,rsi,"{""ob"": 70, ""os_"": 20}",-0.8487639043958445,0.015266912914896569,-0.03696623196182747,27.0
BNBUSDT,1d,meanrev,rsi,"{""ob"": 70, ""os_"": 30}",-0.9630601270709553,-0.447353447921476,-0.2298217345261535,37.0
BNBUSDT,1d,meanrev,rsi,"{""ob"": 70, ""os_"": 35}",-0.7835249739011974,-0.379630755139286,-0.24540323875154724,50.0
BNBUSDT,1d,meanrev,rsi,"{""ob"": 80, ""os_"": 20}",-0.4522879142691923,-0.6483075231412214,-0.17459208585895025,8.0
BNBUSDT,1d,meanrev,rsi,"{""ob"": 80, ""os_"": 30}",-0.6462472330528447,-1.0581564543577697,-0.3398868692667256,18.0
BNBUSDT,1d,meanrev,rsi,"{""ob"": 80, ""os_"": 35}",-0.4573194081055554,-0.838832851658505,-0.3532416417873844,31.0
BNBUSDT,1d,meanrev,zscore,"{""lb"": 20, ""z"": 1.5}",-1.486077319600599,-0.2902846568265915,-0.20163207504851832,57.0
BNBUSDT,1d,meanrev,zscore,"{""lb"": 20, ""z"": 2.0}",-1.496434330302423,-0.12190783185516356,-0.08021818049657392,38.0
BNBUSDT,1d,meanrev,zscore,"{""lb"": 20, ""z"": 2.5}",-0.6800656200122096,-0.04452513267768746,-0.016486164410587922,13.0
BNBUSDT,1d,meanrev,zscore,"{""lb"": 50, ""z"": 1.5}",-0.5667438219598016,0.2057457025844863,0.023381413149124564,41.0
BNBUSDT,1d,meanrev,zscore,"{""lb"": 50, ""z"": 2.0}",-1.039404690204078,-0.14109767744562982,-0.12036152498814268,21.0
BNBUSDT,1d,meanrev,zscore,"{""lb"": 50, ""z"": 2.5}",-0.7655149424412544,-0.6837205381829893,-0.21420211594115768,15.0
BNBUSDT,1d,meanrev,bb,"{""span"": 20, ""mult"": 1.5}",-1.486077319600599,-0.2902846568265915,-0.20163207504851832,57.0
BNBUSDT,1d,meanrev,bb,"{""span"": 20, ""mult"": 2.0}",-1.496434330302423,-0.12190783185516356,-0.08021818049657392,38.0
BNBUSDT,1d,meanrev,bb,"{""span"": 20, ""mult"": 2.5}",-0.6800656200122096,-0.04452513267768746,-0.016486164410587922,13.0
BNBUSDT,1d,meanrev,bb,"{""span"": 50, ""mult"": 1.5}",-0.5667438219598016,0.2057457025844863,0.023381413149124564,41.0
BNBUSDT,1d,meanrev,bb,"{""span"": 50, ""mult"": 2.0}",-1.039404690204078,-0.14109767744562982,-0.12036152498814268,21.0
BNBUSDT,1d,meanrev,bb,"{""span"": 50, ""mult"": 2.5}",-0.7655149424412544,-0.6837205381829893,-0.21420211594115768,15.0
BNBUSDT,1d,carry,funding,"{""thr"": 5e-05}",-0.8526503773471902,-0.9502442075723095,-0.3779179455155015,77.0
BNBUSDT,1d,carry,funding,"{""thr"": 0.0001}",-0.6934443236106751,-0.23866361337242425,-0.10694240327609983,50.0
BNBUSDT,1d,carry,funding,"{""thr"": 0.0002}",-0.548726126449561,-0.750284660490708,-0.1795577061797914,23.0
BNBUSDT,1d,carry,funding,"{""thr"": 0.0005}",0.3103566054198972,0.6668667496659478,0.011091800669152052,2.0
BNBUSDT,1d,carry,funding_pct,"{""lb"": 100, ""hi"": 0.8}",-1.0507267512981469,-1.8771118315960074,-0.6060043886335946,90.0
BNBUSDT,1d,carry,funding_pct,"{""lb"": 100, ""hi"": 0.9}",-1.3312932113620974,-1.705122675850376,-0.5123524524230438,69.0
BNBUSDT,1d,carry,funding_pct,"{""lb"": 100, ""hi"": 0.95}",-1.7588745186688783,-1.2741831392416287,-0.3352166141385169,45.0
BNBUSDT,1d,carry,funding_pct,"{""lb"": 500, ""hi"": 0.8}",-0.7440399144739888,-1.6404025004856333,-0.6112029452174973,94.0
BNBUSDT,1d,carry,funding_pct,"{""lb"": 500, ""hi"": 0.9}",-0.9890601840940781,-1.7771140916561772,-0.45902200436609797,44.0
BNBUSDT,1d,carry,funding_pct,"{""lb"": 500, ""hi"": 0.95}",-0.9583490168434313,-0.3656325026800064,-0.043503588593016396,19.0
BNBUSDT,1d,carry,funding_mom,"{""lb"": 24}",-1.2928352702834576,-2.18266116360322,-0.8155510645294455,169.5
BNBUSDT,1d,carry,funding_mom,"{""lb"": 100}",-0.9128655158171938,-1.280394322270352,-0.6200753003535233,139.5
BNBUSDT,1d,carry,funding_mom,"{""lb"": 500}",-0.7449354286660198,-1.5292994606337789,-0.69206366834347,112.5
BNBUSDT,1d,carry,funding_price_div,"{""lb"": 24}",-0.399246969571073,-1.3024863946721206,-0.46970959693961456,82.0
BNBUSDT,1d,carry,funding_price_div,"{""lb"": 100}",-0.32766781508755477,-1.2550500602205723,-0.39913454487973754,64.0
BNBUSDT,1d,carry,funding_price_div,"{""lb"": 500}",-0.4606520051921225,-0.9463635875979063,-0.4121536739555197,59.5
BNBUSDT,1d,ichimoku,cloud,"{""tenkan"": 9, ""kijun"": 26, ""senkou"": 52, ""disp"": 26}",0.09080716264447261,0.788411117877239,0.5624586478428617,32.5
BNBUSDT,1d,ichimoku,cloud_fast,"{""tenkan"": 7, ""kijun"": 14, ""senkou"": 28, ""disp"": 14}",-0.16077783524846084,-0.48778878470599274,-0.4506355577173824,52.0
BNBUSDT,1d,ichimoku,cloud_slow,"{""tenkan"": 12, ""kijun"": 24, ""senkou"": 52, ""disp"": 24}",0.05482444421613225,0.5080923219589122,0.23939336712192683,37.5
BNBUSDT,1d,ichimoku,tk,"{""tenkan"": 9, ""kijun"": 26}",0.2593271053605339,-0.06984861925816298,-0.22130863751034735,32.5
BNBUSDT,1d,ichimoku,combo,"{""tenkan"": 9, ""kijun"": 26, ""senkou"": 52, ""disp"": 26}",0.04875965204738537,0.5705859000520409,0.2842644856290293,33.0
BNBUSDT,4h,trend,ema_cross,"{""fast"": 10, ""slow"": 50}",0.9761238377948462,-3.250097953985759,-0.46198701220885763,33.5
BNBUSDT,4h,trend,ema_cross,"{""fast"": 10, ""slow"": 100}",2.0876098358293524,-2.079855964623281,-0.3357076474823383,23.5
BNBUSDT,4h,trend,ema_cross,"{""fast"": 10, ""slow"": 200}",2.207019855369583,-1.0592103860568394,-0.20307272744755522,12.5
BNBUSDT,4h,trend,ema_cross,"{""fast"": 20, ""slow"": 50}",0.8030235064652393,-3.468743206193906,-0.48287091935852233,28.5
BNBUSDT,4h,trend,ema_cross,"{""fast"": 20, ""slow"": 100}",1.901926661459344,-2.895191648173435,-0.42581540167554033,20.5
BNBUSDT,4h,trend,ema_cross,"{""fast"": 20, ""slow"": 200}",2.6933399479989566,-2.1370815064747806,-0.343167113575073,8.5
BNBUSDT,4h,trend,ema_cross,"{""fast"": 50, ""slow"": 100}",3.23932883632927,-2.6094205997354467,-0.3964939604720824,14.5
BNBUSDT,4h,trend,ema_cross,"{""fast"": 50, ""slow"": 200}",2.642336299382084,-1.2577843980610501,-0.23083483176956732,6.5
BNBUSDT,4h,trend,ema_slope,"{""span"": 20, ""thr"": 0.0}",-0.424399806218131,-3.48984746820269,-0.4880833098948425,131.5
BNBUSDT,4h,trend,ema_slope,"{""span"": 20, ""thr"": 0.001}",-0.3522111073893257,-5.082999547580723,-0.5008988491907894,111.0
BNBUSDT,4h,trend,ema_slope,"{""span"": 20, ""thr"": 0.005}",-0.671110595889148,0.9262509016893137,0.04742918302097432,5.0
BNBUSDT,4h,trend,ema_slope,"{""span"": 50, ""thr"": 0.0}",0.263119358097254,-2.345027445922154,-0.3677991375985379,71.5
BNBUSDT,4h,trend,ema_slope,"{""span"": 50, ""thr"": 0.001}",0.06373520237983867,-6.683378413360835,-0.5427036116245004,66.0
BNBUSDT,4h,trend,ema_slope,"{""span"": 50, ""thr"": 0.005}",-0.42262960898996865,0.0,0.0,0.0
BNBUSDT,4h,trend,ema_slope,"{""span"": 100, ""thr"": 0.0}",1.046043436481632,-2.997450983068662,-0.43922224119421616,63.5
BNBUSDT,4h,trend,ema_slope,"{""span"": 100, ""thr"": 0.001}",-0.3920816126883893,-3.7359804396101786,-0.3135951814708522,28.0
BNBUSDT,4h,trend,ema_slope,"{""span"": 100, ""thr"": 0.005}",-1.4002907562567397,0.0,0.0,0.0
BNBUSDT,4h,trend,price_ema,"{""span"": 20, ""thr"": 0.0}",-0.424399806218131,-3.48984746820269,-0.4880833098948425,131.5
BNBUSDT,4h,trend,price_ema,"{""span"": 20, ""thr"": 0.02}",-0.8320307991428763,-4.590719385301799,-0.356725601756932,61.0
BNBUSDT,4h,trend,price_ema,"{""span"": 20, ""thr"": 0.05}",-0.576639913112944,1.157194589566435,0.05847699062433476,4.0
BNBUSDT,4h,trend,price_ema,"{""span"": 50, ""thr"": 0.0}",0.263119358097254,-2.345027445922154,-0.3677991375985379,71.5
BNBUSDT,4h,trend,price_ema,"{""span"": 50, ""thr"": 0.02}",-0.5084104932295361,-5.38167435712981,-0.503194553309813,77.0
BNBUSDT,4h,trend,price_ema,"{""span"": 50, ""thr"": 0.05}",-0.20400323028253434,-0.27706725568486407,-0.021889113713761454,8.0
BNBUSDT,4h,trend,price_ema,"{""span"": 100, ""thr"": 0.0}",1.046043436481632,-2.997450983068662,-0.43922224119421616,63.5
BNBUSDT,4h,trend,price_ema,"{""span"": 100, ""thr"": 0.02}",0.714489990856559,-2.057965846419608,-0.28430286314334896,45.0
BNBUSDT,4h,trend,price_ema,"{""span"": 100, ""thr"": 0.05}",-0.21868383894451518,-3.709726415466617,-0.3112344837432185,26.0
BNBUSDT,4h,trend,donchian,"{""lb"": 10}",-3.671322022456548,-6.811947140651684,-0.541556933500622,161.0
BNBUSDT,4h,trend,donchian,"{""lb"": 20}",-2.492663916284024,-5.602427134342605,-0.41510416882724,108.0
BNBUSDT,4h,trend,donchian,"{""lb"": 55}",0.09344025599266506,-4.680496406711103,-0.3080767394529035,53.0
BNBUSDT,4h,momentum,mom_ret,"{""lb"": 5, ""thr"": 0.0}",-1.4434414067921264,-2.1358583873429824,-0.34828087760331805,188.5
BNBUSDT,4h,momentum,mom_ret,"{""lb"": 5, ""thr"": 0.02}",-1.719281531204813,-2.5267954519897833,-0.2394629672148718,88.0
BNBUSDT,4h,momentum,mom_ret,"{""lb"": 5, ""thr"": 0.05}",-1.18482277284254,0.031043666916401116,-0.001682482687067055,9.0
BNBUSDT,4h,momentum,mom_ret,"{""lb"": 10, ""thr"": 0.0}",-1.0188652452396516,-2.7380562570837608,-0.41499483318376296,123.5
BNBUSDT,4h,momentum,mom_ret,"{""lb"": 10, ""thr"": 0.02}",-1.703790519740237,-3.634104229488798,-0.3905888289982463,104.0
BNBUSDT,4h,momentum,mom_ret,"{""lb"": 10, ""thr"": 0.05}",-1.7210820984958426,-0.30948764940381984,-0.02758631138664358,22.0
BNBUSDT,4h,momentum,mom_ret,"{""lb"": 20, ""thr"": 0.0}",-0.8876176845568796,-4.679252703264937,-0.5879025768763781,97.5
BNBUSDT,4h,momentum,mom_ret,"{""lb"": 20, ""thr"": 0.02}",-0.5522941069005669,-6.092730507712342,-0.5862369204051168,96.0
BNBUSDT,4h,momentum,mom_ret,"{""lb"": 20, ""thr"": 0.05}",-0.2903755908576434,-2.540933147709195,-0.19798807300995647,32.0
BNBUSDT,4h,momentum,mom_ret,"{""lb"": 50, ""thr"": 0.0}",0.4089968355035035,-2.5127249735439174,-0.38748409914009607,67.5
BNBUSDT,4h,momentum,mom_ret,"{""lb"": 50, ""thr"": 0.02}",0.49026342650496935,-2.724227071825186,-0.36358774818114126,62.0
BNBUSDT,4h,momentum,mom_ret,"{""lb"": 50, ""thr"": 0.05}",1.0840889968515248,-2.558024509873506,-0.2622085595104169,42.0
BNBUSDT,4h,meanrev,rsi,"{""ob"": 65, ""os_"": 20}",-2.5792009021349536,-1.5444490229028094,-0.14105767886946563,61.0
BNBUSDT,4h,meanrev,rsi,"{""ob"": 65, ""os_"": 30}",-3.1877679384713113,-2.6702245674212888,-0.26310766639182237,79.0
BNBUSDT,4h,meanrev,rsi,"{""ob"": 65, ""os_"": 35}",-2.9610825183971246,-2.5379351966791055,-0.27122812833401233,92.0
BNBUSDT,4h,meanrev,rsi,"{""ob"": 70, ""os_"": 20}",-2.322156167313287,-1.2404431316811695,-0.10162993359413919,55.0
BNBUSDT,4h,meanrev,rsi,"{""ob"": 70, ""os_"": 30}",-2.9840671985452745,-2.502019423292087,-0.22928234132622083,73.0
BNBUSDT,4h,meanrev,rsi,"{""ob"": 70, ""os_"": 35}",-2.7412765480728782,-2.354512898511147,-0.23777555414713358,86.0
BNBUSDT,4h,meanrev,rsi,"{""ob"": 80, ""os_"": 20}",-1.7904017853230967,-1.4671031896172575,-0.09261124896041628,18.0
BNBUSDT,4h,meanrev,rsi,"{""ob"": 80, ""os_"": 30}",-2.5813109285631017,-2.8071398919913353,-0.22154515175908795,36.0
BNBUSDT,4h,meanrev,rsi,"{""ob"": 80, ""os_"": 35}",-2.3251155284848357,-2.5708374764672817,-0.23012362744752335,49.0
BNBUSDT,4h,meanrev,zscore,"{""lb"": 20, ""z"": 1.5}",-4.431958702708425,-2.6099767708530286,-0.24073690373117007,95.0
BNBUSDT,4h,meanrev,zscore,"{""lb"": 20, ""z"": 2.0}",-3.313753119261144,-2.4733334484026037,-0.1535404423712865,55.0
BNBUSDT,4h,meanrev,zscore,"{""lb"": 20, ""z"": 2.5}",-1.7412278779013213,-1.327969661214558,-0.05298039111107278,22.0
BNBUSDT,4h,meanrev,zscore,"{""lb"": 50, ""z"": 1.5}",-3.0819039829835,-0.44253747016461625,-0.05248920331862483,59.0
BNBUSDT,4h,meanrev,zscore,"{""lb"": 50, ""z"": 2.0}",-2.299583725581124,0.3807616533799408,0.020125234569007056,34.0
BNBUSDT,4h,meanrev,zscore,"{""lb"": 50, ""z"": 2.5}",-1.4422543429763532,-0.5502193966653857,-0.028796890383231855,15.0
BNBUSDT,4h,meanrev,bb,"{""span"": 20, ""mult"": 1.5}",-4.431958702708425,-2.6099767708530286,-0.24073690373117007,95.0
BNBUSDT,4h,meanrev,bb,"{""span"": 20, ""mult"": 2.0}",-3.313753119261144,-2.4733334484026037,-0.1535404423712865,55.0
BNBUSDT,4h,meanrev,bb,"{""span"": 20, ""mult"": 2.5}",-1.7412278779013213,-1.327969661214558,-0.05298039111107278,22.0
BNBUSDT,4h,meanrev,bb,"{""span"": 50, ""mult"": 1.5}",-3.0819039829835,-0.44253747016461625,-0.05248920331862483,59.0
BNBUSDT,4h,meanrev,bb,"{""span"": 50, ""mult"": 2.0}",-2.299583725581124,0.3807616533799408,0.020125234569007056,34.0
BNBUSDT,4h,meanrev,bb,"{""span"": 50, ""mult"": 2.5}",-1.4422543429763532,-0.5502193966653857,-0.028796890383231855,15.0
BNBUSDT,4h,carry,funding,"{""thr"": 5e-05}",-2.165182821766471,-2.995342338553664,-0.2250019242862551,56.5
BNBUSDT,4h,carry,funding,"{""thr"": 0.0001}",-2.780261133137636,-3.281875266183107,-0.16225173399881276,19.0
BNBUSDT,4h,carry,funding,"{""thr"": 0.0002}",-2.204481164948788,0.0,0.0,0.0
BNBUSDT,4h,carry,funding_pct,"{""lb"": 100, ""hi"": 0.8}",-2.4002618153357127,-1.8987819468114935,-0.15315284794494333,55.0
BNBUSDT,4h,carry,funding_pct,"{""lb"": 100, ""hi"": 0.9}",-2.487942430475418,-1.5162424689577636,-0.10765802951524361,36.0
BNBUSDT,4h,carry,funding_pct,"{""lb"": 100, ""hi"": 0.95}",-2.284052315677735,-2.5065880066390274,-0.13884855488307657,26.0
BNBUSDT,4h,carry,funding_pct,"{""lb"": 500, ""hi"": 0.8}",-3.002407108660833,-1.4189922002555002,-0.1320497068349218,62.5
BNBUSDT,4h,carry,funding_pct,"{""lb"": 500, ""hi"": 0.9}",-1.8698407162125148,-2.487680385337738,-0.18623287779506614,49.0
BNBUSDT,4h,carry,funding_pct,"{""lb"": 500, ""hi"": 0.95}",-3.3893786536852546,-3.009551335264367,-0.17612770389553067,32.0
BNBUSDT,4h,carry,funding_mom,"{""lb"": 24}",-1.9482565316605664,-2.771052534363367,-0.31723048484999794,115.5
BNBUSDT,4h,carry,funding_mom,"{""lb"": 100}",-2.47467691420463,-3.4085953386847363,-0.3793855302380562,114.5
BNBUSDT,4h,carry,funding_mom,"{""lb"": 500}",-2.0711293946495384,-2.270565365756022,-0.27582688690811596,111.5
BNBUSDT,4h,carry,funding_price_div,"{""lb"": 24}",-2.426068283816861,-5.452028119340458,-0.35547025689297507,76.0
BNBUSDT,4h,carry,funding_price_div,"{""lb"": 100}",-1.5160845337824458,-3.118704344042218,-0.2166486103513604,66.0
BNBUSDT,4h,carry,funding_price_div,"{""lb"": 500}",-1.3942660316947844,0.05365653279788459,-0.002638341473574224,50.5
BNBUSDT,4h,ichimoku,cloud,"{""tenkan"": 9, ""kijun"": 26, ""senkou"": 52, ""disp"": 26}",-0.43881531754396214,-3.2605921642206526,-0.43606280414549214,48.5
BNBUSDT,4h,ichimoku,cloud_fast,"{""tenkan"": 7, ""kijun"": 14, ""senkou"": 28, ""disp"": 14}",-0.6409109558930334,-3.616302338716361,-0.4764276719686158,71.5
BNBUSDT,4h,ichimoku,cloud_slow,"{""tenkan"": 12, ""kijun"": 24, ""senkou"": 52, ""disp"": 24}",-0.12819299716931648,-3.0394811757921247,-0.412831915677184,46.5
BNBUSDT,4h,ichimoku,tk,"{""tenkan"": 9, ""kijun"": 26}",0.43577580106241826,-3.4787545034732332,-0.47997247184717795,56.5
BNBUSDT,4h,ichimoku,combo,"{""tenkan"": 9, ""kijun"": 26, ""senkou"": 52, ""disp"": 26}",0.18307709149710635,-3.7639870701274165,-0.4393411711999402,48.5
BNBUSDT,1h,trend,ema_cross,"{""fast"": 10, ""slow"": 50}",-0.8644298695849042,-2.122379723752588,-0.3546237001091773,105.5
BNBUSDT,1h,trend,ema_cross,"{""fast"": 10, ""slow"": 100}",-0.2996069641254139,-1.0396730982908235,-0.2078996904841911,65.5
BNBUSDT,1h,trend,ema_cross,"{""fast"": 10, ""slow"": 200}",0.4047949212576077,-2.0181018016351553,-0.3400605176006736,51.5
BNBUSDT,1h,trend,ema_cross,"{""fast"": 20, ""slow"": 50}",-0.17731213019934222,-1.4725446251842353,-0.27036449029239285,77.5
BNBUSDT,1h,trend,ema_cross,"{""fast"": 20, ""slow"": 100}",0.2597854398044441,-2.6031946757044877,-0.40907835875236764,53.5
BNBUSDT,1h,trend,ema_cross,"{""fast"": 20, ""slow"": 200}",0.8356138346235622,-2.4374550994754247,-0.38946646670469154,43.5
BNBUSDT,1h,trend,ema_cross,"{""fast"": 50, ""slow"": 100}",0.8659472152525547,-3.4747531771257316,-0.4965230052917443,39.5
BNBUSDT,1h,trend,ema_cross,"{""fast"": 50, ""slow"": 200}",1.1047594491077113,-3.1198909988169206,-0.46244132399692595,33.5
BNBUSDT,1h,trend,ema_slope,"{""span"": 20, ""thr"": 0.0}",-7.428418880731934,-10.158769254931176,-0.8651328841783074,487.5
BNBUSDT,1h,trend,ema_slope,"{""span"": 20, ""thr"": 0.001}",-5.879489702678306,-8.692234406078036,-0.6449925546664635,228.0
BNBUSDT,1h,trend,ema_slope,"{""span"": 20, ""thr"": 0.005}",-1.4443374237030127,1.035030060274163,0.006715825846151935,2.0
BNBUSDT,1h,trend,ema_slope,"{""span"": 50, ""thr"": 0.0}",-4.325896144569277,-7.1175426395013135,-0.7542189892731916,319.5
BNBUSDT,1h,trend,ema_slope,"{""span"": 50, ""thr"": 0.001}",-2.3895663455105507,-2.2079993328246696,-0.17319913887506055,57.0
BNBUSDT,1h,trend,ema_slope,"{""span"": 50, ""thr"": 0.005}",-1.2186061288471683,0.0,0.0,0.0
BNBUSDT,1h,trend,ema_slope,"{""span"": 100, ""thr"": 0.0}",-1.9946458372280904,-4.86541117840458,-0.6168760958057649,221.5
BNBUSDT,1h,trend,ema_slope,"{""span"": 100, ""thr"": 0.001}",-0.28604483010195764,0.17817188022308283,0.006878741579740444,13.0
BNBUSDT,1h,trend,price_ema,"{""span"": 20, ""thr"": 0.0}",-7.428418880731934,-10.158769254931176,-0.8651328841783074,487.5
BNBUSDT,1h,trend,price_ema,"{""span"": 20, ""thr"": 0.02}",-2.5376244835768706,-4.66620718660783,-0.2808555371924878,57.0
BNBUSDT,1h,trend,price_ema,"{""span"": 20, ""thr"": 0.05}",-1.4852369315687535,1.0979577407046766,0.007122496839018222,2.0
BNBUSDT,1h,trend,price_ema,"{""span"": 50, ""thr"": 0.0}",-4.325896144569277,-7.1175426395013135,-0.7542189892731916,319.5
BNBUSDT,1h,trend,price_ema,"{""span"": 50, ""thr"": 0.02}",-1.721418324991946,-5.19592332996446,-0.40691675384734527,107.0
BNBUSDT,1h,trend,price_ema,"{""span"": 50, ""thr"": 0.05}",-1.003540517659154,-1.52114498655892,-0.06740209155075749,9.0
BNBUSDT,1h,trend,price_ema,"{""span"": 100, ""thr"": 0.0}",-1.9946458372280904,-4.86541117840458,-0.6168760958057649,221.5
BNBUSDT,1h,trend,price_ema,"{""span"": 100, ""thr"": 0.02}",-2.137088451958236,-6.496253727140979,-0.54291120778313,128.0
BNBUSDT,1h,trend,price_ema,"{""span"": 100, ""thr"": 0.05}",-0.12224036014638463,0.7182955729835694,0.044312597437800694,9.0
BNBUSDT,1h,trend,donchian,"{""lb"": 10}",-15.487851755536438,-23.02221314757581,-0.9354834967840423,667.5
BNBUSDT,1h,trend,donchian,"{""lb"": 20}",-12.13537429050531,-15.232747674533435,-0.8017798495387173,444.0
BNBUSDT,1h,trend,donchian,"{""lb"": 55}",-8.39652418298115,-9.93153765328124,-0.5686582590704494,237.0
BNBUSDT,1h,momentum,mom_ret,"{""lb"": 5, ""thr"": 0.0}",-11.663024235578611,-14.959751634894632,-0.9495256114512867,797.5
BNBUSDT,1h,momentum,mom_ret,"{""lb"": 5, ""thr"": 0.02}",-3.6583159422190437,-8.964463364205175,-0.47203114904916177,104.0
BNBUSDT,1h,momentum,mom_ret,"{""lb"": 5, ""thr"": 0.05}",-0.6531816071532861,1.7562524065503207,0.010998848054725174,1.0
BNBUSDT,1h,momentum,mom_ret,"{""lb"": 10, ""thr"": 0.0}",-8.705722557786668,-11.696065020451295,-0.9005196158905795,550.5
BNBUSDT,1h,momentum,mom_ret,"{""lb"": 10, ""thr"": 0.02}",-5.475484756160514,-6.57844592078238,-0.4651141362499195,151.0
BNBUSDT,1h,momentum,mom_ret,"{""lb"": 10, ""thr"": 0.05}",-1.8128546317048742,0.4202387606852502,0.005388698891959587,5.0
BNBUSDT,1h,momentum,mom_ret,"{""lb"": 20, ""thr"": 0.0}",-5.743314385042176,-5.521422963392049,-0.6661822807391937,361.5
BNBUSDT,1h,momentum,mom_ret,"{""lb"": 20, ""thr"": 0.02}",-5.2027176479184165,-4.718111223959368,-0.4302584554021327,170.0
BNBUSDT,1h,momentum,mom_ret,"{""lb"": 20, ""thr"": 0.05}",-1.2468833115879674,-2.9306242240572007,-0.13938322269085524,19.0
BNBUSDT,1h,momentum,mom_ret,"{""lb"": 50, ""thr"": 0.0}",-3.216725839634133,-5.10927920638229,-0.6370523440277454,231.5
BNBUSDT,1h,momentum,mom_ret,"{""lb"": 50, ""thr"": 0.02}",-2.9046434371223913,-5.062231888876697,-0.5320155756134015,180.0
BNBUSDT,1h,momentum,mom_ret,"{""lb"": 50, ""thr"": 0.05}",-1.3598208060496686,-3.0282758948777295,-0.243146615029744,54.0
BNBUSDT,1h,meanrev,rsi,"{""ob"": 65, ""os_"": 20}",-7.4438938391697524,-8.798745645791088,-0.554435824546366,231.0
BNBUSDT,1h,meanrev,rsi,"{""ob"": 65, ""os_"": 30}",-7.4734497527282615,-9.633143153270952,-0.6584583051178339,310.0
BNBUSDT,1h,meanrev,rsi,"{""ob"": 65, ""os_"": 35}",-8.165766581903355,-10.07394757389778,-0.7161628915420927,347.0
BNBUSDT,1h,meanrev,rsi,"{""ob"": 70, ""os_"": 20}",-6.916924787315621,-9.080840634352343,-0.514848008331673,172.0
BNBUSDT,1h,meanrev,rsi,"{""ob"": 70, ""os_"": 30}",-6.856758581355752,-9.729199761167607,-0.6281127553821901,251.0
BNBUSDT,1h,meanrev,rsi,"{""ob"": 70, ""os_"": 35}",-7.607483285732749,-10.096220049767183,-0.6909443216848987,288.0
BNBUSDT,1h,meanrev,rsi,"{""ob"": 80, ""os_"": 20}",-4.1585560187308,-7.709152927658081,-0.3780433264536125,92.0
BNBUSDT,1h,meanrev,rsi,"{""ob"": 80, ""os_"": 30}",-4.628895503453694,-8.387289562930915,-0.5232468225030977,171.0
BNBUSDT,1h,meanrev,rsi,"{""ob"": 80, ""os_"": 35}",-5.634085944798617,-8.826695875632282,-0.6037958311487395,208.0
BNBUSDT,1h,meanrev,zscore,"{""lb"": 20, ""z"": 1.5}",-10.767995497056733,-11.99152864378898,-0.7472310395400359,374.0
BNBUSDT,1h,meanrev,zscore,"{""lb"": 20, ""z"": 2.0}",-10.413030642069016,-10.929405942892128,-0.5733655305153602,219.0
BNBUSDT,1h,meanrev,zscore,"{""lb"": 20, ""z"": 2.5}",-7.278075794949457,-7.526378170025447,-0.31370731569980737,101.0
BNBUSDT,1h,meanrev,zscore,"{""lb"": 50, ""z"": 1.5}",-7.21963193154669,-8.42909301977049,-0.6275052177573957,232.0
BNBUSDT,1h,meanrev,zscore,"{""lb"": 50, ""z"": 2.0}",-5.803734957178171,-7.234103562169596,-0.43740508993480276,148.0
BNBUSDT,1h,meanrev,zscore,"{""lb"": 50, ""z"": 2.5}",-4.509050630828411,-6.1606100187335455,-0.30229025567906,81.0
BNBUSDT,1h,meanrev,bb,"{""span"": 20, ""mult"": 1.5}",-10.767995497056733,-11.99152864378898,-0.7472310395400359,374.0
BNBUSDT,1h,meanrev,bb,"{""span"": 20, ""mult"": 2.0}",-10.413030642069016,-10.929405942892128,-0.5733655305153602,219.0
BNBUSDT,1h,meanrev,bb,"{""span"": 20, ""mult"": 2.5}",-7.278075794949457,-7.526378170025447,-0.31370731569980737,101.0
BNBUSDT,1h,meanrev,bb,"{""span"": 50, ""mult"": 1.5}",-7.21963193154669,-8.42909301977049,-0.6275052177573957,232.0
BNBUSDT,1h,meanrev,bb,"{""span"": 50, ""mult"": 2.0}",-5.803734957178171,-7.234103562169596,-0.43740508993480276,148.0
BNBUSDT,1h,meanrev,bb,"{""span"": 50, ""mult"": 2.5}",-4.509050630828411,-6.1606100187335455,-0.30229025567906,81.0
BNBUSDT,1h,carry,funding,"{""thr"": 5e-05}",-2.737674532021426,-2.4083334039262003,-0.17309707772937222,56.5
BNBUSDT,1h,carry,funding,"{""thr"": 0.0001}",-2.737413691171668,-4.5366440604730505,-0.17514098033193237,19.5
BNBUSDT,1h,carry,funding,"{""thr"": 0.0002}",-2.2088838174574055,0.0,0.0,0.0
BNBUSDT,1h,carry,funding_pct,"{""lb"": 100, ""hi"": 0.8}",-2.3917577404047687,-3.7428641451832916,-0.2564264481892753,82.5
BNBUSDT,1h,carry,funding_pct,"{""lb"": 100, ""hi"": 0.9}",-2.166185871000628,-4.774543802744082,-0.23184736448196597,57.5
BNBUSDT,1h,carry,funding_pct,"{""lb"": 100, ""hi"": 0.95}",-1.5787509696021735,-4.850850759531863,-0.1690053834285532,41.5
BNBUSDT,1h,carry,funding_pct,"{""lb"": 500, ""hi"": 0.8}",-2.82664022406276,-2.8646635108364245,-0.2019730123857093,58.5
BNBUSDT,1h,carry,funding_pct,"{""lb"": 500, ""hi"": 0.9}",-2.173132380212456,-2.851557299001735,-0.15538176102837986,39.0
BNBUSDT,1h,carry,funding_pct,"{""lb"": 500, ""hi"": 0.95}",-1.7385500415079143,-1.6441829960680607,-0.07549281642840489,25.0
BNBUSDT,1h,carry,funding_mom,"{""lb"": 24}",-1.2528093759376322,-3.826517096884498,-0.4066272683855622,150.5
BNBUSDT,1h,carry,funding_mom,"{""lb"": 100}",-2.865329658685573,-1.802760194780657,-0.23219597301791994,137.5
BNBUSDT,1h,carry,funding_mom,"{""lb"": 500}",-3.673138912620157,-5.356022838845166,-0.5370453574932743,145.5
BNBUSDT,1h,carry,funding_price_div,"{""lb"": 24}",-3.9685874257485803,-4.772503488966326,-0.3486463616622709,155.5
BNBUSDT,1h,carry,funding_price_div,"{""lb"": 100}",-4.146308866542435,-4.426377089022625,-0.32990916107206425,115.0
BNBUSDT,1h,carry,funding_price_div,"{""lb"": 500}",-1.7873450467531675,-3.601068165341521,-0.2982361851619072,83.0
BNBUSDT,1h,ichimoku,cloud,"{""tenkan"": 9, ""kijun"": 26, ""senkou"": 52, ""disp"": 26}",-1.6968110342323512,-4.182396127809127,-0.5343002511672298,192.5
BNBUSDT,1h,ichimoku,cloud_fast,"{""tenkan"": 7, ""kijun"": 14, ""senkou"": 28, ""disp"": 14}",-3.908560290816451,-6.4065541070129886,-0.6839901514609019,267.5
BNBUSDT,1h,ichimoku,cloud_slow,"{""tenkan"": 12, ""kijun"": 24, ""senkou"": 52, ""disp"": 24}",-1.8088024811516683,-4.57569888079055,-0.5642684466266388,202.5
BNBUSDT,1h,ichimoku,tk,"{""tenkan"": 9, ""kijun"": 26}",-2.439619966401104,-2.628455211682933,-0.40466050024002975,174.5
BNBUSDT,1h,ichimoku,combo,"{""tenkan"": 9, ""kijun"": 26, ""senkou"": 52, ""disp"": 26}",-1.5184450637695224,-3.46920803941309,-0.4243701901256096,168.5
BTCUSDT,1d,trend,ema_cross,"{""fast"": 10, ""slow"": 50}",-0.09496712783951945,0.2794446413604139,0.04478934414034397,11.5
BTCUSDT,1d,trend,ema_cross,"{""fast"": 10, ""slow"": 100}",0.3009049005225518,0.20378707446305214,-0.010711987254965916,5.5
BTCUSDT,1d,trend,ema_cross,"{""fast"": 10, ""slow"": 200}",0.6134691385851022,-0.018142945469118738,-0.15681611387167715,5.5
BTCUSDT,1d,trend,ema_cross,"{""fast"": 20, ""slow"": 50}",-0.12120413662032904,0.008325730686207103,-0.14032073446506044,11.5
BTCUSDT,1d,trend,ema_cross,"{""fast"": 20, ""slow"": 100}",0.18096077324895993,0.2420301334447987,0.016866083569472057,5.5
BTCUSDT,1d,trend,ema_cross,"{""fast"": 20, ""slow"": 200}",0.5495339335089355,0.14771481217015903,-0.04967997281574188,5.5
BTCUSDT,1d,trend,ema_cross,"{""fast"": 50, ""slow"": 100}",0.14474016006893906,0.08514818680704102,-0.09181864854759281,3.5
BTCUSDT,1d,trend,ema_cross,"{""fast"": 50, ""slow"": 200}",0.814887980430278,0.33627258489516426,0.08865019225430704,1.5
BTCUSDT,1d,trend,ema_slope,"{""span"": 20, ""thr"": 0.0}",-0.4131596269864565,-0.03989715989734768,-0.17079896509121661,66.5
BTCUSDT,1d,trend,ema_slope,"{""span"": 20, ""thr"": 0.001}",-0.1268647254308542,-0.12739240516090988,-0.19768339239392319,75.5
BTCUSDT,1d,trend,ema_slope,"{""span"": 20, ""thr"": 0.005}",-0.184776671122718,-1.0610307697176948,-0.4251520941248388,43.0
BTCUSDT,1d,trend,ema_slope,"{""span"": 50, ""thr"": 0.0}",0.09798905824188346,0.18135523300553322,-0.026192888791296443,34.5
BTCUSDT,1d,trend,ema_slope,"{""span"": 50, ""thr"": 0.001}",0.34648061154742343,-0.05280109064629513,-0.14575790703584102,35.0
BTCUSDT,1d,trend,ema_slope,"{""span"": 50, ""thr"": 0.005}",-0.012126826392287663,-0.3670088944161342,-0.15878377628968543,14.0
BTCUSDT,1d,trend,ema_slope,"{""span"": 100, ""thr"": 0.0}",-0.21871388063508504,-0.027097049846054024,-0.16237379364791882,27.5
BTCUSDT,1d,trend,ema_slope,"{""span"": 100, ""thr"": 0.001}",0.3391518960911102,0.07166934280078908,-0.07707921883109803,21.0
BTCUSDT,1d,trend,ema_slope,"{""span"": 100, ""thr"": 0.005}",-0.19455675385993534,-0.8731393697494587,-0.1754850690061831,4.0
BTCUSDT,1d,trend,price_ema,"{""span"": 20, ""thr"": 0.0}",-0.4131596269864565,-0.03989715989734768,-0.17079896509121661,66.5
BTCUSDT,1d,trend,price_ema,"{""span"": 20, ""thr"": 0.02}",-0.422801626299546,-0.7713513080786697,-0.4398557847267245,71.5
BTCUSDT,1d,trend,price_ema,"{""span"": 20, ""thr"": 0.05}",0.03303189313911738,-0.784488507669269,-0.3408504243382382,37.0
BTCUSDT,1d,trend,price_ema,"{""span"": 50, ""thr"": 0.0}",0.09798905824188346,0.18135523300553322,-0.026192888791296443,34.5
BTCUSDT,1d,trend,price_ema,"{""span"": 50, ""thr"": 0.02}",0.2008577088982141,-0.11420350527058754,-0.18835189953643117,44.0
BTCUSDT,1d,trend,price_ema,"{""span"": 50, ""thr"": 0.05}",0.11004447524911613,-0.4060050491965733,-0.2819893601860448,39.0
BTCUSDT,1d,trend,price_ema,"{""span"": 100, ""thr"": 0.0}",-0.21871388063508504,-0.027097049846054024,-0.16237379364791882,27.5
BTCUSDT,1d,trend,price_ema,"{""span"": 100, ""thr"": 0.02}",-0.14732205303326576,0.13034637395619553,-0.05090256311202912,21.5
BTCUSDT,1d,trend,price_ema,"{""span"": 100, ""thr"": 0.05}",0.400749803913739,0.04679609014409231,-0.0917156240670347,22.0
BTCUSDT,1d,trend,donchian,"{""lb"": 10}",-0.3772967517694626,-1.0070072335368585,-0.42687823986113804,101.5
BTCUSDT,1d,trend,donchian,"{""lb"": 20}",-0.10436782672694597,-0.7414771369599149,-0.31717702979501794,70.5
BTCUSDT,1d,trend,donchian,"{""lb"": 55}",0.0568765844215076,-0.19885437477778758,-0.1133254322984949,38.0
BTCUSDT,1d,momentum,mom_ret,"{""lb"": 5, ""thr"": 0.0}",-1.11660983686333,-0.2861972097455511,-0.3051187072131426,123.5
BTCUSDT,1d,momentum,mom_ret,"{""lb"": 5, ""thr"": 0.02}",-0.7374016465571729,-1.1005325378277897,-0.5330127939190452,107.0
BTCUSDT,1d,momentum,mom_ret,"{""lb"": 5, ""thr"": 0.05}",0.23126900759602492,-1.9379478873060374,-0.6048776893792918,65.0
BTCUSDT,1d,momentum,mom_ret,"{""lb"": 10, ""thr"": 0.0}",-0.571827024661205,-0.6829680264430221,-0.47831898440154064,96.5
BTCUSDT,1d,momentum,mom_ret,"{""lb"": 10, ""thr"": 0.02}",-0.6474779418819417,-0.6877721457612437,-0.4403925599548125,87.0
BTCUSDT,1d,momentum,mom_ret,"{""lb"": 10, ""thr"": 0.05}",-0.10888859205708784,-1.6074532337550245,-0.5987119100274534,76.0
BTCUSDT,1d,momentum,mom_ret,"{""lb"": 20, ""thr"": 0.0}",0.11305746152031904,-0.49933132519416884,-0.4039311850192572,76.5
BTCUSDT,1d,momentum,mom_ret,"{""lb"": 20, ""thr"": 0.02}",-0.315991431550223,-0.2942902422172222,-0.2782181831825655,62.5
BTCUSDT,1d,momentum,mom_ret,"{""lb"": 20, ""thr"": 0.05}",-0.35858996805001997,-0.7047802402846071,-0.3909381631840224,54.5
BTCUSDT,1d,momentum,mom_ret,"{""lb"": 50, ""thr"": 0.0}",0.30927542027460814,-0.12009215842607224,-0.2164150454565985,33.5
BTCUSDT,1d,momentum,mom_ret,"{""lb"": 50, ""thr"": 0.02}",0.08822137770705414,-0.29278648404406843,-0.2912345007647599,37.5
BTCUSDT,1d,momentum,mom_ret,"{""lb"": 50, ""thr"": 0.05}",0.14553362913996737,-0.026088357518425656,-0.13324081474789795,30.5
BTCUSDT,1d,meanrev,rsi,"{""ob"": 65, ""os_"": 20}",-1.4001431885335778,0.02164811808736589,-0.03521596775404234,33.0
BTCUSDT,1d,meanrev,rsi,"{""ob"": 65, ""os_"": 30}",-1.0677229975016655,-0.1335292172478599,-0.12099086941296333,46.0
BTCUSDT,1d,meanrev,rsi,"{""ob"": 65, ""os_"": 35}",-0.9635215665541792,-0.03269627469549773,-0.08760930657555854,57.0
BTCUSDT,1d,meanrev,rsi,"{""ob"": 70, ""os_"": 20}",-1.6894295428782837,0.22619837514298566,0.04212014798398034,23.0
BTCUSDT,1d,meanrev,rsi,"{""ob"": 70, ""os_"": 30}",-1.245197265639885,0.010511848000718273,-0.05053038334997917,36.0
BTCUSDT,1d,meanrev,rsi,"{""ob"": 70, ""os_"": 35}",-1.114472685014735,0.10933882976873902,-0.01447298807668751,47.0
BTCUSDT,1d,meanrev,rsi,"{""ob"": 80, ""os_"": 20}",-0.9991910771972259,-0.09382172137364932,-0.04854509935009954,9.0
BTCUSDT,1d,meanrev,rsi,"{""ob"": 80, ""os_"": 30}",-0.532737049702077,-0.24813460481571809,-0.1331349638259447,22.0
BTCUSDT,1d,meanrev,rsi,"{""ob"": 80, ""os_"": 35}",-0.4194626699704259,-0.11862328996428614,-0.10021458942975581,33.0
BTCUSDT,1d,meanrev,zscore,"{""lb"": 20, ""z"": 1.5}",-0.9347261481984022,0.09849870187058654,-0.021265694780498667,57.0
BTCUSDT,1d,meanrev,zscore,"{""lb"": 20, ""z"": 2.0}",-0.9573102790850099,0.038678771821424894,-0.02329501805072176,32.0
BTCUSDT,1d,meanrev,zscore,"{""lb"": 20, ""z"": 2.5}",-0.687009474103099,-0.06676105141045556,-0.023029669532832808,11.0
BTCUSDT,1d,meanrev,zscore,"{""lb"": 50, ""z"": 1.5}",-0.6317813127513375,-0.28932217078214256,-0.18630540753267788,33.0
BTCUSDT,1d,meanrev,zscore,"{""lb"": 50, ""z"": 2.0}",-0.9721562055701621,-0.4372442306322765,-0.18045018446222094,22.0
BTCUSDT,1d,meanrev,zscore,"{""lb"": 50, ""z"": 2.5}",-1.066997334737726,-0.7476248078416994,-0.21300379457227392,9.0
BTCUSDT,1d,meanrev,bb,"{""span"": 20, ""mult"": 1.5}",-0.9347261481984022,0.09849870187058654,-0.021265694780498667,57.0
BTCUSDT,1d,meanrev,bb,"{""span"": 20, ""mult"": 2.0}",-0.9573102790850099,0.038678771821424894,-0.02329501805072176,32.0
BTCUSDT,1d,meanrev,bb,"{""span"": 20, ""mult"": 2.5}",-0.687009474103099,-0.06676105141045556,-0.023029669532832808,11.0
BTCUSDT,1d,meanrev,bb,"{""span"": 50, ""mult"": 1.5}",-0.6317813127513375,-0.28932217078214256,-0.18630540753267788,33.0
BTCUSDT,1d,meanrev,bb,"{""span"": 50, ""mult"": 2.0}",-0.9721562055701621,-0.4372442306322765,-0.18045018446222094,22.0
BTCUSDT,1d,meanrev,bb,"{""span"": 50, ""mult"": 2.5}",-1.066997334737726,-0.7476248078416994,-0.21300379457227392,9.0
BTCUSDT,1d,carry,funding,"{""thr"": 5e-05}",-0.8546110718538507,0.2891723507409327,0.07175437398319628,103.0
BTCUSDT,1d,carry,funding,"{""thr"": 0.0001}",-0.39054292763399434,-0.8457764390134436,-0.09436654160710645,9.0
BTCUSDT,1d,carry,funding,"{""thr"": 0.0002}",-0.5531203020257477,-0.42660467809103164,-0.020987236221968186,4.0
BTCUSDT,1d,carry,funding,"{""thr"": 0.0005}",0.905976923053243,0.0,0.0,0.0
BTCUSDT,1d,carry,funding_pct,"{""lb"": 100, ""hi"": 0.8}",0.21478594846961122,-1.5282222412479713,-0.5339142242206605,106.0
BTCUSDT,1d,carry,funding_pct,"{""lb"": 100, ""hi"": 0.9}",-0.03908889917817215,-0.775824069181542,-0.2840849480416461,67.0
BTCUSDT,1d,carry,funding_pct,"{""lb"": 100, ""hi"": 0.95}",0.49111301510294403,-0.40355934864105464,-0.1224154975108106,40.0
BTCUSDT,1d,carry,funding_pct,"{""lb"": 500, ""hi"": 0.8}",-0.5606435470676171,-0.5274140510275167,-0.2544908991046838,88.0
BTCUSDT,1d,carry,funding_pct,"{""lb"": 500, ""hi"": 0.9}",-0.47880355623475385,-0.7995978613387003,-0.27688452893948934,54.0
BTCUSDT,1d,carry,funding_pct,"{""lb"": 500, ""hi"": 0.95}",-0.4327129920877585,-0.7816774869393703,-0.14411294892363258,26.0
BTCUSDT,1d,carry,funding_mom,"{""lb"": 24}",-0.5396887400633429,-1.809697542256402,-0.7644170162833561,176.5
BTCUSDT,1d,carry,funding_mom,"{""lb"": 100}",-0.3917945191946616,-0.03832755261135951,-0.16860132244938475,142.5
BTCUSDT,1d,carry,funding_mom,"{""lb"": 500}",-1.0784848429134328,-0.059871110765293556,-0.17762023934809668,108.5
BTCUSDT,1d,carry,funding_price_div,"{""lb"": 24}",-0.9565576925187412,-1.5123885335255698,-0.5492047490901,112.0
BTCUSDT,1d,carry,funding_price_div,"{""lb"": 100}",-0.4985976125527451,-0.614466468004337,-0.20952259688315666,74.5
BTCUSDT,1d,carry,funding_price_div,"{""lb"": 500}",0.23710243049397056,-0.9815787289746566,-0.4668084521721292,62.5
BTCUSDT,1d,ichimoku,cloud,"{""tenkan"": 9, ""kijun"": 26, ""senkou"": 52, ""disp"": 26}",0.1278705671820479,0.12233114936415397,-0.05291847955472695,30.0
BTCUSDT,1d,ichimoku,cloud_fast,"{""tenkan"": 7, ""kijun"": 14, ""senkou"": 28, ""disp"": 14}",0.4061499758222861,-0.5348388812771725,-0.3993158834348549,47.5
BTCUSDT,1d,ichimoku,cloud_slow,"{""tenkan"": 12, ""kijun"": 24, ""senkou"": 52, ""disp"": 24}",0.2672673592034229,0.05808117502814237,-0.09244484126295782,34.0
BTCUSDT,1d,ichimoku,tk,"{""tenkan"": 9, ""kijun"": 26}",-0.13368123447447497,0.13261577394117455,-0.05657014996217047,28.5
BTCUSDT,1d,ichimoku,combo,"{""tenkan"": 9, ""kijun"": 26, ""senkou"": 52, ""disp"": 26}",-0.14468825318533093,0.008943747340155152,-0.10022057001987406,27.0
BTCUSDT,4h,trend,ema_cross,"{""fast"": 10, ""slow"": 50}",0.47193988575416096,-0.9765984350173348,-0.19728406893659556,23.5
BTCUSDT,4h,trend,ema_cross,"{""fast"": 10, ""slow"": 100}",0.590064347668647,0.770660827442967,0.1092415914926066,13.5
BTCUSDT,4h,trend,ema_cross,"{""fast"": 10, ""slow"": 200}",0.7705206066689261,-0.2522632406094603,-0.08171371341562927,13.5
BTCUSDT,4h,trend,ema_cross,"{""fast"": 20, ""slow"": 50}",0.2666270761313495,0.5559175932576953,0.06597296822871712,15.5
BTCUSDT,4h,trend,ema_cross,"{""fast"": 20, ""slow"": 100}",0.6995020875063688,0.8076861998505227,0.11654528655607788,9.5
BTCUSDT,4h,trend,ema_cross,"{""fast"": 20, ""slow"": 200}",0.32331267683501314,0.6713858409194934,0.08883830581987051,7.5
BTCUSDT,4h,trend,ema_cross,"{""fast"": 50, ""slow"": 100}",0.95335110715741,-0.15344382172148816,-0.06515067626490678,7.5
BTCUSDT,4h,trend,ema_cross,"{""fast"": 50, ""slow"": 200}",0.8196983141528107,-0.0506125490456909,-0.047031367626617415,5.5
BTCUSDT,4h,trend,ema_slope,"{""span"": 20, ""thr"": 0.0}",-3.1409544403556406,-2.2826439184726883,-0.3706492637347133,121.5
BTCUSDT,4h,trend,ema_slope,"{""span"": 20, ""thr"": 0.001}",-2.345582993851719,-5.552401441566753,-0.5462752494842597,117.5
BTCUSDT,4h,trend,ema_slope,"{""span"": 20, ""thr"": 0.005}",0.21615876321294056,-0.20687294858735036,-0.009532227772034774,6.0
BTCUSDT,4h,trend,ema_slope,"{""span"": 50, ""thr"": 0.0}",-1.3495842532459672,-2.457998642942634,-0.39236908754257216,69.5
BTCUSDT,4h,trend,ema_slope,"{""span"": 50, ""thr"": 0.001}",-0.6765013479254777,-4.661647833840473,-0.43422085574158087,68.5
BTCUSDT,4h,trend,ema_slope,"{""span"": 50, ""thr"": 0.005}",-0.42626202393631424,0.0,0.0,0.0
BTCUSDT,4h,trend,ema_slope,"{""span"": 100, ""thr"": 0.0}",0.2083276085154015,-0.8627085502466197,-0.18032439085720708,43.5
BTCUSDT,4h,trend,ema_slope,"{""span"": 100, ""thr"": 0.001}",1.1117210226102183,-3.3984137910786942,-0.2931057014657701,38.0
BTCUSDT,4h,trend,price_ema,"{""span"": 20, ""thr"": 0.0}",-3.1409544403556406,-2.2826439184726883,-0.3706492637347133,121.5
BTCUSDT,4h,trend,price_ema,"{""span"": 20, ""thr"": 0.02}",-1.3489376221053142,-3.836491570294723,-0.2984584128542872,62.5
BTCUSDT,4h,trend,price_ema,"{""span"": 20, ""thr"": 0.05}",-0.02724859260422408,0.10183181145158068,0.0021787605501766283,5.0
BTCUSDT,4h,trend,price_ema,"{""span"": 50, ""thr"": 0.0}",-1.3495842532459672,-2.457998642942634,-0.39236908754257216,69.5
BTCUSDT,4h,trend,price_ema,"{""span"": 50, ""thr"": 0.02}",-0.12979928269847377,-3.821176412049641,-0.39574263554534017,68.5
BTCUSDT,4h,trend,price_ema,"{""span"": 50, ""thr"": 0.05}",-0.2025462019140139,-1.0949193672904034,-0.07497832789495129,15.0
BTCUSDT,4h,trend,price_ema,"{""span"": 100, ""thr"": 0.0}",0.2083276085154015,-0.8627085502466197,-0.18032439085720708,43.5
BTCUSDT,4h,trend,price_ema,"{""span"": 100, ""thr"": 0.02}",-0.9006821241540103,-1.2307837354024,-0.19583915102102178,47.5
BTCUSDT,4h,trend,price_ema,"{""span"": 100, ""thr"": 0.05}",1.230745345902134,-3.7977320670555503,-0.31926804338564163,39.0
BTCUSDT,4h,trend,donchian,"{""lb"": 10}",-4.101308485795044,-6.15755499854214,-0.48951205665846165,167.5
BTCUSDT,4h,trend,donchian,"{""lb"": 20}",-2.0448710961079604,-5.804069070877682,-0.41095460596791766,111.5
BTCUSDT,4h,trend,donchian,"{""lb"": 55}",-1.0115765703861253,-2.6116717392012845,-0.17176394981584808,58.5
BTCUSDT,4h,momentum,mom_ret,"{""lb"": 5, ""thr"": 0.0}",-4.495641537394966,-2.467754143163853,-0.393966986584528,209.5
BTCUSDT,4h,momentum,mom_ret,"{""lb"": 5, ""thr"": 0.02}",-4.125515191835962,-3.497536024766934,-0.3045814292431711,91.5
BTCUSDT,4h,momentum,mom_ret,"{""lb"": 5, ""thr"": 0.05}",-0.18203246011907814,-2.270745438850086,-0.0846514253461289,10.0
BTCUSDT,4h,momentum,mom_ret,"{""lb"": 10, ""thr"": 0.0}",-3.156490974079997,-1.0117616909022218,-0.20409428066136504,109.5
BTCUSDT,4h,momentum,mom_ret,"{""lb"": 10, ""thr"": 0.02}",-1.5438159174925072,-4.5394451649715055,-0.4565063375536633,107.5
BTCUSDT,4h,momentum,mom_ret,"{""lb"": 10, ""thr"": 0.05}",-0.18150669525174748,-2.4344327115474718,-0.13409572430244698,21.0
BTCUSDT,4h,momentum,mom_ret,"{""lb"": 20, ""thr"": 0.0}",-1.1369426943247427,-3.913890687167377,-0.535362211913894,95.5
BTCUSDT,4h,momentum,mom_ret,"{""lb"": 20, ""thr"": 0.02}",-1.3581929784893385,-4.513651430921707,-0.4931123990289745,88.5
BTCUSDT,4h,momentum,mom_ret,"{""lb"": 20, ""thr"": 0.05}",-0.6002224576469802,-3.185634777645824,-0.2208703037466243,39.0
BTCUSDT,4h,momentum,mom_ret,"{""lb"": 50, ""thr"": 0.0}",-0.8696407206906346,-0.6313457946028036,-0.1458224736931596,67.5
BTCUSDT,4h,momentum,mom_ret,"{""lb"": 50, ""thr"": 0.02}",-0.4266090778530839,-0.9315966794444779,-0.1667937308154096,55.5
BTCUSDT,4h,momentum,mom_ret,"{""lb"": 50, ""thr"": 0.05}",-0.30557870831721323,-1.5883764360391608,-0.19158634170623523,59.5
BTCUSDT,4h,meanrev,rsi,"{""ob"": 65, ""os_"": 20}",-1.72910731613092,-2.1179303853415723,-0.18515900921945305,67.5
BTCUSDT,4h,meanrev,rsi,"{""ob"": 65, ""os_"": 30}",-2.043669396505091,-2.088630150748469,-0.20598408237591637,82.5
BTCUSDT,4h,meanrev,rsi,"{""ob"": 65, ""os_"": 35}",-2.951411911407637,-2.1585647577955873,-0.24638218935188338,97.5
BTCUSDT,4h,meanrev,rsi,"{""ob"": 70, ""os_"": 20}",-3.192123684556364,-1.228913691200502,-0.09238074033137122,55.5
BTCUSDT,4h,meanrev,rsi,"{""ob"": 70, ""os_"": 30}",-3.0630517506328716,-1.2822963417251203,-0.11557696842331788,70.5
BTCUSDT,4h,meanrev,rsi,"{""ob"": 70, ""os_"": 35}",-3.9355861962953567,-1.4650997666762993,-0.16057482734352246,85.5
BTCUSDT,4h,meanrev,rsi,"{""ob"": 80, ""os_"": 20}",-2.1277620163162405,-1.7808271956804855,-0.09666673994127406,20.0
BTCUSDT,4h,meanrev,rsi,"{""ob"": 80, ""os_"": 30}",-2.167944667997851,-1.6399728810679761,-0.1197534297841214,35.0
BTCUSDT,4h,meanrev,rsi,"{""ob"": 80, ""os_"": 35}",-3.203240020320368,-1.7128680036145976,-0.16453879783469572,50.0
BTCUSDT,4h,meanrev,zscore,"{""lb"": 20, ""z"": 1.5}",-4.191803510859551,-2.633095174083318,-0.23517741021273197,90.5
BTCUSDT,4h,meanrev,zscore,"{""lb"": 20, ""z"": 2.0}",-4.469413609010124,-2.9435023802776294,-0.17918296396863198,50.5
BTCUSDT,4h,meanrev,zscore,"{""lb"": 20, ""z"": 2.5}",-4.496401948524501,-0.5282287738577031,-0.016701192822185407,28.0
BTCUSDT,4h,meanrev,zscore,"{""lb"": 50, ""z"": 1.5}",-2.4294331889896563,-2.2243323692716848,-0.20426108647662145,60.5
BTCUSDT,4h,meanrev,zscore,"{""lb"": 50, ""z"": 2.0}",-3.191295084473448,-1.4293465903854927,-0.09656415831732212,37.5
BTCUSDT,4h,meanrev,zscore,"{""lb"": 50, ""z"": 2.5}",-1.8382348946931795,0.45344187656304974,0.014213318966755928,19.0
BTCUSDT,4h,meanrev,bb,"{""span"": 20, ""mult"": 1.5}",-4.191803510859551,-2.633095174083318,-0.23517741021273197,90.5
BTCUSDT,4h,meanrev,bb,"{""span"": 20, ""mult"": 2.0}",-4.469413609010124,-2.9435023802776294,-0.17918296396863198,50.5
BTCUSDT,4h,meanrev,bb,"{""span"": 20, ""mult"": 2.5}",-4.496401948524501,-0.5282287738577031,-0.016701192822185407,28.0
BTCUSDT,4h,meanrev,bb,"{""span"": 50, ""mult"": 1.5}",-2.4294331889896563,-2.2243323692716848,-0.20426108647662145,60.5
BTCUSDT,4h,meanrev,bb,"{""span"": 50, ""mult"": 2.0}",-3.191295084473448,-1.4293465903854927,-0.09656415831732212,37.5
BTCUSDT,4h,meanrev,bb,"{""span"": 50, ""mult"": 2.5}",-1.8382348946931795,0.45344187656304974,0.014213318966755928,19.0
BTCUSDT,4h,carry,funding,"{""thr"": 5e-05}",-1.2154914115856668,-3.2544156269597604,-0.28152448723299606,68.5
BTCUSDT,4h,carry,funding,"{""thr"": 0.0001}",0.3932040113936402,-1.7219117973125284,-0.026136860621869706,3.0
BTCUSDT,4h,carry,funding_pct,"{""lb"": 100, ""hi"": 0.8}",-4.304035509411244,-2.8715470301090806,-0.3267420316703905,119.5
BTCUSDT,4h,carry,funding_pct,"{""lb"": 100, ""hi"": 0.9}",-4.79402682019932,-2.338081515773328,-0.2217212076850431,81.0
BTCUSDT,4h,carry,funding_pct,"{""lb"": 100, ""hi"": 0.95}",-3.914423511038025,-4.8757782894705075,-0.29105514704068114,56.0
BTCUSDT,4h,carry,funding_pct,"{""lb"": 500, ""hi"": 0.8}",-2.5449894570914164,-1.8503900191705327,-0.2183905303094591,91.5
BTCUSDT,4h,carry,funding_pct,"{""lb"": 500, ""hi"": 0.9}",-2.166394425367866,-2.1658283256564452,-0.18803636916145594,63.5
BTCUSDT,4h,carry,funding_pct,"{""lb"": 500, ""hi"": 0.95}",-2.525940745643969,-1.295397248168544,-0.08785350069619369,40.0
BTCUSDT,4h,carry,funding_mom,"{""lb"": 24}",-4.824381049138542,-3.3745788572133404,-0.4896172580780753,167.5
BTCUSDT,4h,carry,funding_mom,"{""lb"": 100}",-2.5759113735327444,-2.936329548879134,-0.44665191684052485,130.5
BTCUSDT,4h,carry,funding_mom,"{""lb"": 500}",-1.6377380991031547,-2.7130309370626633,-0.4193865411339375,125.5
BTCUSDT,4h,carry,funding_price_div,"{""lb"": 24}",-3.6904715765277376,-6.706755327362397,-0.5591256269391109,130.0
BTCUSDT,4h,carry,funding_price_div,"{""lb"": 100}",-2.044630127877153,-2.7325978617275064,-0.3141475081123277,74.5
BTCUSDT,4h,carry,funding_price_div,"{""lb"": 500}",0.3542485585054247,-3.204590564472496,-0.32330444831783667,65.5
BTCUSDT,4h,ichimoku,cloud,"{""tenkan"": 9, ""kijun"": 26, ""senkou"": 52, ""disp"": 26}",0.23405605709156985,-2.7946360977430436,-0.40165148876917744,62.5
BTCUSDT,4h,ichimoku,cloud_fast,"{""tenkan"": 7, ""kijun"": 14, ""senkou"": 28, ""disp"": 14}",-1.4593863747826976,-3.019234432582573,-0.422693094668785,78.5
BTCUSDT,4h,ichimoku,cloud_slow,"{""tenkan"": 12, ""kijun"": 24, ""senkou"": 52, ""disp"": 24}",-0.21481893016850703,-2.9388268772428456,-0.42109690673275224,70.5
BTCUSDT,4h,ichimoku,tk,"{""tenkan"": 9, ""kijun"": 26}",0.5812072964619697,-4.330452723098074,-0.5622596157390152,50.5
BTCUSDT,4h,ichimoku,combo,"{""tenkan"": 9, ""kijun"": 26, ""senkou"": 52, ""disp"": 26}",0.2599286486127051,-3.5292601037282854,-0.41884513442637583,51.5
BTCUSDT,1h,trend,ema_cross,"{""fast"": 10, ""slow"": 50}",-3.4262912617115084,-1.2761027945351626,-0.24987612875024512,91.5
BTCUSDT,1h,trend,ema_cross,"{""fast"": 10, ""slow"": 100}",-1.686340603917593,-2.4319564020998787,-0.400058901611569,81.5
BTCUSDT,1h,trend,ema_cross,"{""fast"": 10, ""slow"": 200}",-0.6801049871844925,-1.2784758177194435,-0.24901362898912882,43.5
BTCUSDT,1h,trend,ema_cross,"{""fast"": 20, ""slow"": 50}",-1.6743787616717156,-0.8666783078151247,-0.1886886258871182,67.5
BTCUSDT,1h,trend,ema_cross,"{""fast"": 20, ""slow"": 100}",-0.8736912863558374,-2.1396034777901476,-0.36447647518047976,53.5
BTCUSDT,1h,trend,ema_cross,"{""fast"": 20, ""slow"": 200}",-0.010392713159023828,-1.5564003758055194,-0.2882219748613566,39.5
BTCUSDT,1h,trend,ema_cross,"{""fast"": 50, ""slow"": 100}",-0.6983025848112921,-2.3480363957461488,-0.3888979659558369,39.5
BTCUSDT,1h,trend,ema_cross,"{""fast"": 50, ""slow"": 200}",0.07950696665874914,-1.1152382344685121,-0.22561204275788016,23.5
BTCUSDT,1h,trend,ema_slope,"{""span"": 20, ""thr"": 0.0}",-9.61615683376607,-10.296089563181201,-0.8769146575651452,486.5
BTCUSDT,1h,trend,ema_slope,"{""span"": 20, ""thr"": 0.001}",-5.543946709844698,-8.968904567037015,-0.668869189496272,231.0
BTCUSDT,1h,trend,ema_slope,"{""span"": 20, ""thr"": 0.005}",-1.7712572466558194,-1.6600626137104992,-0.02098616754560889,1.0
BTCUSDT,1h,trend,ema_slope,"{""span"": 50, ""thr"": 0.0}",-5.244187131872951,-6.813002251574213,-0.7496546229181513,307.5
BTCUSDT,1h,trend,ema_slope,"{""span"": 50, ""thr"": 0.001}",-3.01932223002603,-4.8639441694839896,-0.3456730901875964,75.0
BTCUSDT,1h,trend,ema_slope,"{""span"": 100, ""thr"": 0.0}",-3.9094186896375738,-3.321591301018476,-0.4966079383445682,185.5
BTCUSDT,1h,trend,ema_slope,"{""span"": 100, ""thr"": 0.001}",0.13782004118024146,-0.18943535381811522,-0.017333397699219266,15.0
BTCUSDT,1h,trend,price_ema,"{""span"": 20, ""thr"": 0.0}",-9.61615683376607,-10.296089563181201,-0.8769146575651452,486.5
BTCUSDT,1h,trend,price_ema,"{""span"": 20, ""thr"": 0.02}",-3.484772561908603,-6.648529428302044,-0.3758614242180609,67.0
BTCUSDT,1h,trend,price_ema,"{""span"": 20, ""thr"": 0.05}",-1.2182510137876832,-1.6600626137104992,-0.02098616754560889,1.0
BTCUSDT,1h,trend,price_ema,"{""span"": 50, ""thr"": 0.0}",-5.244187131872951,-6.813002251574213,-0.7496546229181513,307.5
BTCUSDT,1h,trend,price_ema,"{""span"": 50, ""thr"": 0.02}",-3.554338407825751,-6.907159547621667,-0.4972769211771155,119.0
BTCUSDT,1h,trend,price_ema,"{""span"": 50, ""thr"": 0.05}",-1.2040333012552453,-4.438592177157325,-0.15166100045382702,13.0
BTCUSDT,1h,trend,price_ema,"{""span"": 100, ""thr"": 0.0}",-3.9094186896375738,-3.321591301018476,-0.4966079383445682,185.5
BTCUSDT,1h,trend,price_ema,"{""span"": 100, ""thr"": 0.02}",-3.8723409812773935,-6.4912336338704195,-0.5539286567700195,148.0
BTCUSDT,1h,trend,price_ema,"{""span"": 100, ""thr"": 0.05}",0.07638382846485126,-0.45742640116101774,-0.03451255471699388,17.0
BTCUSDT,1h,trend,donchian,"{""lb"": 10}",-21.36086536815841,-20.677138797315628,-0.922169755744479,634.0
BTCUSDT,1h,trend,donchian,"{""lb"": 20}",-16.125328142128687,-14.353024982389329,-0.7873497201173942,432.0
BTCUSDT,1h,trend,donchian,"{""lb"": 55}",-11.746488904025416,-11.788820348024117,-0.632282153725804,255.0
BTCUSDT,1h,momentum,mom_ret,"{""lb"": 5, ""thr"": 0.0}",-17.874809668930375,-18.461999461271983,-0.9767930523618666,845.5
BTCUSDT,1h,momentum,mom_ret,"{""lb"": 5, ""thr"": 0.02}",-2.3801288148265,-9.150246947899792,-0.4725843699802025,108.0
BTCUSDT,1h,momentum,mom_ret,"{""lb"": 5, ""thr"": 0.05}",-1.5299893188401466,-2.968697817301729,-0.04750525434100006,5.0
BTCUSDT,1h,momentum,mom_ret,"{""lb"": 10, ""thr"": 0.0}",-13.336945930821697,-12.29467568259191,-0.9170997180334104,590.5
BTCUSDT,1h,momentum,mom_ret,"{""lb"": 10, ""thr"": 0.02}",-5.28379566371749,-7.384435922489931,-0.49247157390946406,142.0
BTCUSDT,1h,momentum,mom_ret,"{""lb"": 10, ""thr"": 0.05}",-1.595964661076753,-0.7972182395917199,-0.0222884264776686,8.0
BTCUSDT,1h,momentum,mom_ret,"{""lb"": 20, ""thr"": 0.0}",-8.164999788096845,-6.99654410918755,-0.761063581897913,409.5
BTCUSDT,1h,momentum,mom_ret,"{""lb"": 20, ""thr"": 0.02}",-6.413207249124858,-5.824681632569718,-0.519671237906371,177.0
BTCUSDT,1h,momentum,mom_ret,"{""lb"": 20, ""thr"": 0.05}",0.00034525662862935284,-6.872376123668897,-0.2658379392082849,27.0
BTCUSDT,1h,momentum,mom_ret,"{""lb"": 50, ""thr"": 0.0}",-5.000369734087748,-4.068173486606272,-0.567117790620024,231.5
BTCUSDT,1h,momentum,mom_ret,"{""lb"": 50, ""thr"": 0.02}",-4.867187105649641,-5.438247780823429,-0.5583503957996093,185.5
BTCUSDT,1h,momentum,mom_ret,"{""lb"": 50, ""thr"": 0.05}",-1.7583908510974098,-4.6547110533901614,-0.33265475814422074,62.0
BTCUSDT,1h,meanrev,rsi,"{""ob"": 65, ""os_"": 20}",-7.8651725649760085,-10.004854019352686,-0.610263391544874,233.0
BTCUSDT,1h,meanrev,rsi,"{""ob"": 65, ""os_"": 30}",-10.1488677860628,-9.901371194597742,-0.6728424086771305,305.0
BTCUSDT,1h,meanrev,rsi,"{""ob"": 65, ""os_"": 35}",-10.166334257876251,-10.40765504176521,-0.7338260840438269,352.0
BTCUSDT,1h,meanrev,rsi,"{""ob"": 70, ""os_"": 20}",-6.868892918245955,-8.612104582587383,-0.49409193123328377,168.0
BTCUSDT,1h,meanrev,rsi,"{""ob"": 70, ""os_"": 30}",-9.403146108926961,-8.507058506175456,-0.5753243046256449,240.0
BTCUSDT,1h,meanrev,rsi,"{""ob"": 70, ""os_"": 35}",-9.399015997643879,-9.116354598742959,-0.6544858018053853,287.0
BTCUSDT,1h,meanrev,rsi,"{""ob"": 80, ""os_"": 20}",-5.025122958362798,-6.916509219567387,-0.31842131338067303,85.0
BTCUSDT,1h,meanrev,rsi,"{""ob"": 80, ""os_"": 30}",-8.143341520311635,-6.694404728536356,-0.427860671607762,157.0
BTCUSDT,1h,meanrev,rsi,"{""ob"": 80, ""os_"": 35}",-8.152510591050259,-7.488063739185594,-0.5345100662499862,204.0
BTCUSDT,1h,meanrev,zscore,"{""lb"": 20, ""z"": 1.5}",-13.977744786234014,-12.64786041019976,-0.7583647443210273,349.0
BTCUSDT,1h,meanrev,zscore,"{""lb"": 20, ""z"": 2.0}",-12.317731635939957,-10.034692081364172,-0.5724203567327908,211.0
BTCUSDT,1h,meanrev,zscore,"{""lb"": 20, ""z"": 2.5}",-9.183571411768504,-8.655902502502155,-0.41104061557379956,114.0
BTCUSDT,1h,meanrev,zscore,"{""lb"": 50, ""z"": 1.5}",-7.741159689790797,-6.700177578285777,-0.5545524445203165,242.0
BTCUSDT,1h,meanrev,zscore,"{""lb"": 50, ""z"": 2.0}",-7.1064361123619,-5.946978753109449,-0.3960958750619331,167.0
BTCUSDT,1h,meanrev,zscore,"{""lb"": 50, ""z"": 2.5}",-6.304821396516048,-4.63879349523328,-0.2248540471508944,85.0
BTCUSDT,1h,meanrev,bb,"{""span"": 20, ""mult"": 1.5}",-13.977744786234014,-12.64786041019976,-0.7583647443210273,349.0
BTCUSDT,1h,meanrev,bb,"{""span"": 20, ""mult"": 2.0}",-12.317731635939957,-10.034692081364172,-0.5724203567327908,211.0
BTCUSDT,1h,meanrev,bb,"{""span"": 20, ""mult"": 2.5}",-9.183571411768504,-8.655902502502155,-0.41104061557379956,114.0
BTCUSDT,1h,meanrev,bb,"{""span"": 50, ""mult"": 1.5}",-7.741159689790797,-6.700177578285777,-0.5545524445203165,242.0
BTCUSDT,1h,meanrev,bb,"{""span"": 50, ""mult"": 2.0}",-7.1064361123619,-5.946978753109449,-0.3960958750619331,167.0
BTCUSDT,1h,meanrev,bb,"{""span"": 50, ""mult"": 2.5}",-6.304821396516048,-4.63879349523328,-0.2248540471508944,85.0
BTCUSDT,1h,carry,funding,"{""thr"": 5e-05}",-0.7347378352804027,-3.0616276319722053,-0.2770237945415184,69.0
BTCUSDT,1h,carry,funding,"{""thr"": 0.0001}",1.1506032372255794,-2.1878756869194267,-0.03002020756233148,3.0
BTCUSDT,1h,carry,funding_pct,"{""lb"": 100, ""hi"": 0.8}",-4.5640555669571,-4.804104785584034,-0.4926000153401462,151.5
BTCUSDT,1h,carry,funding_pct,"{""lb"": 100, ""hi"": 0.9}",-5.246135902261643,-6.852918282346315,-0.4840094811730027,120.0
BTCUSDT,1h,carry,funding_pct,"{""lb"": 100, ""hi"": 0.95}",-4.477821681372374,-6.608200343979953,-0.37238125115000253,84.0
BTCUSDT,1h,carry,funding_pct,"{""lb"": 500, ""hi"": 0.8}",-4.2769620960113715,-2.6368831972501616,-0.3176880076355969,121.5
BTCUSDT,1h,carry,funding_pct,"{""lb"": 500, ""hi"": 0.9}",-3.250459757405093,-2.670472210312109,-0.23324545315474854,80.5
BTCUSDT,1h,carry,funding_pct,"{""lb"": 500, ""hi"": 0.95}",-4.199021374847223,-4.932232500035007,-0.28962653976775254,50.0
BTCUSDT,1h,carry,funding_mom,"{""lb"": 24}",-4.595198756476154,-4.433065271732308,-0.595292964480091,229.5
BTCUSDT,1h,carry,funding_mom,"{""lb"": 100}",-5.5175504797378645,-4.807396373020391,-0.6247609680953798,234.5
BTCUSDT,1h,carry,funding_mom,"{""lb"": 500}",-2.804313547252686,-2.3063479623053618,-0.38891821511320634,168.5
BTCUSDT,1h,carry,funding_price_div,"{""lb"": 24}",-7.744422317480248,-7.50106546469099,-0.631359677633081,282.5
BTCUSDT,1h,carry,funding_price_div,"{""lb"": 100}",-5.567561940776959,-9.367180874843084,-0.7096287306151414,226.0
BTCUSDT,1h,carry,funding_price_div,"{""lb"": 500}",-3.205088098657574,-1.5141023787216699,-0.20550911454070864,110.5
BTCUSDT,1h,ichimoku,cloud,"{""tenkan"": 9, ""kijun"": 26, ""senkou"": 52, ""disp"": 26}",-4.453078323907032,-4.130463865528555,-0.5436249041315813,182.5
BTCUSDT,1h,ichimoku,cloud_fast,"{""tenkan"": 7, ""kijun"": 14, ""senkou"": 28, ""disp"": 14}",-6.465999736702954,-6.067855724941595,-0.6776945819470517,269.5
BTCUSDT,1h,ichimoku,cloud_slow,"{""tenkan"": 12, ""kijun"": 24, ""senkou"": 52, ""disp"": 24}",-4.52267862606524,-4.175380890989138,-0.5492688917754189,185.5
BTCUSDT,1h,ichimoku,tk,"{""tenkan"": 9, ""kijun"": 26}",-6.29784580521849,-2.6054212719970424,-0.4130241582242534,184.5
BTCUSDT,1h,ichimoku,combo,"{""tenkan"": 9, ""kijun"": 26, ""senkou"": 52, ""disp"": 26}",-5.227795013048539,-3.6749972109107096,-0.45347297925907626,169.5
DOGEUSDT,1d,trend,ema_cross,"{""fast"": 10, ""slow"": 50}",0.4744593723633868,0.009490053013373375,-0.4399706532615725,13.5
DOGEUSDT,1d,trend,ema_cross,"{""fast"": 10, ""slow"": 100}",0.2844196600001168,0.20306144207261023,-0.2715994603632458,7.5
DOGEUSDT,1d,trend,ema_cross,"{""fast"": 10, ""slow"": 200}",0.333209408650259,-0.052101466578865926,-0.4896420348168842,5.5
DOGEUSDT,1d,trend,ema_cross,"{""fast"": 20, ""slow"": 50}",0.39181342347491366,0.25146005956498,-0.22084479872549234,7.5
DOGEUSDT,1d,trend,ema_cross,"{""fast"": 20, ""slow"": 100}",0.4414883543989218,-0.34019397089145603,-0.6579620167058929,7.5
DOGEUSDT,1d,trend,ema_cross,"{""fast"": 20, ""slow"": 200}",0.10826290751005622,-0.6382534204568343,-0.7747343542924483,5.5
DOGEUSDT,1d,trend,ema_cross,"{""fast"": 50, ""slow"": 100}",0.2331294364394598,-0.15537805886412429,-0.5587102855122639,3.5
DOGEUSDT,1d,trend,ema_cross,"{""fast"": 50, ""slow"": 200}",0.6092318319420472,-0.515787591371013,-0.7331744875841035,3.5
DOGEUSDT,1d,trend,ema_slope,"{""span"": 20, ""thr"": 0.0}",0.43490399812102076,-0.20007657078836016,-0.5795911573153201,65.5
DOGEUSDT,1d,trend,ema_slope,"{""span"": 20, ""thr"": 0.001}",0.25286562030248494,0.12645781133717537,-0.2897808415265162,68.5
DOGEUSDT,1d,trend,ema_slope,"{""span"": 20, ""thr"": 0.005}",0.3305184773941795,-0.3959304043102813,-0.5543352674470581,65.0
DOGEUSDT,1d,trend,ema_slope,"{""span"": 50, ""thr"": 0.0}",0.3023657132433671,-0.535267962117456,-0.7376444530561703,47.5
DOGEUSDT,1d,trend,ema_slope,"{""span"": 50, ""thr"": 0.001}",0.0011632508344649474,-0.27848590450946287,-0.5939725375049083,42.5
DOGEUSDT,1d,trend,ema_slope,"{""span"": 50, ""thr"": 0.005}",0.4890530970903672,-0.5441755461176736,-0.5901269912875023,39.0
DOGEUSDT,1d,trend,ema_slope,"{""span"": 100, ""thr"": 0.0}",0.30771488572433764,0.2915132580702395,-0.16999538997954378,17.5
DOGEUSDT,1d,trend,ema_slope,"{""span"": 100, ""thr"": 0.001}",0.02766374385071734,-0.22436792782957954,-0.5512058859325331,21.5
DOGEUSDT,1d,trend,ema_slope,"{""span"": 100, ""thr"": 0.005}",0.4285231843308662,-1.4995881262083335,-0.7484331274718985,22.0
DOGEUSDT,1d,trend,price_ema,"{""span"": 20, ""thr"": 0.0}",0.43490399812102076,-0.20007657078836016,-0.5795911573153201,65.5
DOGEUSDT,1d,trend,price_ema,"{""span"": 20, ""thr"": 0.02}",0.4080367421125212,0.14730605608688224,-0.24719755678108346,64.5
DOGEUSDT,1d,trend,price_ema,"{""span"": 20, ""thr"": 0.05}",0.4958873030758934,-0.40661260020060275,-0.5542623083856099,62.0
DOGEUSDT,1d,trend,price_ema,"{""span"": 50, ""thr"": 0.0}",0.3023657132433671,-0.535267962117456,-0.7376444530561703,47.5
DOGEUSDT,1d,trend,price_ema,"{""span"": 50, ""thr"": 0.02}",0.27222788701277806,-0.34546947306202747,-0.6332552061029026,39.5
DOGEUSDT,1d,trend,price_ema,"{""span"": 50, ""thr"": 0.05}",0.021636869794494043,0.2870081607459569,-0.09365573771454372,34.5
DOGEUSDT,1d,trend,price_ema,"{""span"": 100, ""thr"": 0.0}",0.30771488572433764,0.2915132580702395,-0.16999538997954378,17.5
DOGEUSDT,1d,trend,price_ema,"{""span"": 100, ""thr"": 0.02}",0.12357773222917223,0.009336586107987384,-0.4190396288457109,20.5
DOGEUSDT,1d,trend,price_ema,"{""span"": 100, ""thr"": 0.05}",0.02589763032070941,-0.22127785814408601,-0.5483013524123436,21.5
DOGEUSDT,1d,trend,donchian,"{""lb"": 10}",0.7540039824745465,-0.39628295688443094,-0.4494500297770214,91.0
DOGEUSDT,1d,trend,donchian,"{""lb"": 20}",0.9706283274204893,-0.16600630488118734,-0.2712958320711447,61.0
DOGEUSDT,1d,trend,donchian,"{""lb"": 55}",1.2561713861419228,-0.17877564162387166,-0.23477771490361465,39.0
DOGEUSDT,1d,momentum,mom_ret,"{""lb"": 5, ""thr"": 0.0}",0.7837934913242,-0.17056031499192806,-0.5600708405206843,133.5
DOGEUSDT,1d,momentum,mom_ret,"{""lb"": 5, ""thr"": 0.02}",0.6580643690297638,0.08301743523500175,-0.3120624483907066,119.5
DOGEUSDT,1d,momentum,mom_ret,"{""lb"": 5, ""thr"": 0.05}",0.5798204740549543,-1.4703498371600494,-0.8555135665619948,102.0
DOGEUSDT,1d,momentum,mom_ret,"{""lb"": 10, ""thr"": 0.0}",-0.047569780831260934,-0.6527227788573565,-0.7771675172874408,101.5
DOGEUSDT,1d,momentum,mom_ret,"{""lb"": 10, ""thr"": 0.02}",0.24206201677940462,-0.8766526912021941,-0.819854215668018,97.5
DOGEUSDT,1d,momentum,mom_ret,"{""lb"": 10, ""thr"": 0.05}",0.2619042927781907,-0.8910724960057335,-0.7784628576389585,80.0
DOGEUSDT,1d,momentum,mom_ret,"{""lb"": 20, ""thr"": 0.0}",0.4940303106240981,0.4890620516880204,0.10171305706210809,50.5
DOGEUSDT,1d,momentum,mom_ret,"{""lb"": 20, ""thr"": 0.02}",0.535885259055409,0.1252190325938826,-0.3099184626385738,52.0
DOGEUSDT,1d,momentum,mom_ret,"{""lb"": 20, ""thr"": 0.05}",0.6141580966281768,0.04159543988099016,-0.3586892971279809,57.0
DOGEUSDT,1d,momentum,mom_ret,"{""lb"": 50, ""thr"": 0.0}",0.19588584511639917,-0.10116773202765196,-0.519223460272134,27.5
DOGEUSDT,1d,momentum,mom_ret,"{""lb"": 50, ""thr"": 0.02}",0.21814811730906045,-0.19479171669589382,-0.573606074672776,26.5
DOGEUSDT,1d,momentum,mom_ret,"{""lb"": 50, ""thr"": 0.05}",0.5612618368692125,-0.5001214895307475,-0.709970481979447,27.5
DOGEUSDT,1d,meanrev,rsi,"{""ob"": 65, ""os_"": 20}",-1.012187244255295,0.092359478476976,-0.06581641811449301,30.0
DOGEUSDT,1d,meanrev,rsi,"{""ob"": 65, ""os_"": 30}",-0.870544325856563,-0.07849345625073566,-0.24054622587960484,48.0
DOGEUSDT,1d,meanrev,rsi,"{""ob"": 65, ""os_"": 35}",-0.901330207008654,-0.11605117259874506,-0.3078329129070194,47.5
DOGEUSDT,1d,meanrev,rsi,"{""ob"": 70, ""os_"": 20}",-0.9845282899893051,0.6503155206554988,0.2826897249405007,23.0
DOGEUSDT,1d,meanrev,rsi,"{""ob"": 70, ""os_"": 30}",-0.8285591642809954,0.277990989896783,0.04277528691454169,41.0
DOGEUSDT,1d,meanrev,rsi,"{""ob"": 70, ""os_"": 35}",-0.8609191661527446,0.1910197986671399,-0.04961334391661931,40.5
DOGEUSDT,1d,meanrev,rsi,"{""ob"": 80, ""os_"": 20}",-1.0893269581194225,0.7305938474605279,0.29642231641104777,15.0
DOGEUSDT,1d,meanrev,rsi,"{""ob"": 80, ""os_"": 30}",-0.876932321242035,0.2839329010182416,0.05393933285047159,33.0
DOGEUSDT,1d,meanrev,rsi,"{""ob"": 80, ""os_"": 35}",-0.9061254893378213,0.189824974628258,-0.03943841896533706,32.5
DOGEUSDT,1d,meanrev,zscore,"{""lb"": 20, ""z"": 1.5}",-1.0908616413720011,-0.1832316245604191,-0.29436956460850094,50.0
DOGEUSDT,1d,meanrev,zscore,"{""lb"": 20, ""z"": 2.0}",-1.2133100019679952,-0.1132347090296543,-0.16448606046184622,33.0
DOGEUSDT,1d,meanrev,zscore,"{""lb"": 20, ""z"": 2.5}",-0.9342842175236379,-0.31487573532603286,-0.14854248198094466,14.0
DOGEUSDT,1d,meanrev,zscore,"{""lb"": 50, ""z"": 1.5}",-1.125116857778833,-0.028889062488520575,-0.17511062321150483,32.0
DOGEUSDT,1d,meanrev,zscore,"{""lb"": 50, ""z"": 2.0}",-1.3907112163604451,-0.31622972204624916,-0.2423225751621182,14.0
DOGEUSDT,1d,meanrev,zscore,"{""lb"": 50, ""z"": 2.5}",-1.2648335510296413,-0.12078702468388755,-0.10850040832076302,7.0
DOGEUSDT,1d,meanrev,bb,"{""span"": 20, ""mult"": 1.5}",-1.0908616413720011,-0.1832316245604191,-0.29436956460850094,50.0
DOGEUSDT,1d,meanrev,bb,"{""span"": 20, ""mult"": 2.0}",-1.2133100019679952,-0.1132347090296543,-0.16448606046184622,33.0
DOGEUSDT,1d,meanrev,bb,"{""span"": 20, ""mult"": 2.5}",-0.9342842175236379,-0.31487573532603286,-0.14854248198094466,14.0
DOGEUSDT,1d,meanrev,bb,"{""span"": 50, ""mult"": 1.5}",-1.125116857778833,-0.028889062488520575,-0.17511062321150483,32.0
DOGEUSDT,1d,meanrev,bb,"{""span"": 50, ""mult"": 2.0}",-1.3907112163604451,-0.31622972204624916,-0.2423225751621182,14.0
DOGEUSDT,1d,meanrev,bb,"{""span"": 50, ""mult"": 2.5}",-1.2648335510296413,-0.12078702468388755,-0.10850040832076302,7.0
DOGEUSDT,1d,carry,funding,"{""thr"": 5e-05}",-1.6770114287732216,0.45918730211297987,0.1535158700543875,163.0
DOGEUSDT,1d,carry,funding,"{""thr"": 0.0001}",-0.9139511423996532,0.08262494741681906,-0.003964769057167472,23.0
DOGEUSDT,1d,carry,funding,"{""thr"": 0.0002}",-0.5131146206638894,-0.378012250265293,-0.11167615473630377,3.0
DOGEUSDT,1d,carry,funding,"{""thr"": 0.0005}",-0.10286118840021818,0.765884916085727,0.10977907795619135,1.0
DOGEUSDT,1d,carry,funding_pct,"{""lb"": 100, ""hi"": 0.8}",-1.2333185581283572,0.15070694568025408,-0.08089018728265684,130.5
DOGEUSDT,1d,carry,funding_pct,"{""lb"": 100, ""hi"": 0.9}",-1.1010418534297928,-0.6865974126299685,-0.339119472243922,57.0
DOGEUSDT,1d,carry,funding_pct,"{""lb"": 100, ""hi"": 0.95}",-0.5410707560435938,-0.3237986756315454,-0.13539157975533878,33.0
DOGEUSDT,1d,carry,funding_pct,"{""lb"": 500, ""hi"": 0.8}",-0.8216889332159782,-0.411706043566112,-0.383438471852636,102.0
DOGEUSDT,1d,carry,funding_pct,"{""lb"": 500, ""hi"": 0.9}",-0.6403281319063081,-0.3653556528441461,-0.23189017740185613,58.0
DOGEUSDT,1d,carry,funding_pct,"{""lb"": 500, ""hi"": 0.95}",-0.3107506211305699,-0.17828783234682405,-0.08572929236711535,40.0
DOGEUSDT,1d,carry,funding_mom,"{""lb"": 24}",-0.8793788101746499,-0.7082622984505303,-0.7849359013927131,244.5
DOGEUSDT,1d,carry,funding_mom,"{""lb"": 100}",-2.280660535395071,-0.07692578959908779,-0.4873721564098441,215.5
DOGEUSDT,1d,carry,funding_mom,"{""lb"": 500}",-1.1960067920315338,0.2591321215989427,-0.17304216552901885,152.5
DOGEUSDT,1d,carry,funding_price_div,"{""lb"": 24}",0.1685729928578863,0.25596344172778684,-0.013822012044075738,131.0
DOGEUSDT,1d,carry,funding_price_div,"{""lb"": 100}",-1.3513949286352869,-0.1501633708034897,-0.28053338631779257,109.0
DOGEUSDT,1d,carry,funding_price_div,"{""lb"": 500}",0.15834819587841129,-0.4295621240341101,-0.5196005807003126,81.5
DOGEUSDT,1d,ichimoku,cloud,"{""tenkan"": 9, ""kijun"": 26, ""senkou"": 52, ""disp"": 26}",0.5516185745485099,-0.24517046689917765,-0.5551428029869598,29.5
DOGEUSDT,1d,ichimoku,cloud_fast,"{""tenkan"": 7, ""kijun"": 14, ""senkou"": 28, ""disp"": 14}",0.8899225296298526,-0.25126051591184484,-0.5674123294129827,40.5
DOGEUSDT,1d,ichimoku,cloud_slow,"{""tenkan"": 12, ""kijun"": 24, ""senkou"": 52, ""disp"": 24}",0.6324558498302723,0.023948369089927733,-0.366726105522702,32.5
DOGEUSDT,1d,ichimoku,tk,"{""tenkan"": 9, ""kijun"": 26}",0.6902379343772533,0.17334952091500827,-0.2887778611964489,25.5
DOGEUSDT,1d,ichimoku,combo,"{""tenkan"": 9, ""kijun"": 26, ""senkou"": 52, ""disp"": 26}",0.6914137269849364,0.02528484135331136,-0.3132017875645253,26.5
DOGEUSDT,4h,trend,ema_cross,"{""fast"": 10, ""slow"": 50}",0.5325823216863019,-2.938643472612251,-0.573350913057092,33.5
DOGEUSDT,4h,trend,ema_cross,"{""fast"": 10, ""slow"": 100}",0.9605113147070543,-0.6941752735823518,-0.23027614245267636,10.5
DOGEUSDT,4h,trend,ema_cross,"{""fast"": 10, ""slow"": 200}",0.3027737362902818,0.5786422159576338,0.07584559114379008,6.5
DOGEUSDT,4h,trend,ema_cross,"{""fast"": 20, ""slow"": 50}",0.5034559037954985,-0.9718443646377857,-0.2843025892391112,18.5
DOGEUSDT,4h,trend,ema_cross,"{""fast"": 20, ""slow"": 100}",0.7397587379444798,0.4769092706172582,0.047443463498496596,8.5
DOGEUSDT,4h,trend,ema_cross,"{""fast"": 20, ""slow"": 200}",-0.5658878747420512,0.5050687384481392,0.055237265384741274,4.5
DOGEUSDT,4h,trend,ema_cross,"{""fast"": 50, ""slow"": 100}",-0.9682277021012966,0.3176522104341516,0.004475847780259112,6.5
DOGEUSDT,4h,trend,ema_cross,"{""fast"": 50, ""slow"": 200}",-0.6130601819628219,0.8038677826222206,0.14145487467308127,2.5
DOGEUSDT,4h,trend,ema_slope,"{""span"": 20, ""thr"": 0.0}",0.44825854502681856,-4.16197636577237,-0.6911827905794623,153.5
DOGEUSDT,4h,trend,ema_slope,"{""span"": 20, ""thr"": 0.001}",-0.31946048295112706,-4.080925972096224,-0.6087762948602198,123.0
DOGEUSDT,4h,trend,ema_slope,"{""span"": 20, ""thr"": 0.005}",0.2589420377085555,-2.0863970928465743,-0.21374457706168337,20.0
DOGEUSDT,4h,trend,ema_slope,"{""span"": 50, ""thr"": 0.0}",0.1293596531158346,-2.8223421820898107,-0.5582279374956263,89.5
DOGEUSDT,4h,trend,ema_slope,"{""span"": 50, ""thr"": 0.001}",0.10764176106991918,-2.5594613394607935,-0.42126520570929304,61.0
DOGEUSDT,4h,trend,ema_slope,"{""span"": 50, ""thr"": 0.005}",-0.6520791908162343,-0.8516845183650751,-0.03710685484042664,2.0
DOGEUSDT,4h,trend,ema_slope,"{""span"": 100, ""thr"": 0.0}",1.0704800397102705,-1.1006044784323705,-0.3069434773500995,52.5
DOGEUSDT,4h,trend,ema_slope,"{""span"": 100, ""thr"": 0.001}",-0.35995071431908293,-3.1453403774081834,-0.4312108510830026,37.0
DOGEUSDT,4h,trend,ema_slope,"{""span"": 100, ""thr"": 0.005}",-0.335406179495543,0.0,0.0,0.0
DOGEUSDT,4h,trend,price_ema,"{""span"": 20, ""thr"": 0.0}",0.44825854502681856,-4.16197636577237,-0.6911827905794623,153.5
DOGEUSDT,4h,trend,price_ema,"{""span"": 20, ""thr"": 0.02}",-0.4064789378304777,-1.752674428630938,-0.2955262010961063,72.0
DOGEUSDT,4h,trend,price_ema,"{""span"": 20, ""thr"": 0.05}",0.19271223564868198,-1.6176054167162641,-0.16985616925660763,17.0
DOGEUSDT,4h,trend,price_ema,"{""span"": 50, ""thr"": 0.0}",0.1293596531158346,-2.8223421820898107,-0.5582279374956263,89.5
DOGEUSDT,4h,trend,price_ema,"{""span"": 50, ""thr"": 0.02}",0.323555864400907,-3.1083816587225246,-0.5094395980697968,77.0
DOGEUSDT,4h,trend,price_ema,"{""span"": 50, ""thr"": 0.05}",-0.10104009167383547,-2.6426944394591447,-0.3148486153942235,32.0
DOGEUSDT,4h,trend,price_ema,"{""span"": 100, ""thr"": 0.0}",1.0704800397102705,-1.1006044784323705,-0.3069434773500995,52.5
DOGEUSDT,4h,trend,price_ema,"{""span"": 100, ""thr"": 0.02}",0.9157531971043252,-2.774364631035922,-0.5041445527768527,58.0
DOGEUSDT,4h,trend,price_ema,"{""span"": 100, ""thr"": 0.05}",-0.09155451143012633,-3.1219642565286305,-0.4285657960086421,36.0
DOGEUSDT,4h,trend,donchian,"{""lb"": 10}",-0.9113234568795667,-4.161326327622791,-0.5214622439995963,167.0
DOGEUSDT,4h,trend,donchian,"{""lb"": 20}",-0.19969327051103525,-3.3930279650937436,-0.40135716383590847,104.0
DOGEUSDT,4h,trend,donchian,"{""lb"": 55}",0.7981590418770588,-2.7038898617074483,-0.2644957608769505,50.0
DOGEUSDT,4h,momentum,mom_ret,"{""lb"": 5, ""thr"": 0.0}",-0.9672119547233248,-2.2206781520488503,-0.48668297990369747,196.5
DOGEUSDT,4h,momentum,mom_ret,"{""lb"": 5, ""thr"": 0.02}",-1.0904615878878052,-3.0020850272463573,-0.44979344587747927,129.0
DOGEUSDT,4h,momentum,mom_ret,"{""lb"": 5, ""thr"": 0.05}",-0.051891865398073715,-1.884567980582767,-0.20360525305704757,29.0
DOGEUSDT,4h,momentum,mom_ret,"{""lb"": 10, ""thr"": 0.0}",0.160913297493949,-3.838175536907295,-0.665338843336293,147.5
DOGEUSDT,4h,momentum,mom_ret,"{""lb"": 10, ""thr"": 0.02}",0.5067799825142201,-2.7515684514252112,-0.468465589472169,121.0
DOGEUSDT,4h,momentum,mom_ret,"{""lb"": 10, ""thr"": 0.05}",-0.2636611539685902,-3.6530410635099533,-0.41656876428900613,56.0
DOGEUSDT,4h,momentum,mom_ret,"{""lb"": 20, ""thr"": 0.0}",0.4411012291495849,-4.25244798747934,-0.698410311137674,114.5
DOGEUSDT,4h,momentum,mom_ret,"{""lb"": 20, ""thr"": 0.02}",-0.18697890490534272,-4.308360997275784,-0.6482364403604756,94.0
DOGEUSDT,4h,momentum,mom_ret,"{""lb"": 20, ""thr"": 0.05}",-0.5627565683688904,-3.3993767271213784,-0.43965128831044953,56.0
DOGEUSDT,4h,momentum,mom_ret,"{""lb"": 50, ""thr"": 0.0}",1.787271963624794,-2.608521754281266,-0.5353427480538833,93.5
DOGEUSDT,4h,momentum,mom_ret,"{""lb"": 50, ""thr"": 0.02}",1.298210972053124,-2.55174433700864,-0.48305163842742027,76.0
DOGEUSDT,4h,momentum,mom_ret,"{""lb"": 50, ""thr"": 0.05}",0.7440212792098471,-2.3557370140695792,-0.40565125639947475,51.0
DOGEUSDT,4h,meanrev,rsi,"{""ob"": 65, ""os_"": 20}",-0.3963486104640286,0.316443930011297,0.02204223479633205,69.0
DOGEUSDT,4h,meanrev,rsi,"{""ob"": 65, ""os_"": 30}",-0.7952298107793713,-0.45299163108370716,-0.10616430612228345,85.0
DOGEUSDT,4h,meanrev,rsi,"{""ob"": 65, ""os_"": 35}",-1.4413049344584206,-0.014697548618995934,-0.03970079481541289,98.0
DOGEUSDT,4h,meanrev,rsi,"{""ob"": 70, ""os_"": 20}",-0.9444110316183684,0.020049557327951495,-0.014683914019231525,43.0
DOGEUSDT,4h,meanrev,rsi,"{""ob"": 70, ""os_"": 30}",-1.2451427324211337,-0.8424047535604439,-0.13828347066596436,59.0
DOGEUSDT,4h,meanrev,rsi,"{""ob"": 70, ""os_"": 35}",-1.863639057533405,-0.30637655553836396,-0.07420826458167551,72.0
DOGEUSDT,4h,meanrev,rsi,"{""ob"": 80, ""os_"": 20}",-1.0468004133579276,-0.4415208319330382,-0.04756327170186636,22.0
DOGEUSDT,4h,meanrev,rsi,"{""ob"": 80, ""os_"": 30}",-1.3050455208138805,-1.3777874670584374,-0.16703839143924226,38.0
DOGEUSDT,4h,meanrev,rsi,"{""ob"": 80, ""os_"": 35}",-1.9471821410575312,-0.6763496595544347,-0.1051013333557902,51.0
DOGEUSDT,4h,meanrev,zscore,"{""lb"": 20, ""z"": 1.5}",-2.522266720957922,-1.0833707197918754,-0.181125033514957,100.5
DOGEUSDT,4h,meanrev,zscore,"{""lb"": 20, ""z"": 2.0}",-3.3218792442236778,-0.7217527624643283,-0.09761822300698597,45.0
DOGEUSDT,4h,meanrev,zscore,"{""lb"": 20, ""z"": 2.5}",-2.715603574700553,-1.4392684497502557,-0.1472042243177789,20.0
DOGEUSDT,4h,meanrev,zscore,"{""lb"": 50, ""z"": 1.5}",-2.0277189044665933,0.48692768366321665,0.04927805118745643,44.0
DOGEUSDT,4h,meanrev,zscore,"{""lb"": 50, ""z"": 2.0}",-2.7971797420269957,-0.42666768887470313,-0.06687545875666756,33.0
DOGEUSDT,4h,meanrev,zscore,"{""lb"": 50, ""z"": 2.5}",-2.0346312424265776,0.24058579455489523,0.01235207825165352,23.0
DOGEUSDT,4h,meanrev,bb,"{""span"": 20, ""mult"": 1.5}",-2.522266720957922,-1.0833707197918754,-0.181125033514957,100.5
DOGEUSDT,4h,meanrev,bb,"{""span"": 20, ""mult"": 2.0}",-3.3218792442236778,-0.7217527624643283,-0.09761822300698597,45.0
DOGEUSDT,4h,meanrev,bb,"{""span"": 20, ""mult"": 2.5}",-2.715603574700553,-1.4392684497502557,-0.1472042243177789,20.0
DOGEUSDT,4h,meanrev,bb,"{""span"": 50, ""mult"": 1.5}",-2.0277189044665933,0.48692768366321665,0.04927805118745643,44.0
DOGEUSDT,4h,meanrev,bb,"{""span"": 50, ""mult"": 2.0}",-2.7971797420269957,-0.42666768887470313,-0.06687545875666756,33.0
DOGEUSDT,4h,meanrev,bb,"{""span"": 50, ""mult"": 2.5}",-2.0346312424265776,0.24058579455489523,0.01235207825165352,23.0
DOGEUSDT,4h,carry,funding,"{""thr"": 5e-05}",-0.34511086940191443,-0.8500560939278472,-0.19245845678840878,123.5
DOGEUSDT,4h,carry,funding,"{""thr"": 0.0001}",1.0457221417051221,0.9259071525788309,0.04751860518518192,11.0
DOGEUSDT,4h,carry,funding,"{""thr"": 0.0002}",-1.50860423266315,0.0,0.0,0.0
DOGEUSDT,4h,carry,funding_pct,"{""lb"": 100, ""hi"": 0.8}",-1.4816799710072899,-1.6698729061218656,-0.27051329905542076,99.5
DOGEUSDT,4h,carry,funding_pct,"{""lb"": 100, ""hi"": 0.9}",0.09116481938202303,0.05487924157288759,-0.009507016673173663,55.0
DOGEUSDT,4h,carry,funding_pct,"{""lb"": 100, ""hi"": 0.95}",-1.2710926930179571,-0.24394603990969543,-0.028272811683440646,35.0
DOGEUSDT,4h,carry,funding_pct,"{""lb"": 500, ""hi"": 0.8}",-0.8317153987314412,0.4986301653501326,0.05421976477326229,94.5
DOGEUSDT,4h,carry,funding_pct,"{""lb"": 500, ""hi"": 0.9}",0.24195733884756704,1.6922888443393203,0.19517998756458566,39.0
DOGEUSDT,4h,carry,funding_pct,"{""lb"": 500, ""hi"": 0.95}",0.8506153740690323,0.27643294004898317,0.011305892287780894,11.0
DOGEUSDT,4h,carry,funding_mom,"{""lb"": 24}",-0.7576414785549507,-2.184601457410705,-0.4803319892782181,176.5
DOGEUSDT,4h,carry,funding_mom,"{""lb"": 100}",0.06445102476354676,-0.6577946307152963,-0.2233129816387791,179.0
DOGEUSDT,4h,carry,funding_mom,"{""lb"": 500}",-1.0812023711188634,-0.2984400228153764,-0.1452280550532793,150.5
DOGEUSDT,4h,carry,funding_price_div,"{""lb"": 24}",-0.7599638998743117,-4.294373723913594,-0.47474226712713585,125.0
DOGEUSDT,4h,carry,funding_price_div,"{""lb"": 100}",0.4105144963284516,-2.810229189161509,-0.38962301617414896,107.0
DOGEUSDT,4h,carry,funding_price_div,"{""lb"": 500}",0.6279851286705059,-0.7167098390772929,-0.12861132455584356,77.5
DOGEUSDT,4h,ichimoku,cloud,"{""tenkan"": 9, ""kijun"": 26, ""senkou"": 52, ""disp"": 26}",0.8882315768811271,-2.5014357405230943,-0.4960306315033922,61.5
DOGEUSDT,4h,ichimoku,cloud_fast,"{""tenkan"": 7, ""kijun"": 14, ""senkou"": 28, ""disp"": 14}",-0.3218010607902667,-4.435622774429874,-0.6894574774875609,83.5
DOGEUSDT,4h,ichimoku,cloud_slow,"{""tenkan"": 12, ""kijun"": 24, ""senkou"": 52, ""disp"": 24}",1.109513149954516,-2.382403811270947,-0.47916574684324986,61.5
DOGEUSDT,4h,ichimoku,tk,"{""tenkan"": 9, ""kijun"": 26}",-0.06645183761425827,-3.3458747712629955,-0.6065429407904295,59.5
DOGEUSDT,4h,ichimoku,combo,"{""tenkan"": 9, ""kijun"": 26, ""senkou"": 52, ""disp"": 26}",0.750384944416501,-2.995242841315244,-0.5099394872095195,56.5
DOGEUSDT,1h,trend,ema_cross,"{""fast"": 10, ""slow"": 50}",0.3044518386079225,-3.42755097957924,-0.6389206036767354,121.5
DOGEUSDT,1h,trend,ema_cross,"{""fast"": 10, ""slow"": 100}",0.06309967805568317,-3.058010829188642,-0.6005759224084379,89.5
DOGEUSDT,1h,trend,ema_cross,"{""fast"": 10, ""slow"": 200}",0.011561322351493382,-3.5686741682116865,-0.6516219943678885,63.5
DOGEUSDT,1h,trend,ema_cross,"{""fast"": 20, ""slow"": 50}",0.7510690580467174,-3.3382901649568715,-0.6295674681115957,95.5
DOGEUSDT,1h,trend,ema_cross,"{""fast"": 20, ""slow"": 100}",0.29918146771828785,-2.070037006780937,-0.47626984507959436,51.5
DOGEUSDT,1h,trend,ema_cross,"{""fast"": 20, ""slow"": 200}",0.5937497027620217,-3.5844623021559845,-0.6540593324527317,51.5
DOGEUSDT,1h,trend,ema_cross,"{""fast"": 50, ""slow"": 100}",0.48850847840813794,-2.249558816477369,-0.5010996939709322,33.5
DOGEUSDT,1h,trend,ema_cross,"{""fast"": 50, ""slow"": 200}",0.617647749803812,-2.5469293091408223,-0.5402747457943129,28.5
DOGEUSDT,1h,trend,ema_slope,"{""span"": 20, ""thr"": 0.0}",-4.5769507549838275,-6.5362654932683295,-0.8506299316638437,478.5
DOGEUSDT,1h,trend,ema_slope,"{""span"": 20, ""thr"": 0.001}",-4.687651567687616,-8.26351298697173,-0.8143824869072521,351.0
DOGEUSDT,1h,trend,ema_slope,"{""span"": 20, ""thr"": 0.005}",-0.6444209785656282,0.22810987436530095,0.008922715214680466,10.0
DOGEUSDT,1h,trend,ema_slope,"{""span"": 50, ""thr"": 0.0}",-2.1642522484747455,-5.901520137990012,-0.8199324813327424,351.5
DOGEUSDT,1h,trend,ema_slope,"{""span"": 50, ""thr"": 0.001}",-1.3144079619671751,-3.905128229570019,-0.4891187009745085,135.0
DOGEUSDT,1h,trend,ema_slope,"{""span"": 50, ""thr"": 0.005}",-0.9489230560635015,-0.4903312363117496,-0.0069596230288284655,3.0
DOGEUSDT,1h,trend,ema_slope,"{""span"": 100, ""thr"": 0.0}",-0.16050280207215642,-6.113299547962479,-0.8285144133544378,261.5
DOGEUSDT,1h,trend,ema_slope,"{""span"": 100, ""thr"": 0.001}",-1.0163153624330012,-3.8804478508985794,-0.40482924888943705,47.0
DOGEUSDT,1h,trend,ema_slope,"{""span"": 100, ""thr"": 0.005}",-1.2935192308370396,0.0,0.0,0.0
DOGEUSDT,1h,trend,price_ema,"{""span"": 20, ""thr"": 0.0}",-4.5769507549838275,-6.5362654932683295,-0.8506299316638437,478.5
DOGEUSDT,1h,trend,price_ema,"{""span"": 20, ""thr"": 0.02}",-2.8020169992727175,-5.115952375891955,-0.5210342138538351,122.0
DOGEUSDT,1h,trend,price_ema,"{""span"": 20, ""thr"": 0.05}",-0.5972095160092606,-0.059226807076878954,-0.006263297083203723,10.0
DOGEUSDT,1h,trend,price_ema,"{""span"": 50, ""thr"": 0.0}",-2.1642522484747455,-5.901520137990012,-0.8199324813327424,351.5
DOGEUSDT,1h,trend,price_ema,"{""span"": 50, ""thr"": 0.02}",-1.176592213713364,-5.69832820400059,-0.6646081279762336,185.0
DOGEUSDT,1h,trend,price_ema,"{""span"": 50, ""thr"": 0.05}",-2.450498096151837,-3.5162351313034788,-0.30545415418737953,26.0
DOGEUSDT,1h,trend,price_ema,"{""span"": 100, ""thr"": 0.0}",-0.16050280207215642,-6.113299547962479,-0.8285144133544378,261.5
DOGEUSDT,1h,trend,price_ema,"{""span"": 100, ""thr"": 0.02}",-2.0800057082896393,-4.7369402671829866,-0.6372997114268191,168.0
DOGEUSDT,1h,trend,price_ema,"{""span"": 100, ""thr"": 0.05}",-0.8707097215825019,-4.245797142016499,-0.4273829260816334,46.0
DOGEUSDT,1h,trend,donchian,"{""lb"": 10}",-10.121204716670299,-15.229176211905465,-0.9313414950523642,656.0
DOGEUSDT,1h,trend,donchian,"{""lb"": 20}",-7.1632606749426575,-11.534750215151929,-0.8289600370125767,447.0
DOGEUSDT,1h,trend,donchian,"{""lb"": 55}",-4.627679970881543,-9.060142665059061,-0.6728126374062051,234.0
DOGEUSDT,1h,momentum,mom_ret,"{""lb"": 5, ""thr"": 0.0}",-8.267837118883532,-10.05220502066453,-0.9449758656608901,820.5
DOGEUSDT,1h,momentum,mom_ret,"{""lb"": 5, ""thr"": 0.02}",-4.959631365654308,-4.886971573593651,-0.5200915372621331,189.0
DOGEUSDT,1h,momentum,mom_ret,"{""lb"": 5, ""thr"": 0.05}",-1.4660556673505705,-0.40085173417417225,-0.020093326635940212,20.0
DOGEUSDT,1h,momentum,mom_ret,"{""lb"": 10, ""thr"": 0.0}",-6.5739547626694605,-7.945319046274298,-0.8980661470156314,551.5
DOGEUSDT,1h,momentum,mom_ret,"{""lb"": 10, ""thr"": 0.02}",-4.839523964811377,-7.269717530550581,-0.717818862305958,256.0
DOGEUSDT,1h,momentum,mom_ret,"{""lb"": 10, ""thr"": 0.05}",-3.5703729187925974,-0.5552174115651697,-0.05504185675208295,33.0
DOGEUSDT,1h,momentum,mom_ret,"{""lb"": 20, ""thr"": 0.0}",-3.319144482338372,-5.504398763208782,-0.7981634426536861,417.5
DOGEUSDT,1h,momentum,mom_ret,"{""lb"": 20, ""thr"": 0.02}",-2.2640939067689683,-5.770619379881064,-0.7044334581864111,277.0
DOGEUSDT,1h,momentum,mom_ret,"{""lb"": 20, ""thr"": 0.05}",-2.107667465440388,-3.8604505916982066,-0.37805996997798064,62.0
DOGEUSDT,1h,momentum,mom_ret,"{""lb"": 50, ""thr"": 0.0}",-0.619162092205343,-3.51035094035962,-0.6477884110728543,237.5
DOGEUSDT,1h,momentum,mom_ret,"{""lb"": 50, ""thr"": 0.02}",-1.3320121901060775,-4.568878997044171,-0.6696566991143835,223.0
DOGEUSDT,1h,momentum,mom_ret,"{""lb"": 50, ""thr"": 0.05}",-1.664696787633204,-2.7637013277940725,-0.3922073672166341,101.0
DOGEUSDT,1h,meanrev,rsi,"{""ob"": 65, ""os_"": 20}",-5.42473924916485,-5.863715652734848,-0.5797534452030044,237.0
DOGEUSDT,1h,meanrev,rsi,"{""ob"": 65, ""os_"": 30}",-6.0561744102581,-5.741654094817037,-0.6287173670530973,299.0
DOGEUSDT,1h,meanrev,rsi,"{""ob"": 65, ""os_"": 35}",-5.827829834115175,-6.171573000393858,-0.6884440201134572,348.0
DOGEUSDT,1h,meanrev,rsi,"{""ob"": 70, ""os_"": 20}",-4.929323058867463,-5.46895248990475,-0.5088295179755641,173.0
DOGEUSDT,1h,meanrev,rsi,"{""ob"": 70, ""os_"": 30}",-5.612957400499879,-5.300392356812899,-0.566056954637202,235.0
DOGEUSDT,1h,meanrev,rsi,"{""ob"": 70, ""os_"": 35}",-5.3664832990409455,-5.761765093781379,-0.6358635474703831,284.0
DOGEUSDT,1h,meanrev,rsi,"{""ob"": 80, ""os_"": 20}",-3.2978082440081553,-5.317588774617692,-0.3990850147147855,93.0
DOGEUSDT,1h,meanrev,rsi,"{""ob"": 80, ""os_"": 30}",-4.272718818804021,-4.855924112384757,-0.4690990434847965,155.0
DOGEUSDT,1h,meanrev,rsi,"{""ob"": 80, ""os_"": 35}",-4.053414092906989,-5.339050033013285,-0.5545028477449117,204.0
DOGEUSDT,1h,meanrev,zscore,"{""lb"": 20, ""z"": 1.5}",-6.744755173650364,-9.347141823301898,-0.7834426995559672,361.0
DOGEUSDT,1h,meanrev,zscore,"{""lb"": 20, ""z"": 2.0}",-6.659543937351257,-7.943049827170818,-0.6185353472658925,216.0
DOGEUSDT,1h,meanrev,zscore,"{""lb"": 20, ""z"": 2.5}",-4.31515613126901,-5.273534282381339,-0.3320611061215837,101.0
DOGEUSDT,1h,meanrev,zscore,"{""lb"": 50, ""z"": 1.5}",-4.015024188220111,-4.632770309657641,-0.5663919026400991,241.0
DOGEUSDT,1h,meanrev,zscore,"{""lb"": 50, ""z"": 2.0}",-4.21713357378067,-2.681843525010852,-0.29353032064964635,160.0
DOGEUSDT,1h,meanrev,zscore,"{""lb"": 50, ""z"": 2.5}",-3.926643103760255,-3.3372590917221303,-0.27165634475952927,68.0
DOGEUSDT,1h,meanrev,bb,"{""span"": 20, ""mult"": 1.5}",-6.744755173650364,-9.347141823301898,-0.7834426995559672,361.0
DOGEUSDT,1h,meanrev,bb,"{""span"": 20, ""mult"": 2.0}",-6.659543937351257,-7.943049827170818,-0.6185353472658925,216.0
DOGEUSDT,1h,meanrev,bb,"{""span"": 20, ""mult"": 2.5}",-4.31515613126901,-5.273534282381339,-0.3320611061215837,101.0
DOGEUSDT,1h,meanrev,bb,"{""span"": 50, ""mult"": 1.5}",-4.015024188220111,-4.632770309657641,-0.5663919026400991,241.0
DOGEUSDT,1h,meanrev,bb,"{""span"": 50, ""mult"": 2.0}",-4.21713357378067,-2.681843525010852,-0.29353032064964635,160.0
DOGEUSDT,1h,meanrev,bb,"{""span"": 50, ""mult"": 2.5}",-3.926643103760255,-3.3372590917221303,-0.27165634475952927,68.0
DOGEUSDT,1h,carry,funding,"{""thr"": 5e-05}",0.2517565420309057,0.15038007834457276,-0.012157737718549111,123.5
DOGEUSDT,1h,carry,funding,"{""thr"": 0.0001}",0.3430168337627352,0.8097906799036498,0.04534269192314766,11.0
DOGEUSDT,1h,carry,funding,"{""thr"": 0.0002}",0.0003203100925912492,0.0,0.0,0.0
DOGEUSDT,1h,carry,funding_pct,"{""lb"": 100, ""hi"": 0.8}",-1.9184655880894403,-3.121596437398269,-0.4082976565510269,135.5
DOGEUSDT,1h,carry,funding_pct,"{""lb"": 100, ""hi"": 0.9}",-3.3305209945333125,-2.126129559542752,-0.22739904820381773,103.0
DOGEUSDT,1h,carry,funding_pct,"{""lb"": 100, ""hi"": 0.95}",-2.511238548934338,-2.2621861956600284,-0.16677340563615883,70.0
DOGEUSDT,1h,carry,funding_pct,"{""lb"": 500, ""hi"": 0.8}",-1.4162396687897072,-0.5494584803765786,-0.11059581931478735,98.0
DOGEUSDT,1h,carry,funding_pct,"{""lb"": 500, ""hi"": 0.9}",-1.296463738351263,0.9174416134827852,0.09507230880899487,53.0
DOGEUSDT,1h,carry,funding_pct,"{""lb"": 500, ""hi"": 0.95}",-2.193593037286372,2.289007197703685,0.19867398939083225,33.0
DOGEUSDT,1h,carry,funding_mom,"{""lb"": 24}",-1.1357208638079188,0.35735226398025755,0.014436439514980526,224.5
DOGEUSDT,1h,carry,funding_mom,"{""lb"": 100}",-0.5471228099528428,-3.7009442524688034,-0.6655633678748154,234.5
DOGEUSDT,1h,carry,funding_mom,"{""lb"": 500}",-3.0020183183630036,0.5534643665069283,0.06860053250689302,215.5
DOGEUSDT,1h,carry,funding_price_div,"{""lb"": 24}",-3.53575373709149,-3.5050027168419526,-0.47474118337643645,268.0
DOGEUSDT,1h,carry,funding_price_div,"{""lb"": 100}",-1.0503417989917858,-6.865923838289151,-0.6871792469278503,215.0
DOGEUSDT,1h,carry,funding_price_div,"{""lb"": 500}",-2.653696031106946,-0.30090794918971414,-0.08373350473243035,143.0
DOGEUSDT,1h,ichimoku,cloud,"{""tenkan"": 9, ""kijun"": 26, ""senkou"": 52, ""disp"": 26}",-0.5047732841277655,-5.074013356390446,-0.7522506198897978,235.5
DOGEUSDT,1h,ichimoku,cloud_fast,"{""tenkan"": 7, ""kijun"": 14, ""senkou"": 28, ""disp"": 14}",-2.30654033363798,-6.094302745240208,-0.8077622455091222,303.5
DOGEUSDT,1h,ichimoku,cloud_slow,"{""tenkan"": 12, ""kijun"": 24, ""senkou"": 52, ""disp"": 24}",-0.3228641468482302,-5.515159039898156,-0.778942932442136,245.5
DOGEUSDT,1h,ichimoku,tk,"{""tenkan"": 9, ""kijun"": 26}",-1.8220235045180115,-1.70174262480457,-0.4167341512274483,184.5
DOGEUSDT,1h,ichimoku,combo,"{""tenkan"": 9, ""kijun"": 26, ""senkou"": 52, ""disp"": 26}",-1.1311865718775982,-3.2159275273672745,-0.5535820415909424,192.5
DOTUSDT,1d,trend,ema_cross,"{""fast"": 10, ""slow"": 50}",0.07093037113032491,-0.6140657315720521,-0.7771524485761214,17.5
DOTUSDT,1d,trend,ema_cross,"{""fast"": 10, ""slow"": 100}",0.08431416809795911,-0.31538653054292237,-0.6610172923841477,11.5
DOTUSDT,1d,trend,ema_cross,"{""fast"": 10, ""slow"": 200}",-0.15605025369552944,0.4842366739748287,0.060609111506937596,3.5
DOTUSDT,1d,trend,ema_cross,"{""fast"": 20, ""slow"": 50}",0.1871311611188182,-0.2805850369887477,-0.6435287831079555,9.5
DOTUSDT,1d,trend,ema_cross,"{""fast"": 20, ""slow"": 100}",0.01804115507090959,0.24223723465710542,-0.25618761057010886,5.5
DOTUSDT,1d,trend,ema_cross,"{""fast"": 20, ""slow"": 200}",-0.2875730481942722,0.5400410860393926,0.14568519492349252,1.5
DOTUSDT,1d,trend,ema_cross,"{""fast"": 50, ""slow"": 100}",-0.15186779928332622,-0.09018020547579142,-0.5348429835362155,3.5
DOTUSDT,1d,trend,ema_cross,"{""fast"": 50, ""slow"": 200}",-0.6450876248992,0.4362170535893313,-0.010162719421450861,1.5
DOTUSDT,1d,trend,ema_slope,"{""span"": 20, ""thr"": 0.0}",0.10628744771820356,-0.4776218931996346,-0.7250889959196819,67.5
DOTUSDT,1d,trend,ema_slope,"{""span"": 20, ""thr"": 0.001}",0.11170618358490796,-0.7398239242614532,-0.7960587834822863,70.5
DOTUSDT,1d,trend,ema_slope,"{""span"": 20, ""thr"": 0.005}",-0.02414710490223192,-0.9085561676070946,-0.759907162571971,63.0
DOTUSDT,1d,trend,ema_slope,"{""span"": 50, ""thr"": 0.0}",-0.0893424075361715,-0.5627375845375371,-0.7564570538715145,45.5
DOTUSDT,1d,trend,ema_slope,"{""span"": 50, ""thr"": 0.001}",0.4202897351795248,-0.7148593488020244,-0.7709419737910028,47.5
DOTUSDT,1d,trend,ema_slope,"{""span"": 50, ""thr"": 0.005}",0.016192006798517473,-0.4037481123457333,-0.5397397974375893,30.0
DOTUSDT,1d,trend,ema_slope,"{""span"": 100, ""thr"": 0.0}",-0.07381311270638813,-0.3500527450228315,-0.6769498011561205,25.5
DOTUSDT,1d,trend,ema_slope,"{""span"": 100, ""thr"": 0.001}",-0.054108292148928955,-0.0861182702326984,-0.473333130274987,29.5
DOTUSDT,1d,trend,ema_slope,"{""span"": 100, ""thr"": 0.005}",0.27817222834952854,-1.0665006716356304,-0.6991331399830629,20.0
DOTUSDT,1d,trend,price_ema,"{""span"": 20, ""thr"": 0.0}",0.10628744771820356,-0.4776218931996346,-0.7250889959196819,67.5
DOTUSDT,1d,trend,price_ema,"{""span"": 20, ""thr"": 0.02}",-0.06360050014342648,-1.217085601079887,-0.8742634327511215,80.5
DOTUSDT,1d,trend,price_ema,"{""span"": 20, ""thr"": 0.05}",-0.04943073554135564,-1.0014913282962097,-0.781235480179509,62.0
DOTUSDT,1d,trend,price_ema,"{""span"": 50, ""thr"": 0.0}",-0.0893424075361715,-0.5627375845375371,-0.7564570538715145,45.5
DOTUSDT,1d,trend,price_ema,"{""span"": 50, ""thr"": 0.02}",0.25032204734888275,-0.7177635036331012,-0.7767684121352323,52.5
DOTUSDT,1d,trend,price_ema,"{""span"": 50, ""thr"": 0.05}",0.07232691368343962,-0.4954468134777865,-0.6558985959800991,45.5
DOTUSDT,1d,trend,price_ema,"{""span"": 100, ""thr"": 0.0}",-0.07381311270638813,-0.3500527450228315,-0.6769498011561205,25.5
DOTUSDT,1d,trend,price_ema,"{""span"": 100, ""thr"": 0.02}",0.06483353216524985,-0.1982986850210323,-0.5666869085395523,28.5
DOTUSDT,1d,trend,price_ema,"{""span"": 100, ""thr"": 0.05}",-0.057716023395931085,-0.0861182702326984,-0.473333130274987,29.5
DOTUSDT,1d,trend,donchian,"{""lb"": 10}",-0.5849968348712269,-1.0573177432326148,-0.6930436431588805,104.0
DOTUSDT,1d,trend,donchian,"{""lb"": 20}",-0.23635134282191722,-0.5077367219579632,-0.4492036403415386,69.0
DOTUSDT,1d,trend,donchian,"{""lb"": 55}",-0.24947086412422648,-0.39503864152100693,-0.33925736732724476,34.0
DOTUSDT,1d,momentum,mom_ret,"{""lb"": 5, ""thr"": 0.0}",0.002272232127769236,-0.9294016342404395,-0.854146967967057,123.5
DOTUSDT,1d,momentum,mom_ret,"{""lb"": 5, ""thr"": 0.02}",-0.24365528045891152,-1.0545109968019142,-0.8615449934747478,116.5
DOTUSDT,1d,momentum,mom_ret,"{""lb"": 5, ""thr"": 0.05}",-0.015007736092800457,-1.0002477881482814,-0.7366302171614036,95.0
DOTUSDT,1d,momentum,mom_ret,"{""lb"": 10, ""thr"": 0.0}",-0.6454061114476289,-1.8688475127756383,-0.961284492147577,97.5
DOTUSDT,1d,momentum,mom_ret,"{""lb"": 10, ""thr"": 0.02}",-0.5847253811376154,-2.035673763715562,-0.9631203711375212,88.5
DOTUSDT,1d,momentum,mom_ret,"{""lb"": 10, ""thr"": 0.05}",-0.4622007403168469,-1.2076599819762226,-0.8407128017246199,77.5
DOTUSDT,1d,momentum,mom_ret,"{""lb"": 20, ""thr"": 0.0}",-0.06782759205309181,-0.3696486213435213,-0.6806828396477842,53.5
DOTUSDT,1d,momentum,mom_ret,"{""lb"": 20, ""thr"": 0.02}",-0.24897549846618502,-0.13432171241092608,-0.5422752635491134,49.0
DOTUSDT,1d,momentum,mom_ret,"{""lb"": 20, ""thr"": 0.05}",0.1378585242090692,-0.0392201012795722,-0.45272968775011424,53.0
DOTUSDT,1d,momentum,mom_ret,"{""lb"": 50, ""thr"": 0.0}",-0.3026422716006358,-0.4356414790831451,-0.7128502133752621,29.5
DOTUSDT,1d,momentum,mom_ret,"{""lb"": 50, ""thr"": 0.02}",-0.4300007657803124,-0.4033680678376208,-0.6932541525710132,26.5
DOTUSDT,1d,momentum,mom_ret,"{""lb"": 50, ""thr"": 0.05}",-0.24805888876706028,-0.3015036984032703,-0.6076831789486733,32.5
DOTUSDT,1d,meanrev,rsi,"{""ob"": 65, ""os_"": 20}",-0.8710191055676187,0.01254340295139904,-0.08993552471089072,24.0
DOTUSDT,1d,meanrev,rsi,"{""ob"": 65, ""os_"": 30}",-0.7629682303553041,0.26546713593134497,0.032272218836002065,36.0
DOTUSDT,1d,meanrev,rsi,"{""ob"": 65, ""os_"": 35}",-0.7616121030313164,-0.022545366665080276,-0.19884497063641993,49.0
DOTUSDT,1d,meanrev,rsi,"{""ob"": 70, ""os_"": 20}",-0.8744200555328501,0.3760165365655258,0.11287309281426827,24.0
DOTUSDT,1d,meanrev,rsi,"{""ob"": 70, ""os_"": 30}",-0.7374790375397404,0.559572271656358,0.2623149326176273,36.0
DOTUSDT,1d,meanrev,rsi,"{""ob"": 70, ""os_"": 35}",-0.7310585398223142,0.19667334779246162,-0.02030691279503627,49.0
DOTUSDT,1d,meanrev,rsi,"{""ob"": 80, ""os_"": 20}",-0.030803927145952006,-0.4856593721228816,-0.21600141928868233,13.0
DOTUSDT,1d,meanrev,rsi,"{""ob"": 80, ""os_"": 30}",0.019248897186864834,-0.010464375820675628,-0.11072239775313752,25.0
DOTUSDT,1d,meanrev,rsi,"{""ob"": 80, ""os_"": 35}",-0.06181914338939703,-0.31276198510878683,-0.30982427838286397,38.0
DOTUSDT,1d,meanrev,zscore,"{""lb"": 20, ""z"": 1.5}",-0.3435122985200094,-0.17205505049091166,-0.2865371145093881,48.0
DOTUSDT,1d,meanrev,zscore,"{""lb"": 20, ""z"": 2.0}",-0.4270101590724456,0.30506657647089813,0.07756021292048598,31.0
DOTUSDT,1d,meanrev,zscore,"{""lb"": 20, ""z"": 2.5}",-0.12030286293931146,0.7581682860361991,0.1615907237538774,11.0
DOTUSDT,1d,meanrev,zscore,"{""lb"": 50, ""z"": 1.5}",-0.7160773665467409,0.25804994116909075,0.032120429003451356,29.0
DOTUSDT,1d,meanrev,zscore,"{""lb"": 50, ""z"": 2.0}",-0.667946987015325,-0.2543422070545569,-0.18229027969982048,14.0
DOTUSDT,1d,meanrev,zscore,"{""lb"": 50, ""z"": 2.5}",0.279153794697623,1.1287995617659492,0.3010343092273082,9.0
DOTUSDT,1d,meanrev,bb,"{""span"": 20, ""mult"": 1.5}",-0.3435122985200094,-0.17205505049091166,-0.2865371145093881,48.0
DOTUSDT,1d,meanrev,bb,"{""span"": 20, ""mult"": 2.0}",-0.4270101590724456,0.30506657647089813,0.07756021292048598,31.0
DOTUSDT,1d,meanrev,bb,"{""span"": 20, ""mult"": 2.5}",-0.12030286293931146,0.7581682860361991,0.1615907237538774,11.0
DOTUSDT,1d,meanrev,bb,"{""span"": 50, ""mult"": 1.5}",-0.7160773665467409,0.25804994116909075,0.032120429003451356,29.0
DOTUSDT,1d,meanrev,bb,"{""span"": 50, ""mult"": 2.0}",-0.667946987015325,-0.2543422070545569,-0.18229027969982048,14.0
DOTUSDT,1d,meanrev,bb,"{""span"": 50, ""mult"": 2.5}",0.279153794697623,1.1287995617659492,0.3010343092273082,9.0
DOTUSDT,1d,carry,funding,"{""thr"": 5e-05}",-0.7889695763844828,0.6584805246724338,0.4489307506472162,182.5
DOTUSDT,1d,carry,funding,"{""thr"": 0.0001}",-0.9290229749360513,0.4418019672194395,0.1923798227183211,63.5
DOTUSDT,1d,carry,funding,"{""thr"": 0.0002}",-0.18572795716313611,1.0094594532188501,0.721971434644417,29.0
DOTUSDT,1d,carry,funding,"{""thr"": 0.0005}",-0.4823692620466029,0.6304537234967088,0.12767470938980363,6.0
DOTUSDT,1d,carry,funding_pct,"{""lb"": 100, ""hi"": 0.8}",-0.7645887763406584,0.17146505727175973,-0.0873746379395044,97.5
DOTUSDT,1d,carry,funding_pct,"{""lb"": 100, ""hi"": 0.9}",-1.0135071505075797,0.14231491973849925,-0.009922128789176199,52.0
DOTUSDT,1d,carry,funding_pct,"{""lb"": 100, ""hi"": 0.95}",-0.8477149338709411,0.15235078434979848,0.006962258279004985,30.0
DOTUSDT,1d,carry,funding_pct,"{""lb"": 500, ""hi"": 0.8}",-0.9652295603619022,-0.4230657234326745,-0.4702693517903386,93.5
DOTUSDT,1d,carry,funding_pct,"{""lb"": 500, ""hi"": 0.9}",-0.8124099707547605,0.5290222482623074,0.27833072951230564,60.0
DOTUSDT,1d,carry,funding_pct,"{""lb"": 500, ""hi"": 0.95}",-0.7434642998515113,1.0971386962353005,0.8351732096230262,39.0
DOTUSDT,1d,carry,funding_mom,"{""lb"": 24}",-1.4477555439159289,-0.792987891246252,-0.7747128116223221,222.5
DOTUSDT,1d,carry,funding_mom,"{""lb"": 100}",-1.1868812463619582,0.29572817923911177,-0.10521567317507974,174.5
DOTUSDT,1d,carry,funding_mom,"{""lb"": 500}",-0.7103359652188158,-0.4189823103041898,-0.6459643645726489,144.5
DOTUSDT,1d,carry,funding_price_div,"{""lb"": 24}",-0.9330255752668998,-1.4975392969956784,-0.726121575882565,106.0
DOTUSDT,1d,carry,funding_price_div,"{""lb"": 100}",-0.6187007847175385,-0.1270882230983975,-0.1834439877608247,86.0
DOTUSDT,1d,carry,funding_price_div,"{""lb"": 500}",-0.928083401642697,-0.7909007159376582,-0.36502676919927446,52.5
DOTUSDT,1d,ichimoku,cloud,"{""tenkan"": 9, ""kijun"": 26, ""senkou"": 52, ""disp"": 26}",0.4004830375071853,-0.5370738239133019,-0.7039042588535975,34.5
DOTUSDT,1d,ichimoku,cloud_fast,"{""tenkan"": 7, ""kijun"": 14, ""senkou"": 28, ""disp"": 14}",0.42460791418328403,-0.9140393620850203,-0.8244429887264187,47.5
DOTUSDT,1d,ichimoku,cloud_slow,"{""tenkan"": 12, ""kijun"": 24, ""senkou"": 52, ""disp"": 24}",0.46363841006316553,-0.5087027839990887,-0.694286956842076,33.5
DOTUSDT,1d,ichimoku,tk,"{""tenkan"": 9, ""kijun"": 26}",0.49204841773065777,-0.6484272161870982,-0.7825567416692291,28.5
DOTUSDT,1d,ichimoku,combo,"{""tenkan"": 9, ""kijun"": 26, ""senkou"": 52, ""disp"": 26}",0.3768511438248159,-0.42666451742205297,-0.6106298841794013,25.5
DOTUSDT,4h,trend,ema_cross,"{""fast"": 10, ""slow"": 50}",-0.5650411651159171,-3.193137274280717,-0.665960285669042,26.5
DOTUSDT,4h,trend,ema_cross,"{""fast"": 10, ""slow"": 100}",0.5181139222926413,-1.746267071873819,-0.4785569792710175,16.5
DOTUSDT,4h,trend,ema_cross,"{""fast"": 10, ""slow"": 200}",0.5018993776934308,-1.296262748774134,-0.4010059815387408,14.5
DOTUSDT,4h,trend,ema_cross,"{""fast"": 20, ""slow"": 50}",0.3524892608024677,-3.5425907157061265,-0.7011002325782943,26.5
DOTUSDT,4h,trend,ema_cross,"{""fast"": 20, ""slow"": 100}",0.9392943109495075,-1.1781864484163027,-0.3783144502145912,10.5
DOTUSDT,4h,trend,ema_cross,"{""fast"": 20, ""slow"": 200}",-0.8362931100613457,-1.1363689844327478,-0.37023257360680684,8.5
DOTUSDT,4h,trend,ema_cross,"{""fast"": 50, ""slow"": 100}",-1.1728318823286266,-0.988181046491856,-0.3406628943633615,6.5
DOTUSDT,4h,trend,ema_cross,"{""fast"": 50, ""slow"": 200}",-1.3570218280450372,-1.1385366223809794,-0.3709012701373179,6.5
DOTUSDT,4h,trend,ema_slope,"{""span"": 20, ""thr"": 0.0}",-0.39239777810039506,-3.6806024263862995,-0.7132630227744166,151.5
DOTUSDT,4h,trend,ema_slope,"{""span"": 20, ""thr"": 0.001}",-0.8284109779039954,-3.382375614886732,-0.6225579479223486,125.5
DOTUSDT,4h,trend,ema_slope,"{""span"": 20, ""thr"": 0.005}",-2.5714034957595873,-1.0693440375750056,-0.15425627777849849,30.0
DOTUSDT,4h,trend,ema_slope,"{""span"": 50, ""thr"": 0.0}",0.8584111447503493,-3.7964262701319424,-0.7241952515166576,103.5
DOTUSDT,4h,trend,ema_slope,"{""span"": 50, ""thr"": 0.001}",0.8510043021878372,-2.89729429047776,-0.5419003026936962,76.0
DOTUSDT,4h,trend,ema_slope,"{""span"": 50, ""thr"": 0.005}",-2.3753166948075526,0.09495409843880458,0.0006578329793938131,3.0
DOTUSDT,4h,trend,ema_slope,"{""span"": 100, ""thr"": 0.0}",0.5209022824239571,-1.3852565725989896,-0.41588329140375313,57.5
DOTUSDT,4h,trend,ema_slope,"{""span"": 100, ""thr"": 0.001}",-0.18626576038055476,-3.8520805188951037,-0.5997052444016733,55.0
DOTUSDT,4h,trend,ema_slope,"{""span"": 100, ""thr"": 0.005}",-1.7915830325809097,0.0,0.0,0.0
DOTUSDT,4h,trend,price_ema,"{""span"": 20, ""thr"": 0.0}",-0.39239777810039506,-3.6806024263862995,-0.7132630227744166,151.5
DOTUSDT,4h,trend,price_ema,"{""span"": 20, ""thr"": 0.02}",0.2534090657517823,-3.2279786587160975,-0.5289331539359972,102.5
DOTUSDT,4h,trend,price_ema,"{""span"": 20, ""thr"": 0.05}",-2.5809884504365836,-0.40142626435889917,-0.0709061479519224,22.0
DOTUSDT,4h,trend,price_ema,"{""span"": 50, ""thr"": 0.0}",0.8584111447503493,-3.7964262701319424,-0.7241952515166576,103.5
DOTUSDT,4h,trend,price_ema,"{""span"": 50, ""thr"": 0.02}",0.9760205738792399,-3.4586782093507167,-0.620621625193742,81.0
DOTUSDT,4h,trend,price_ema,"{""span"": 50, ""thr"": 0.05}",-0.4974808930722053,-1.5732110834415238,-0.274630751184446,45.0
DOTUSDT,4h,trend,price_ema,"{""span"": 100, ""thr"": 0.0}",0.5209022824239571,-1.3852565725989896,-0.41588329140375313,57.5
DOTUSDT,4h,trend,price_ema,"{""span"": 100, ""thr"": 0.02}",0.29708464403948076,-1.9417837264835591,-0.4633820842879003,49.0
DOTUSDT,4h,trend,price_ema,"{""span"": 100, ""thr"": 0.05}",-0.21683933977634706,-3.835487981921617,-0.5979769520486563,55.0
DOTUSDT,4h,trend,donchian,"{""lb"": 10}",-1.2057051356967812,-5.6329032392088445,-0.6602647101226403,170.0
DOTUSDT,4h,trend,donchian,"{""lb"": 20}",0.302619432786316,-4.328171774546782,-0.4894213658061418,114.0
DOTUSDT,4h,trend,donchian,"{""lb"": 55}",-0.49799291257585476,-4.304296956570701,-0.39189087908100395,63.0
DOTUSDT,4h,momentum,mom_ret,"{""lb"": 5, ""thr"": 0.0}",-2.6440720114537455,-4.541229173399897,-0.7809046015453731,227.5
DOTUSDT,4h,momentum,mom_ret,"{""lb"": 5, ""thr"": 0.02}",-1.9755103316074878,-3.9210255765570587,-0.6089209527378353,147.5
DOTUSDT,4h,momentum,mom_ret,"{""lb"": 5, ""thr"": 0.05}",-1.4893353993808907,-3.495506568140796,-0.40758877206793753,47.0
DOTUSDT,4h,momentum,mom_ret,"{""lb"": 10, ""thr"": 0.0}",-0.7165725471732337,-3.5982943011987993,-0.7079888498669862,156.5
DOTUSDT,4h,momentum,mom_ret,"{""lb"": 10, ""thr"": 0.02}",-0.8325222001001656,-2.543391185856798,-0.5054049080170979,131.5
DOTUSDT,4h,momentum,mom_ret,"{""lb"": 10, ""thr"": 0.05}",-0.6878212615375621,-3.1382798097052764,-0.42681881126009413,64.0
DOTUSDT,4h,momentum,mom_ret,"{""lb"": 20, ""thr"": 0.0}",-0.4486255273002588,-3.042336500468675,-0.6517973776640715,98.5
DOTUSDT,4h,momentum,mom_ret,"{""lb"": 20, ""thr"": 0.02}",-0.35524783167816004,-3.109176811253245,-0.6016973722584402,103.0
DOTUSDT,4h,momentum,mom_ret,"{""lb"": 20, ""thr"": 0.05}",-0.665430785427723,-2.549830320433503,-0.43774209272763653,73.0
DOTUSDT,4h,momentum,mom_ret,"{""lb"": 50, ""thr"": 0.0}",0.9680063649254959,-1.9420104695619544,-0.5077998915289995,65.5
DOTUSDT,4h,momentum,mom_ret,"{""lb"": 50, ""thr"": 0.02}",0.777295373780349,-3.4732046912410945,-0.6521003266448724,84.5
DOTUSDT,4h,momentum,mom_ret,"{""lb"": 50, ""thr"": 0.05}",1.0088313055711662,-0.5640200553058274,-0.17617763677296316,53.0
DOTUSDT,4h,meanrev,rsi,"{""ob"": 65, ""os_"": 20}",-0.23861857041089668,-0.46829739067253,-0.08927141181105347,50.0
DOTUSDT,4h,meanrev,rsi,"{""ob"": 65, ""os_"": 30}",-0.3156812099960864,-0.5443080867131629,-0.12139299093538336,72.0
DOTUSDT,4h,meanrev,rsi,"{""ob"": 65, ""os_"": 35}",-0.7488729234350614,-0.9647415001866652,-0.20741165016015173,102.0
DOTUSDT,4h,meanrev,rsi,"{""ob"": 70, ""os_"": 20}",-0.31043355327865085,-0.34411603187318834,-0.06319771765060289,33.0
DOTUSDT,4h,meanrev,rsi,"{""ob"": 70, ""os_"": 30}",-0.3679322855050353,-0.44155684704978215,-0.09623892117335409,55.0
DOTUSDT,4h,meanrev,rsi,"{""ob"": 70, ""os_"": 35}",-0.8227584540987801,-0.8957944862306952,-0.1847202506621355,85.0
DOTUSDT,4h,meanrev,rsi,"{""ob"": 80, ""os_"": 20}",-0.16002673887917612,0.9932161463926381,0.07663011863687363,20.0
DOTUSDT,4h,meanrev,rsi,"{""ob"": 80, ""os_"": 30}",-0.261004195451587,0.4470452298760691,0.03865715941287329,42.0
DOTUSDT,4h,meanrev,rsi,"{""ob"": 80, ""os_"": 35}",-0.7959281747645002,-0.24959090697463274,-0.06303096203976666,72.0
DOTUSDT,4h,meanrev,zscore,"{""lb"": 20, ""z"": 1.5}",-3.1056627689754004,-1.4421919522044646,-0.2416880550316085,91.5
DOTUSDT,4h,meanrev,zscore,"{""lb"": 20, ""z"": 2.0}",-3.3736975642760925,-2.127140516504919,-0.2628652313542218,68.0
DOTUSDT,4h,meanrev,zscore,"{""lb"": 20, ""z"": 2.5}",-1.7167342145989024,-1.1213463862678317,-0.10819489099454538,22.0
DOTUSDT,4h,meanrev,zscore,"{""lb"": 50, ""z"": 1.5}",-1.1426858004218838,-0.8299348866993046,-0.16911184385134548,68.0
DOTUSDT,4h,meanrev,zscore,"{""lb"": 50, ""z"": 2.0}",-1.3769101436913012,0.4684722302790504,0.04048741618494556,38.0
DOTUSDT,4h,meanrev,zscore,"{""lb"": 50, ""z"": 2.5}",-0.20734777564371812,-0.24349501531491122,-0.028163249990397543,15.0
DOTUSDT,4h,meanrev,bb,"{""span"": 20, ""mult"": 1.5}",-3.1056627689754004,-1.4421919522044646,-0.2416880550316085,91.5
DOTUSDT,4h,meanrev,bb,"{""span"": 20, ""mult"": 2.0}",-3.3736975642760925,-2.127140516504919,-0.2628652313542218,68.0
DOTUSDT,4h,meanrev,bb,"{""span"": 20, ""mult"": 2.5}",-1.7167342145989024,-1.1213463862678317,-0.10819489099454538,22.0
DOTUSDT,4h,meanrev,bb,"{""span"": 50, ""mult"": 1.5}",-1.1426858004218838,-0.8299348866993046,-0.16911184385134548,68.0
DOTUSDT,4h,meanrev,bb,"{""span"": 50, ""mult"": 2.0}",-1.3769101436913012,0.4684722302790504,0.04048741618494556,38.0
DOTUSDT,4h,meanrev,bb,"{""span"": 50, ""mult"": 2.5}",-0.20734777564371812,-0.24349501531491122,-0.028163249990397543,15.0
DOTUSDT,4h,carry,funding,"{""thr"": 5e-05}",-1.161748503363823,1.1337867836406872,0.24750894057731387,148.5
DOTUSDT,4h,carry,funding,"{""thr"": 0.0001}",0.11957304439289729,0.8166863245893887,0.11405047318294192,53.0
DOTUSDT,4h,carry,funding,"{""thr"": 0.0002}",0.19073943567062018,1.616585538518312,0.22530002734210064,32.0
DOTUSDT,4h,carry,funding,"{""thr"": 0.0005}",1.2161825682257184,1.7889566833423565,0.14910677445253206,9.0
DOTUSDT,4h,carry,funding_pct,"{""lb"": 100, ""hi"": 0.8}",0.1646932277071277,0.23512565279918596,0.004442932978771852,84.0
DOTUSDT,4h,carry,funding_pct,"{""lb"": 100, ""hi"": 0.9}",0.36162663729745265,0.647335048273457,0.058643325274130076,39.0
DOTUSDT,4h,carry,funding_pct,"{""lb"": 100, ""hi"": 0.95}",-1.3188136093654417,-0.7146719881367566,-0.05753754166507263,26.0
DOTUSDT,4h,carry,funding_pct,"{""lb"": 500, ""hi"": 0.8}",-0.7565575166228559,0.23169489179977693,0.008629924642155506,63.0
DOTUSDT,4h,carry,funding_pct,"{""lb"": 500, ""hi"": 0.9}",0.4432109389773442,1.3073558056418293,0.15257225175799016,26.0
DOTUSDT,4h,carry,funding_pct,"{""lb"": 500, ""hi"": 0.95}",0.24704862365404356,0.7063852328743461,0.053509095666264495,20.0
DOTUSDT,4h,carry,funding_mom,"{""lb"": 24}",-2.8477978826560184,1.8054311171742978,0.5607914457202985,156.5
DOTUSDT,4h,carry,funding_mom,"{""lb"": 100}",-1.6339221836048337,0.1906810354853733,-0.04681058899949975,151.5
DOTUSDT,4h,carry,funding_mom,"{""lb"": 500}",-1.270142174560372,2.3103721651753784,0.8238856157746182,151.5
DOTUSDT,4h,carry,funding_price_div,"{""lb"": 24}",-1.9601895513207865,-1.5014006072696677,-0.25233041846316806,110.5
DOTUSDT,4h,carry,funding_price_div,"{""lb"": 100}",-1.9023941499359986,-0.17622124335256012,-0.06616905404401008,93.5
DOTUSDT,4h,carry,funding_price_div,"{""lb"": 500}",0.3692403343623628,1.8652016997231187,0.39881501011674936,80.5
DOTUSDT,4h,ichimoku,cloud,"{""tenkan"": 9, ""kijun"": 26, ""senkou"": 52, ""disp"": 26}",0.43264980585820384,-2.612417270133789,-0.5783021729761402,56.0
DOTUSDT,4h,ichimoku,cloud_fast,"{""tenkan"": 7, ""kijun"": 14, ""senkou"": 28, ""disp"": 14}",-0.12079396417321485,-3.076424428266727,-0.6291324882004278,77.5
DOTUSDT,4h,ichimoku,cloud_slow,"{""tenkan"": 12, ""kijun"": 24, ""senkou"": 52, ""disp"": 24}",0.8602911464609476,-2.040882935587211,-0.5026816855683525,50.0
DOTUSDT,4h,ichimoku,tk,"{""tenkan"": 9, ""kijun"": 26}",0.27513921970979927,-1.4922014252123492,-0.42022565773065323,48.0
DOTUSDT,4h,ichimoku,combo,"{""tenkan"": 9, ""kijun"": 26, ""senkou"": 52, ""disp"": 26}",0.441753333132018,-1.9436831129475605,-0.42821611325807984,47.0
DOTUSDT,1h,trend,ema_cross,"{""fast"": 10, ""slow"": 50}",-0.5628405317092118,-2.11444354582762,-0.5441931033940063,109.5
DOTUSDT,1h,trend,ema_cross,"{""fast"": 10, ""slow"": 100}",-0.2549294112249971,-3.1690689747351755,-0.6725071511109715,91.5
DOTUSDT,1h,trend,ema_cross,"{""fast"": 10, ""slow"": 200}",-0.31074501665508014,-3.298302313485863,-0.6861283753971268,63.5
DOTUSDT,1h,trend,ema_cross,"{""fast"": 20, ""slow"": 50}",-0.4651817454342702,-3.059796402323433,-0.6610354291862827,89.5
DOTUSDT,1h,trend,ema_cross,"{""fast"": 20, ""slow"": 100}",-0.3174630883466855,-3.2047005567337394,-0.6766765158757624,63.5
DOTUSDT,1h,trend,ema_cross,"{""fast"": 20, ""slow"": 200}",-0.2525634927028522,-2.357433264035999,-0.5763736277773004,43.5
DOTUSDT,1h,trend,ema_cross,"{""fast"": 50, ""slow"": 100}",-0.5161890551052863,-3.7270253110397245,-0.7251137332312438,43.5
DOTUSDT,1h,trend,ema_cross,"{""fast"": 50, ""slow"": 200}",-0.35386612756386876,-3.4816517311078417,-0.7034221925148377,32.5
DOTUSDT,1h,trend,ema_slope,"{""span"": 20, ""thr"": 0.0}",-4.984636493601681,-8.942633717159891,-0.9502538140261754,550.5
DOTUSDT,1h,trend,ema_slope,"{""span"": 20, ""thr"": 0.001}",-5.29855739786919,-7.612736400498486,-0.8457382533748151,389.0
DOTUSDT,1h,trend,ema_slope,"{""span"": 20, ""thr"": 0.005}",-1.2138922529989074,-1.4331811177841127,-0.12842472210425748,20.0
DOTUSDT,1h,trend,ema_slope,"{""span"": 50, ""thr"": 0.0}",-2.6259115706538005,-5.804382323743519,-0.8619065016264047,347.5
DOTUSDT,1h,trend,ema_slope,"{""span"": 50, ""thr"": 0.001}",-2.205072450116709,-4.615470447726032,-0.616216790458065,168.0
DOTUSDT,1h,trend,ema_slope,"{""span"": 50, ""thr"": 0.005}",-1.7154439707193243,1.9682392576118977,0.11779249989638463,1.0
DOTUSDT,1h,trend,ema_slope,"{""span"": 100, ""thr"": 0.0}",-0.7756946550983957,-4.712771020350751,-0.8016637288091564,249.5
DOTUSDT,1h,trend,ema_slope,"{""span"": 100, ""thr"": 0.001}",-3.0954470793090283,-2.6176013610849735,-0.3678379616411206,67.0
DOTUSDT,1h,trend,ema_slope,"{""span"": 100, ""thr"": 0.005}",-1.2939908886880245,-0.2838783447298143,-0.01111975867974535,1.0
DOTUSDT,1h,trend,price_ema,"{""span"": 20, ""thr"": 0.0}",-4.984636493601681,-8.942633717159891,-0.9502538140261754,550.5
DOTUSDT,1h,trend,price_ema,"{""span"": 20, ""thr"": 0.02}",-3.1037037773779588,-4.595636173449802,-0.562025326865788,161.0
DOTUSDT,1h,trend,price_ema,"{""span"": 20, ""thr"": 0.05}",-0.7888310468840934,-1.2776111743727157,-0.11442036600760175,18.0
DOTUSDT,1h,trend,price_ema,"{""span"": 50, ""thr"": 0.0}",-2.6259115706538005,-5.804382323743519,-0.8619065016264047,347.5
DOTUSDT,1h,trend,price_ema,"{""span"": 50, ""thr"": 0.02}",-2.790517147141595,-5.694601533411125,-0.7274120416813591,223.5
DOTUSDT,1h,trend,price_ema,"{""span"": 50, ""thr"": 0.05}",-1.6022721903668022,-1.6490349625469727,-0.20982957179659312,41.0
DOTUSDT,1h,trend,price_ema,"{""span"": 100, ""thr"": 0.0}",-0.7756946550983957,-4.712771020350751,-0.8016637288091564,249.5
DOTUSDT,1h,trend,price_ema,"{""span"": 100, ""thr"": 0.02}",-1.2359373002552536,-4.467626045146095,-0.6902152856305576,198.5
DOTUSDT,1h,trend,price_ema,"{""span"": 100, ""thr"": 0.05}",-3.284325242044354,-2.2314533325796964,-0.325582315265435,61.0
DOTUSDT,1h,trend,donchian,"{""lb"": 10}",-8.698112107712724,-13.949164440554519,-0.9287560087212829,641.0
DOTUSDT,1h,trend,donchian,"{""lb"": 20}",-6.801088863643989,-10.828016814004805,-0.8327752510002429,431.0
DOTUSDT,1h,trend,donchian,"{""lb"": 55}",-3.8937190777638127,-8.142811332328618,-0.6711879656313726,242.0
DOTUSDT,1h,momentum,mom_ret,"{""lb"": 5, ""thr"": 0.0}",-8.582866124418395,-10.027979828289741,-0.9638154813364819,814.5
DOTUSDT,1h,momentum,mom_ret,"{""lb"": 5, ""thr"": 0.02}",-4.566767707315909,-8.227305293874315,-0.7871987754127836,287.0
DOTUSDT,1h,momentum,mom_ret,"{""lb"": 5, ""thr"": 0.05}",-0.13745561373481607,-0.807514835066501,-0.08472030456510526,25.0
DOTUSDT,1h,momentum,mom_ret,"{""lb"": 10, ""thr"": 0.0}",-6.751607860423933,-6.477740122193858,-0.8859303121149774,535.5
DOTUSDT,1h,momentum,mom_ret,"{""lb"": 10, ""thr"": 0.02}",-5.778651370638753,-6.814093349839237,-0.7841781098987148,317.0
DOTUSDT,1h,momentum,mom_ret,"{""lb"": 10, ""thr"": 0.05}",-1.659381526102864,-1.6207244304412083,-0.1789234419097241,51.0
DOTUSDT,1h,momentum,mom_ret,"{""lb"": 20, ""thr"": 0.0}",-3.7999912628037884,-8.18667829706198,-0.9331773581775382,446.5
DOTUSDT,1h,momentum,mom_ret,"{""lb"": 20, ""thr"": 0.02}",-5.019847597071672,-6.552878753079812,-0.804902006421325,300.5
DOTUSDT,1h,momentum,mom_ret,"{""lb"": 20, ""thr"": 0.05}",-2.848582403045154,-3.735060401694322,-0.4311577570829458,95.0
DOTUSDT,1h,momentum,mom_ret,"{""lb"": 50, ""thr"": 0.0}",-1.9138388957818195,-2.4801453136795537,-0.5937905507762349,284.5
DOTUSDT,1h,momentum,mom_ret,"{""lb"": 50, ""thr"": 0.02}",-1.4358509984180674,-1.6922660922423927,-0.41170373770363056,228.5
DOTUSDT,1h,momentum,mom_ret,"{""lb"": 50, ""thr"": 0.05}",-1.8975728580783253,-4.736669346937232,-0.6239444398239204,144.0
DOTUSDT,1h,meanrev,rsi,"{""ob"": 65, ""os_"": 20}",-5.447806334081656,-5.929343868209336,-0.6100147446525718,195.5
DOTUSDT,1h,meanrev,rsi,"{""ob"": 65, ""os_"": 30}",-4.51291384599256,-6.117007167797964,-0.6724477017223327,282.5
DOTUSDT,1h,meanrev,rsi,"{""ob"": 65, ""os_"": 35}",-4.561557603295683,-5.819985956923818,-0.708994419562655,306.5
DOTUSDT,1h,meanrev,rsi,"{""ob"": 70, ""os_"": 20}",-4.911962925340553,-6.05084957990053,-0.5825220554899344,148.0
DOTUSDT,1h,meanrev,rsi,"{""ob"": 70, ""os_"": 30}",-3.9618104831951015,-6.166878812850977,-0.6493563325036857,235.0
DOTUSDT,1h,meanrev,rsi,"{""ob"": 70, ""os_"": 35}",-4.048570002562326,-5.795020333731674,-0.6884769345812066,259.0
DOTUSDT,1h,meanrev,rsi,"{""ob"": 80, ""os_"": 20}",-2.8289866363997933,-4.3833304347667985,-0.3711864465649858,96.0
DOTUSDT,1h,meanrev,rsi,"{""ob"": 80, ""os_"": 30}",-2.2611328445963084,-4.597849162080876,-0.47185355909855364,183.0
DOTUSDT,1h,meanrev,rsi,"{""ob"": 80, ""os_"": 35}",-2.5285686880555085,-4.293877041623466,-0.5307777852244429,207.0
DOTUSDT,1h,meanrev,zscore,"{""lb"": 20, ""z"": 1.5}",-5.932650126607336,-7.503952217283724,-0.7508164880020506,398.0
DOTUSDT,1h,meanrev,zscore,"{""lb"": 20, ""z"": 2.0}",-5.35401444473631,-6.944680747986078,-0.5975096807262793,202.0
DOTUSDT,1h,meanrev,zscore,"{""lb"": 20, ""z"": 2.5}",-4.701862002437002,-6.260268198656933,-0.41144396497728686,84.0
DOTUSDT,1h,meanrev,zscore,"{""lb"": 50, ""z"": 1.5}",-4.142349857016082,-5.199806581902029,-0.6443809670128832,227.0
DOTUSDT,1h,meanrev,zscore,"{""lb"": 50, ""z"": 2.0}",-3.443276268427379,-4.2064705715205495,-0.45683880501541263,163.0
DOTUSDT,1h,meanrev,zscore,"{""lb"": 50, ""z"": 2.5}",-3.258922056344004,-3.850615912623578,-0.34054292792831564,78.0
DOTUSDT,1h,meanrev,bb,"{""span"": 20, ""mult"": 1.5}",-5.932650126607336,-7.503952217283724,-0.7508164880020506,398.0
DOTUSDT,1h,meanrev,bb,"{""span"": 20, ""mult"": 2.0}",-5.35401444473631,-6.944680747986078,-0.5975096807262793,202.0
DOTUSDT,1h,meanrev,bb,"{""span"": 20, ""mult"": 2.5}",-4.701862002437002,-6.260268198656933,-0.41144396497728686,84.0
DOTUSDT,1h,meanrev,bb,"{""span"": 50, ""mult"": 1.5}",-4.142349857016082,-5.199806581902029,-0.6443809670128832,227.0
DOTUSDT,1h,meanrev,bb,"{""span"": 50, ""mult"": 2.0}",-3.443276268427379,-4.2064705715205495,-0.45683880501541263,163.0
DOTUSDT,1h,meanrev,bb,"{""span"": 50, ""mult"": 2.5}",-3.258922056344004,-3.850615912623578,-0.34054292792831564,78.0
DOTUSDT,1h,carry,funding,"{""thr"": 5e-05}",-0.9387255415095082,0.45830701238947535,0.04137163908586139,148.5
DOTUSDT,1h,carry,funding,"{""thr"": 0.0001}",-0.1471713234649496,-0.47197549450048615,-0.10663543321899627,53.0
DOTUSDT,1h,carry,funding,"{""thr"": 0.0002}",0.1292557118588971,1.1418610363969268,0.13226395206976171,32.0
DOTUSDT,1h,carry,funding,"{""thr"": 0.0005}",1.7177290134329135,2.6932281379683203,0.20108162827821108,9.0
DOTUSDT,1h,carry,funding_pct,"{""lb"": 100, ""hi"": 0.8}",-2.2959114624849932,-2.3668012996562138,-0.3774613478740432,129.0
DOTUSDT,1h,carry,funding_pct,"{""lb"": 100, ""hi"": 0.9}",-1.2979183822311875,-3.575097080407446,-0.3730447889346532,95.0
DOTUSDT,1h,carry,funding_pct,"{""lb"": 100, ""hi"": 0.95}",-1.2993634251558108,-3.360401650450517,-0.24812877704716407,70.0
DOTUSDT,1h,carry,funding_pct,"{""lb"": 500, ""hi"": 0.8}",-0.37524689480868945,0.6650008967802156,0.09387291263862774,98.0
DOTUSDT,1h,carry,funding_pct,"{""lb"": 500, ""hi"": 0.9}",0.9331411964897578,-0.8312642474516605,-0.10865819516723962,37.0
DOTUSDT,1h,carry,funding_pct,"{""lb"": 500, ""hi"": 0.95}",-0.20060697302279065,-1.3571378575398274,-0.11362571756625262,22.0
DOTUSDT,1h,carry,funding_mom,"{""lb"": 24}",-2.187130352418829,-3.1060666631289333,-0.6532980353420641,224.5
DOTUSDT,1h,carry,funding_mom,"{""lb"": 100}",-1.2453855161396694,0.2075540649361723,-0.04370017820431793,211.5
DOTUSDT,1h,carry,funding_mom,"{""lb"": 500}",-0.7458817013168991,-1.1142648861488371,-0.3605209813881135,216.5
DOTUSDT,1h,carry,funding_price_div,"{""lb"": 24}",-4.230785136998085,-8.549113013219682,-0.7915035338286593,271.5
DOTUSDT,1h,carry,funding_price_div,"{""lb"": 100}",-1.2946145678440701,-3.0051584351774077,-0.441292255303661,185.5
DOTUSDT,1h,carry,funding_price_div,"{""lb"": 500}",-0.26094773006472166,-1.6171259557791715,-0.28254076857874655,145.0
DOTUSDT,1h,ichimoku,cloud,"{""tenkan"": 9, ""kijun"": 26, ""senkou"": 52, ""disp"": 26}",-2.6174156763451486,-4.970349661979778,-0.7936913146546105,242.5
DOTUSDT,1h,ichimoku,cloud_fast,"{""tenkan"": 7, ""kijun"": 14, ""senkou"": 28, ""disp"": 14}",-3.268191887073576,-8.195562513017828,-0.9211667970350913,329.5
DOTUSDT,1h,ichimoku,cloud_slow,"{""tenkan"": 12, ""kijun"": 24, ""senkou"": 52, ""disp"": 24}",-2.8148312399750655,-5.31079958576952,-0.8130857371522371,257.5
DOTUSDT,1h,ichimoku,tk,"{""tenkan"": 9, ""kijun"": 26}",-1.3856918216664098,-4.940003208487123,-0.8068889606791805,209.5
DOTUSDT,1h,ichimoku,combo,"{""tenkan"": 9, ""kijun"": 26, ""senkou"": 52, ""disp"": 26}",-2.7325043804760965,-5.420121995039568,-0.7741357331676639,201.5
ETHUSDT,1d,trend,ema_cross,"{""fast"": 10, ""slow"": 50}",-0.8049778258287927,0.49372935134643076,0.17306022811968158,12.5
ETHUSDT,1d,trend,ema_cross,"{""fast"": 10, ""slow"": 100}",-0.3658402917758093,0.6767178345201712,0.4515886348802216,5.5
ETHUSDT,1d,trend,ema_cross,"{""fast"": 10, ""slow"": 200}",-0.2670604541002089,0.30214006640342383,-0.06260004867952595,5.5
ETHUSDT,1d,trend,ema_cross,"{""fast"": 20, ""slow"": 50}",-0.39997907357833745,0.5618245480755383,0.26956717551355114,7.5
ETHUSDT,1d,trend,ema_cross,"{""fast"": 20, ""slow"": 100}",-0.725900432535828,0.7485529812819441,0.5768976593461403,3.5
ETHUSDT,1d,trend,ema_cross,"{""fast"": 20, ""slow"": 200}",-0.7557932411902991,0.1193092590205578,-0.2419158693591753,5.5
ETHUSDT,1d,trend,ema_cross,"{""fast"": 50, ""slow"": 100}",-0.44867960480090197,0.3886944585149672,0.03746460425598186,3.5
ETHUSDT,1d,trend,ema_cross,"{""fast"": 50, ""slow"": 200}",-0.5954284016610296,-0.106567109041642,-0.41750932685875497,3.5
ETHUSDT,1d,trend,ema_slope,"{""span"": 20, ""thr"": 0.0}",-0.2560580300446952,0.5655342661252118,0.2846334892747142,60.5
ETHUSDT,1d,trend,ema_slope,"{""span"": 20, ""thr"": 0.001}",-0.4500002525375022,0.44152977858519427,0.12403018594738136,66.5
ETHUSDT,1d,trend,ema_slope,"{""span"": 20, ""thr"": 0.005}",-0.6055678107160508,0.13722484073691768,-0.09267849048315013,58.5
ETHUSDT,1d,trend,ema_slope,"{""span"": 50, ""thr"": 0.0}",-0.5697945604461956,0.1144277850816581,-0.24602114644771467,40.5
ETHUSDT,1d,trend,ema_slope,"{""span"": 50, ""thr"": 0.001}",-0.500040307310075,0.6019376074204963,0.3472528255863019,36.5
ETHUSDT,1d,trend,ema_slope,"{""span"": 50, ""thr"": 0.005}",-0.6497893971480287,0.46886973913264046,0.19757051577485818,24.0
ETHUSDT,1d,trend,ema_slope,"{""span"": 100, ""thr"": 0.0}",-0.14003270294060652,0.0415904085666188,-0.3069370619688697,37.5
ETHUSDT,1d,trend,ema_slope,"{""span"": 100, ""thr"": 0.001}",-0.2459621367753094,0.22878220378779668,-0.11298176981638797,23.0
ETHUSDT,1d,trend,ema_slope,"{""span"": 100, ""thr"": 0.005}",-0.6320010544843021,-0.45136310563167253,-0.36055637634504767,22.0
ETHUSDT,1d,trend,price_ema,"{""span"": 20, ""thr"": 0.0}",-0.2560580300446952,0.5655342661252118,0.2846334892747142,60.5
ETHUSDT,1d,trend,price_ema,"{""span"": 20, ""thr"": 0.02}",-0.4189181512315901,-0.05254326502883138,-0.30503340302929993,70.5
ETHUSDT,1d,trend,price_ema,"{""span"": 20, ""thr"": 0.05}",-0.654001742194605,0.17857887137737355,-0.0583555330287604,56.5
ETHUSDT,1d,trend,price_ema,"{""span"": 50, ""thr"": 0.0}",-0.5697945604461956,0.1144277850816581,-0.24602114644771467,40.5
ETHUSDT,1d,trend,price_ema,"{""span"": 50, ""thr"": 0.02}",-0.5756629356540948,0.38433487996373245,0.053499166062249026,39.5
ETHUSDT,1d,trend,price_ema,"{""span"": 50, ""thr"": 0.05}",-0.1463045799953276,0.48693097210038566,0.20129707091451765,39.0
ETHUSDT,1d,trend,price_ema,"{""span"": 100, ""thr"": 0.0}",-0.14003270294060652,0.0415904085666188,-0.3069370619688697,37.5
ETHUSDT,1d,trend,price_ema,"{""span"": 100, ""thr"": 0.02}",-0.24383754201875166,0.349641244815414,0.003992174814846594,29.0
ETHUSDT,1d,trend,price_ema,"{""span"": 100, ""thr"": 0.05}",-0.1278389814261438,0.22878220378779668,-0.11298176981638797,23.0
ETHUSDT,1d,trend,donchian,"{""lb"": 10}",-1.0480959851629281,-0.39729551852214395,-0.36786069885016637,93.0
ETHUSDT,1d,trend,donchian,"{""lb"": 20}",-1.0356875810374926,-0.023322566335993465,-0.1354469187408408,65.0
ETHUSDT,1d,trend,donchian,"{""lb"": 55}",-0.6142496000346365,0.4467458937841089,0.169984634064831,40.0
ETHUSDT,1d,momentum,mom_ret,"{""lb"": 5, ""thr"": 0.0}",-0.7599804688818027,-0.7681459447392491,-0.7305015623396325,131.5
ETHUSDT,1d,momentum,mom_ret,"{""lb"": 5, ""thr"": 0.02}",-0.9579702487680418,-1.389468375631324,-0.8094967604189804,128.0
ETHUSDT,1d,momentum,mom_ret,"{""lb"": 5, ""thr"": 0.05}",-0.09323653862304326,-0.9517920347424575,-0.6193849041150746,86.0
ETHUSDT,1d,momentum,mom_ret,"{""lb"": 10, ""thr"": 0.0}",-0.5320538372157246,0.14820016667571984,-0.20920545633424648,90.5
ETHUSDT,1d,momentum,mom_ret,"{""lb"": 10, ""thr"": 0.02}",-0.7572253249151044,-0.273889960852157,-0.45979731294475745,94.5
ETHUSDT,1d,momentum,mom_ret,"{""lb"": 10, ""thr"": 0.05}",-0.36994860388039535,0.00956602654351898,-0.2272804853567747,73.5
ETHUSDT,1d,momentum,mom_ret,"{""lb"": 20, ""thr"": 0.0}",-1.5846281839656922,0.5713201429095146,0.29471900687703556,70.5
ETHUSDT,1d,momentum,mom_ret,"{""lb"": 20, ""thr"": 0.02}",-1.4199729613585015,0.730350352449682,0.5555656221114975,63.5
ETHUSDT,1d,momentum,mom_ret,"{""lb"": 20, ""thr"": 0.05}",-0.8554101201425091,0.7248758164689676,0.5323323597832044,50.5
ETHUSDT,1d,momentum,mom_ret,"{""lb"": 50, ""thr"": 0.0}",-0.1364056685200835,0.7610851603081795,0.6007563750363514,21.5
ETHUSDT,1d,momentum,mom_ret,"{""lb"": 50, ""thr"": 0.02}",-0.10803756610148822,0.7557968810953632,0.5903606968007713,25.5
ETHUSDT,1d,momentum,mom_ret,"{""lb"": 50, ""thr"": 0.05}",-0.27317914433204765,0.5876131152706334,0.31562124837124395,24.5
ETHUSDT,1d,meanrev,rsi,"{""ob"": 65, ""os_"": 20}",-0.30859841029508156,-0.20655743380157526,-0.19498744813943558,31.0
ETHUSDT,1d,meanrev,rsi,"{""ob"": 65, ""os_"": 30}",-0.14451790663368086,-0.4070455379200117,-0.345793736614584,47.0
ETHUSDT,1d,meanrev,rsi,"{""ob"": 65, ""os_"": 35}",-0.2061652084694529,-0.7068714478856787,-0.5134416525932157,55.0
ETHUSDT,1d,meanrev,rsi,"{""ob"": 70, ""os_"": 20}",-0.6109245379575846,-0.5541389476603432,-0.2895718045314817,30.0
ETHUSDT,1d,meanrev,rsi,"{""ob"": 70, ""os_"": 30}",-0.352066473942368,-0.6972524040817177,-0.4226592193041908,46.0
ETHUSDT,1d,meanrev,rsi,"{""ob"": 70, ""os_"": 35}",-0.4148345794723774,-0.9838762136636073,-0.5706094669711212,54.0
ETHUSDT,1d,meanrev,rsi,"{""ob"": 80, ""os_"": 20}",-0.5050223471783387,-0.43231568895801414,-0.2057323355135936,12.0
ETHUSDT,1d,meanrev,rsi,"{""ob"": 80, ""os_"": 30}",-0.1473818221849439,-0.6047323571084013,-0.35452574036197726,28.0
ETHUSDT,1d,meanrev,rsi,"{""ob"": 80, ""os_"": 35}",-0.23764044863530126,-0.9178204903809468,-0.5199359794602438,36.0
ETHUSDT,1d,meanrev,zscore,"{""lb"": 20, ""z"": 1.5}",-0.5587281409453415,-0.306780391766316,-0.31777071216069963,56.0
ETHUSDT,1d,meanrev,zscore,"{""lb"": 20, ""z"": 2.0}",-0.2758406492576847,-0.14737269096449537,-0.14982022724408672,33.0
ETHUSDT,1d,meanrev,zscore,"{""lb"": 20, ""z"": 2.5}",0.38293591679518607,-1.0932724822132,-0.22717688061104058,15.0
ETHUSDT,1d,meanrev,zscore,"{""lb"": 50, ""z"": 1.5}",-0.10289658872808571,-0.7780624250667527,-0.5121345627882565,34.5
ETHUSDT,1d,meanrev,zscore,"{""lb"": 50, ""z"": 2.0}",0.10478379908206965,-0.9111814210392463,-0.44016473149852364,26.0
ETHUSDT,1d,meanrev,zscore,"{""lb"": 50, ""z"": 2.5}",-0.26505020889842135,-1.2455810045117932,-0.4557451707594997,7.0
ETHUSDT,1d,meanrev,bb,"{""span"": 20, ""mult"": 1.5}",-0.5587281409453415,-0.306780391766316,-0.31777071216069963,56.0
ETHUSDT,1d,meanrev,bb,"{""span"": 20, ""mult"": 2.0}",-0.2758406492576847,-0.14737269096449537,-0.14982022724408672,33.0
ETHUSDT,1d,meanrev,bb,"{""span"": 20, ""mult"": 2.5}",0.38293591679518607,-1.0932724822132,-0.22717688061104058,15.0
ETHUSDT,1d,meanrev,bb,"{""span"": 50, ""mult"": 1.5}",-0.10289658872808571,-0.7780624250667527,-0.5121345627882565,34.5
ETHUSDT,1d,meanrev,bb,"{""span"": 50, ""mult"": 2.0}",0.10478379908206965,-0.9111814210392463,-0.44016473149852364,26.0
ETHUSDT,1d,meanrev,bb,"{""span"": 50, ""mult"": 2.5}",-0.26505020889842135,-1.2455810045117932,-0.4557451707594997,7.0
ETHUSDT,1d,carry,funding,"{""thr"": 5e-05}",-0.7952395058739857,-0.1686135456512445,-0.2712433285815655,122.0
ETHUSDT,1d,carry,funding,"{""thr"": 0.0001}",-0.08289746239738258,-0.25450293034097765,-0.05907836070451289,8.0
ETHUSDT,1d,carry,funding,"{""thr"": 0.0002}",-0.5174733217110642,0.39018928016192395,0.04724597361308702,4.0
ETHUSDT,1d,carry,funding,"{""thr"": 0.0005}",-0.04057696721553606,0.0,0.0,0.0
ETHUSDT,1d,carry,funding_pct,"{""lb"": 100, ""hi"": 0.8}",0.1504067623100826,-0.7853690690085713,-0.561586938541922,134.0
ETHUSDT,1d,carry,funding_pct,"{""lb"": 100, ""hi"": 0.9}",-0.17703925916495847,-0.9900131692556783,-0.517040945373336,77.0
ETHUSDT,1d,carry,funding_pct,"{""lb"": 100, ""hi"": 0.95}",-0.3283925363546805,-1.6310034404248739,-0.4767580938517584,41.0
ETHUSDT,1d,carry,funding_pct,"{""lb"": 500, ""hi"": 0.8}",-0.41354794270322376,-0.30301528424026225,-0.3524084696094316,110.0
ETHUSDT,1d,carry,funding_pct,"{""lb"": 500, ""hi"": 0.9}",-0.08244590448085368,-0.015629600309712426,-0.12131922790556715,76.0
ETHUSDT,1d,carry,funding_pct,"{""lb"": 500, ""hi"": 0.95}",0.2951447928817844,-0.2623427568455867,-0.19343153344416608,52.0
ETHUSDT,1d,carry,funding_mom,"{""lb"": 24}",-0.9288544257894973,-1.3408637936356422,-0.8549340683195251,212.5
ETHUSDT,1d,carry,funding_mom,"{""lb"": 100}",-0.8153348013680919,-0.3519203333247057,-0.5517862133175072,173.5
ETHUSDT,1d,carry,funding_mom,"{""lb"": 500}",-0.4694833669141867,0.1676930609963726,-0.18384692692221893,109.5
ETHUSDT,1d,carry,funding_price_div,"{""lb"": 24}",-1.219073959282309,-0.08500198357447732,-0.2270064675811434,132.0
ETHUSDT,1d,carry,funding_price_div,"{""lb"": 100}",-0.14634127495120344,-0.49483698064222814,-0.30559401473805703,92.5
ETHUSDT,1d,carry,funding_price_div,"{""lb"": 500}",0.45400357713563283,-1.339782094165447,-0.6581077806468332,62.5
ETHUSDT,1d,ichimoku,cloud,"{""tenkan"": 9, ""kijun"": 26, ""senkou"": 52, ""disp"": 26}",-0.2597203723720622,0.7654870821990174,0.6005215995669051,22.0
ETHUSDT,1d,ichimoku,cloud_fast,"{""tenkan"": 7, ""kijun"": 14, ""senkou"": 28, ""disp"": 14}",-0.6449140639819811,0.4581690974914362,0.14410175779563406,38.5
ETHUSDT,1d,ichimoku,cloud_slow,"{""tenkan"": 12, ""kijun"": 24, ""senkou"": 52, ""disp"": 24}",-0.37546958810447245,0.7726035822519306,0.6116375503305584,21.0
ETHUSDT,1d,ichimoku,tk,"{""tenkan"": 9, ""kijun"": 26}",-0.5178529503050376,0.793483585285665,0.6685109827043683,32.5
ETHUSDT,1d,ichimoku,combo,"{""tenkan"": 9, ""kijun"": 26, ""senkou"": 52, ""disp"": 26}",-0.37273483145861597,1.0683368641420403,1.1063138661895482,22.0
ETHUSDT,4h,trend,ema_cross,"{""fast"": 10, ""slow"": 50}",1.8608687067559566,-0.9878163475355847,-0.2636797933511368,27.5
ETHUSDT,4h,trend,ema_cross,"{""fast"": 10, ""slow"": 100}",2.052373016873854,-1.3257774075128852,-0.3224570269128646,21.5
ETHUSDT,4h,trend,ema_cross,"{""fast"": 10, ""slow"": 200}",1.5793012411692007,-0.33896202911344936,-0.13853873822293306,9.5
ETHUSDT,4h,trend,ema_cross,"{""fast"": 20, ""slow"": 50}",1.6382994757529517,-2.3247638113809552,-0.4687100484766965,25.5
ETHUSDT,4h,trend,ema_cross,"{""fast"": 20, ""slow"": 100}",1.0631042824102068,-0.7208732084980802,-0.2152994737483821,13.5
ETHUSDT,4h,trend,ema_cross,"{""fast"": 20, ""slow"": 200}",1.1931997004945543,-0.841815307812039,-0.238013728881187,11.5
ETHUSDT,4h,trend,ema_cross,"{""fast"": 50, ""slow"": 100}",1.2738696058876504,0.2565872214067232,-0.004659432568603017,7.5
ETHUSDT,4h,trend,ema_cross,"{""fast"": 50, ""slow"": 200}",1.494150153589321,-0.8885495776920338,-0.24598359635292233,5.5
ETHUSDT,4h,trend,ema_slope,"{""span"": 20, ""thr"": 0.0}",-1.66728022532872,-1.4548517217991352,-0.3429811131020092,113.5
ETHUSDT,4h,trend,ema_slope,"{""span"": 20, ""thr"": 0.001}",-0.6754942883791765,-3.5649978983252244,-0.5223512878999448,115.5
ETHUSDT,4h,trend,ema_slope,"{""span"": 20, ""thr"": 0.005}",0.6481196238381529,-0.23165309085505642,-0.020547821735304894,19.0
ETHUSDT,4h,trend,ema_slope,"{""span"": 50, ""thr"": 0.0}",-0.9333666868811031,-2.1585403193842407,-0.4462484171735236,77.5
ETHUSDT,4h,trend,ema_slope,"{""span"": 50, ""thr"": 0.001}",0.9505577515882867,-3.021480540723643,-0.43544981045450804,63.5
ETHUSDT,4h,trend,ema_slope,"{""span"": 50, ""thr"": 0.005}",-0.8794623924792188,1.2250471234159734,0.045065741493925726,1.0
ETHUSDT,4h,trend,ema_slope,"{""span"": 100, ""thr"": 0.0}",0.8656222919724649,-0.882277363907752,-0.2448321631052507,43.5
ETHUSDT,4h,trend,ema_slope,"{""span"": 100, ""thr"": 0.001}",1.0938412111356572,-2.123518786259479,-0.30400272993230604,38.5
ETHUSDT,4h,trend,ema_slope,"{""span"": 100, ""thr"": 0.005}",0.13184444873546175,0.0,0.0,0.0
ETHUSDT,4h,trend,price_ema,"{""span"": 20, ""thr"": 0.0}",-1.66728022532872,-1.4548517217991352,-0.3429811131020092,113.5
ETHUSDT,4h,trend,price_ema,"{""span"": 20, ""thr"": 0.02}",-0.09567498268060635,-4.476050422202409,-0.5176904388264258,83.5
ETHUSDT,4h,trend,price_ema,"{""span"": 20, ""thr"": 0.05}",0.14501124193934464,0.2711639302148625,0.012879225734125033,16.0
ETHUSDT,4h,trend,price_ema,"{""span"": 50, ""thr"": 0.0}",-0.9333666868811031,-2.1585403193842407,-0.4462484171735236,77.5
ETHUSDT,4h,trend,price_ema,"{""span"": 50, ""thr"": 0.02}",0.3313136199204373,-3.3086744061315847,-0.4860168778832764,73.5
ETHUSDT,4h,trend,price_ema,"{""span"": 50, ""thr"": 0.05}",0.6396816882818078,-2.5529707892383335,-0.24188170620332228,33.0
ETHUSDT,4h,trend,price_ema,"{""span"": 100, ""thr"": 0.0}",0.8656222919724649,-0.882277363907752,-0.2448321631052507,43.5
ETHUSDT,4h,trend,price_ema,"{""span"": 100, ""thr"": 0.02}",0.39799084937810597,-1.5595545768918548,-0.3140919753828575,50.5
ETHUSDT,4h,trend,price_ema,"{""span"": 100, ""thr"": 0.05}",1.0410393654854198,-2.321984735562252,-0.3203291133435865,37.5
ETHUSDT,4h,trend,donchian,"{""lb"": 10}",-1.6473364696296857,-5.459879894148012,-0.5518569722328753,160.0
ETHUSDT,4h,trend,donchian,"{""lb"": 20}",0.3098153934963602,-4.812852363026294,-0.44221588773250964,104.0
ETHUSDT,4h,trend,donchian,"{""lb"": 55}",0.9878381464447322,-2.8345503082305354,-0.23834545017150977,54.0
ETHUSDT,4h,momentum,mom_ret,"{""lb"": 5, ""thr"": 0.0}",-2.20647807641262,-1.1059012956861531,-0.28580117132314875,199.5
ETHUSDT,4h,momentum,mom_ret,"{""lb"": 5, ""thr"": 0.02}",-1.7315235118798356,-2.152049374000874,-0.30950426098086936,118.0
ETHUSDT,4h,momentum,mom_ret,"{""lb"": 5, ""thr"": 0.05}",-0.8641100497420515,-0.8333980802141167,-0.06293813271102411,27.0
ETHUSDT,4h,momentum,mom_ret,"{""lb"": 10, ""thr"": 0.0}",-0.7191862330282561,-1.2562825515232743,-0.3111164411211701,127.5
ETHUSDT,4h,momentum,mom_ret,"{""lb"": 10, ""thr"": 0.02}",0.036282195790453275,-3.1894663517751973,-0.4632878732426742,110.5
ETHUSDT,4h,momentum,mom_ret,"{""lb"": 10, ""thr"": 0.05}",0.9917415451991286,-1.4279122635545902,-0.15693055199740513,46.0
ETHUSDT,4h,momentum,mom_ret,"{""lb"": 20, ""thr"": 0.0}",1.0258167817990336,-3.9639665460977263,-0.6449074763691854,103.5
ETHUSDT,4h,momentum,mom_ret,"{""lb"": 20, ""thr"": 0.02}",0.41332954167066893,-4.485023992349556,-0.6230422343047948,84.5
ETHUSDT,4h,momentum,mom_ret,"{""lb"": 20, ""thr"": 0.05}",0.2898367316102792,-3.104808403932865,-0.3519292248091883,50.0
ETHUSDT,4h,momentum,mom_ret,"{""lb"": 50, ""thr"": 0.0}",-0.21913078161253394,-0.5641978329877905,-0.18494641244973797,71.5
ETHUSDT,4h,momentum,mom_ret,"{""lb"": 50, ""thr"": 0.02}",0.34344979480180926,-0.4314595729894099,-0.13605927783558025,59.5
ETHUSDT,4h,momentum,mom_ret,"{""lb"": 50, ""thr"": 0.05}",0.4585831517214578,-0.6654800624814852,-0.1497017166586394,56.5
ETHUSDT,4h,meanrev,rsi,"{""ob"": 65, ""os_"": 20}",-2.195731669436227,0.010658604434276523,-0.013002549723585166,60.5
ETHUSDT,4h,meanrev,rsi,"{""ob"": 65, ""os_"": 30}",-2.493039041513808,-1.357664283972167,-0.19122709163732032,71.5
ETHUSDT,4h,meanrev,rsi,"{""ob"": 65, ""os_"": 35}",-2.5110319533430796,-0.833478978485066,-0.1429437459525683,87.5
ETHUSDT,4h,meanrev,rsi,"{""ob"": 70, ""os_"": 20}",-2.5261438555522515,0.21835058209295152,0.010512570813270505,55.5
ETHUSDT,4h,meanrev,rsi,"{""ob"": 70, ""os_"": 30}",-2.7293893696618357,-1.32635142716224,-0.17195815388903746,66.5
ETHUSDT,4h,meanrev,rsi,"{""ob"": 70, ""os_"": 35}",-2.7264479960477064,-0.7556884720130759,-0.12252446207787915,82.5
ETHUSDT,4h,meanrev,rsi,"{""ob"": 80, ""os_"": 20}",-2.086737917080114,-0.20071511399070102,-0.018652048944181376,31.0
ETHUSDT,4h,meanrev,rsi,"{""ob"": 80, ""os_"": 30}",-2.3095007702605472,-1.9001369660306922,-0.1958564469757309,42.0
ETHUSDT,4h,meanrev,rsi,"{""ob"": 80, ""os_"": 35}",-2.310043305425366,-1.144842522061427,-0.14784947153260286,58.0
ETHUSDT,4h,meanrev,zscore,"{""lb"": 20, ""z"": 1.5}",-4.5469734420997865,-2.1487899121997294,-0.25743760564824614,82.5
ETHUSDT,4h,meanrev,zscore,"{""lb"": 20, ""z"": 2.0}",-3.325454679021048,-1.6509358199934894,-0.14691289333596647,58.0
ETHUSDT,4h,meanrev,zscore,"{""lb"": 20, ""z"": 2.5}",-3.3685080877180855,-1.3659918882560274,-0.08180321124094303,28.0
ETHUSDT,4h,meanrev,zscore,"{""lb"": 50, ""z"": 1.5}",-3.2033061690088385,-0.468468809528665,-0.07639066246924608,50.0
ETHUSDT,4h,meanrev,zscore,"{""lb"": 50, ""z"": 2.0}",-2.7212752992326528,-1.8277919980973396,-0.17723214355354577,38.0
ETHUSDT,4h,meanrev,zscore,"{""lb"": 50, ""z"": 2.5}",-2.267836412016104,-2.5321132910289252,-0.17577429023018798,21.0
ETHUSDT,4h,meanrev,bb,"{""span"": 20, ""mult"": 1.5}",-4.5469734420997865,-2.1487899121997294,-0.25743760564824614,82.5
ETHUSDT,4h,meanrev,bb,"{""span"": 20, ""mult"": 2.0}",-3.325454679021048,-1.6509358199934894,-0.14691289333596647,58.0
ETHUSDT,4h,meanrev,bb,"{""span"": 20, ""mult"": 2.5}",-3.3685080877180855,-1.3659918882560274,-0.08180321124094303,28.0
ETHUSDT,4h,meanrev,bb,"{""span"": 50, ""mult"": 1.5}",-3.2033061690088385,-0.468468809528665,-0.07639066246924608,50.0
ETHUSDT,4h,meanrev,bb,"{""span"": 50, ""mult"": 2.0}",-2.7212752992326528,-1.8277919980973396,-0.17723214355354577,38.0
ETHUSDT,4h,meanrev,bb,"{""span"": 50, ""mult"": 2.5}",-2.267836412016104,-2.5321132910289252,-0.17577429023018798,21.0
ETHUSDT,4h,carry,funding,"{""thr"": 5e-05}",-2.2529338584390843,0.08005399351825922,-0.009432645785126592,90.0
ETHUSDT,4h,carry,funding,"{""thr"": 0.0001}",-0.9664910331007602,-2.945435842321328,-0.10017446384349593,13.0
ETHUSDT,4h,carry,funding,"{""thr"": 0.0002}",1.2092436843449956,-1.922545873844011,-0.04014942829136858,3.0
ETHUSDT,4h,carry,funding_pct,"{""lb"": 100, ""hi"": 0.8}",-2.1935338645912235,-0.858381562497301,-0.14580250265911,99.0
ETHUSDT,4h,carry,funding_pct,"{""lb"": 100, ""hi"": 0.9}",-2.323517004299694,-2.00647235679374,-0.201659076584233,61.0
ETHUSDT,4h,carry,funding_pct,"{""lb"": 100, ""hi"": 0.95}",-2.029037870556968,-2.122376754533217,-0.14245057077501666,41.0
ETHUSDT,4h,carry,funding_pct,"{""lb"": 500, ""hi"": 0.8}",-1.0009376194502815,1.3524413823429096,0.18631205335527912,87.0
ETHUSDT,4h,carry,funding_pct,"{""lb"": 500, ""hi"": 0.9}",-2.0795353419310874,-1.7596013813923932,-0.14858601070837385,55.0
ETHUSDT,4h,carry,funding_pct,"{""lb"": 500, ""hi"": 0.95}",-1.6990947861930301,-1.5203422997398939,-0.08747663963239605,30.0
ETHUSDT,4h,carry,funding_mom,"{""lb"": 24}",-2.094835420640253,-0.9772409311821291,-0.2641178018219743,150.5
ETHUSDT,4h,carry,funding_mom,"{""lb"": 100}",-1.6391536885930735,-1.7090730086039387,-0.3850934999412021,133.5
ETHUSDT,4h,carry,funding_mom,"{""lb"": 500}",-1.7337041197574867,2.358458178308589,0.660683262684981,111.5
ETHUSDT,4h,carry,funding_price_div,"{""lb"": 24}",-1.3106859025526272,-3.8918482240714254,-0.4511065531752684,116.5
ETHUSDT,4h,carry,funding_price_div,"{""lb"": 100}",-1.4326540442991234,-3.251814818584904,-0.40757967823505137,88.5
ETHUSDT,4h,carry,funding_price_div,"{""lb"": 500}",-0.10915709363006142,0.8137631946690883,0.09505996758736801,61.5
ETHUSDT,4h,ichimoku,cloud,"{""tenkan"": 9, ""kijun"": 26, ""senkou"": 52, ""disp"": 26}",0.6263438590707064,-0.6896593353869007,-0.19428296666079092,47.5
ETHUSDT,4h,ichimoku,cloud_fast,"{""tenkan"": 7, ""kijun"": 14, ""senkou"": 28, ""disp"": 14}",0.117394073230101,-2.5413119278670715,-0.466417057191311,68.5
ETHUSDT,4h,ichimoku,cloud_slow,"{""tenkan"": 12, ""kijun"": 24, ""senkou"": 52, ""disp"": 24}",0.4249355225544393,-1.4324743655863408,-0.3230704125139663,54.5
ETHUSDT,4h,ichimoku,tk,"{""tenkan"": 9, ""kijun"": 26}",1.8671448614724817,-3.754130720908666,-0.6171986307812192,49.5
ETHUSDT,4h,ichimoku,combo,"{""tenkan"": 9, ""kijun"": 26, ""senkou"": 52, ""disp"": 26}",1.3711278914196432,-2.5559546474155237,-0.4205138839757302,46.5
ETHUSDT,1h,trend,ema_cross,"{""fast"": 10, ""slow"": 50}",-0.5552396967893051,-1.6320591330064,-0.3804855977348902,103.5
ETHUSDT,1h,trend,ema_cross,"{""fast"": 10, ""slow"": 100}",-0.5010713485727845,-1.7205849785992469,-0.39280235780770933,69.5
ETHUSDT,1h,trend,ema_cross,"{""fast"": 10, ""slow"": 200}",0.14035824820397655,-1.4846415009986038,-0.35714153961640693,49.5
ETHUSDT,1h,trend,ema_cross,"{""fast"": 20, ""slow"": 50}",-0.18261011940994606,-2.24339044418807,-0.46782340486389573,77.5
ETHUSDT,1h,trend,ema_cross,"{""fast"": 20, ""slow"": 100}",0.378991562358469,-2.172303406536034,-0.4588003024997894,53.5
ETHUSDT,1h,trend,ema_cross,"{""fast"": 20, ""slow"": 200}",0.43565267701967997,-1.6482429131872776,-0.38304793913152735,37.5
ETHUSDT,1h,trend,ema_cross,"{""fast"": 50, ""slow"": 100}",0.84834148002992,-1.7361071166942295,-0.39570044712466856,35.5
ETHUSDT,1h,trend,ema_cross,"{""fast"": 50, ""slow"": 200}",1.6149614585655614,-1.5713913089079639,-0.3704569165035032,27.5
ETHUSDT,1h,trend,ema_slope,"{""span"": 20, ""thr"": 0.0}",-4.675055119569581,-7.372428717435609,-0.859094924459731,512.5
ETHUSDT,1h,trend,ema_slope,"{""span"": 20, ""thr"": 0.001}",-5.133761501857265,-5.778085710050454,-0.6508064888952658,285.0
ETHUSDT,1h,trend,ema_slope,"{""span"": 20, ""thr"": 0.005}",-0.8495991004260328,-3.0304956859983774,-0.11601669633466227,15.0
ETHUSDT,1h,trend,ema_slope,"{""span"": 50, ""thr"": 0.0}",-1.8034450949022298,-4.797104973543544,-0.7241317503809468,313.5
ETHUSDT,1h,trend,ema_slope,"{""span"": 50, ""thr"": 0.001}",-1.4939177927334746,-3.2655914679968854,-0.3754183694161609,119.0
ETHUSDT,1h,trend,ema_slope,"{""span"": 50, ""thr"": 0.005}",-1.815440218982158,0.0,0.0,0.0
ETHUSDT,1h,trend,ema_slope,"{""span"": 100, ""thr"": 0.0}",-1.2296702619807576,-2.115763338062235,-0.45295793638496673,181.5
ETHUSDT,1h,trend,ema_slope,"{""span"": 100, ""thr"": 0.001}",-0.8303148319769127,-1.3340827376697,-0.13329679072913114,40.0
ETHUSDT,1h,trend,price_ema,"{""span"": 20, ""thr"": 0.0}",-4.675055119569581,-7.372428717435609,-0.859094924459731,512.5
ETHUSDT,1h,trend,price_ema,"{""span"": 20, ""thr"": 0.02}",-3.482700272704439,-2.918220250853576,-0.2850271609460432,97.0
ETHUSDT,1h,trend,price_ema,"{""span"": 20, ""thr"": 0.05}",-0.6524324705912206,-3.840255606443057,-0.13043738451443454,13.0
ETHUSDT,1h,trend,price_ema,"{""span"": 50, ""thr"": 0.0}",-1.8034450949022298,-4.797104973543544,-0.7241317503809468,313.5
ETHUSDT,1h,trend,price_ema,"{""span"": 50, ""thr"": 0.02}",-2.350209027226842,-3.988388762390248,-0.4672383651329628,145.0
ETHUSDT,1h,trend,price_ema,"{""span"": 50, ""thr"": 0.05}",-2.6325740724825715,-2.257275627837445,-0.1628762979115861,27.0
ETHUSDT,1h,trend,price_ema,"{""span"": 100, ""thr"": 0.0}",-1.2296702619807576,-2.115763338062235,-0.45295793638496673,181.5
ETHUSDT,1h,trend,price_ema,"{""span"": 100, ""thr"": 0.02}",-0.766929183444246,-4.525169125879242,-0.5731886180396546,146.0
ETHUSDT,1h,trend,price_ema,"{""span"": 100, ""thr"": 0.05}",-1.0254782655464272,-1.292556188154664,-0.12924691625532714,37.0
ETHUSDT,1h,trend,donchian,"{""lb"": 10}",-13.638403559471467,-15.051339405287456,-0.9183808380157783,646.5
ETHUSDT,1h,trend,donchian,"{""lb"": 20}",-10.193162020784165,-9.688873156580929,-0.751891087321365,421.0
ETHUSDT,1h,trend,donchian,"{""lb"": 55}",-8.16560336808685,-8.401083878221602,-0.6017351786422978,223.0
ETHUSDT,1h,momentum,mom_ret,"{""lb"": 5, ""thr"": 0.0}",-9.801081035666229,-11.92003315274707,-0.9565969832664797,827.5
ETHUSDT,1h,momentum,mom_ret,"{""lb"": 5, ""thr"": 0.02}",-4.135497676883604,-7.2330781197838006,-0.5653449002128129,173.0
ETHUSDT,1h,momentum,mom_ret,"{""lb"": 5, ""thr"": 0.05}",-0.4201534446851173,-3.176857427681607,-0.11830643189995926,19.0
ETHUSDT,1h,momentum,mom_ret,"{""lb"": 10, ""thr"": 0.0}",-7.229728618185234,-8.149958339492702,-0.8836465560957132,601.5
ETHUSDT,1h,momentum,mom_ret,"{""lb"": 10, ""thr"": 0.02}",-7.434699071674036,-5.228151250281174,-0.5342824542186022,212.0
ETHUSDT,1h,momentum,mom_ret,"{""lb"": 10, ""thr"": 0.05}",-2.420137965613335,-3.394159258776239,-0.20746097933928187,40.0
ETHUSDT,1h,momentum,mom_ret,"{""lb"": 20, ""thr"": 0.0}",-4.815213072892218,-2.9046972095411827,-0.5561414315963911,369.5
ETHUSDT,1h,momentum,mom_ret,"{""lb"": 20, ""thr"": 0.02}",-3.4424733027811865,-4.328048310606582,-0.5502212981349186,211.0
ETHUSDT,1h,momentum,mom_ret,"{""lb"": 20, ""thr"": 0.05}",-1.4181693187844044,-3.80571516117667,-0.28547243617920537,59.0
ETHUSDT,1h,momentum,mom_ret,"{""lb"": 50, ""thr"": 0.0}",-1.0820282699183272,-4.071057094285129,-0.6677318019201921,223.5
ETHUSDT,1h,momentum,mom_ret,"{""lb"": 50, ""thr"": 0.02}",-0.8282025008671716,-5.585667814993377,-0.6980340414949009,212.5
ETHUSDT,1h,momentum,mom_ret,"{""lb"": 50, ""thr"": 0.05}",-1.6852393097914395,-2.862006974490117,-0.3459381797283163,86.0
ETHUSDT,1h,meanrev,rsi,"{""ob"": 65, ""os_"": 20}",-6.205214759716893,-6.987011951439584,-0.5961090574593766,233.0
ETHUSDT,1h,meanrev,rsi,"{""ob"": 65, ""os_"": 30}",-7.069672640248393,-7.73354856057376,-0.6995381096172828,289.0
ETHUSDT,1h,meanrev,rsi,"{""ob"": 65, ""os_"": 35}",-7.337754388335565,-8.213952622430421,-0.7552307044256945,343.0
ETHUSDT,1h,meanrev,rsi,"{""ob"": 70, ""os_"": 20}",-5.464529109093906,-6.059806803438393,-0.4976755947178302,182.0
ETHUSDT,1h,meanrev,rsi,"{""ob"": 70, ""os_"": 30}",-6.414081715864307,-6.914771117457462,-0.6263115097414848,238.0
ETHUSDT,1h,meanrev,rsi,"{""ob"": 70, ""os_"": 35}",-6.707611265079821,-7.453846218255845,-0.6955764952494774,292.0
ETHUSDT,1h,meanrev,rsi,"{""ob"": 80, ""os_"": 20}",-4.226886513472418,-4.717729851000915,-0.30116572844176626,101.0
ETHUSDT,1h,meanrev,rsi,"{""ob"": 80, ""os_"": 30}",-5.395930203878722,-5.7076491644701095,-0.48012415655414564,157.0
ETHUSDT,1h,meanrev,rsi,"{""ob"": 80, ""os_"": 35}",-5.755976820788251,-6.343293764923386,-0.5764856814630908,211.0
ETHUSDT,1h,meanrev,zscore,"{""lb"": 20, ""z"": 1.5}",-9.017753976558014,-9.604956413587505,-0.781762393255354,331.0
ETHUSDT,1h,meanrev,zscore,"{""lb"": 20, ""z"": 2.0}",-9.073085986097293,-9.479076162251962,-0.6462950599773427,209.0
ETHUSDT,1h,meanrev,zscore,"{""lb"": 20, ""z"": 2.5}",-6.590749742978794,-5.742060934170627,-0.3402673328062723,120.0
ETHUSDT,1h,meanrev,zscore,"{""lb"": 50, ""z"": 1.5}",-5.72665774686534,-4.596571173789703,-0.5061900723175858,220.0
ETHUSDT,1h,meanrev,zscore,"{""lb"": 50, ""z"": 2.0}",-5.871182632005779,-4.592413544922647,-0.4090416090971807,140.0
ETHUSDT,1h,meanrev,zscore,"{""lb"": 50, ""z"": 2.5}",-5.569706314069929,-4.971360834842684,-0.3257356073793687,88.0
ETHUSDT,1h,meanrev,bb,"{""span"": 20, ""mult"": 1.5}",-9.017753976558014,-9.604956413587505,-0.781762393255354,331.0
ETHUSDT,1h,meanrev,bb,"{""span"": 20, ""mult"": 2.0}",-9.073085986097293,-9.479076162251962,-0.6462950599773427,209.0
ETHUSDT,1h,meanrev,bb,"{""span"": 20, ""mult"": 2.5}",-6.590749742978794,-5.742060934170627,-0.3402673328062723,120.0
ETHUSDT,1h,meanrev,bb,"{""span"": 50, ""mult"": 1.5}",-5.72665774686534,-4.596571173789703,-0.5061900723175858,220.0
ETHUSDT,1h,meanrev,bb,"{""span"": 50, ""mult"": 2.0}",-5.871182632005779,-4.592413544922647,-0.4090416090971807,140.0
ETHUSDT,1h,meanrev,bb,"{""span"": 50, ""mult"": 2.5}",-5.569706314069929,-4.971360834842684,-0.3257356073793687,88.0
ETHUSDT,1h,carry,funding,"{""thr"": 5e-05}",-2.189215115484808,-1.1648829721322036,-0.17944943592856388,90.0
ETHUSDT,1h,carry,funding,"{""thr"": 0.0001}",-0.24568758702773658,-1.6707294815792366,-0.06143895061278826,13.0
ETHUSDT,1h,carry,funding,"{""thr"": 0.0002}",0.5105835386085944,0.5029446401449025,0.011362401407059908,3.0
ETHUSDT,1h,carry,funding_pct,"{""lb"": 100, ""hi"": 0.8}",-2.4542485074850733,-3.783503252950071,-0.4753099525888105,154.0
ETHUSDT,1h,carry,funding_pct,"{""lb"": 100, ""hi"": 0.9}",-1.779200707842521,-3.886827225773644,-0.3488209097209667,112.0
ETHUSDT,1h,carry,funding_pct,"{""lb"": 100, ""hi"": 0.95}",-1.6698886663892551,-6.217851486038843,-0.41327928769862554,88.0
ETHUSDT,1h,carry,funding_pct,"{""lb"": 500, ""hi"": 0.8}",-1.6553067864118958,-1.387569711573012,-0.21944717481524767,96.0
ETHUSDT,1h,carry,funding_pct,"{""lb"": 500, ""hi"": 0.9}",-2.65837805485391,-2.1226278236664493,-0.2217505322997131,62.0
ETHUSDT,1h,carry,funding_pct,"{""lb"": 500, ""hi"": 0.95}",-2.4219753134649205,-1.781600980435146,-0.14213850181619947,35.0
ETHUSDT,1h,carry,funding_mom,"{""lb"": 24}",-1.370453401282241,-4.212082454311238,-0.6780537835676882,224.5
ETHUSDT,1h,carry,funding_mom,"{""lb"": 100}",-2.9485263124774006,-1.5659540459053567,-0.3732379838302192,214.5
ETHUSDT,1h,carry,funding_mom,"{""lb"": 500}",-4.332983343214545,-1.868404986909041,-0.41784340182881563,172.5
ETHUSDT,1h,carry,funding_price_div,"{""lb"": 24}",-4.163494662159663,-7.440799445188746,-0.6827416770037735,276.0
ETHUSDT,1h,carry,funding_price_div,"{""lb"": 100}",-2.965925548596486,-5.590749079783061,-0.596086354643873,211.5
ETHUSDT,1h,carry,funding_price_div,"{""lb"": 500}",-3.888887452050609,-1.9259446030909224,-0.2703356673505585,129.0
ETHUSDT,1h,ichimoku,cloud,"{""tenkan"": 9, ""kijun"": 26, ""senkou"": 52, ""disp"": 26}",-0.7117822289541215,-3.2814260550598813,-0.5622121897857322,184.5
ETHUSDT,1h,ichimoku,cloud_fast,"{""tenkan"": 7, ""kijun"": 14, ""senkou"": 28, ""disp"": 14}",-3.2500034579710184,-3.982847074928652,-0.6330094864870162,276.5
ETHUSDT,1h,ichimoku,cloud_slow,"{""tenkan"": 12, ""kijun"": 24, ""senkou"": 52, ""disp"": 24}",-0.5110247836903056,-3.4262150994859035,-0.5742739613350522,192.5
ETHUSDT,1h,ichimoku,tk,"{""tenkan"": 9, ""kijun"": 26}",-2.835981790591619,-2.7243648697700826,-0.5214826111710358,200.5
ETHUSDT,1h,ichimoku,combo,"{""tenkan"": 9, ""kijun"": 26, ""senkou"": 52, ""disp"": 26}",-1.8732713029982127,-3.4287288216546683,-0.5215999325603244,169.5
FILUSDT,1d,trend,ema_cross,"{""fast"": 10, ""slow"": 50}",-0.23318875551635623,-1.2399806045978838,-0.9766679700702263,21.5
FILUSDT,1d,trend,ema_cross,"{""fast"": 10, ""slow"": 100}",0.669279184527702,-0.32368659966749463,-0.8754688710623637,7.5
FILUSDT,1d,trend,ema_cross,"{""fast"": 10, ""slow"": 200}",0.3562549701804783,0.37452811227497373,-0.5503757927973,1.5
FILUSDT,1d,trend,ema_cross,"{""fast"": 20, ""slow"": 50}",0.2745739040065346,-1.1817904151361818,-0.9741317926048966,15.5
FILUSDT,1d,trend,ema_cross,"{""fast"": 20, ""slow"": 100}",0.5290478374353528,0.20973042349149867,-0.6676709095531741,3.5
FILUSDT,1d,trend,ema_cross,"{""fast"": 20, ""slow"": 200}",0.17712582783347594,0.3775592149565144,-0.5478148831090425,1.5
FILUSDT,1d,trend,ema_cross,"{""fast"": 50, ""slow"": 100}",0.15838277700655162,0.1020485766540207,-0.7282411616104528,1.5
FILUSDT,1d,trend,ema_cross,"{""fast"": 50, ""slow"": 200}",-0.33431972551072237,-0.09531665261413953,-0.811350487654325,2.5
FILUSDT,1d,trend,ema_slope,"{""span"": 20, ""thr"": 0.0}",0.09371028128416964,-0.6626707475645807,-0.8836647999865969,87.5
FILUSDT,1d,trend,ema_slope,"{""span"": 20, ""thr"": 0.001}",-0.10773978058146046,-0.6310731572588901,-0.8715628410067444,84.5
FILUSDT,1d,trend,ema_slope,"{""span"": 20, ""thr"": 0.005}",0.34123543067192785,-0.47286308779861597,-0.7582254247886516,69.0
FILUSDT,1d,trend,ema_slope,"{""span"": 50, ""thr"": 0.0}",-0.05147459346630953,-0.14644337864293913,-0.7000548750475826,57.5
FILUSDT,1d,trend,ema_slope,"{""span"": 50, ""thr"": 0.001}",0.28417864744595334,-0.012075862806806916,-0.5927423316107362,48.5
FILUSDT,1d,trend,ema_slope,"{""span"": 50, ""thr"": 0.005}",-0.4138164098037795,-1.3060147237765276,-0.849848327243672,33.0
FILUSDT,1d,trend,ema_slope,"{""span"": 100, ""thr"": 0.0}",0.01919808404642229,-0.7666600011287252,-0.944584365241672,35.5
FILUSDT,1d,trend,ema_slope,"{""span"": 100, ""thr"": 0.001}",0.1201711156620558,-0.6362259933282375,-0.9203590624761276,27.5
FILUSDT,1d,trend,ema_slope,"{""span"": 100, ""thr"": 0.005}",-0.9818640569851048,-1.4798773349863685,-0.8336157203936249,29.0
FILUSDT,1d,trend,price_ema,"{""span"": 20, ""thr"": 0.0}",0.09371028128416964,-0.6626707475645807,-0.8836647999865969,87.5
FILUSDT,1d,trend,price_ema,"{""span"": 20, ""thr"": 0.02}",-0.07161651991158778,-0.6095184388349433,-0.8494770505680211,80.5
FILUSDT,1d,trend,price_ema,"{""span"": 20, ""thr"": 0.05}",0.0888110466011461,-0.5689384303090126,-0.7899140593896989,68.0
FILUSDT,1d,trend,price_ema,"{""span"": 50, ""thr"": 0.0}",-0.05147459346630953,-0.14644337864293913,-0.7000548750475826,57.5
FILUSDT,1d,trend,price_ema,"{""span"": 50, ""thr"": 0.02}",0.07903769242165827,-0.11703740091918968,-0.6681067435565773,51.5
FILUSDT,1d,trend,price_ema,"{""span"": 50, ""thr"": 0.05}",0.16981340351494922,-0.9952685797026898,-0.85345029407749,41.5
FILUSDT,1d,trend,price_ema,"{""span"": 100, ""thr"": 0.0}",0.01919808404642229,-0.7666600011287252,-0.944584365241672,35.5
FILUSDT,1d,trend,price_ema,"{""span"": 100, ""thr"": 0.02}",0.002679878144140537,-0.9157781863184551,-0.9561936274812116,35.5
FILUSDT,1d,trend,price_ema,"{""span"": 100, ""thr"": 0.05}",0.20416510664844187,-0.6362259933282375,-0.9203590624761276,27.5
FILUSDT,1d,trend,donchian,"{""lb"": 10}",-0.2554126165150901,-0.15023712350089494,-0.4801901438420898,88.0
FILUSDT,1d,trend,donchian,"{""lb"": 20}",0.31567539001897116,0.28398908697221525,-0.028933519904870697,51.0
FILUSDT,1d,trend,donchian,"{""lb"": 55}",-0.2669541472025649,-0.887394705162705,-0.5062401322814354,32.0
FILUSDT,1d,momentum,mom_ret,"{""lb"": 5, ""thr"": 0.0}",-0.2890592770860921,-0.4546578740705852,-0.8294454878530764,127.5
FILUSDT,1d,momentum,mom_ret,"{""lb"": 5, ""thr"": 0.02}",-0.2759857129978876,-0.7233855403838132,-0.8769445486460484,129.5
FILUSDT,1d,momentum,mom_ret,"{""lb"": 5, ""thr"": 0.05}",-0.3024492751875877,-0.8137565076628523,-0.8678331453085315,103.5
FILUSDT,1d,momentum,mom_ret,"{""lb"": 10, ""thr"": 0.0}",-0.2836888944761154,-0.5865385598141565,-0.8679958090773754,85.5
FILUSDT,1d,momentum,mom_ret,"{""lb"": 10, ""thr"": 0.02}",0.04724161068212085,-0.778126467032828,-0.8968522514347704,83.5
FILUSDT,1d,momentum,mom_ret,"{""lb"": 10, ""thr"": 0.05}",0.047879555374571635,-0.5991189845156699,-0.8186459748283555,87.5
FILUSDT,1d,momentum,mom_ret,"{""lb"": 20, ""thr"": 0.0}",0.12815950083203032,0.24933601490837945,-0.3785993123841437,50.5
FILUSDT,1d,momentum,mom_ret,"{""lb"": 20, ""thr"": 0.02}",-0.1578489150093683,0.009490032332994357,-0.5891810650302566,57.5
FILUSDT,1d,momentum,mom_ret,"{""lb"": 20, ""thr"": 0.05}",-0.31197079816694606,-0.41058630216598957,-0.7824573039427384,58.0
FILUSDT,1d,momentum,mom_ret,"{""lb"": 50, ""thr"": 0.0}",-0.3249932276307795,-1.036289232785338,-0.9662594557841327,41.5
FILUSDT,1d,momentum,mom_ret,"{""lb"": 50, ""thr"": 0.02}",-0.2871079658939688,-0.9061921093694837,-0.9541800937388367,41.5
FILUSDT,1d,momentum,mom_ret,"{""lb"": 50, ""thr"": 0.05}",-0.320398630469984,-1.0761169441429348,-0.9636938646843471,42.5
FILUSDT,1d,meanrev,rsi,"{""ob"": 65, ""os_"": 20}",-0.24622853087312258,0.8682197211763406,0.5923774303494944,34.0
FILUSDT,1d,meanrev,rsi,"{""ob"": 65, ""os_"": 30}",-0.32389411701543613,0.6343805003762278,0.37301271615130727,49.0
FILUSDT,1d,meanrev,rsi,"{""ob"": 65, ""os_"": 35}",-0.3186509527245322,0.09426316744789266,-0.17204078205390072,54.0
FILUSDT,1d,meanrev,rsi,"{""ob"": 70, ""os_"": 20}",-0.28717684606108035,0.5267077097116346,0.2368270593521853,25.0
FILUSDT,1d,meanrev,rsi,"{""ob"": 70, ""os_"": 30}",-0.3639297097117028,0.32814015309469236,0.06644269618784171,40.0
FILUSDT,1d,meanrev,rsi,"{""ob"": 70, ""os_"": 35}",-0.35349804164592064,-0.21463245501326614,-0.35690977196841245,45.0
FILUSDT,1d,meanrev,rsi,"{""ob"": 80, ""os_"": 20}",-0.05441253279950535,0.32024001453267115,0.08602793531582842,17.0
FILUSDT,1d,meanrev,rsi,"{""ob"": 80, ""os_"": 30}",-0.1964280725292777,0.10854352123574883,-0.06358245421946718,32.0
FILUSDT,1d,meanrev,rsi,"{""ob"": 80, ""os_"": 35}",-0.19224739237130184,-0.4929045858930856,-0.4353180201792002,37.0
FILUSDT,1d,meanrev,zscore,"{""lb"": 20, ""z"": 1.5}",-0.5576672199853353,-0.28471315822923765,-0.7677551650717446,44.5
FILUSDT,1d,meanrev,zscore,"{""lb"": 20, ""z"": 2.0}",-0.09065054583353957,-0.14528205850576698,-0.6383519882661097,36.0
FILUSDT,1d,meanrev,zscore,"{""lb"": 20, ""z"": 2.5}",0.004243105386656752,-0.5016919304127618,-0.7366534889617911,14.0
FILUSDT,1d,meanrev,zscore,"{""lb"": 50, ""z"": 1.5}",-0.7012410158462709,0.17078787327370873,-0.05566860086885883,25.0
FILUSDT,1d,meanrev,zscore,"{""lb"": 50, ""z"": 2.0}",-0.3457481832840489,0.9584862137720018,0.6017874680099622,19.0
FILUSDT,1d,meanrev,zscore,"{""lb"": 50, ""z"": 2.5}",0.8742946294877731,-0.35072156173562263,-0.21038373899877016,10.0
FILUSDT,1d,meanrev,bb,"{""span"": 20, ""mult"": 1.5}",-0.5576672199853353,-0.28471315822923765,-0.7677551650717446,44.5
FILUSDT,1d,meanrev,bb,"{""span"": 20, ""mult"": 2.0}",-0.09065054583353957,-0.14528205850576698,-0.6383519882661097,36.0
FILUSDT,1d,meanrev,bb,"{""span"": 20, ""mult"": 2.5}",0.004243105386656752,-0.5016919304127618,-0.7366534889617911,14.0
FILUSDT,1d,meanrev,bb,"{""span"": 50, ""mult"": 1.5}",-0.7012410158462709,0.17078787327370873,-0.05566860086885883,25.0
FILUSDT,1d,meanrev,bb,"{""span"": 50, ""mult"": 2.0}",-0.3457481832840489,0.9584862137720018,0.6017874680099622,19.0
FILUSDT,1d,meanrev,bb,"{""span"": 50, ""mult"": 2.5}",0.8742946294877731,-0.35072156173562263,-0.21038373899877016,10.0
FILUSDT,1d,carry,funding,"{""thr"": 5e-05}",-0.1555791548021693,1.8162037984796058,9.342094704617049,184.5
FILUSDT,1d,carry,funding,"{""thr"": 0.0001}",-0.9379229570464066,0.8607598098647792,1.049453878698058,49.5
FILUSDT,1d,carry,funding,"{""thr"": 0.0002}",-0.6874768672164107,1.0518180705056408,1.548788688728619,28.0
FILUSDT,1d,carry,funding,"{""thr"": 0.0005}",-0.016655103530708027,0.9667194920815709,1.2510780422984724,3.0
FILUSDT,1d,carry,funding_pct,"{""lb"": 100, ""hi"": 0.8}",-0.4082472034801691,1.0152928684619864,1.520510630988896,87.5
FILUSDT,1d,carry,funding_pct,"{""lb"": 100, ""hi"": 0.9}",-0.4023280153703563,0.7709535456360792,0.8273699626208326,54.5
FILUSDT,1d,carry,funding_pct,"{""lb"": 100, ""hi"": 0.95}",-0.24431604290118428,1.1214462374484961,1.773172926494896,32.0
FILUSDT,1d,carry,funding_pct,"{""lb"": 500, ""hi"": 0.8}",-0.5006553557422359,0.8519801094413857,1.0453114453763832,100.5
FILUSDT,1d,carry,funding_pct,"{""lb"": 500, ""hi"": 0.9}",-0.7934950793299197,1.0749212515727216,1.7032696815481345,75.0
FILUSDT,1d,carry,funding_pct,"{""lb"": 500, ""hi"": 0.95}",-0.8242422112901451,0.9613604589717885,1.2785723970455307,53.0
FILUSDT,1d,carry,funding_mom,"{""lb"": 24}",-1.5154008037048448,0.5948768582196386,0.26774367798594545,235.5
FILUSDT,1d,carry,funding_mom,"{""lb"": 100}",-1.0304566728246123,1.8924191552202339,10.852088656933072,204.5
FILUSDT,1d,carry,funding_mom,"{""lb"": 500}",-0.26040798143343363,0.7663220596809454,0.7348080862950142,157.5
FILUSDT,1d,carry,funding_price_div,"{""lb"": 24}",-1.6648866727276712,0.00591564377245838,-0.350149182351027,117.0
FILUSDT,1d,carry,funding_price_div,"{""lb"": 100}",-0.36902500613181166,1.2122928816975485,0.9588215826654352,95.0
FILUSDT,1d,carry,funding_price_div,"{""lb"": 500}",-0.8520977082544706,0.010070266831081637,-0.05396554554079447,53.0
FILUSDT,1d,ichimoku,cloud,"{""tenkan"": 9, ""kijun"": 26, ""senkou"": 52, ""disp"": 26}",0.3742466048952131,-0.8982371750484603,-0.9525666083234848,30.5
FILUSDT,1d,ichimoku,cloud_fast,"{""tenkan"": 7, ""kijun"": 14, ""senkou"": 28, ""disp"": 14}",0.630192419388921,-0.8518336484430956,-0.8521397802619171,41.5
FILUSDT,1d,ichimoku,cloud_slow,"{""tenkan"": 12, ""kijun"": 24, ""senkou"": 52, ""disp"": 24}",0.4325727897785781,-0.9778648549939234,-0.9582137399885182,38.5
FILUSDT,1d,ichimoku,tk,"{""tenkan"": 9, ""kijun"": 26}",0.2641249518798075,0.27530299499403205,-0.19693590692922391,29.5
FILUSDT,1d,ichimoku,combo,"{""tenkan"": 9, ""kijun"": 26, ""senkou"": 52, ""disp"": 26}",0.07640778573270927,0.20654309126537135,-0.19238120807369585,29.0
FILUSDT,4h,trend,ema_cross,"{""fast"": 10, ""slow"": 50}",0.039941077463965274,-4.649660755394072,-0.8590220533775734,38.5
FILUSDT,4h,trend,ema_cross,"{""fast"": 10, ""slow"": 100}",-0.5279213506569466,-2.328448336998163,-0.6555910886846954,26.5
FILUSDT,4h,trend,ema_cross,"{""fast"": 10, ""slow"": 200}",-0.06218780386529827,-0.5082879010039998,-0.3059849442117133,10.5
FILUSDT,4h,trend,ema_cross,"{""fast"": 20, ""slow"": 50}",-0.12826980399110352,-3.374660394925019,-0.7699855032921121,26.5
FILUSDT,4h,trend,ema_cross,"{""fast"": 20, ""slow"": 100}",-0.02347640077030229,-1.6067678120032398,-0.545179823570917,20.5
FILUSDT,4h,trend,ema_cross,"{""fast"": 20, ""slow"": 200}",-0.29062381929582864,-0.243099128733812,-0.23106004572226457,6.5
FILUSDT,4h,trend,ema_cross,"{""fast"": 50, ""slow"": 100}",-0.6715101448855784,-0.29539004958765125,-0.24642290941291178,8.5
FILUSDT,4h,trend,ema_cross,"{""fast"": 50, ""slow"": 200}",-2.26932365373276,-0.7707781242352548,-0.37230440524894703,6.5
FILUSDT,4h,trend,ema_slope,"{""span"": 20, ""thr"": 0.0}",-0.19270037779589508,-3.9094909396950532,-0.8133401370883534,157.5
FILUSDT,4h,trend,ema_slope,"{""span"": 20, ""thr"": 0.001}",-0.4268318489101622,-2.69928659062162,-0.6631802438889014,129.5
FILUSDT,4h,trend,ema_slope,"{""span"": 20, ""thr"": 0.005}",-0.3284367959572058,-4.992489060541285,-0.5399921460245982,43.0
FILUSDT,4h,trend,ema_slope,"{""span"": 50, ""thr"": 0.0}",0.15857963081151868,-4.12853880203538,-0.8280193063928302,109.5
FILUSDT,4h,trend,ema_slope,"{""span"": 50, ""thr"": 0.001}",0.13745833478620673,-4.199521094578731,-0.7501253779953939,81.0
FILUSDT,4h,trend,ema_slope,"{""span"": 50, ""thr"": 0.005}",0.38214327832819556,-1.3990482429577689,-0.14014882504171466,6.0
FILUSDT,4h,trend,ema_slope,"{""span"": 100, ""thr"": 0.0}",-0.20302944954821042,-4.585734401617985,-0.855549514062509,84.5
FILUSDT,4h,trend,ema_slope,"{""span"": 100, ""thr"": 0.001}",-0.03284460476464171,-4.958050905826161,-0.7209157951552239,54.0
FILUSDT,4h,trend,ema_slope,"{""span"": 100, ""thr"": 0.005}",0.38168395814216294,-2.7105968488554635,-0.084817895073385,2.0
FILUSDT,4h,trend,price_ema,"{""span"": 20, ""thr"": 0.0}",-0.19270037779589508,-3.9094909396950532,-0.8133401370883534,157.5
FILUSDT,4h,trend,price_ema,"{""span"": 20, ""thr"": 0.02}",-0.7999807479071473,-3.0225674274907437,-0.6468630298820361,103.5
FILUSDT,4h,trend,price_ema,"{""span"": 20, ""thr"": 0.05}",-0.9604349358592916,-4.651204573548323,-0.5029001385600441,39.0
FILUSDT,4h,trend,price_ema,"{""span"": 50, ""thr"": 0.0}",0.15857963081151868,-4.12853880203538,-0.8280193063928302,109.5
FILUSDT,4h,trend,price_ema,"{""span"": 50, ""thr"": 0.02}",0.3839079435138769,-3.8439708750608914,-0.7381225846911579,87.0
FILUSDT,4h,trend,price_ema,"{""span"": 50, ""thr"": 0.05}",-0.9972027090835964,-3.7592979047570334,-0.5859594401388529,50.0
FILUSDT,4h,trend,price_ema,"{""span"": 100, ""thr"": 0.0}",-0.20302944954821042,-4.585734401617985,-0.855549514062509,84.5
FILUSDT,4h,trend,price_ema,"{""span"": 100, ""thr"": 0.02}",0.20695672908585963,-4.152250424990015,-0.7921969884795762,69.0
FILUSDT,4h,trend,price_ema,"{""span"": 100, ""thr"": 0.05}",-0.03639540953861805,-4.967973201591626,-0.7215460901342607,53.0
FILUSDT,4h,trend,donchian,"{""lb"": 10}",-0.41575393941978545,-3.271012902363405,-0.5872382462437502,159.5
FILUSDT,4h,trend,donchian,"{""lb"": 20}",-0.05482580713289468,-3.8818145953077225,-0.5538230183126062,101.5
FILUSDT,4h,trend,donchian,"{""lb"": 55}",0.7067847954310393,-4.7634466449723725,-0.49927730744741217,53.0
FILUSDT,4h,momentum,mom_ret,"{""lb"": 5, ""thr"": 0.0}",-1.8228576678651351,-1.1475697314379318,-0.4551835966206882,195.5
FILUSDT,4h,momentum,mom_ret,"{""lb"": 5, ""thr"": 0.02}",-1.3361070219017972,-4.010696023409184,-0.7381293553993737,170.5
FILUSDT,4h,momentum,mom_ret,"{""lb"": 5, ""thr"": 0.05}",-1.0136510371796341,-2.779053574163317,-0.44555858184326835,60.0
FILUSDT,4h,momentum,mom_ret,"{""lb"": 10, ""thr"": 0.0}",0.5841319330175925,-2.6132967642719045,-0.6920933861497075,166.5
FILUSDT,4h,momentum,mom_ret,"{""lb"": 10, ""thr"": 0.02}",-0.21126594985881428,-1.261772065397644,-0.4190410020519081,129.5
FILUSDT,4h,momentum,mom_ret,"{""lb"": 10, ""thr"": 0.05}",0.18706199806440257,-4.403582683212063,-0.6079743995397524,73.5
FILUSDT,4h,momentum,mom_ret,"{""lb"": 20, ""thr"": 0.0}",-1.733202973557305,-3.752890527925074,-0.8011946755254962,122.5
FILUSDT,4h,momentum,mom_ret,"{""lb"": 20, ""thr"": 0.02}",-0.9298190387173272,-3.8407926146229268,-0.7786885412960503,108.0
FILUSDT,4h,momentum,mom_ret,"{""lb"": 20, ""thr"": 0.05}",-0.6075561018383537,-3.7557833325466667,-0.6502748238489346,76.0
FILUSDT,4h,momentum,mom_ret,"{""lb"": 50, ""thr"": 0.0}",0.5050027070854033,-3.042027960454772,-0.7393397749153618,74.5
FILUSDT,4h,momentum,mom_ret,"{""lb"": 50, ""thr"": 0.02}",0.2989812788535422,-2.9206633321480933,-0.6981164922178991,69.0
FILUSDT,4h,momentum,mom_ret,"{""lb"": 50, ""thr"": 0.05}",0.4498580318731899,-3.0512758952394043,-0.64179838115117,73.0
FILUSDT,4h,meanrev,rsi,"{""ob"": 65, ""os_"": 20}",-0.3610378126036884,0.39502388833425217,0.03342051611672758,52.0
FILUSDT,4h,meanrev,rsi,"{""ob"": 65, ""os_"": 30}",-0.4318543397232142,-0.2024091480561168,-0.09301832464417015,71.0
FILUSDT,4h,meanrev,rsi,"{""ob"": 65, ""os_"": 35}",-1.1459398006620662,-0.5872492253598306,-0.17604155962816515,75.0
FILUSDT,4h,meanrev,rsi,"{""ob"": 70, ""os_"": 20}",-0.63399194280344,1.6058410063041475,0.21319919531784515,47.0
FILUSDT,4h,meanrev,rsi,"{""ob"": 70, ""os_"": 30}",-0.6774821308675467,0.5596735747637855,0.06476446088422327,66.0
FILUSDT,4h,meanrev,rsi,"{""ob"": 70, ""os_"": 35}",-1.40377685505587,0.03397219749458611,-0.032701885394399555,70.0
FILUSDT,4h,meanrev,rsi,"{""ob"": 80, ""os_"": 20}",-1.352468126784562,1.1150404844079338,0.06986087838271593,22.0
FILUSDT,4h,meanrev,rsi,"{""ob"": 80, ""os_"": 30}",-1.296959829813852,-0.3519772330020263,-0.061036435081174956,41.0
FILUSDT,4h,meanrev,rsi,"{""ob"": 80, ""os_"": 35}",-2.0563240803816574,-0.9199174327671289,-0.14698722638143014,45.0
FILUSDT,4h,meanrev,zscore,"{""lb"": 20, ""z"": 1.5}",-2.033456832221617,0.926140747353399,0.16154838613529066,85.0
FILUSDT,4h,meanrev,zscore,"{""lb"": 20, ""z"": 2.0}",-2.5005542225268096,0.100720624549245,-0.012614218981360614,51.0
FILUSDT,4h,meanrev,zscore,"{""lb"": 20, ""z"": 2.5}",-1.6411517441942745,1.7430840666608356,0.13169780928197916,23.0
FILUSDT,4h,meanrev,zscore,"{""lb"": 50, ""z"": 1.5}",-1.3350055795701716,0.6138768037237251,0.08315353092825628,52.0
FILUSDT,4h,meanrev,zscore,"{""lb"": 50, ""z"": 2.0}",-2.1055323528063603,0.4939871049877634,0.05258988118070751,39.0
FILUSDT,4h,meanrev,zscore,"{""lb"": 50, ""z"": 2.5}",-1.30000385319547,-0.0914262999609982,-0.039039077841514724,21.0
FILUSDT,4h,meanrev,bb,"{""span"": 20, ""mult"": 1.5}",-2.033456832221617,0.926140747353399,0.16154838613529066,85.0
FILUSDT,4h,meanrev,bb,"{""span"": 20, ""mult"": 2.0}",-2.5005542225268096,0.100720624549245,-0.012614218981360614,51.0
FILUSDT,4h,meanrev,bb,"{""span"": 20, ""mult"": 2.5}",-1.6411517441942745,1.7430840666608356,0.13169780928197916,23.0
FILUSDT,4h,meanrev,bb,"{""span"": 50, ""mult"": 1.5}",-1.3350055795701716,0.6138768037237251,0.08315353092825628,52.0
FILUSDT,4h,meanrev,bb,"{""span"": 50, ""mult"": 2.0}",-2.1055323528063603,0.4939871049877634,0.05258988118070751,39.0
FILUSDT,4h,meanrev,bb,"{""span"": 50, ""mult"": 2.5}",-1.30000385319547,-0.0914262999609982,-0.039039077841514724,21.0
FILUSDT,4h,carry,funding,"{""thr"": 5e-05}",0.10833628786753886,-0.47393086491407993,-0.2427465575570622,162.5
FILUSDT,4h,carry,funding,"{""thr"": 0.0001}",0.24369047225121898,-1.0942570964591074,-0.19059047145470498,43.0
FILUSDT,4h,carry,funding,"{""thr"": 0.0002}",0.6209174681423658,-0.9749203682013126,-0.13082299296863042,21.0
FILUSDT,4h,carry,funding,"{""thr"": 0.0005}",1.2191792877338965,-1.3036942563361629,-0.05155636996204349,2.0
FILUSDT,4h,carry,funding_pct,"{""lb"": 100, ""hi"": 0.8}",0.19496315760888325,-1.6119005424796546,-0.3039646554599764,80.0
FILUSDT,4h,carry,funding_pct,"{""lb"": 100, ""hi"": 0.9}",0.3284700753115504,-2.1922047495051142,-0.29710843646649254,39.0
FILUSDT,4h,carry,funding_pct,"{""lb"": 100, ""hi"": 0.95}",0.009380705152978579,-0.3650278962375607,-0.054066052379770135,24.0
FILUSDT,4h,carry,funding_pct,"{""lb"": 500, ""hi"": 0.8}",-0.31437032252382463,-0.676522887887924,-0.1586976071851588,60.0
FILUSDT,4h,carry,funding_pct,"{""lb"": 500, ""hi"": 0.9}",0.5086872381143829,-1.7941582846210427,-0.21894952446090765,21.0
FILUSDT,4h,carry,funding_pct,"{""lb"": 500, ""hi"": 0.95}",1.5935499484556381,-0.5468897610818324,-0.06467984419717698,15.0
FILUSDT,4h,carry,funding_mom,"{""lb"": 24}",-0.39861161813884133,-1.0653237328485816,-0.42857732396773174,187.5
FILUSDT,4h,carry,funding_mom,"{""lb"": 100}",0.9704022140457177,-1.3352055691689189,-0.49071356273137523,189.0
FILUSDT,4h,carry,funding_mom,"{""lb"": 500}",0.11955180506291774,-0.6267896266759289,-0.32511681034064555,185.0
FILUSDT,4h,carry,funding_price_div,"{""lb"": 24}",-0.5463721835738765,-3.9244983491156575,-0.6270689544563839,138.5
FILUSDT,4h,carry,funding_price_div,"{""lb"": 100}",1.1988319746304692,-3.3704364673474334,-0.6114099432628445,115.0
FILUSDT,4h,carry,funding_price_div,"{""lb"": 500}",-0.3921562453559076,-2.46895719355506,-0.4676682948347689,100.0
FILUSDT,4h,ichimoku,cloud,"{""tenkan"": 9, ""kijun"": 26, ""senkou"": 52, ""disp"": 26}",1.008861994965989,-4.079784793661701,-0.8039933034170257,74.5
FILUSDT,4h,ichimoku,cloud_fast,"{""tenkan"": 7, ""kijun"": 14, ""senkou"": 28, ""disp"": 14}",0.2521244239791687,-4.1394285615234345,-0.8088656677004855,91.0
FILUSDT,4h,ichimoku,cloud_slow,"{""tenkan"": 12, ""kijun"": 24, ""senkou"": 52, ""disp"": 24}",1.0590854473214786,-4.5204017003307255,-0.8342800112601717,82.5
FILUSDT,4h,ichimoku,tk,"{""tenkan"": 9, ""kijun"": 26}",-0.7944988561388533,-2.2396877993339794,-0.6275891070551496,51.5
FILUSDT,4h,ichimoku,combo,"{""tenkan"": 9, ""kijun"": 26, ""senkou"": 52, ""disp"": 26}",0.14376639152802462,-3.2895622114064107,-0.6946534843145271,63.5
FILUSDT,1h,trend,ema_cross,"{""fast"": 10, ""slow"": 50}",-0.9705067581001365,-2.267979577626586,-0.6396036316153889,117.5
FILUSDT,1h,trend,ema_cross,"{""fast"": 10, ""slow"": 100}",-0.5641669662402832,-2.6046424651023883,-0.6821669884565285,77.5
FILUSDT,1h,trend,ema_cross,"{""fast"": 10, ""slow"": 200}",-0.7827070604730373,-2.539448396283387,-0.6739350871356645,62.5
FILUSDT,1h,trend,ema_cross,"{""fast"": 20, ""slow"": 50}",-1.185662564401712,-2.7016683706888664,-0.6941330172078934,91.5
FILUSDT,1h,trend,ema_cross,"{""fast"": 20, ""slow"": 100}",-0.6266577483632954,-2.279868099345602,-0.640125006090779,55.5
FILUSDT,1h,trend,ema_cross,"{""fast"": 20, ""slow"": 200}",-1.0053822735842353,-3.3121053668975957,-0.7563610611357069,50.5
FILUSDT,1h,trend,ema_cross,"{""fast"": 50, ""slow"": 100}",-0.6667277211114538,-2.7503819975390815,-0.698564416249591,40.5
FILUSDT,1h,trend,ema_cross,"{""fast"": 50, ""slow"": 200}",-0.3712447167406124,-4.555059658708126,-0.8471762662500596,36.5
FILUSDT,1h,trend,ema_slope,"{""span"": 20, ""thr"": 0.0}",-3.6457875317708788,-6.290718404031922,-0.9221910838468041,554.5
FILUSDT,1h,trend,ema_slope,"{""span"": 20, ""thr"": 0.001}",-2.6964512150202644,-6.397668827834152,-0.8666808119632876,409.5
FILUSDT,1h,trend,ema_slope,"{""span"": 20, ""thr"": 0.005}",1.3911615318367847,-1.663423251347016,-0.209235485500876,36.0
FILUSDT,1h,trend,ema_slope,"{""span"": 50, ""thr"": 0.0}",-2.282843871629914,-4.582673706790407,-0.8510339604178085,333.5
FILUSDT,1h,trend,ema_slope,"{""span"": 50, ""thr"": 0.001}",-1.8296484141866527,-4.286506792899928,-0.6963268793628121,198.0
FILUSDT,1h,trend,ema_slope,"{""span"": 50, ""thr"": 0.005}",1.787258422200317,-3.119296380256372,-0.16176755263844977,9.0
FILUSDT,1h,trend,ema_slope,"{""span"": 100, ""thr"": 0.0}",-0.5681030577301548,-4.175674166373995,-0.8256632728124379,241.5
FILUSDT,1h,trend,ema_slope,"{""span"": 100, ""thr"": 0.001}",-1.0242809401310344,-4.2006930797456885,-0.6149160417664769,95.0
FILUSDT,1h,trend,ema_slope,"{""span"": 100, ""thr"": 0.005}",0.94092931508405,0.0,0.0,0.0
FILUSDT,1h,trend,price_ema,"{""span"": 20, ""thr"": 0.0}",-3.6457875317708788,-6.290718404031922,-0.9221910838468041,554.5
FILUSDT,1h,trend,price_ema,"{""span"": 20, ""thr"": 0.02}",-1.6655720333496264,-5.242244940900325,-0.6936579679993309,194.0
FILUSDT,1h,trend,price_ema,"{""span"": 20, ""thr"": 0.05}",1.5333029632280335,-2.5404338874495602,-0.27681296996947957,34.0
FILUSDT,1h,trend,price_ema,"{""span"": 50, ""thr"": 0.0}",-2.282843871629914,-4.582673706790407,-0.8510339604178085,333.5
FILUSDT,1h,trend,price_ema,"{""span"": 50, ""thr"": 0.02}",-1.685078614247306,-4.514707506470246,-0.7390989956920373,229.5
FILUSDT,1h,trend,price_ema,"{""span"": 50, ""thr"": 0.05}",-0.9312680945447692,-3.1321271597037006,-0.43017199540282103,54.0
FILUSDT,1h,trend,price_ema,"{""span"": 100, ""thr"": 0.0}",-0.5681030577301548,-4.175674166373995,-0.8256632728124379,241.5
FILUSDT,1h,trend,price_ema,"{""span"": 100, ""thr"": 0.02}",-0.8082933777992538,-4.080355118458843,-0.7502341626024462,204.0
FILUSDT,1h,trend,price_ema,"{""span"": 100, ""thr"": 0.05}",-0.9531262675448127,-4.157102507864229,-0.6110325719446088,92.0
FILUSDT,1h,trend,donchian,"{""lb"": 10}",-4.973297280960587,-10.921616074990968,-0.9267797508527669,626.0
FILUSDT,1h,trend,donchian,"{""lb"": 20}",-2.7588565103648977,-7.463074670224025,-0.796802464248959,422.0
FILUSDT,1h,trend,donchian,"{""lb"": 55}",-1.129043244339337,-5.841785739252067,-0.6130251278393042,222.0
FILUSDT,1h,momentum,mom_ret,"{""lb"": 5, ""thr"": 0.0}",-6.9582665292536,-8.776309724962374,-0.9698156822280718,824.5
FILUSDT,1h,momentum,mom_ret,"{""lb"": 5, ""thr"": 0.02}",-3.2087281695797185,-6.319923149162305,-0.7764604378327955,330.0
FILUSDT,1h,momentum,mom_ret,"{""lb"": 5, ""thr"": 0.05}",0.4163085032538132,-2.722413065778447,-0.3021546333311552,54.0
FILUSDT,1h,momentum,mom_ret,"{""lb"": 10, ""thr"": 0.0}",-3.6353997175998414,-6.597278619303176,-0.9300501549845528,566.5
FILUSDT,1h,momentum,mom_ret,"{""lb"": 10, ""thr"": 0.02}",-3.5157054035158506,-6.526554238230182,-0.8354363525853814,354.0
FILUSDT,1h,momentum,mom_ret,"{""lb"": 10, ""thr"": 0.05}",-0.9015177320322674,-2.1538115751713645,-0.3183871190630694,73.0
FILUSDT,1h,momentum,mom_ret,"{""lb"": 20, ""thr"": 0.0}",-2.546068233540066,-2.7122669978774843,-0.694201283232448,379.5
FILUSDT,1h,momentum,mom_ret,"{""lb"": 20, ""thr"": 0.02}",-2.6062735901664515,-5.381925805036715,-0.8255098816483768,320.5
FILUSDT,1h,momentum,mom_ret,"{""lb"": 20, ""thr"": 0.05}",-0.7657159687787267,-3.5976524918525095,-0.5270163984990213,113.0
FILUSDT,1h,momentum,mom_ret,"{""lb"": 50, ""thr"": 0.0}",-1.3319087560899914,-3.8840001171111087,-0.8039535255940675,283.5
FILUSDT,1h,momentum,mom_ret,"{""lb"": 50, ""thr"": 0.02}",-1.1243534749876358,-3.3189577808543613,-0.6934926197455294,224.5
FILUSDT,1h,momentum,mom_ret,"{""lb"": 50, ""thr"": 0.05}",-0.9326619162216265,-3.343082484365247,-0.5816657114605714,138.0
FILUSDT,1h,meanrev,rsi,"{""ob"": 65, ""os_"": 20}",-3.9094107192850123,-4.493331149208207,-0.5917484369305985,205.5
FILUSDT,1h,meanrev,rsi,"{""ob"": 65, ""os_"": 30}",-4.0162951370764315,-4.062895903229825,-0.6105760152956635,302.5
FILUSDT,1h,meanrev,rsi,"{""ob"": 65, ""os_"": 35}",-4.182690425934457,-5.227939576477397,-0.7447999994968267,339.5
FILUSDT,1h,meanrev,rsi,"{""ob"": 70, ""os_"": 20}",-3.731488732075194,-4.295637930364181,-0.5147511724196598,156.0
FILUSDT,1h,meanrev,rsi,"{""ob"": 70, ""os_"": 30}",-3.823107280553989,-3.7453797564641986,-0.5371296790912262,253.0
FILUSDT,1h,meanrev,rsi,"{""ob"": 70, ""os_"": 35}",-3.990080835504869,-5.007748631871184,-0.696668641972561,290.0
FILUSDT,1h,meanrev,rsi,"{""ob"": 80, ""os_"": 20}",-3.3092526046447186,-3.23401989950203,-0.3090541980857604,99.0
FILUSDT,1h,meanrev,rsi,"{""ob"": 80, ""os_"": 30}",-3.3672743863872263,-2.528371725783707,-0.34091895356581003,196.0
FILUSDT,1h,meanrev,rsi,"{""ob"": 80, ""os_"": 35}",-3.544511801389218,-4.12034669021247,-0.5680864816034927,233.0
FILUSDT,1h,meanrev,zscore,"{""lb"": 20, ""z"": 1.5}",-7.125600050659565,-6.993937354777825,-0.787796671749081,349.0
FILUSDT,1h,meanrev,zscore,"{""lb"": 20, ""z"": 2.0}",-6.250929347241981,-5.6926251272247255,-0.5932899761438306,209.0
FILUSDT,1h,meanrev,zscore,"{""lb"": 20, ""z"": 2.5}",-3.2351870042845086,-4.642556159543119,-0.4371797783092314,99.0
FILUSDT,1h,meanrev,zscore,"{""lb"": 50, ""z"": 1.5}",-3.8158962501720928,-3.6229783122792325,-0.5922795738242816,234.5
FILUSDT,1h,meanrev,zscore,"{""lb"": 50, ""z"": 2.0}",-3.559989887306672,-2.294297669421679,-0.3363337748977916,137.0
FILUSDT,1h,meanrev,zscore,"{""lb"": 50, ""z"": 2.5}",-3.4771205628131816,-3.100149722885642,-0.33257537823528105,76.0
FILUSDT,1h,meanrev,bb,"{""span"": 20, ""mult"": 1.5}",-7.125600050659565,-6.993937354777825,-0.787796671749081,349.0
FILUSDT,1h,meanrev,bb,"{""span"": 20, ""mult"": 2.0}",-6.250929347241981,-5.6926251272247255,-0.5932899761438306,209.0
FILUSDT,1h,meanrev,bb,"{""span"": 20, ""mult"": 2.5}",-3.2351870042845086,-4.642556159543119,-0.4371797783092314,99.0
FILUSDT,1h,meanrev,bb,"{""span"": 50, ""mult"": 1.5}",-3.8158962501720928,-3.6229783122792325,-0.5922795738242816,234.5
FILUSDT,1h,meanrev,bb,"{""span"": 50, ""mult"": 2.0}",-3.559989887306672,-2.294297669421679,-0.3363337748977916,137.0
FILUSDT,1h,meanrev,bb,"{""span"": 50, ""mult"": 2.5}",-3.4771205628131816,-3.100149722885642,-0.33257537823528105,76.0
FILUSDT,1h,carry,funding,"{""thr"": 5e-05}",-0.4341279870612168,-0.26389327008376584,-0.19481895345191702,162.5
FILUSDT,1h,carry,funding,"{""thr"": 0.0001}",0.13693258171373546,-1.2044548672813247,-0.21182878951055895,43.0
FILUSDT,1h,carry,funding,"{""thr"": 0.0002}",1.1052634479423478,-0.8618053791167518,-0.11224913818994631,21.0
FILUSDT,1h,carry,funding,"{""thr"": 0.0005}",1.4385509997702854,-0.37380268846748443,-0.019171006631897636,2.0
FILUSDT,1h,carry,funding_pct,"{""lb"": 100, ""hi"": 0.8}",-0.5650263476400876,-2.994623365838061,-0.4691516335285102,122.0
FILUSDT,1h,carry,funding_pct,"{""lb"": 100, ""hi"": 0.9}",-3.570113406861543,-3.865472783154366,-0.41942458612522315,70.0
FILUSDT,1h,carry,funding_pct,"{""lb"": 100, ""hi"": 0.95}",-2.5921580559653963,-3.147131529737735,-0.2515822292036617,48.0
FILUSDT,1h,carry,funding_pct,"{""lb"": 500, ""hi"": 0.8}",-0.06112359015712846,-1.6693370319058858,-0.31160113033187486,88.0
FILUSDT,1h,carry,funding_pct,"{""lb"": 500, ""hi"": 0.9}",0.5947534390070984,-1.59869550056471,-0.23745989291785385,46.0
FILUSDT,1h,carry,funding_pct,"{""lb"": 500, ""hi"": 0.95}",-0.6727852996187773,-1.195636584763287,-0.1333715308506832,22.0
FILUSDT,1h,carry,funding_mom,"{""lb"": 24}",-2.703518556644208,-0.6948649923270132,-0.327747157103778,245.5
FILUSDT,1h,carry,funding_mom,"{""lb"": 100}",-0.6866056835905907,-1.319174342405675,-0.4693646837628118,238.5
FILUSDT,1h,carry,funding_mom,"{""lb"": 500}",-1.7112207796959868,-1.0658777356547353,-0.41844704472263294,250.5
FILUSDT,1h,carry,funding_price_div,"{""lb"": 24}",-3.6971146923379283,-4.921315719811683,-0.6899196667737426,267.0
FILUSDT,1h,carry,funding_price_div,"{""lb"": 100}",-0.879270542452675,-3.695487951910968,-0.6147086137270075,210.5
FILUSDT,1h,carry,funding_price_div,"{""lb"": 500}",-0.6279758895409997,-2.608292107397625,-0.474996426586641,163.0
FILUSDT,1h,ichimoku,cloud,"{""tenkan"": 9, ""kijun"": 26, ""senkou"": 52, ""disp"": 26}",-1.3046594616875202,-4.954879658944908,-0.8539274168284722,235.5
FILUSDT,1h,ichimoku,cloud_fast,"{""tenkan"": 7, ""kijun"": 14, ""senkou"": 28, ""disp"": 14}",-1.344772793509636,-4.93607570253196,-0.852814660417326,302.5
FILUSDT,1h,ichimoku,cloud_slow,"{""tenkan"": 12, ""kijun"": 24, ""senkou"": 52, ""disp"": 24}",-1.2526237655532333,-4.898934790981671,-0.848917978038378,229.5
FILUSDT,1h,ichimoku,tk,"{""tenkan"": 9, ""kijun"": 26}",-0.27013451943064926,-3.2961000995902783,-0.7478131510879538,205.5
FILUSDT,1h,ichimoku,combo,"{""tenkan"": 9, ""kijun"": 26, ""senkou"": 52, ""disp"": 26}",-1.2301044127518046,-4.528404656145708,-0.7934893422943052,202.5
INJUSDT,1d,trend,ema_cross,"{""fast"": 10, ""slow"": 50}",0.4080260063246028,0.816872861487628,0.6403080640405772,9.5
INJUSDT,1d,trend,ema_cross,"{""fast"": 10, ""slow"": 100}",0.8420913667879762,0.5146793237064493,0.007573589282190651,9.5
INJUSDT,1d,trend,ema_cross,"{""fast"": 10, ""slow"": 200}",0.6027955718624903,-0.3483580052942302,-0.7512090796693469,8.5
INJUSDT,1d,trend,ema_cross,"{""fast"": 20, ""slow"": 50}",0.7832973359760205,0.5795606631482704,0.11915821937759064,9.5
INJUSDT,1d,trend,ema_cross,"{""fast"": 20, ""slow"": 100}",0.6882540593027244,0.3576283554021393,-0.2195345118150821,6.5
INJUSDT,1d,trend,ema_cross,"{""fast"": 20, ""slow"": 200}",0.6636419144900868,-0.7861974878249691,-0.8775848417414545,11.5
INJUSDT,1d,trend,ema_cross,"{""fast"": 50, ""slow"": 100}",0.7825988882751451,0.29617763577895073,-0.29413266772313296,4.5
INJUSDT,1d,trend,ema_cross,"{""fast"": 50, ""slow"": 200}",0.37777527089895135,0.25918644076279207,-0.33760557548254955,1.5
INJUSDT,1d,trend,ema_slope,"{""span"": 20, ""thr"": 0.0}",0.3967917905519861,0.11206624708232264,-0.47439150646000094,75.5
INJUSDT,1d,trend,ema_slope,"{""span"": 20, ""thr"": 0.001}",0.1836266437091558,0.1444221436429332,-0.4233385341923206,67.5
INJUSDT,1d,trend,ema_slope,"{""span"": 20, ""thr"": 0.005}",0.019846732194445608,-0.12074676044286535,-0.5078582603750184,68.5
INJUSDT,1d,trend,ema_slope,"{""span"": 50, ""thr"": 0.0}",0.591451369960842,-0.21886430898943593,-0.693364788283138,45.5
INJUSDT,1d,trend,ema_slope,"{""span"": 50, ""thr"": 0.001}",0.4285803731364358,-0.049529046150317405,-0.5549462511445828,47.5
INJUSDT,1d,trend,ema_slope,"{""span"": 50, ""thr"": 0.005}",0.24205238615439564,0.6039304923587513,0.2965958052915354,27.0
INJUSDT,1d,trend,ema_slope,"{""span"": 100, ""thr"": 0.0}",0.3843070340071189,-0.34189706339456233,-0.7486070372909885,37.5
INJUSDT,1d,trend,ema_slope,"{""span"": 100, ""thr"": 0.001}",0.6006376708086493,-0.22640089859037424,-0.646911989803229,34.5
INJUSDT,1d,trend,ema_slope,"{""span"": 100, ""thr"": 0.005}",0.2785300952975575,0.13328765765521963,-0.20121990398983725,17.0
INJUSDT,1d,trend,price_ema,"{""span"": 20, ""thr"": 0.0}",0.3967917905519861,0.11206624708232264,-0.47439150646000094,75.5
INJUSDT,1d,trend,price_ema,"{""span"": 20, ""thr"": 0.02}",0.2606773374384656,-0.3597427514530081,-0.7097545034704416,66.5
INJUSDT,1d,trend,price_ema,"{""span"": 20, ""thr"": 0.05}",-0.026150460608992645,-0.08217182410570267,-0.4770089528078927,67.5
INJUSDT,1d,trend,price_ema,"{""span"": 50, ""thr"": 0.0}",0.591451369960842,-0.21886430898943593,-0.693364788283138,45.5
INJUSDT,1d,trend,price_ema,"{""span"": 50, ""thr"": 0.02}",0.42465314526561543,-0.028153955705527457,-0.545592133528517,47.5
INJUSDT,1d,trend,price_ema,"{""span"": 50, ""thr"": 0.05}",0.24408450155858527,0.20876181546374045,-0.307843180082904,46.5
INJUSDT,1d,trend,price_ema,"{""span"": 100, ""thr"": 0.0}",0.3843070340071189,-0.34189706339456233,-0.7486070372909885,37.5
INJUSDT,1d,trend,price_ema,"{""span"": 100, ""thr"": 0.02}",0.4862798089859706,-0.005805389054452367,-0.5446335363070539,35.5
INJUSDT,1d,trend,price_ema,"{""span"": 100, ""thr"": 0.05}",0.5857918498781521,-0.17322053508035784,-0.6168696743867523,32.5
INJUSDT,1d,trend,donchian,"{""lb"": 10}",-0.043216568662780244,-1.5706308410643717,-0.8313915394900762,101.5
INJUSDT,1d,trend,donchian,"{""lb"": 20}",-0.03827974263595242,-1.7870880764334613,-0.8224506986973342,71.5
INJUSDT,1d,trend,donchian,"{""lb"": 55}",0.28041368624787283,-1.2031217517594455,-0.6487473040030228,45.0
INJUSDT,1d,momentum,mom_ret,"{""lb"": 5, ""thr"": 0.0}",0.2724133446779338,-1.8807228910123415,-0.9790251345395864,136.5
INJUSDT,1d,momentum,mom_ret,"{""lb"": 5, ""thr"": 0.02}",0.4067980588798334,-1.3204751619739523,-0.9331805264782362,124.5
INJUSDT,1d,momentum,mom_ret,"{""lb"": 5, ""thr"": 0.05}",0.3820393543884188,-1.221851447626916,-0.8687535575292774,111.0
INJUSDT,1d,momentum,mom_ret,"{""lb"": 10, ""thr"": 0.0}",-0.4673617028745558,-0.8469643840199244,-0.8905299802738174,89.5
INJUSDT,1d,momentum,mom_ret,"{""lb"": 10, ""thr"": 0.02}",-0.34723681175925464,-0.5789894476048403,-0.7958433112653306,79.5
INJUSDT,1d,momentum,mom_ret,"{""lb"": 10, ""thr"": 0.05}",-0.46946564919253636,-0.5817502467975971,-0.7572073502191442,89.5
INJUSDT,1d,momentum,mom_ret,"{""lb"": 20, ""thr"": 0.0}",0.242362981926674,-0.10522134723011238,-0.6307328292404449,65.5
INJUSDT,1d,momentum,mom_ret,"{""lb"": 20, ""thr"": 0.02}",0.20608758712987224,0.05200555239856516,-0.496670469209475,65.5
INJUSDT,1d,momentum,mom_ret,"{""lb"": 20, ""thr"": 0.05}",0.03569500264587581,-0.04227218974075435,-0.5368619055174884,52.5
INJUSDT,1d,momentum,mom_ret,"{""lb"": 50, ""thr"": 0.0}",-0.049598190800498626,0.6385390217789331,0.23371697287107973,23.5
INJUSDT,1d,momentum,mom_ret,"{""lb"": 50, ""thr"": 0.02}",-0.09509580559633231,0.5417479112740838,0.071271559789432,26.5
INJUSDT,1d,momentum,mom_ret,"{""lb"": 50, ""thr"": 0.05}",0.36771219326774157,0.3922156992313554,-0.1462682715265059,33.5
INJUSDT,1d,meanrev,rsi,"{""ob"": 65, ""os_"": 20}",-0.8853707648407909,0.013196588928563293,-0.13313241315863422,25.0
INJUSDT,1d,meanrev,rsi,"{""ob"": 65, ""os_"": 30}",-0.6686834732287232,0.8001303797618736,0.591748754401273,45.0
INJUSDT,1d,meanrev,rsi,"{""ob"": 65, ""os_"": 35}",-0.6259894194347279,0.362139165162599,0.04150851073888373,54.0
INJUSDT,1d,meanrev,rsi,"{""ob"": 70, ""os_"": 20}",-1.161111340113517,1.0054085566592863,0.5618015642377401,20.0
INJUSDT,1d,meanrev,rsi,"{""ob"": 70, ""os_"": 30}",-0.8953474122197866,1.5972069454097038,1.867791727633613,40.0
INJUSDT,1d,meanrev,rsi,"{""ob"": 70, ""os_"": 35}",-0.82495983444804,0.9762274626800967,0.8764453140599149,49.0
INJUSDT,1d,meanrev,rsi,"{""ob"": 80, ""os_"": 20}",-1.126220742524206,-0.22005730797747064,-0.12235451772874628,7.0
INJUSDT,1d,meanrev,rsi,"{""ob"": 80, ""os_"": 30}",-0.7389574972624069,0.909101464002604,0.6115392066987266,27.0
INJUSDT,1d,meanrev,rsi,"{""ob"": 80, ""os_"": 35}",-0.6478833349920421,0.3283055915175389,0.054457743111250734,36.0
INJUSDT,1d,meanrev,zscore,"{""lb"": 20, ""z"": 1.5}",-0.7222950241213808,0.9077669901184957,0.7395553383399356,55.5
INJUSDT,1d,meanrev,zscore,"{""lb"": 20, ""z"": 2.0}",-0.7644459718281478,0.7064647202468322,0.36433629281433855,32.5
INJUSDT,1d,meanrev,zscore,"{""lb"": 20, ""z"": 2.5}",-0.547677436492557,-0.31589389572622667,-0.10451963411691323,8.0
INJUSDT,1d,meanrev,zscore,"{""lb"": 50, ""z"": 1.5}",-0.6954304689006724,0.3098867712718561,0.0133237585420245,36.0
INJUSDT,1d,meanrev,zscore,"{""lb"": 50, ""z"": 2.0}",-0.5055824431353878,-0.2149253340002358,-0.19969420661636816,20.0
INJUSDT,1d,meanrev,zscore,"{""lb"": 50, ""z"": 2.5}",-0.865602446811154,0.5146213553790292,0.13592670613345592,13.0
INJUSDT,1d,meanrev,bb,"{""span"": 20, ""mult"": 1.5}",-0.7222950241213808,0.9077669901184957,0.7395553383399356,55.5
INJUSDT,1d,meanrev,bb,"{""span"": 20, ""mult"": 2.0}",-0.7644459718281478,0.7064647202468322,0.36433629281433855,32.5
INJUSDT,1d,meanrev,bb,"{""span"": 20, ""mult"": 2.5}",-0.547677436492557,-0.31589389572622667,-0.10451963411691323,8.0
INJUSDT,1d,meanrev,bb,"{""span"": 50, ""mult"": 1.5}",-0.6954304689006724,0.3098867712718561,0.0133237585420245,36.0
INJUSDT,1d,meanrev,bb,"{""span"": 50, ""mult"": 2.0}",-0.5055824431353878,-0.2149253340002358,-0.19969420661636816,20.0
INJUSDT,1d,meanrev,bb,"{""span"": 50, ""mult"": 2.5}",-0.865602446811154,0.5146213553790292,0.13592670613345592,13.0
INJUSDT,1d,carry,funding,"{""thr"": 5e-05}",-0.4778089214667548,1.1003590725750891,1.507484017683808,190.0
INJUSDT,1d,carry,funding,"{""thr"": 0.0001}",0.012999641693641604,0.840352517983401,0.5641085214609909,77.0
INJUSDT,1d,carry,funding,"{""thr"": 0.0002}",0.27171066622520607,-0.01937031910831072,-0.09608480462281022,42.0
INJUSDT,1d,carry,funding,"{""thr"": 0.0005}",0.15484690363803658,0.09371049232943258,0.0016080845119665899,7.0
INJUSDT,1d,carry,funding_pct,"{""lb"": 100, ""hi"": 0.8}",-0.6103594331546418,-0.11971532306231629,-0.2883968728939965,110.0
INJUSDT,1d,carry,funding_pct,"{""lb"": 100, ""hi"": 0.9}",-0.704804009415432,-0.6172930173374824,-0.3589258689210959,59.0
INJUSDT,1d,carry,funding_pct,"{""lb"": 100, ""hi"": 0.95}",0.44609239558118885,-0.749244222584668,-0.3383327925260511,26.0
INJUSDT,1d,carry,funding_pct,"{""lb"": 500, ""hi"": 0.8}",0.7524198011134483,0.7446732797538568,0.5195638381279655,104.0
INJUSDT,1d,carry,funding_pct,"{""lb"": 500, ""hi"": 0.9}",0.4161559765920226,0.6589792647391961,0.36743137317554786,76.0
INJUSDT,1d,carry,funding_pct,"{""lb"": 500, ""hi"": 0.95}",0.2759024348156259,-0.13464415058941923,-0.15052909326153507,38.0
INJUSDT,1d,carry,funding_mom,"{""lb"": 24}",-0.37671887293211287,-1.7259106273655487,-0.9628521433300503,224.5
INJUSDT,1d,carry,funding_mom,"{""lb"": 100}",-0.6640169852515737,0.40505632003864434,-0.08276965071351683,199.5
INJUSDT,1d,carry,funding_mom,"{""lb"": 500}",0.42430584410118755,0.4569608194201299,-0.03943794578394144,118.5
INJUSDT,1d,carry,funding_price_div,"{""lb"": 24}",-0.18723883035019787,-1.1904251300780906,-0.7837432688021062,120.0
INJUSDT,1d,carry,funding_price_div,"{""lb"": 100}",-0.10741063177699639,0.16045314374780872,-0.07154485982344339,93.0
INJUSDT,1d,carry,funding_price_div,"{""lb"": 500}",0.6815396054455711,-0.23922279603998375,-0.21747506265227978,51.0
INJUSDT,1d,ichimoku,cloud,"{""tenkan"": 9, ""kijun"": 26, ""senkou"": 52, ""disp"": 26}",-0.02951957024115682,0.37909933022111536,-0.14782346948943015,21.5
INJUSDT,1d,ichimoku,cloud_fast,"{""tenkan"": 7, ""kijun"": 14, ""senkou"": 28, ""disp"": 14}",0.5005271527743234,0.1704704155892951,-0.36467490791952895,41.5
INJUSDT,1d,ichimoku,cloud_slow,"{""tenkan"": 12, ""kijun"": 24, ""senkou"": 52, ""disp"": 24}",0.029762745446504944,0.44884300328705623,-0.05150069134519575,22.0
INJUSDT,1d,ichimoku,tk,"{""tenkan"": 9, ""kijun"": 26}",0.20169989223423923,0.9102254521888015,0.9124335531641914,27.5
INJUSDT,1d,ichimoku,combo,"{""tenkan"": 9, ""kijun"": 26, ""senkou"": 52, ""disp"": 26}",0.07688534350976263,0.41836121413004584,-0.03770186131594766,26.0
INJUSDT,4h,trend,ema_cross,"{""fast"": 10, ""slow"": 50}",-0.35733582802918895,-0.624844097813056,-0.3785218607518669,29.5
INJUSDT,4h,trend,ema_cross,"{""fast"": 10, ""slow"": 100}",0.9169905100250294,-0.4111646162617444,-0.31831077271039054,21.5
INJUSDT,4h,trend,ema_cross,"{""fast"": 10, ""slow"": 200}",-0.004865963198991153,-0.7115178147626885,-0.4015065589295269,17.5
INJUSDT,4h,trend,ema_cross,"{""fast"": 20, ""slow"": 50}",-0.16427797448969805,0.5116099582957556,0.011447603741690404,13.5
INJUSDT,4h,trend,ema_cross,"{""fast"": 20, ""slow"": 100}",0.5502016780835343,-0.3296261830116331,-0.29523196604834057,11.5
INJUSDT,4h,trend,ema_cross,"{""fast"": 20, ""slow"": 200}",0.17851266881992453,0.31561021326930355,-0.07091366954620959,9.5
INJUSDT,4h,trend,ema_cross,"{""fast"": 50, ""slow"": 100}",0.2919246891421378,0.6188643678750927,0.05817008746353869,7.5
INJUSDT,4h,trend,ema_cross,"{""fast"": 50, ""slow"": 200}",0.9011418909484614,0.7187011881363228,0.10420840912954166,3.5
INJUSDT,4h,trend,ema_slope,"{""span"": 20, ""thr"": 0.0}",-0.8737873142289126,-1.8043541846545164,-0.624870149141447,145.5
INJUSDT,4h,trend,ema_slope,"{""span"": 20, ""thr"": 0.001}",-1.4099393020690614,-2.8524097699936495,-0.7223145720218028,136.0
INJUSDT,4h,trend,ema_slope,"{""span"": 20, ""thr"": 0.005}",-1.750412475319987,-1.2138942021059036,-0.29820862928625,45.0
INJUSDT,4h,trend,ema_slope,"{""span"": 50, ""thr"": 0.0}",0.07180929948674449,-1.714275416626529,-0.6100898659599141,77.5
INJUSDT,4h,trend,ema_slope,"{""span"": 50, ""thr"": 0.001}",-0.862266103855918,-2.2295608774050755,-0.6204756262590685,92.5
INJUSDT,4h,trend,ema_slope,"{""span"": 50, ""thr"": 0.005}",-2.972763857493473,-1.823941841134341,-0.2759558659480371,18.0
INJUSDT,4h,trend,ema_slope,"{""span"": 100, ""thr"": 0.0}",-0.9165623196105457,-0.5438555536725507,-0.35670865662433726,55.5
INJUSDT,4h,trend,ema_slope,"{""span"": 100, ""thr"": 0.001}",-0.24115740539557118,-0.755605407033007,-0.341793947637157,54.5
INJUSDT,4h,trend,ema_slope,"{""span"": 100, ""thr"": 0.005}",-1.6661372039466313,-0.9012261589148449,-0.11127178729992637,5.0
INJUSDT,4h,trend,price_ema,"{""span"": 20, ""thr"": 0.0}",-0.8737873142289126,-1.8043541846545164,-0.624870149141447,145.5
INJUSDT,4h,trend,price_ema,"{""span"": 20, ""thr"": 0.02}",-1.7378478367233574,-3.091584489913238,-0.7043505059893516,120.0
INJUSDT,4h,trend,price_ema,"{""span"": 20, ""thr"": 0.05}",-1.7061429907067467,-1.4337292236672519,-0.33062749824251714,43.0
INJUSDT,4h,trend,price_ema,"{""span"": 50, ""thr"": 0.0}",0.07180929948674449,-1.714275416626529,-0.6100898659599141,77.5
INJUSDT,4h,trend,price_ema,"{""span"": 50, ""thr"": 0.02}",-0.7284839080419713,-2.030194309667303,-0.6016881571583812,91.5
INJUSDT,4h,trend,price_ema,"{""span"": 50, ""thr"": 0.05}",-0.8969262427358555,-2.450906066357096,-0.5812438170906001,59.0
INJUSDT,4h,trend,price_ema,"{""span"": 100, ""thr"": 0.0}",-0.9165623196105457,-0.5438555536725507,-0.35670865662433726,55.5
INJUSDT,4h,trend,price_ema,"{""span"": 100, ""thr"": 0.02}",0.16215164710422117,-0.29953495246060907,-0.26071958148544316,55.5
INJUSDT,4h,trend,price_ema,"{""span"": 100, ""thr"": 0.05}",-0.2893080865788736,-0.7064820359257324,-0.33002076910631106,52.5
INJUSDT,4h,trend,donchian,"{""lb"": 10}",-0.10564624805164416,-4.067213653943352,-0.6847670249275037,156.0
INJUSDT,4h,trend,donchian,"{""lb"": 20}",-0.25773354379270086,-3.36125481038301,-0.5800280066368968,107.0
INJUSDT,4h,trend,donchian,"{""lb"": 55}",1.0076020187122214,-1.743096699422708,-0.2971928890800615,58.0
INJUSDT,4h,momentum,mom_ret,"{""lb"": 5, ""thr"": 0.0}",-1.9105069741467784,-2.3332020561260887,-0.7008725633937536,188.5
INJUSDT,4h,momentum,mom_ret,"{""lb"": 5, ""thr"": 0.02}",-0.8484165934929155,-1.583536258180309,-0.5096439234941617,164.5
INJUSDT,4h,momentum,mom_ret,"{""lb"": 5, ""thr"": 0.05}",-1.3860038200708613,-2.3263700939447576,-0.488823109571523,88.0
INJUSDT,4h,momentum,mom_ret,"{""lb"": 10, ""thr"": 0.0}",-0.4087401855060896,-2.2677120928583747,-0.6929705311857983,154.5
INJUSDT,4h,momentum,mom_ret,"{""lb"": 10, ""thr"": 0.02}",-1.203902736456349,-3.2813784369782253,-0.7550953272647432,135.5
INJUSDT,4h,momentum,mom_ret,"{""lb"": 10, ""thr"": 0.05}",-1.1450674000256862,-1.9802306217319452,-0.4937103897693922,85.0
INJUSDT,4h,momentum,mom_ret,"{""lb"": 20, ""thr"": 0.0}",-1.820021543794086,-3.604940154066036,-0.8263239331370615,98.5
INJUSDT,4h,momentum,mom_ret,"{""lb"": 20, ""thr"": 0.02}",-1.4019060569771755,-3.0967131434327837,-0.7485703907924279,108.5
INJUSDT,4h,momentum,mom_ret,"{""lb"": 20, ""thr"": 0.05}",-1.1617290816695787,-3.6856086914218995,-0.7463520511985514,84.0
INJUSDT,4h,momentum,mom_ret,"{""lb"": 50, ""thr"": 0.0}",-0.26457925307781205,-0.015299176758386821,-0.19425526801400073,56.5
INJUSDT,4h,momentum,mom_ret,"{""lb"": 50, ""thr"": 0.02}",-0.418186717622125,-0.18604879773527433,-0.2368334153003806,66.5
INJUSDT,4h,momentum,mom_ret,"{""lb"": 50, ""thr"": 0.05}",-0.5959543661759331,0.25271337547673195,-0.05723503887597792,65.5
INJUSDT,4h,meanrev,rsi,"{""ob"": 65, ""os_"": 20}",0.9788073000677829,-1.2428362530652308,-0.2906450831373092,61.0
INJUSDT,4h,meanrev,rsi,"{""ob"": 65, ""os_"": 30}",0.3112898722398471,-1.667762961203525,-0.3794754594291009,68.0
INJUSDT,4h,meanrev,rsi,"{""ob"": 65, ""os_"": 35}",-0.19227805631421818,0.0040364476524348296,-0.08484381139869246,93.0
INJUSDT,4h,meanrev,rsi,"{""ob"": 70, ""os_"": 20}",1.296713809039917,0.28186918745949996,0.012039961625412765,45.0
INJUSDT,4h,meanrev,rsi,"{""ob"": 70, ""os_"": 30}",0.45005701490800215,-0.34101757968836505,-0.11469474969670235,52.0
INJUSDT,4h,meanrev,rsi,"{""ob"": 70, ""os_"": 35}",-0.09856350413181848,1.3486415402764678,0.3056148132272689,77.0
INJUSDT,4h,meanrev,rsi,"{""ob"": 80, ""os_"": 20}",0.04490918531012911,0.178719685077598,0.006916118007474159,21.0
INJUSDT,4h,meanrev,rsi,"{""ob"": 80, ""os_"": 30}",-0.4545294854401685,-0.843276043756358,-0.11917694983572491,28.0
INJUSDT,4h,meanrev,rsi,"{""ob"": 80, ""os_"": 35}",-0.9468375663461971,1.5982742539989614,0.29900463341036176,53.0
INJUSDT,4h,meanrev,zscore,"{""lb"": 20, ""z"": 1.5}",-2.104806359367798,-0.28360016910235614,-0.14011483574946293,94.0
INJUSDT,4h,meanrev,zscore,"{""lb"": 20, ""z"": 2.0}",-3.2832885703995713,0.25987974903965044,0.009362221499337187,56.0
INJUSDT,4h,meanrev,zscore,"{""lb"": 20, ""z"": 2.5}",-2.5086622576687043,2.0231049709077746,0.2716185508157942,25.0
INJUSDT,4h,meanrev,zscore,"{""lb"": 50, ""z"": 1.5}",-0.3537121053398283,-0.36878014638585127,-0.15472515352995597,54.0
INJUSDT,4h,meanrev,zscore,"{""lb"": 50, ""z"": 2.0}",-1.422767440703259,-0.7073705450801925,-0.17351847077414928,37.0
INJUSDT,4h,meanrev,zscore,"{""lb"": 50, ""z"": 2.5}",-1.4150239937039355,2.099367561727928,0.2937573035097336,19.0
INJUSDT,4h,meanrev,bb,"{""span"": 20, ""mult"": 1.5}",-2.104806359367798,-0.28360016910235614,-0.14011483574946293,94.0
INJUSDT,4h,meanrev,bb,"{""span"": 20, ""mult"": 2.0}",-3.2832885703995713,0.25987974903965044,0.009362221499337187,56.0
INJUSDT,4h,meanrev,bb,"{""span"": 20, ""mult"": 2.5}",-2.5086622576687043,2.0231049709077746,0.2716185508157942,25.0
INJUSDT,4h,meanrev,bb,"{""span"": 50, ""mult"": 1.5}",-0.3537121053398283,-0.36878014638585127,-0.15472515352995597,54.0
INJUSDT,4h,meanrev,bb,"{""span"": 50, ""mult"": 2.0}",-1.422767440703259,-0.7073705450801925,-0.17351847077414928,37.0
INJUSDT,4h,meanrev,bb,"{""span"": 50, ""mult"": 2.5}",-1.4150239937039355,2.099367561727928,0.2937573035097336,19.0
INJUSDT,4h,carry,funding,"{""thr"": 5e-05}",-0.4966333612068225,0.9924560633814274,0.2349553467672112,124.5
INJUSDT,4h,carry,funding,"{""thr"": 0.0001}",-0.8550578669242919,-0.1554366918466416,-0.11387119297009363,77.0
INJUSDT,4h,carry,funding,"{""thr"": 0.0002}",-0.647688188905859,0.7828596297055838,0.124739257408929,40.0
INJUSDT,4h,carry,funding,"{""thr"": 0.0005}",-1.8621235726003371,-0.27204633053186267,-0.06334471452515189,10.0
INJUSDT,4h,carry,funding_pct,"{""lb"": 100, ""hi"": 0.8}",-1.32403204503983,0.7894015542608883,0.14406339200004226,106.0
INJUSDT,4h,carry,funding_pct,"{""lb"": 100, ""hi"": 0.9}",-2.6699114177761736,0.7159175474640577,0.10968684683580499,61.0
INJUSDT,4h,carry,funding_pct,"{""lb"": 100, ""hi"": 0.95}",-2.59534594510687,0.13668668490486832,-0.003181434977044928,40.0
INJUSDT,4h,carry,funding_pct,"{""lb"": 500, ""hi"": 0.8}",-1.4804586708162213,-0.2343620131434735,-0.16517434368448825,104.0
INJUSDT,4h,carry,funding_pct,"{""lb"": 500, ""hi"": 0.9}",-1.0472160766352994,0.5275381494046817,0.06241380578855216,45.0
INJUSDT,4h,carry,funding_pct,"{""lb"": 500, ""hi"": 0.95}",-0.7639499865237839,-0.08338117180986133,-0.0397321060404755,20.0
INJUSDT,4h,carry,funding_mom,"{""lb"": 24}",-1.7527824901522273,0.06310512779570773,-0.16465394060216187,162.5
INJUSDT,4h,carry,funding_mom,"{""lb"": 100}",0.4330515468756717,-1.1214496597713908,-0.5010742103635334,165.5
INJUSDT,4h,carry,funding_mom,"{""lb"": 500}",-1.792677940698533,0.9284601560054756,0.20856242769096323,155.5
INJUSDT,4h,carry,funding_price_div,"{""lb"": 24}",-2.154140238586781,-1.6945450468183296,-0.4867497240329768,117.5
INJUSDT,4h,carry,funding_price_div,"{""lb"": 100}",0.3872296615576721,-2.2018774722604566,-0.5533771757117543,99.5
INJUSDT,4h,carry,funding_price_div,"{""lb"": 500}",-0.5365972475991712,1.2252277678825445,0.27939684640338136,79.5
INJUSDT,4h,ichimoku,cloud,"{""tenkan"": 9, ""kijun"": 26, ""senkou"": 52, ""disp"": 26}",-1.1933920998192082,-1.7267893979925195,-0.5904839563513808,57.5
INJUSDT,4h,ichimoku,cloud_fast,"{""tenkan"": 7, ""kijun"": 14, ""senkou"": 28, ""disp"": 14}",-2.1272656510915517,-2.476032192989913,-0.6841068229064875,78.5
INJUSDT,4h,ichimoku,cloud_slow,"{""tenkan"": 12, ""kijun"": 24, ""senkou"": 52, ""disp"": 24}",-0.894165875807156,-1.7927048460287505,-0.5998217895965362,62.5
INJUSDT,4h,ichimoku,tk,"{""tenkan"": 9, ""kijun"": 26}",-2.3478743594134825,0.048213110984504426,-0.16424612706922714,48.5
INJUSDT,4h,ichimoku,combo,"{""tenkan"": 9, ""kijun"": 26, ""senkou"": 52, ""disp"": 26}",-1.8415080068818572,-0.9328995809095005,-0.38315579974578784,45.5
INJUSDT,1h,trend,ema_cross,"{""fast"": 10, ""slow"": 50}",-1.42269678908559,-1.7185269927555658,-0.6170569219169459,117.5
INJUSDT,1h,trend,ema_cross,"{""fast"": 10, ""slow"": 100}",-1.2019350965413385,-2.627959728838441,-0.7418716300939736,87.5
INJUSDT,1h,trend,ema_cross,"{""fast"": 10, ""slow"": 200}",-0.4420300625137061,-1.1820575704877991,-0.5159824799287294,57.5
INJUSDT,1h,trend,ema_cross,"{""fast"": 20, ""slow"": 50}",-0.23920072391941496,-1.230586724632596,-0.5252713246322605,77.5
INJUSDT,1h,trend,ema_cross,"{""fast"": 20, ""slow"": 100}",-0.4798238788206358,-1.9545442463951344,-0.6543212527917583,59.5
INJUSDT,1h,trend,ema_cross,"{""fast"": 20, ""slow"": 200}",-0.2038074045668972,-0.4020417161532982,-0.321352411509085,35.5
INJUSDT,1h,trend,ema_cross,"{""fast"": 50, ""slow"": 100}",-1.021317650065211,-0.7137489931014702,-0.40725352089007416,31.5
INJUSDT,1h,trend,ema_cross,"{""fast"": 50, ""slow"": 200}",-0.5300074403588249,0.1982968354124566,-0.12015634141800413,23.5
INJUSDT,1h,trend,ema_slope,"{""span"": 20, ""thr"": 0.0}",-4.439558205159975,-5.202225366137831,-0.917150749420126,519.5
INJUSDT,1h,trend,ema_slope,"{""span"": 20, ""thr"": 0.001}",-4.107273005212067,-6.259274608886071,-0.9119850400713563,436.0
INJUSDT,1h,trend,ema_slope,"{""span"": 20, ""thr"": 0.005}",-0.9657374716887195,-1.5488414243590145,-0.24084392787439668,49.0
INJUSDT,1h,trend,ema_slope,"{""span"": 50, ""thr"": 0.0}",-2.493415049102907,-3.9051866448022445,-0.8520276981182471,333.5
INJUSDT,1h,trend,ema_slope,"{""span"": 50, ""thr"": 0.001}",-2.3403579765135754,-3.9699934354915385,-0.7556135483944271,218.0
INJUSDT,1h,trend,ema_slope,"{""span"": 50, ""thr"": 0.005}",0.2927215091422732,-1.3280400015133655,-0.12550674947877194,10.0
INJUSDT,1h,trend,ema_slope,"{""span"": 100, ""thr"": 0.0}",-2.41477526877874,-3.740649505706873,-0.8415167444127729,259.5
INJUSDT,1h,trend,ema_slope,"{""span"": 100, ""thr"": 0.001}",-2.1445888185724833,-1.9590605912440944,-0.4638495687146761,101.0
INJUSDT,1h,trend,ema_slope,"{""span"": 100, ""thr"": 0.005}",-1.9023589562127095,-1.6606355905169685,-0.02394850663282433,1.0
INJUSDT,1h,trend,price_ema,"{""span"": 20, ""thr"": 0.0}",-4.439558205159975,-5.202225366137831,-0.917150749420126,519.5
INJUSDT,1h,trend,price_ema,"{""span"": 20, ""thr"": 0.02}",-3.3937522986890363,-5.11778968431548,-0.7967231552072837,256.0
INJUSDT,1h,trend,price_ema,"{""span"": 20, ""thr"": 0.05}",-0.886502795105793,-1.9290699913476241,-0.27399840905614736,47.0
INJUSDT,1h,trend,price_ema,"{""span"": 50, ""thr"": 0.0}",-2.493415049102907,-3.9051866448022445,-0.8520276981182471,333.5
INJUSDT,1h,trend,price_ema,"{""span"": 50, ""thr"": 0.02}",-1.8935467977560594,-3.888453977780186,-0.7669209176104598,241.0
INJUSDT,1h,trend,price_ema,"{""span"": 50, ""thr"": 0.05}",-2.3443558645664533,-2.473236029811432,-0.4707929835293705,83.0
INJUSDT,1h,trend,price_ema,"{""span"": 100, ""thr"": 0.0}",-2.41477526877874,-3.740649505706873,-0.8415167444127729,259.5
INJUSDT,1h,trend,price_ema,"{""span"": 100, ""thr"": 0.02}",-1.8941655856857018,-3.7706660284625935,-0.7857406032744064,216.5
INJUSDT,1h,trend,price_ema,"{""span"": 100, ""thr"": 0.05}",-2.09373943486541,-1.8326755132301118,-0.4427224163732333,99.0
INJUSDT,1h,trend,donchian,"{""lb"": 10}",-8.498356967330865,-11.091894237030965,-0.954725407934355,653.0
INJUSDT,1h,trend,donchian,"{""lb"": 20}",-6.922021457292191,-7.9791026650459695,-0.8580554862562391,457.0
INJUSDT,1h,trend,donchian,"{""lb"": 55}",-4.900307751587669,-6.347111516315998,-0.7324608002975233,261.0
INJUSDT,1h,momentum,mom_ret,"{""lb"": 5, ""thr"": 0.0}",-7.54136841747785,-9.421462907494417,-0.9871637704682121,844.5
INJUSDT,1h,momentum,mom_ret,"{""lb"": 5, ""thr"": 0.02}",-4.734360002930601,-6.960449142828443,-0.8810886787827339,391.0
INJUSDT,1h,momentum,mom_ret,"{""lb"": 5, ""thr"": 0.05}",-1.2238928426968394,-2.1739298269309284,-0.29113918976361797,77.0
INJUSDT,1h,momentum,mom_ret,"{""lb"": 10, ""thr"": 0.0}",-5.148968974527576,-6.810916976557043,-0.9590046233513229,578.5
INJUSDT,1h,momentum,mom_ret,"{""lb"": 10, ""thr"": 0.02}",-5.287667221239117,-5.3639336195122755,-0.8536819890768435,382.0
INJUSDT,1h,momentum,mom_ret,"{""lb"": 10, ""thr"": 0.05}",-2.1452503498898117,-2.3368315698415407,-0.41869484179088556,127.0
INJUSDT,1h,momentum,mom_ret,"{""lb"": 20, ""thr"": 0.0}",-3.082432152233901,-3.6403646145048363,-0.8341817408325484,361.5
INJUSDT,1h,momentum,mom_ret,"{""lb"": 20, ""thr"": 0.02}",-2.9014815615329885,-3.5800449318303476,-0.7688625750869754,332.0
INJUSDT,1h,momentum,mom_ret,"{""lb"": 20, ""thr"": 0.05}",-3.1396399238921355,-3.8425731535356675,-0.6617652298184525,183.0
INJUSDT,1h,momentum,mom_ret,"{""lb"": 50, ""thr"": 0.0}",-1.792319153228243,-2.455367798041892,-0.7229862599933186,238.5
INJUSDT,1h,momentum,mom_ret,"{""lb"": 50, ""thr"": 0.02}",-2.183522718866225,-2.6811635639968756,-0.7071891611818272,244.5
INJUSDT,1h,momentum,mom_ret,"{""lb"": 50, ""thr"": 0.05}",-2.4346200420742234,-2.6059235392124482,-0.6241849060001601,166.0
INJUSDT,1h,meanrev,rsi,"{""ob"": 65, ""os_"": 20}",-3.454776148553327,-3.000390605750045,-0.5518923989836699,214.0
INJUSDT,1h,meanrev,rsi,"{""ob"": 65, ""os_"": 30}",-3.5742617236221936,-4.926338825501103,-0.7578997473169952,296.0
INJUSDT,1h,meanrev,rsi,"{""ob"": 65, ""os_"": 35}",-3.3919753079380914,-5.279476533491542,-0.8026791561257794,336.0
INJUSDT,1h,meanrev,rsi,"{""ob"": 70, ""os_"": 20}",-3.589282743526244,-1.4371762082214035,-0.29333959878514837,169.0
INJUSDT,1h,meanrev,rsi,"{""ob"": 70, ""os_"": 30}",-3.6714126958968034,-3.7757590374021324,-0.6182107571771471,251.0
INJUSDT,1h,meanrev,rsi,"{""ob"": 70, ""os_"": 35}",-3.4523796382318,-4.217487417268485,-0.6888273566796099,291.0
INJUSDT,1h,meanrev,rsi,"{""ob"": 80, ""os_"": 20}",-2.7008622272579856,1.903569318264479,0.26570184546078024,89.0
INJUSDT,1h,meanrev,rsi,"{""ob"": 80, ""os_"": 30}",-2.863710855554269,-1.937186292139277,-0.3161759900693262,171.0
INJUSDT,1h,meanrev,rsi,"{""ob"": 80, ""os_"": 35}",-2.675843678795682,-2.6223748367639947,-0.44265762135470066,211.0
INJUSDT,1h,meanrev,zscore,"{""lb"": 20, ""z"": 1.5}",-5.486666922671238,-6.33440105966408,-0.8016622897673529,345.0
INJUSDT,1h,meanrev,zscore,"{""lb"": 20, ""z"": 2.0}",-4.81169728581952,-5.678805239023845,-0.647266444926333,220.0
INJUSDT,1h,meanrev,zscore,"{""lb"": 20, ""z"": 2.5}",-3.1391219188213015,-4.050441226280232,-0.37242654788289997,106.0
INJUSDT,1h,meanrev,zscore,"{""lb"": 50, ""z"": 1.5}",-4.172885189131634,-2.4853106460064653,-0.534307716033972,248.0
INJUSDT,1h,meanrev,zscore,"{""lb"": 50, ""z"": 2.0}",-3.269549782047801,-1.6982968086106927,-0.3270396445272481,160.0
INJUSDT,1h,meanrev,zscore,"{""lb"": 50, ""z"": 2.5}",-2.698395507187329,-2.803131899788962,-0.3336388480343827,74.0
INJUSDT,1h,meanrev,bb,"{""span"": 20, ""mult"": 1.5}",-5.486666922671238,-6.33440105966408,-0.8016622897673529,345.0
INJUSDT,1h,meanrev,bb,"{""span"": 20, ""mult"": 2.0}",-4.81169728581952,-5.678805239023845,-0.647266444926333,220.0
INJUSDT,1h,meanrev,bb,"{""span"": 20, ""mult"": 2.5}",-3.1391219188213015,-4.050441226280232,-0.37242654788289997,106.0
INJUSDT,1h,meanrev,bb,"{""span"": 50, ""mult"": 1.5}",-4.172885189131634,-2.4853106460064653,-0.534307716033972,248.0
INJUSDT,1h,meanrev,bb,"{""span"": 50, ""mult"": 2.0}",-3.269549782047801,-1.6982968086106927,-0.3270396445272481,160.0
INJUSDT,1h,meanrev,bb,"{""span"": 50, ""mult"": 2.5}",-2.698395507187329,-2.803131899788962,-0.3336388480343827,74.0
INJUSDT,1h,carry,funding,"{""thr"": 5e-05}",-0.1685889609442557,-0.6217935272077368,-0.30881446618330655,124.5
INJUSDT,1h,carry,funding,"{""thr"": 0.0001}",0.09955471664865703,-0.403822158175227,-0.17488203133644997,77.5
INJUSDT,1h,carry,funding,"{""thr"": 0.0002}",-0.5894899173127519,0.6766124906454439,0.09586109808115384,40.5
INJUSDT,1h,carry,funding,"{""thr"": 0.0005}",-0.5340224465033647,0.06356286788148297,-0.01207132808605671,10.0
INJUSDT,1h,carry,funding_pct,"{""lb"": 100, ""hi"": 0.8}",-1.7677563442314879,-0.488821167768012,-0.21445829400948058,152.5
INJUSDT,1h,carry,funding_pct,"{""lb"": 100, ""hi"": 0.9}",-0.23164421027919077,-2.9864362007757106,-0.4910421068039651,130.5
INJUSDT,1h,carry,funding_pct,"{""lb"": 100, ""hi"": 0.95}",-0.7765505458005653,-2.811513431284888,-0.37008566055069303,84.5
INJUSDT,1h,carry,funding_pct,"{""lb"": 500, ""hi"": 0.8}",-2.4607180791177776,-0.5265315517547305,-0.23030945355657817,119.5
INJUSDT,1h,carry,funding_pct,"{""lb"": 500, ""hi"": 0.9}",-1.4248629118140677,-0.09502089560643419,-0.06090443023628889,66.5
INJUSDT,1h,carry,funding_pct,"{""lb"": 500, ""hi"": 0.95}",-2.014394692652689,-1.4514234641208341,-0.19930801829947875,34.0
INJUSDT,1h,carry,funding_mom,"{""lb"": 24}",-2.5090084781655313,-3.038272342137911,-0.7846150118998156,215.5
INJUSDT,1h,carry,funding_mom,"{""lb"": 100}",-2.097150550740383,-0.64610163979716,-0.39005071267555946,214.5
INJUSDT,1h,carry,funding_mom,"{""lb"": 500}",-2.191584836567558,-1.1016610196120329,-0.5002047542281052,229.5
INJUSDT,1h,carry,funding_price_div,"{""lb"": 24}",-3.03000105192465,-5.715076576396768,-0.8199029302529119,276.0
INJUSDT,1h,carry,funding_price_div,"{""lb"": 100}",-2.4275989384642993,-2.7168517482317505,-0.6218296329142329,189.5
INJUSDT,1h,carry,funding_price_div,"{""lb"": 500}",-2.0588239700568436,-2.2375609080826626,-0.5546464736525619,178.5
INJUSDT,1h,ichimoku,cloud,"{""tenkan"": 9, ""kijun"": 26, ""senkou"": 52, ""disp"": 26}",-1.2108421764145147,-2.6131021005244515,-0.7160243637544734,200.5
INJUSDT,1h,ichimoku,cloud_fast,"{""tenkan"": 7, ""kijun"": 14, ""senkou"": 28, ""disp"": 14}",-2.3436287505336417,-2.6570662400971026,-0.7187393514788345,278.0
INJUSDT,1h,ichimoku,cloud_slow,"{""tenkan"": 12, ""kijun"": 24, ""senkou"": 52, ""disp"": 24}",-1.264005511251117,-3.157086431148761,-0.7709673872842328,213.5
INJUSDT,1h,ichimoku,tk,"{""tenkan"": 9, ""kijun"": 26}",-2.23403397216693,-1.3118569732455243,-0.5368795226170537,174.5
INJUSDT,1h,ichimoku,combo,"{""tenkan"": 9, ""kijun"": 26, ""senkou"": 52, ""disp"": 26}",-2.141907781409134,-2.2210659927037457,-0.6221549833611668,182.0
LINKUSDT,1d,trend,ema_cross,"{""fast"": 10, ""slow"": 50}",-0.5374402933346856,-0.012947873845736058,-0.4859106894758405,18.5
LINKUSDT,1d,trend,ema_cross,"{""fast"": 10, ""slow"": 100}",-0.32688011132609746,0.15598679532234913,-0.34195353263058526,7.5
LINKUSDT,1d,trend,ema_cross,"{""fast"": 10, ""slow"": 200}",-0.2469188980629813,-0.027294495902166416,-0.4971916608309712,7.5
LINKUSDT,1d,trend,ema_cross,"{""fast"": 20, ""slow"": 50}",-0.5049062764767935,0.2912118782949505,-0.19689601583527205,9.5
LINKUSDT,1d,trend,ema_cross,"{""fast"": 20, ""slow"": 100}",-0.4938937162941814,0.40104922634789125,-0.05650876083414602,7.5
LINKUSDT,1d,trend,ema_cross,"{""fast"": 20, ""slow"": 200}",-0.3307212881234406,0.23063820680970887,-0.26598141521796237,3.5
LINKUSDT,1d,trend,ema_cross,"{""fast"": 50, ""slow"": 100}",-0.10560323428307813,0.1122790931649883,-0.38285339438062493,3.5
LINKUSDT,1d,trend,ema_cross,"{""fast"": 50, ""slow"": 200}",-0.29323516374583003,-0.017965198798349357,-0.49049942973886207,3.5
LINKUSDT,1d,trend,ema_slope,"{""span"": 20, ""thr"": 0.0}",-0.15128055790172001,-0.8652683266081101,-0.8522039798880903,88.5
LINKUSDT,1d,trend,ema_slope,"{""span"": 20, ""thr"": 0.001}",-0.30814226895121755,-0.5142853661806319,-0.7388152555742769,88.5
LINKUSDT,1d,trend,ema_slope,"{""span"": 20, ""thr"": 0.005}",-0.9306796121560869,-0.03987590660404124,-0.37788598252526817,60.5
LINKUSDT,1d,trend,ema_slope,"{""span"": 50, ""thr"": 0.0}",-0.4283848556036056,0.21616662949926177,-0.27561815196819417,42.5
LINKUSDT,1d,trend,ema_slope,"{""span"": 50, ""thr"": 0.001}",-0.7874822535359869,0.08287304947651813,-0.3713592896492225,45.5
LINKUSDT,1d,trend,ema_slope,"{""span"": 50, ""thr"": 0.005}",-0.9047983425234304,-0.3425690431902755,-0.5241204971919011,40.0
LINKUSDT,1d,trend,ema_slope,"{""span"": 100, ""thr"": 0.0}",-0.6124622795188106,0.3652683508653073,-0.10530913658788643,17.5
LINKUSDT,1d,trend,ema_slope,"{""span"": 100, ""thr"": 0.001}",-0.8395774822992763,0.09261156348897329,-0.37810010413122364,26.0
LINKUSDT,1d,trend,ema_slope,"{""span"": 100, ""thr"": 0.005}",0.01639367821594644,-0.33391243978043883,-0.4385746891610258,20.0
LINKUSDT,1d,trend,price_ema,"{""span"": 20, ""thr"": 0.0}",-0.15128055790172001,-0.8652683266081101,-0.8522039798880903,88.5
LINKUSDT,1d,trend,price_ema,"{""span"": 20, ""thr"": 0.02}",-0.48702997433024503,-0.08054012984264315,-0.46450520234972714,81.5
LINKUSDT,1d,trend,price_ema,"{""span"": 20, ""thr"": 0.05}",-0.8674851999135932,0.06943944313696779,-0.28231424437467356,60.5
LINKUSDT,1d,trend,price_ema,"{""span"": 50, ""thr"": 0.0}",-0.4283848556036056,0.21616662949926177,-0.27561815196819417,42.5
LINKUSDT,1d,trend,price_ema,"{""span"": 50, ""thr"": 0.02}",-0.7652174878876962,-0.010321868543011002,-0.4501359345012774,46.5
LINKUSDT,1d,trend,price_ema,"{""span"": 50, ""thr"": 0.05}",-0.7514409028186159,0.11839281286121009,-0.2987097474221143,37.5
LINKUSDT,1d,trend,price_ema,"{""span"": 100, ""thr"": 0.0}",-0.6124622795188106,0.3652683508653073,-0.10530913658788643,17.5
LINKUSDT,1d,trend,price_ema,"{""span"": 100, ""thr"": 0.02}",-0.7115605424270725,0.44286887934078006,0.010517964267914959,18.0
LINKUSDT,1d,trend,price_ema,"{""span"": 100, ""thr"": 0.05}",-0.7422116006630608,0.09261156348897329,-0.37810010413122364,26.0
LINKUSDT,1d,trend,donchian,"{""lb"": 10}",-1.1406027493851973,-1.5791771489625044,-0.7972170634554905,102.5
LINKUSDT,1d,trend,donchian,"{""lb"": 20}",-1.1726651021820815,-1.3173997861106903,-0.6887246141917114,69.5
LINKUSDT,1d,trend,donchian,"{""lb"": 55}",-0.9324226255144243,-1.407640880242892,-0.6454367560497335,42.0
LINKUSDT,1d,momentum,mom_ret,"{""lb"": 5, ""thr"": 0.0}",-0.3430063515825497,-0.39492186141740804,-0.7066902178369974,118.5
LINKUSDT,1d,momentum,mom_ret,"{""lb"": 5, ""thr"": 0.02}",-0.6842048623981583,-0.8287443789396295,-0.8071268146685919,124.0
LINKUSDT,1d,momentum,mom_ret,"{""lb"": 5, ""thr"": 0.05}",-1.1619268523983595,-1.0475715194308,-0.805042104681222,105.0
LINKUSDT,1d,momentum,mom_ret,"{""lb"": 10, ""thr"": 0.0}",-0.4701468056546816,-0.6794629123261121,-0.8065817711929553,94.5
LINKUSDT,1d,momentum,mom_ret,"{""lb"": 10, ""thr"": 0.02}",-0.38443331595804986,-0.269054319691283,-0.6038582240858952,85.5
LINKUSDT,1d,momentum,mom_ret,"{""lb"": 10, ""thr"": 0.05}",-0.5700381986845723,-0.6864609716754273,-0.7431267085753537,75.5
LINKUSDT,1d,momentum,mom_ret,"{""lb"": 20, ""thr"": 0.0}",-1.2282166780980137,-0.1697916020215513,-0.5891094427045573,64.5
LINKUSDT,1d,momentum,mom_ret,"{""lb"": 20, ""thr"": 0.02}",-1.112104007942458,0.029112484588407404,-0.438815058529638,61.5
LINKUSDT,1d,momentum,mom_ret,"{""lb"": 20, ""thr"": 0.05}",-0.9081051672650303,0.09889243979916504,-0.3510020094108204,52.5
LINKUSDT,1d,momentum,mom_ret,"{""lb"": 50, ""thr"": 0.0}",-1.3260684556407853,0.7461716512634256,0.5750721654555042,37.5
LINKUSDT,1d,momentum,mom_ret,"{""lb"": 50, ""thr"": 0.02}",-1.4154195825758524,0.7953113400320397,0.6987308130888465,31.5
LINKUSDT,1d,momentum,mom_ret,"{""lb"": 50, ""thr"": 0.05}",-1.3635848105045145,0.8863071283366745,0.9336194488213385,31.5
LINKUSDT,1d,meanrev,rsi,"{""ob"": 65, ""os_"": 20}",0.29825080134228776,0.24996810159924004,-0.013699131733015402,27.0
LINKUSDT,1d,meanrev,rsi,"{""ob"": 65, ""os_"": 30}",0.0071172203893242175,0.07098837469628798,-0.17035561784247955,42.0
LINKUSDT,1d,meanrev,rsi,"{""ob"": 65, ""os_"": 35}",-0.058686775174410295,0.4823278277074091,0.18599763887806708,59.0
LINKUSDT,1d,meanrev,rsi,"{""ob"": 70, ""os_"": 20}",0.30565793839549477,0.06957366243628851,-0.12964410801680315,26.0
LINKUSDT,1d,meanrev,rsi,"{""ob"": 70, ""os_"": 30}",-0.03928493171118012,-0.10732136467717894,-0.26788478090836,41.0
LINKUSDT,1d,meanrev,rsi,"{""ob"": 70, ""os_"": 35}",-0.11077320263859783,0.3389222106898898,0.04657723224904142,58.0
LINKUSDT,1d,meanrev,rsi,"{""ob"": 80, ""os_"": 20}",0.375040997369154,0.38523602558289327,0.12412216553915068,9.0
LINKUSDT,1d,meanrev,rsi,"{""ob"": 80, ""os_"": 30}",-0.14477345981248937,0.07527419022334104,-0.05442480129111138,24.0
LINKUSDT,1d,meanrev,rsi,"{""ob"": 80, ""os_"": 35}",-0.2227995712779311,0.6457939217010827,0.35172367482803835,41.0
LINKUSDT,1d,meanrev,zscore,"{""lb"": 20, ""z"": 1.5}",0.27810917994696976,0.4932581350562498,0.2255356494774028,56.5
LINKUSDT,1d,meanrev,zscore,"{""lb"": 20, ""z"": 2.0}",0.1544175865993242,1.155167675342944,0.6092423384181169,36.0
LINKUSDT,1d,meanrev,zscore,"{""lb"": 20, ""z"": 2.5}",-0.6522765819684126,0.7086214695027652,0.11288816453775952,14.0
LINKUSDT,1d,meanrev,zscore,"{""lb"": 50, ""z"": 1.5}",0.41550615680164116,-0.2049252681785108,-0.40149368564198973,30.5
LINKUSDT,1d,meanrev,zscore,"{""lb"": 50, ""z"": 2.0}",0.27003775440701266,0.0799418591176632,-0.10941775057835745,22.0
LINKUSDT,1d,meanrev,zscore,"{""lb"": 50, ""z"": 2.5}",0.008953734856771763,0.011452941758040873,-0.044853855273698784,12.0
LINKUSDT,1d,meanrev,bb,"{""span"": 20, ""mult"": 1.5}",0.27810917994696976,0.4932581350562498,0.2255356494774028,56.5
LINKUSDT,1d,meanrev,bb,"{""span"": 20, ""mult"": 2.0}",0.1544175865993242,1.155167675342944,0.6092423384181169,36.0
LINKUSDT,1d,meanrev,bb,"{""span"": 20, ""mult"": 2.5}",-0.6522765819684126,0.7086214695027652,0.11288816453775952,14.0
LINKUSDT,1d,meanrev,bb,"{""span"": 50, ""mult"": 1.5}",0.41550615680164116,-0.2049252681785108,-0.40149368564198973,30.5
LINKUSDT,1d,meanrev,bb,"{""span"": 50, ""mult"": 2.0}",0.27003775440701266,0.0799418591176632,-0.10941775057835745,22.0
LINKUSDT,1d,meanrev,bb,"{""span"": 50, ""mult"": 2.5}",0.008953734856771763,0.011452941758040873,-0.044853855273698784,12.0
LINKUSDT,1d,carry,funding,"{""thr"": 5e-05}",-0.4376167697269918,0.4210289499211777,0.027858643546325945,168.0
LINKUSDT,1d,carry,funding,"{""thr"": 0.0001}",0.1171721015401439,-0.4486670903862129,-0.29578695047450154,18.0
LINKUSDT,1d,carry,funding,"{""thr"": 0.0002}",0.5977909741443868,0.5469059001249384,0.14792939368890057,5.0
LINKUSDT,1d,carry,funding,"{""thr"": 0.0005}",0.6333826763170896,-0.829668516964504,-0.057499369669622435,2.0
LINKUSDT,1d,carry,funding_pct,"{""lb"": 100, ""hi"": 0.8}",0.2801169870755309,-0.5855354749583469,-0.47832561346368685,96.0
LINKUSDT,1d,carry,funding_pct,"{""lb"": 100, ""hi"": 0.9}",-0.1695208378682097,-1.0426724406279972,-0.5297848874484015,58.0
LINKUSDT,1d,carry,funding_pct,"{""lb"": 100, ""hi"": 0.95}",-0.35241303188624334,0.12834992803466416,0.008177947667674657,33.0
LINKUSDT,1d,carry,funding_pct,"{""lb"": 500, ""hi"": 0.8}",-0.3868189765673372,0.01145846832461645,-0.20205737241159805,100.0
LINKUSDT,1d,carry,funding_pct,"{""lb"": 500, ""hi"": 0.9}",0.039649334099158585,-0.7842578533824174,-0.34959646952316514,67.0
LINKUSDT,1d,carry,funding_pct,"{""lb"": 500, ""hi"": 0.95}",0.33692830687555997,-0.4841902723887859,-0.1747215311344672,36.0
LINKUSDT,1d,carry,funding_mom,"{""lb"": 24}",-0.25615824740723103,-0.41124557078491514,-0.6803328498484689,228.5
LINKUSDT,1d,carry,funding_mom,"{""lb"": 100}",-1.4693973979638604,0.17998306138369233,-0.2758839093752605,224.5
LINKUSDT,1d,carry,funding_mom,"{""lb"": 500}",-0.512020197021355,-0.37726718945599863,-0.6474162483205548,154.5
LINKUSDT,1d,carry,funding_price_div,"{""lb"": 24}",-0.6065822168897993,-0.1506131314140833,-0.3444973298184736,125.0
LINKUSDT,1d,carry,funding_price_div,"{""lb"": 100}",-1.565506365411892,-0.23170640315248311,-0.2946871808074796,115.0
LINKUSDT,1d,carry,funding_price_div,"{""lb"": 500}",0.02851941962167147,-1.7309534195950476,-0.7753902713093024,80.0
LINKUSDT,1d,ichimoku,cloud,"{""tenkan"": 9, ""kijun"": 26, ""senkou"": 52, ""disp"": 26}",-0.7319130003774645,0.08630000169171893,-0.3530065643266329,28.0
LINKUSDT,1d,ichimoku,cloud_fast,"{""tenkan"": 7, ""kijun"": 14, ""senkou"": 28, ""disp"": 14}",-0.8283322157161419,0.12213009007373976,-0.33551921250860417,43.5
LINKUSDT,1d,ichimoku,cloud_slow,"{""tenkan"": 12, ""kijun"": 24, ""senkou"": 52, ""disp"": 24}",-0.6813242568809668,0.1111770187671294,-0.3287853543534559,26.0
LINKUSDT,1d,ichimoku,tk,"{""tenkan"": 9, ""kijun"": 26}",-0.23664384500098903,-0.32639894726865526,-0.6709765907416672,33.5
LINKUSDT,1d,ichimoku,combo,"{""tenkan"": 9, ""kijun"": 26, ""senkou"": 52, ""disp"": 26}",-0.7698640155353543,-0.23492909224263644,-0.5274663226794836,32.0
LINKUSDT,4h,trend,ema_cross,"{""fast"": 10, ""slow"": 50}",0.01168230547890681,-3.5564316300340946,-0.6282729685483558,33.5
LINKUSDT,4h,trend,ema_cross,"{""fast"": 10, ""slow"": 100}",1.1599350296241866,-2.558985606876703,-0.5198727707462709,23.5
LINKUSDT,4h,trend,ema_cross,"{""fast"": 10, ""slow"": 200}",1.0139510944030408,-1.8972178295485729,-0.4305574906868952,17.5
LINKUSDT,4h,trend,ema_cross,"{""fast"": 20, ""slow"": 50}",0.6242709439784158,-2.1279203786177106,-0.46410498850184534,21.5
LINKUSDT,4h,trend,ema_cross,"{""fast"": 20, ""slow"": 100}",1.0190872427539226,-2.010582143223893,-0.44770352010537506,15.5
LINKUSDT,4h,trend,ema_cross,"{""fast"": 20, ""slow"": 200}",1.2669779838565345,-1.0780320890666013,-0.29759477326818684,11.5
LINKUSDT,4h,trend,ema_cross,"{""fast"": 50, ""slow"": 100}",0.42023216988215367,-1.0568125631307832,-0.2936046456767444,11.5
LINKUSDT,4h,trend,ema_cross,"{""fast"": 50, ""slow"": 200}",1.8736840475954184,-0.3867430663398973,-0.1607345163763727,5.5
LINKUSDT,4h,trend,ema_slope,"{""span"": 20, ""thr"": 0.0}",-1.925357396624492,-5.040888641739075,-0.7471843817488787,141.5
LINKUSDT,4h,trend,ema_slope,"{""span"": 20, ""thr"": 0.001}",-2.337789869693849,-4.042455974119605,-0.5892894996540419,125.5
LINKUSDT,4h,trend,ema_slope,"{""span"": 20, ""thr"": 0.005}",0.28940993357306727,-4.277132425463709,-0.24663196170280122,25.0
LINKUSDT,4h,trend,ema_slope,"{""span"": 50, ""thr"": 0.0}",-0.6009939306649179,-3.741643166930903,-0.6463636754902543,85.5
LINKUSDT,4h,trend,ema_slope,"{""span"": 50, ""thr"": 0.001}",-0.41630190150706037,-4.364857754807994,-0.5465729498064973,67.5
LINKUSDT,4h,trend,ema_slope,"{""span"": 50, ""thr"": 0.005}",-1.8837061808293816,0.1657846513915451,0.003708936692542686,2.0
LINKUSDT,4h,trend,ema_slope,"{""span"": 100, ""thr"": 0.0}",0.735417003108197,-3.3960840927783935,-0.6128154354147821,61.5
LINKUSDT,4h,trend,ema_slope,"{""span"": 100, ""thr"": 0.001}",0.4432916080440752,-3.64013401966419,-0.4339568872438728,42.5
LINKUSDT,4h,trend,ema_slope,"{""span"": 100, ""thr"": 0.005}",-3.1021738036262687,0.0,0.0,0.0
LINKUSDT,4h,trend,price_ema,"{""span"": 20, ""thr"": 0.0}",-1.925357396624492,-5.040888641739075,-0.7471843817488787,141.5
LINKUSDT,4h,trend,price_ema,"{""span"": 20, ""thr"": 0.02}",-1.097771256258885,-4.263341644337931,-0.5198993148403581,91.5
LINKUSDT,4h,trend,price_ema,"{""span"": 20, ""thr"": 0.05}",0.37231850937621885,-3.8937259873710617,-0.22191256450325658,21.0
LINKUSDT,4h,trend,price_ema,"{""span"": 50, ""thr"": 0.0}",-0.6009939306649179,-3.741643166930903,-0.6463636754902543,85.5
LINKUSDT,4h,trend,price_ema,"{""span"": 50, ""thr"": 0.02}",-0.7054874851718963,-4.725412606907966,-0.5986894529914638,77.5
LINKUSDT,4h,trend,price_ema,"{""span"": 50, ""thr"": 0.05}",0.20530595727470938,-4.934612995876361,-0.4117539199660799,41.0
LINKUSDT,4h,trend,price_ema,"{""span"": 100, ""thr"": 0.0}",0.735417003108197,-3.3960840927783935,-0.6128154354147821,61.5
LINKUSDT,4h,trend,price_ema,"{""span"": 100, ""thr"": 0.02}",0.16301322254874884,-3.552169350735456,-0.5582746502132725,67.5
LINKUSDT,4h,trend,price_ema,"{""span"": 100, ""thr"": 0.05}",0.43874013507708404,-3.4907842677308616,-0.4136962860112299,41.5
LINKUSDT,4h,trend,donchian,"{""lb"": 10}",-1.6822941133602587,-6.562291901743509,-0.6417517688290328,179.0
LINKUSDT,4h,trend,donchian,"{""lb"": 20}",-0.37155137934244786,-5.279688647936561,-0.47923497895373735,111.0
LINKUSDT,4h,trend,donchian,"{""lb"": 55}",0.23598525495699596,-2.931377831349271,-0.24679875000552942,56.0
LINKUSDT,4h,momentum,mom_ret,"{""lb"": 5, ""thr"": 0.0}",-2.4103212232616724,-2.7961052176597074,-0.5480279254140821,194.5
LINKUSDT,4h,momentum,mom_ret,"{""lb"": 5, ""thr"": 0.02}",-2.5803192991485226,-2.8571748513483253,-0.40576720873622996,133.0
LINKUSDT,4h,momentum,mom_ret,"{""lb"": 5, ""thr"": 0.05}",-1.1224129532911185,-2.1890378586297166,-0.18897358160832145,41.0
LINKUSDT,4h,momentum,mom_ret,"{""lb"": 10, ""thr"": 0.0}",-1.5395373195713469,-2.2524905166442717,-0.48120466156053887,127.5
LINKUSDT,4h,momentum,mom_ret,"{""lb"": 10, ""thr"": 0.02}",-1.400531633317191,-4.064190293650431,-0.5768450987935396,124.5
LINKUSDT,4h,momentum,mom_ret,"{""lb"": 10, ""thr"": 0.05}",-1.0977066302528882,-2.7780150398359122,-0.29544711292659653,55.0
LINKUSDT,4h,momentum,mom_ret,"{""lb"": 20, ""thr"": 0.0}",0.7004116865062384,-5.966941015769205,-0.8009928108960923,118.5
LINKUSDT,4h,momentum,mom_ret,"{""lb"": 20, ""thr"": 0.02}",-0.12897405754029473,-5.856350314302841,-0.7266463813991859,99.5
LINKUSDT,4h,momentum,mom_ret,"{""lb"": 20, ""thr"": 0.05}",-1.2519083122071215,-4.5811746370822855,-0.4925412654477265,55.5
LINKUSDT,4h,momentum,mom_ret,"{""lb"": 50, ""thr"": 0.0}",1.2358734757856058,-3.409497176357016,-0.614688874954916,81.5
LINKUSDT,4h,momentum,mom_ret,"{""lb"": 50, ""thr"": 0.02}",0.8415572665036928,-2.3139129098619584,-0.4426897598471995,74.5
LINKUSDT,4h,momentum,mom_ret,"{""lb"": 50, ""thr"": 0.05}",0.8831397969127847,-2.3478667680461904,-0.37041666465165557,51.5
LINKUSDT,4h,meanrev,rsi,"{""ob"": 65, ""os_"": 20}",0.4697189280410968,-1.002694234938325,-0.13117594682514588,56.5
LINKUSDT,4h,meanrev,rsi,"{""ob"": 65, ""os_"": 30}",-0.41811562742583297,-0.5646022867685256,-0.10029048609784796,69.5
LINKUSDT,4h,meanrev,rsi,"{""ob"": 65, ""os_"": 35}",-1.2124003723856767,-1.0840170569563163,-0.1872788100721774,79.5
LINKUSDT,4h,meanrev,rsi,"{""ob"": 70, ""os_"": 20}",0.06265940337732356,-0.3900667456872846,-0.045374127034300105,44.5
LINKUSDT,4h,meanrev,rsi,"{""ob"": 70, ""os_"": 30}",-0.8547419656047442,0.041892365794812834,-0.011438533514522953,57.5
LINKUSDT,4h,meanrev,rsi,"{""ob"": 70, ""os_"": 35}",-1.629000236137337,-0.6330026902771729,-0.10701749959905138,67.5
LINKUSDT,4h,meanrev,rsi,"{""ob"": 80, ""os_"": 20}",-0.6458903700802483,-1.4424440663589742,-0.08644738265674934,19.0
LINKUSDT,4h,meanrev,rsi,"{""ob"": 80, ""os_"": 30}",-1.4613637864296602,-0.4613796156437554,-0.05397188502040817,32.0
LINKUSDT,4h,meanrev,rsi,"{""ob"": 80, ""os_"": 35}",-2.150304582951431,-1.1388566320573812,-0.14543851828713183,42.0
LINKUSDT,4h,meanrev,zscore,"{""lb"": 20, ""z"": 1.5}",-2.9052975781780996,-1.839860469014945,-0.22615405686423906,93.5
LINKUSDT,4h,meanrev,zscore,"{""lb"": 20, ""z"": 2.0}",-2.081754085636193,-0.4178398036198349,-0.04117420373637215,62.0
LINKUSDT,4h,meanrev,zscore,"{""lb"": 20, ""z"": 2.5}",-2.221116875526166,-2.6315399154705554,-0.10423269689837056,20.0
LINKUSDT,4h,meanrev,zscore,"{""lb"": 50, ""z"": 1.5}",-1.610566090862068,-0.6795598359262015,-0.10850289149465064,46.5
LINKUSDT,4h,meanrev,zscore,"{""lb"": 50, ""z"": 2.0}",-2.8895660074981646,-1.994162978113913,-0.18387679368984333,35.0
LINKUSDT,4h,meanrev,zscore,"{""lb"": 50, ""z"": 2.5}",-1.3897779153591112,-0.6566595509378044,-0.04365441358728406,26.0
LINKUSDT,4h,meanrev,bb,"{""span"": 20, ""mult"": 1.5}",-2.9052975781780996,-1.839860469014945,-0.22615405686423906,93.5
LINKUSDT,4h,meanrev,bb,"{""span"": 20, ""mult"": 2.0}",-2.081754085636193,-0.4178398036198349,-0.04117420373637215,62.0
LINKUSDT,4h,meanrev,bb,"{""span"": 20, ""mult"": 2.5}",-2.221116875526166,-2.6315399154705554,-0.10423269689837056,20.0
LINKUSDT,4h,meanrev,bb,"{""span"": 50, ""mult"": 1.5}",-1.610566090862068,-0.6795598359262015,-0.10850289149465064,46.5
LINKUSDT,4h,meanrev,bb,"{""span"": 50, ""mult"": 2.0}",-2.8895660074981646,-1.994162978113913,-0.18387679368984333,35.0
LINKUSDT,4h,meanrev,bb,"{""span"": 50, ""mult"": 2.5}",-1.3897779153591112,-0.6566595509378044,-0.04365441358728406,26.0
LINKUSDT,4h,carry,funding,"{""thr"": 5e-05}",-0.5905269272593885,-0.8356683082481166,-0.1770289541804262,134.5
LINKUSDT,4h,carry,funding,"{""thr"": 0.0001}",-0.1949165022930732,0.7939846880964909,0.019280201286160148,10.0
LINKUSDT,4h,carry,funding,"{""thr"": 0.0002}",0.3096400596170789,-0.8434230884113472,-0.006508901567766734,1.0
LINKUSDT,4h,carry,funding_pct,"{""lb"": 100, ""hi"": 0.8}",-1.8505690922014741,-2.109928473547349,-0.2991450124385059,100.0
LINKUSDT,4h,carry,funding_pct,"{""lb"": 100, ""hi"": 0.9}",-1.3046772058392393,-2.1445566623014756,-0.19928058446384178,51.0
LINKUSDT,4h,carry,funding_pct,"{""lb"": 100, ""hi"": 0.95}",-1.1534623460538682,-0.16774687308459987,-0.012234545106834971,33.0
LINKUSDT,4h,carry,funding_pct,"{""lb"": 500, ""hi"": 0.8}",-1.605826339527282,-1.1310957241736224,-0.1560540506263679,91.5
LINKUSDT,4h,carry,funding_pct,"{""lb"": 500, ""hi"": 0.9}",-3.145779917250422,-0.016104031646008782,-0.006997750194916552,34.0
LINKUSDT,4h,carry,funding_pct,"{""lb"": 500, ""hi"": 0.95}",-1.456224335831552,0.5072755431837216,0.017059481311183067,17.0
LINKUSDT,4h,carry,funding_mom,"{""lb"": 24}",-1.0375876212484423,-2.692467871303746,-0.5332847129325657,185.5
LINKUSDT,4h,carry,funding_mom,"{""lb"": 100}",-0.4985898754285595,-4.836452148683032,-0.7305083320954224,193.0
LINKUSDT,4h,carry,funding_mom,"{""lb"": 500}",-1.483460049176374,-1.73174480617879,-0.3962640114595959,191.5
LINKUSDT,4h,carry,funding_price_div,"{""lb"": 24}",-1.4501706890224597,-4.757344025350512,-0.5769118372948965,125.0
LINKUSDT,4h,carry,funding_price_div,"{""lb"": 100}",-0.5062901646435114,-5.589309626510485,-0.6467074030320539,120.0
LINKUSDT,4h,carry,funding_price_div,"{""lb"": 500}",-0.38836137829575,-1.9870754513564473,-0.2946789665137204,100.5
LINKUSDT,4h,ichimoku,cloud,"{""tenkan"": 9, ""kijun"": 26, ""senkou"": 52, ""disp"": 26}",0.18899034379805582,-3.0760117413481014,-0.549968891085415,59.5
LINKUSDT,4h,ichimoku,cloud_fast,"{""tenkan"": 7, ""kijun"": 14, ""senkou"": 28, ""disp"": 14}",-0.967218193432021,-4.599173365812315,-0.6802182948607898,91.5
LINKUSDT,4h,ichimoku,cloud_slow,"{""tenkan"": 12, ""kijun"": 24, ""senkou"": 52, ""disp"": 24}",0.04557517164506197,-3.72824752038257,-0.6097007903977675,67.5
LINKUSDT,4h,ichimoku,tk,"{""tenkan"": 9, ""kijun"": 26}",0.7372318234875844,-3.0416594962513717,-0.5662118359024756,61.5
LINKUSDT,4h,ichimoku,combo,"{""tenkan"": 9, ""kijun"": 26, ""senkou"": 52, ""disp"": 26}",0.47743209339345416,-2.789967273032942,-0.44754569033822855,51.5
LINKUSDT,1h,trend,ema_cross,"{""fast"": 10, ""slow"": 50}",-1.9948123595457083,-3.4002937702954017,-0.6278016789379275,113.5
LINKUSDT,1h,trend,ema_cross,"{""fast"": 10, ""slow"": 100}",-1.2442391359674994,-4.573820521354668,-0.727549501369246,89.5
LINKUSDT,1h,trend,ema_cross,"{""fast"": 10, ""slow"": 200}",-0.3033029718695265,-3.6147486737370547,-0.6474222110914587,63.5
LINKUSDT,1h,trend,ema_cross,"{""fast"": 20, ""slow"": 50}",-1.2977876424671342,-4.545637629568122,-0.7255718916905824,93.5
LINKUSDT,1h,trend,ema_cross,"{""fast"": 20, ""slow"": 100}",-1.0808466845088174,-5.490241678370914,-0.786811957195046,67.5
LINKUSDT,1h,trend,ema_cross,"{""fast"": 20, ""slow"": 200}",-0.0381924618371069,-4.516650875791479,-0.7235101749266479,53.5
LINKUSDT,1h,trend,ema_cross,"{""fast"": 50, ""slow"": 100}",0.478096630324212,-4.126030142693598,-0.6930037860658271,45.5
LINKUSDT,1h,trend,ema_cross,"{""fast"": 50, ""slow"": 200}",0.1296655906624535,-3.489419050794532,-0.6367331129540637,31.5
LINKUSDT,1h,trend,ema_slope,"{""span"": 20, ""thr"": 0.0}",-5.085375160032934,-7.913019310579266,-0.8938418695264179,518.5
LINKUSDT,1h,trend,ema_slope,"{""span"": 20, ""thr"": 0.001}",-5.234296704438638,-6.951433297288005,-0.7457997494940929,338.0
LINKUSDT,1h,trend,ema_slope,"{""span"": 20, ""thr"": 0.005}",-1.4945320162434088,-3.421521787837634,-0.13982657709155033,13.0
LINKUSDT,1h,trend,ema_slope,"{""span"": 50, ""thr"": 0.0}",-4.195443126551618,-6.951693758459681,-0.8595988906712815,347.5
LINKUSDT,1h,trend,ema_slope,"{""span"": 50, ""thr"": 0.001}",-2.237447245067615,-5.09901303853944,-0.5381686509401669,146.0
LINKUSDT,1h,trend,ema_slope,"{""span"": 50, ""thr"": 0.005}",-1.529413839179933,0.0,0.0,0.0
LINKUSDT,1h,trend,ema_slope,"{""span"": 100, ""thr"": 0.0}",-2.693336962669984,-6.472865435877772,-0.8384442116307134,255.5
LINKUSDT,1h,trend,ema_slope,"{""span"": 100, ""thr"": 0.001}",-1.441775477829022,-3.515575821567444,-0.3181898531446722,43.0
LINKUSDT,1h,trend,price_ema,"{""span"": 20, ""thr"": 0.0}",-5.085375160032934,-7.913019310579266,-0.8938418695264179,518.5
LINKUSDT,1h,trend,price_ema,"{""span"": 20, ""thr"": 0.02}",-3.3409899807038546,-5.578494999572679,-0.5017312444734323,128.0
LINKUSDT,1h,trend,price_ema,"{""span"": 20, ""thr"": 0.05}",-0.9013420180445265,-2.407692772437088,-0.07429783011172919,8.0
LINKUSDT,1h,trend,price_ema,"{""span"": 50, ""thr"": 0.0}",-4.195443126551618,-6.951693758459681,-0.8595988906712815,347.5
LINKUSDT,1h,trend,price_ema,"{""span"": 50, ""thr"": 0.02}",-2.2068735926912084,-4.3517858381427015,-0.5313529109978494,179.0
LINKUSDT,1h,trend,price_ema,"{""span"": 50, ""thr"": 0.05}",-1.4391263069867526,-2.981895546133977,-0.21061571814746494,27.0
LINKUSDT,1h,trend,price_ema,"{""span"": 100, ""thr"": 0.0}",-2.693336962669984,-6.472865435877772,-0.8384442116307134,255.5
LINKUSDT,1h,trend,price_ema,"{""span"": 100, ""thr"": 0.02}",-2.506090182489664,-4.77857228485141,-0.620218537111205,160.0
LINKUSDT,1h,trend,price_ema,"{""span"": 100, ""thr"": 0.05}",-1.4787885333965585,-3.676362243242302,-0.3290794898415802,43.0
LINKUSDT,1h,trend,donchian,"{""lb"": 10}",-11.987902605976295,-16.714066361937334,-0.9413418852644883,665.5
LINKUSDT,1h,trend,donchian,"{""lb"": 20}",-9.45045311357409,-12.108051441972638,-0.8315625511261077,448.0
LINKUSDT,1h,trend,donchian,"{""lb"": 55}",-5.759197883883123,-9.967762781841431,-0.6829018877486537,246.0
LINKUSDT,1h,momentum,mom_ret,"{""lb"": 5, ""thr"": 0.0}",-10.091926934204919,-12.327842897629347,-0.9686700698643803,854.5
LINKUSDT,1h,momentum,mom_ret,"{""lb"": 5, ""thr"": 0.02}",-4.880535380074629,-8.140910408851576,-0.6511740806974611,205.0
LINKUSDT,1h,momentum,mom_ret,"{""lb"": 5, ""thr"": 0.05}",-0.002663958544598441,-3.7422803787050705,-0.13356683056331797,16.0
LINKUSDT,1h,momentum,mom_ret,"{""lb"": 10, ""thr"": 0.0}",-5.02269032053522,-8.212810736725816,-0.9013685608759912,544.5
LINKUSDT,1h,momentum,mom_ret,"{""lb"": 10, ""thr"": 0.02}",-5.312689118946281,-6.407571994430229,-0.6507468997781534,267.0
LINKUSDT,1h,momentum,mom_ret,"{""lb"": 10, ""thr"": 0.05}",-2.48630534301186,-3.710893111132931,-0.21541822359864515,35.0
LINKUSDT,1h,momentum,mom_ret,"{""lb"": 20, ""thr"": 0.0}",-4.728331275310827,-5.619508477933401,-0.7996977442202823,385.5
LINKUSDT,1h,momentum,mom_ret,"{""lb"": 20, ""thr"": 0.02}",-4.525903334697677,-4.897484904962157,-0.6231343811705401,244.0
LINKUSDT,1h,momentum,mom_ret,"{""lb"": 20, ""thr"": 0.05}",-2.8985116563629956,-8.077534113055421,-0.5263101006282056,90.0
LINKUSDT,1h,momentum,mom_ret,"{""lb"": 50, ""thr"": 0.0}",-1.8563991427354163,-4.130956283023543,-0.6947480197491152,235.5
LINKUSDT,1h,momentum,mom_ret,"{""lb"": 50, ""thr"": 0.02}",-1.7366407278783507,-3.81311483687505,-0.5918698038711825,203.5
LINKUSDT,1h,momentum,mom_ret,"{""lb"": 50, ""thr"": 0.05}",-2.9381722997978033,-4.115884538763497,-0.4824626966319385,113.0
LINKUSDT,1h,meanrev,rsi,"{""ob"": 65, ""os_"": 20}",-3.988085345738968,-7.635957606597802,-0.6264137806784276,241.0
LINKUSDT,1h,meanrev,rsi,"{""ob"": 65, ""os_"": 30}",-4.684713762230978,-7.820689093111219,-0.7106585097960458,307.0
LINKUSDT,1h,meanrev,rsi,"{""ob"": 65, ""os_"": 35}",-5.926749390489014,-7.503366055444333,-0.7395367836562503,353.0
LINKUSDT,1h,meanrev,rsi,"{""ob"": 70, ""os_"": 20}",-4.114813531779095,-5.886103273038675,-0.47750706666436393,169.0
LINKUSDT,1h,meanrev,rsi,"{""ob"": 70, ""os_"": 30}",-4.772696930612937,-6.282714117493543,-0.595330672991884,235.0
LINKUSDT,1h,meanrev,rsi,"{""ob"": 70, ""os_"": 35}",-6.082629850912762,-6.056103605609146,-0.6357200812806618,281.0
LINKUSDT,1h,meanrev,rsi,"{""ob"": 80, ""os_"": 20}",-3.1557702914965957,-3.73417177837441,-0.2457642309026311,99.0
LINKUSDT,1h,meanrev,rsi,"{""ob"": 80, ""os_"": 30}",-3.9832140950644614,-4.490272408160073,-0.4158464897552606,165.0
LINKUSDT,1h,meanrev,rsi,"{""ob"": 80, ""os_"": 35}",-5.478018795807718,-4.383815494431556,-0.47414993173598985,211.0
LINKUSDT,1h,meanrev,zscore,"{""lb"": 20, ""z"": 1.5}",-7.24772463188153,-8.797271556365544,-0.7542116289500003,355.0
LINKUSDT,1h,meanrev,zscore,"{""lb"": 20, ""z"": 2.0}",-7.217979752955395,-7.652885054506365,-0.5714695531146765,216.0
LINKUSDT,1h,meanrev,zscore,"{""lb"": 20, ""z"": 2.5}",-5.28113707558802,-5.473854531304993,-0.3174856770686366,110.0
LINKUSDT,1h,meanrev,zscore,"{""lb"": 50, ""z"": 1.5}",-4.685827713860187,-4.634746857358393,-0.5397265500233506,216.0
LINKUSDT,1h,meanrev,zscore,"{""lb"": 50, ""z"": 2.0}",-5.197522195059644,-3.262222744024522,-0.3231257902762661,141.0
LINKUSDT,1h,meanrev,zscore,"{""lb"": 50, ""z"": 2.5}",-4.037201423299985,-3.4979697333484694,-0.24160697817350374,93.0
LINKUSDT,1h,meanrev,bb,"{""span"": 20, ""mult"": 1.5}",-7.24772463188153,-8.797271556365544,-0.7542116289500003,355.0
LINKUSDT,1h,meanrev,bb,"{""span"": 20, ""mult"": 2.0}",-7.217979752955395,-7.652885054506365,-0.5714695531146765,216.0
LINKUSDT,1h,meanrev,bb,"{""span"": 20, ""mult"": 2.5}",-5.28113707558802,-5.473854531304993,-0.3174856770686366,110.0
LINKUSDT,1h,meanrev,bb,"{""span"": 50, ""mult"": 1.5}",-4.685827713860187,-4.634746857358393,-0.5397265500233506,216.0
LINKUSDT,1h,meanrev,bb,"{""span"": 50, ""mult"": 2.0}",-5.197522195059644,-3.262222744024522,-0.3231257902762661,141.0
LINKUSDT,1h,meanrev,bb,"{""span"": 50, ""mult"": 2.5}",-4.037201423299985,-3.4979697333484694,-0.24160697817350374,93.0
LINKUSDT,1h,carry,funding,"{""thr"": 5e-05}",-0.3107742020233142,0.28323804964194493,0.01217065297527209,134.5
LINKUSDT,1h,carry,funding,"{""thr"": 0.0001}",-0.3519280254438474,0.5879183199127285,0.01735882572375891,10.0
LINKUSDT,1h,carry,funding,"{""thr"": 0.0002}",0.1709642532569788,-2.427670317817572,-0.012406501852661456,1.0
LINKUSDT,1h,carry,funding_pct,"{""lb"": 100, ""hi"": 0.8}",-0.9917460908496676,-2.6947329107341633,-0.3688216839665672,141.5
LINKUSDT,1h,carry,funding_pct,"{""lb"": 100, ""hi"": 0.9}",-0.8347687975205841,-1.1890300009912425,-0.11467175921841566,99.5
LINKUSDT,1h,carry,funding_pct,"{""lb"": 100, ""hi"": 0.95}",-0.07581465823672837,-0.7482661441653714,-0.05166596797440992,58.0
LINKUSDT,1h,carry,funding_pct,"{""lb"": 500, ""hi"": 0.8}",-1.3624718725623617,-1.0528826545504872,-0.17264117060224704,105.0
LINKUSDT,1h,carry,funding_pct,"{""lb"": 500, ""hi"": 0.9}",-0.8520670406275904,-0.2890932375394067,-0.03386691030541522,57.0
LINKUSDT,1h,carry,funding_pct,"{""lb"": 500, ""hi"": 0.95}",-1.498423898109975,0.08848030455431878,0.0014818262735940557,27.0
LINKUSDT,1h,carry,funding_mom,"{""lb"": 24}",-1.3335789591790992,-0.8072620817055103,-0.2517143435926824,227.5
LINKUSDT,1h,carry,funding_mom,"{""lb"": 100}",-0.232782296893091,-1.2844769106593155,-0.34116958524988084,243.5
LINKUSDT,1h,carry,funding_mom,"{""lb"": 500}",-1.2843627774240238,-1.5265649496435352,-0.38512964427945506,263.5
LINKUSDT,1h,carry,funding_price_div,"{""lb"": 24}",-4.089924109101796,-5.566648013729402,-0.6227467608530901,276.0
LINKUSDT,1h,carry,funding_price_div,"{""lb"": 100}",-1.3207072080980728,-4.728563915805688,-0.5664494910936173,210.0
LINKUSDT,1h,carry,funding_price_div,"{""lb"": 500}",-1.139090868158484,-3.88863707097519,-0.5147964135807079,196.0
LINKUSDT,1h,ichimoku,cloud,"{""tenkan"": 9, ""kijun"": 26, ""senkou"": 52, ""disp"": 26}",-2.2714384707219155,-5.4454983577727605,-0.7635554403027037,228.5
LINKUSDT,1h,ichimoku,cloud_fast,"{""tenkan"": 7, ""kijun"": 14, ""senkou"": 28, ""disp"": 14}",-4.539799747081388,-5.075480915061384,-0.7379730013566032,284.5
LINKUSDT,1h,ichimoku,cloud_slow,"{""tenkan"": 12, ""kijun"": 24, ""senkou"": 52, ""disp"": 24}",-2.4754802367284934,-5.734002842393973,-0.7773079607549411,229.5
LINKUSDT,1h,ichimoku,tk,"{""tenkan"": 9, ""kijun"": 26}",-2.8341995827068587,-2.6459171732981814,-0.5387528171527827,171.5
LINKUSDT,1h,ichimoku,combo,"{""tenkan"": 9, ""kijun"": 26, ""senkou"": 52, ""disp"": 26}",-2.7224221408311307,-4.140464688790136,-0.6209988889193778,190.5
LTCUSDT,1d,trend,ema_cross,"{""fast"": 10, ""slow"": 50}",-0.32379291860842413,-0.2823077936918892,-0.5472472862002151,15.5
LTCUSDT,1d,trend,ema_cross,"{""fast"": 10, ""slow"": 100}",-0.7036622523560574,0.23354170978347782,-0.15394811292031152,7.5
LTCUSDT,1d,trend,ema_cross,"{""fast"": 10, ""slow"": 200}",0.10007402758937448,0.2026256123074369,-0.18487557320433945,5.5
LTCUSDT,1d,trend,ema_cross,"{""fast"": 20, ""slow"": 50}",-0.3120246481434808,-0.1463280963699453,-0.4656181386363033,9.5
LTCUSDT,1d,trend,ema_cross,"{""fast"": 20, ""slow"": 100}",-0.4628779879895066,0.24161832537225506,-0.14591159991292435,5.5
LTCUSDT,1d,trend,ema_cross,"{""fast"": 20, ""slow"": 200}",0.3666617222888308,0.1546629526048872,-0.23100798253841426,5.5
LTCUSDT,1d,trend,ema_cross,"{""fast"": 50, ""slow"": 100}",0.040780230956093934,0.13749794621418415,-0.24703298142908625,3.5
LTCUSDT,1d,trend,ema_cross,"{""fast"": 50, ""slow"": 200}",-0.1361762734166103,0.03549103899745636,-0.3338051400570917,3.5
LTCUSDT,1d,trend,ema_slope,"{""span"": 20, ""thr"": 0.0}",-1.0357278951068147,-1.266096338774939,-0.8607663905088188,82.5
LTCUSDT,1d,trend,ema_slope,"{""span"": 20, ""thr"": 0.001}",-1.285573822383412,-1.3373098415255642,-0.8558822221513762,80.5
LTCUSDT,1d,trend,ema_slope,"{""span"": 20, ""thr"": 0.005}",-1.385608456091397,-1.3480541179983445,-0.7858439437938711,62.5
LTCUSDT,1d,trend,ema_slope,"{""span"": 50, ""thr"": 0.0}",-1.2873043949880878,-0.9358867951980715,-0.7936160285997189,54.5
LTCUSDT,1d,trend,ema_slope,"{""span"": 50, ""thr"": 0.001}",-1.1688157140842967,-0.7313790636003994,-0.7100324430508087,45.5
LTCUSDT,1d,trend,ema_slope,"{""span"": 50, ""thr"": 0.005}",-0.6092682001713436,-0.4620763697994688,-0.4221656483102796,28.0
LTCUSDT,1d,trend,ema_slope,"{""span"": 100, ""thr"": 0.0}",-1.5270791590158537,0.3942376610635773,0.027989804920235173,15.5
LTCUSDT,1d,trend,ema_slope,"{""span"": 100, ""thr"": 0.001}",-0.8136628239969311,-0.04029059533820196,-0.3588237071042424,27.0
LTCUSDT,1d,trend,ema_slope,"{""span"": 100, ""thr"": 0.005}",-2.2661931732964686,-0.7612444736933531,-0.4239917777858343,14.0
LTCUSDT,1d,trend,price_ema,"{""span"": 20, ""thr"": 0.0}",-1.0357278951068147,-1.266096338774939,-0.8607663905088188,82.5
LTCUSDT,1d,trend,price_ema,"{""span"": 20, ""thr"": 0.02}",-0.9986368383656067,-1.3393919105383436,-0.8428882067956525,78.5
LTCUSDT,1d,trend,price_ema,"{""span"": 20, ""thr"": 0.05}",-1.5357877557551851,-1.3814303653209572,-0.7879696772734439,60.5
LTCUSDT,1d,trend,price_ema,"{""span"": 50, ""thr"": 0.0}",-1.2873043949880878,-0.9358867951980715,-0.7936160285997189,54.5
LTCUSDT,1d,trend,price_ema,"{""span"": 50, ""thr"": 0.02}",-1.088299546972727,-0.7284384909280476,-0.7146657905526237,48.5
LTCUSDT,1d,trend,price_ema,"{""span"": 50, ""thr"": 0.05}",-1.1109817063604488,-0.9458385760928208,-0.7337467919088491,46.0
LTCUSDT,1d,trend,price_ema,"{""span"": 100, ""thr"": 0.0}",-1.5270791590158537,0.3942376610635773,0.027989804920235173,15.5
LTCUSDT,1d,trend,price_ema,"{""span"": 100, ""thr"": 0.02}",-1.0575703039792563,0.23394400114053304,-0.1426966062068915,19.5
LTCUSDT,1d,trend,price_ema,"{""span"": 100, ""thr"": 0.05}",-0.8331404396535488,-0.15732064784089314,-0.43389696865218674,27.0
LTCUSDT,1d,trend,donchian,"{""lb"": 10}",-0.7848572548278407,-1.5229880314231286,-0.7160914220959398,101.5
LTCUSDT,1d,trend,donchian,"{""lb"": 20}",-0.6484025703593899,-1.173100744074927,-0.5781140715412989,70.5
LTCUSDT,1d,trend,donchian,"{""lb"": 55}",-0.6053125925399799,-0.9909998322999116,-0.4711938972759442,36.0
LTCUSDT,1d,momentum,mom_ret,"{""lb"": 5, ""thr"": 0.0}",-1.2649434048421127,-1.4207260299266193,-0.884715310051377,140.5
LTCUSDT,1d,momentum,mom_ret,"{""lb"": 5, ""thr"": 0.02}",-1.0431909358293479,-1.8681029101903626,-0.9073178351207387,134.5
LTCUSDT,1d,momentum,mom_ret,"{""lb"": 5, ""thr"": 0.05}",-0.8351664247153017,-1.2732236182758512,-0.7209315890921169,83.0
LTCUSDT,1d,momentum,mom_ret,"{""lb"": 10, ""thr"": 0.0}",-0.7814753166827489,-0.527633700911253,-0.6617888166483115,84.5
LTCUSDT,1d,momentum,mom_ret,"{""lb"": 10, ""thr"": 0.02}",-0.800939535227963,-0.8959636514193109,-0.7616871213465879,87.5
LTCUSDT,1d,momentum,mom_ret,"{""lb"": 10, ""thr"": 0.05}",-0.735933837268834,-1.1187150752493427,-0.773406823904767,77.5
LTCUSDT,1d,momentum,mom_ret,"{""lb"": 20, ""thr"": 0.0}",-0.9026115957289602,-0.38221614139019133,-0.5974469031423437,62.5
LTCUSDT,1d,momentum,mom_ret,"{""lb"": 20, ""thr"": 0.02}",-1.0273863685186082,-0.77860103812689,-0.7317320281030026,69.5
LTCUSDT,1d,momentum,mom_ret,"{""lb"": 20, ""thr"": 0.05}",-1.2895526280723502,-0.5479744543825573,-0.6202402034370637,57.5
LTCUSDT,1d,momentum,mom_ret,"{""lb"": 50, ""thr"": 0.0}",-0.43571337550134615,0.062130590701027194,-0.3111812894779079,44.5
LTCUSDT,1d,momentum,mom_ret,"{""lb"": 50, ""thr"": 0.02}",-0.6631923436256075,0.08419594983447201,-0.2823028786480857,34.5
LTCUSDT,1d,momentum,mom_ret,"{""lb"": 50, ""thr"": 0.05}",-0.8340203616874798,0.17606003480652754,-0.19119968556226485,32.5
LTCUSDT,1d,meanrev,rsi,"{""ob"": 65, ""os_"": 20}",0.2652340099909424,0.8798726077925771,0.5342159287507771,35.5
LTCUSDT,1d,meanrev,rsi,"{""ob"": 65, ""os_"": 30}",0.3606577097357477,0.3103507250928126,0.07463093899488604,46.5
LTCUSDT,1d,meanrev,rsi,"{""ob"": 65, ""os_"": 35}",0.3763019082345048,0.1987476220632983,-0.025879074091317067,55.5
LTCUSDT,1d,meanrev,rsi,"{""ob"": 70, ""os_"": 20}",0.5021208801135161,0.7475356388202374,0.3766915326363729,19.0
LTCUSDT,1d,meanrev,rsi,"{""ob"": 70, ""os_"": 30}",0.588877822292704,0.1320860130004101,-0.035705935064856975,30.0
LTCUSDT,1d,meanrev,rsi,"{""ob"": 70, ""os_"": 35}",0.5746831784080054,0.02988434183477982,-0.1258961627687326,39.0
LTCUSDT,1d,meanrev,rsi,"{""ob"": 80, ""os_"": 20}",0.3483763714969589,1.0654789418653574,0.554306574717603,16.0
LTCUSDT,1d,meanrev,rsi,"{""ob"": 80, ""os_"": 30}",0.4646020939271821,0.3168223342822514,0.08870329304606694,27.0
LTCUSDT,1d,meanrev,rsi,"{""ob"": 80, ""os_"": 35}",0.4400661621709487,0.18144943286456092,-0.0131229044514648,36.0
LTCUSDT,1d,meanrev,zscore,"{""lb"": 20, ""z"": 1.5}",0.3521383380275894,0.40541015279661974,0.1453903465335471,56.5
LTCUSDT,1d,meanrev,zscore,"{""lb"": 20, ""z"": 2.0}",-0.06296327791434725,0.0579689350137175,-0.027230390455006526,34.5
LTCUSDT,1d,meanrev,zscore,"{""lb"": 20, ""z"": 2.5}",-0.32526916626740876,-0.047940146983233414,-0.03775232903754433,16.0
LTCUSDT,1d,meanrev,zscore,"{""lb"": 50, ""z"": 1.5}",0.354646015203327,0.23938487215666152,0.01683511408499938,36.5
LTCUSDT,1d,meanrev,zscore,"{""lb"": 50, ""z"": 2.0}",0.15701860938318285,-0.29866799784848225,-0.2677919454041281,20.0
LTCUSDT,1d,meanrev,zscore,"{""lb"": 50, ""z"": 2.5}",0.428033452050401,-0.34332393035708786,-0.12552522746705774,11.0
LTCUSDT,1d,meanrev,bb,"{""span"": 20, ""mult"": 1.5}",0.3521383380275894,0.40541015279661974,0.1453903465335471,56.5
LTCUSDT,1d,meanrev,bb,"{""span"": 20, ""mult"": 2.0}",-0.06296327791434725,0.0579689350137175,-0.027230390455006526,34.5
LTCUSDT,1d,meanrev,bb,"{""span"": 20, ""mult"": 2.5}",-0.32526916626740876,-0.047940146983233414,-0.03775232903754433,16.0
LTCUSDT,1d,meanrev,bb,"{""span"": 50, ""mult"": 1.5}",0.354646015203327,0.23938487215666152,0.01683511408499938,36.5
LTCUSDT,1d,meanrev,bb,"{""span"": 50, ""mult"": 2.0}",0.15701860938318285,-0.29866799784848225,-0.2677919454041281,20.0
LTCUSDT,1d,meanrev,bb,"{""span"": 50, ""mult"": 2.5}",0.428033452050401,-0.34332393035708786,-0.12552522746705774,11.0
LTCUSDT,1d,carry,funding,"{""thr"": 5e-05}",-0.3757874407700612,0.34695614423299187,0.046016850055483616,140.0
LTCUSDT,1d,carry,funding,"{""thr"": 0.0001}",-0.46198516215286534,-0.43269194284140294,-0.18583678153294336,10.0
LTCUSDT,1d,carry,funding,"{""thr"": 0.0002}",-0.1303717411715029,-0.5969094551019469,-0.22814118494219238,3.0
LTCUSDT,1d,carry,funding,"{""thr"": 0.0005}",-0.5211331278878899,-0.8047255546470896,-0.06391755615509442,1.0
LTCUSDT,1d,carry,funding_pct,"{""lb"": 100, ""hi"": 0.8}",-0.25122378764509706,0.07222528828845388,-0.10851405563629135,116.0
LTCUSDT,1d,carry,funding_pct,"{""lb"": 100, ""hi"": 0.9}",-0.909050056025045,-0.43126013564145765,-0.2797144840575896,63.0
LTCUSDT,1d,carry,funding_pct,"{""lb"": 100, ""hi"": 0.95}",-0.164217065718887,-0.4693274820632329,-0.20553396589374517,31.0
LTCUSDT,1d,carry,funding_pct,"{""lb"": 500, ""hi"": 0.8}",-0.5589481090015879,-0.8352612318947524,-0.5789739817779505,107.0
LTCUSDT,1d,carry,funding_pct,"{""lb"": 500, ""hi"": 0.9}",-0.3378144718489198,0.4933067594677156,0.21427488201144174,76.0
LTCUSDT,1d,carry,funding_pct,"{""lb"": 500, ""hi"": 0.95}",-0.168467706393516,0.3740322768194232,0.1126222796203229,43.0
LTCUSDT,1d,carry,funding_mom,"{""lb"": 24}",-0.4681459357975549,-0.43964211886710214,-0.5762876022298817,237.5
LTCUSDT,1d,carry,funding_mom,"{""lb"": 100}",-1.081092393614313,-0.294904298061614,-0.5088488494762438,201.5
LTCUSDT,1d,carry,funding_mom,"{""lb"": 500}",-0.5539219049646644,-0.4361442531600284,-0.5735867406930149,135.5
LTCUSDT,1d,carry,funding_price_div,"{""lb"": 24}",-0.31266202469439947,-0.7764365957779871,-0.47698880705044366,132.5
LTCUSDT,1d,carry,funding_price_div,"{""lb"": 100}",-0.9161788960062253,-0.025070995738695735,-0.12506659506788598,102.0
LTCUSDT,1d,carry,funding_price_div,"{""lb"": 500}",-0.5904546409244783,-0.008741744009814046,-0.15796007565634518,80.5
LTCUSDT,1d,ichimoku,cloud,"{""tenkan"": 9, ""kijun"": 26, ""senkou"": 52, ""disp"": 26}",-1.2321884107097059,-0.7258123511012669,-0.7044975760852912,32.0
LTCUSDT,1d,ichimoku,cloud_fast,"{""tenkan"": 7, ""kijun"": 14, ""senkou"": 28, ""disp"": 14}",-1.1801942740302676,-0.6483865468957679,-0.6879914196701836,42.5
LTCUSDT,1d,ichimoku,cloud_slow,"{""tenkan"": 12, ""kijun"": 24, ""senkou"": 52, ""disp"": 24}",-1.1082402362743464,-0.7660012300863216,-0.7211332064892579,33.0
LTCUSDT,1d,ichimoku,tk,"{""tenkan"": 9, ""kijun"": 26}",-1.2406794957488139,0.12176397862684232,-0.2442169852403736,33.5
LTCUSDT,1d,ichimoku,combo,"{""tenkan"": 9, ""kijun"": 26, ""senkou"": 52, ""disp"": 26}",-1.113182338224482,-0.394515670232344,-0.4956008310448452,34.0
LTCUSDT,4h,trend,ema_cross,"{""fast"": 10, ""slow"": 50}",-0.5051985771389403,-5.405145818495968,-0.6858643977238992,49.5
LTCUSDT,4h,trend,ema_cross,"{""fast"": 10, ""slow"": 100}",-0.9489836996469074,-1.6656726528734023,-0.32173352362329777,23.5
LTCUSDT,4h,trend,ema_cross,"{""fast"": 10, ""slow"": 200}",-0.49544412252014947,-1.3087069006122325,-0.2711991660181873,17.5
LTCUSDT,4h,trend,ema_cross,"{""fast"": 20, ""slow"": 50}",-0.13021408415295835,-3.4220430868270926,-0.5280808733774156,29.5
LTCUSDT,4h,trend,ema_cross,"{""fast"": 20, ""slow"": 100}",-0.7425568865318587,-1.4531219133412199,-0.292794975105926,21.5
LTCUSDT,4h,trend,ema_cross,"{""fast"": 20, ""slow"": 200}",-0.6110146511406926,-0.06012008651183634,-0.05836746974296503,5.5
LTCUSDT,4h,trend,ema_cross,"{""fast"": 50, ""slow"": 100}",-0.6332774378712788,-0.5258809064487467,-0.14399550393501037,9.5
LTCUSDT,4h,trend,ema_cross,"{""fast"": 50, ""slow"": 200}",-0.388641005004101,0.27263884563400836,0.008006946362950185,3.5
LTCUSDT,4h,trend,ema_slope,"{""span"": 20, ""thr"": 0.0}",-3.7365771375331036,-5.023306100975512,-0.6630389525604927,151.5
LTCUSDT,4h,trend,ema_slope,"{""span"": 20, ""thr"": 0.001}",-2.9282206435856213,-5.076117150791963,-0.5829010551085693,119.5
LTCUSDT,4h,trend,ema_slope,"{""span"": 20, ""thr"": 0.005}",-1.2885636987163227,-1.6654874806272768,-0.08216976665251996,9.0
LTCUSDT,4h,trend,ema_slope,"{""span"": 50, ""thr"": 0.0}",-1.4834675833830628,-4.936484105626409,-0.6529463418756315,105.5
LTCUSDT,4h,trend,ema_slope,"{""span"": 50, ""thr"": 0.001}",-2.006150046213457,-3.3224616745900337,-0.3521410464353135,50.5
LTCUSDT,4h,trend,ema_slope,"{""span"": 50, ""thr"": 0.005}",-2.1575764216741105,-1.845598204121738,-0.009554775455108078,1.0
LTCUSDT,4h,trend,ema_slope,"{""span"": 100, ""thr"": 0.0}",-1.3914896193710804,-4.368756766706428,-0.6117545408520728,83.5
LTCUSDT,4h,trend,ema_slope,"{""span"": 100, ""thr"": 0.001}",-1.4521602689661617,-2.638012010121941,-0.24841034484448932,28.5
LTCUSDT,4h,trend,price_ema,"{""span"": 20, ""thr"": 0.0}",-3.7365771375331036,-5.023306100975512,-0.6630389525604927,151.5
LTCUSDT,4h,trend,price_ema,"{""span"": 20, ""thr"": 0.02}",-2.353570170736284,-4.6089354667550975,-0.4160497206094357,72.0
LTCUSDT,4h,trend,price_ema,"{""span"": 20, ""thr"": 0.05}",-2.1451684350660676,-1.0750901076165935,-0.05106208198496176,7.0
LTCUSDT,4h,trend,price_ema,"{""span"": 50, ""thr"": 0.0}",-1.4834675833830628,-4.936484105626409,-0.6529463418756315,105.5
LTCUSDT,4h,trend,price_ema,"{""span"": 50, ""thr"": 0.02}",-1.5141560498650453,-4.684206790116402,-0.48170794511547277,70.5
LTCUSDT,4h,trend,price_ema,"{""span"": 50, ""thr"": 0.05}",-2.203848069420627,-2.581523187866157,-0.1861043224606861,18.0
LTCUSDT,4h,trend,price_ema,"{""span"": 100, ""thr"": 0.0}",-1.3914896193710804,-4.368756766706428,-0.6117545408520728,83.5
LTCUSDT,4h,trend,price_ema,"{""span"": 100, ""thr"": 0.02}",-0.7951812003596196,-5.389422883072347,-0.6088044306527829,73.5
LTCUSDT,4h,trend,price_ema,"{""span"": 100, ""thr"": 0.05}",-1.3428272321458252,-2.646030194985614,-0.24904672155565588,28.5
LTCUSDT,4h,trend,donchian,"{""lb"": 10}",-4.766549397322623,-6.9385427627970815,-0.5897207490742449,173.5
LTCUSDT,4h,trend,donchian,"{""lb"": 20}",-3.152276970446302,-6.651774136972506,-0.4740351353731682,115.5
LTCUSDT,4h,trend,donchian,"{""lb"": 55}",-2.3123503852296303,-3.6722731164171116,-0.23711849504711613,51.5
LTCUSDT,4h,momentum,mom_ret,"{""lb"": 5, ""thr"": 0.0}",-4.273186548017941,-5.119860260328305,-0.6707751265710606,214.5
LTCUSDT,4h,momentum,mom_ret,"{""lb"": 5, ""thr"": 0.02}",-3.251681039817743,-3.6590853015511735,-0.38452259662423316,108.0
LTCUSDT,4h,momentum,mom_ret,"{""lb"": 5, ""thr"": 0.05}",-1.0294192414739913,-3.0247332592654805,-0.10238033106205291,8.0
LTCUSDT,4h,momentum,mom_ret,"{""lb"": 10, ""thr"": 0.0}",-4.212700382911193,-3.944935062518954,-0.5791463210042227,158.5
LTCUSDT,4h,momentum,mom_ret,"{""lb"": 10, ""thr"": 0.02}",-3.3367582569492362,-3.591571901216079,-0.4372060451757154,110.0
LTCUSDT,4h,momentum,mom_ret,"{""lb"": 10, ""thr"": 0.05}",-2.4149940937234753,-2.5415565467023913,-0.17174726602078283,29.0
LTCUSDT,4h,momentum,mom_ret,"{""lb"": 20, ""thr"": 0.0}",-2.1292513922135545,-6.608556254055124,-0.7551275136122841,116.5
LTCUSDT,4h,momentum,mom_ret,"{""lb"": 20, ""thr"": 0.02}",-2.6936910435050456,-6.61088657612866,-0.6770082638305963,97.5
LTCUSDT,4h,momentum,mom_ret,"{""lb"": 20, ""thr"": 0.05}",-2.0287603525753335,-3.2840789231172245,-0.29141839871146313,35.5
LTCUSDT,4h,momentum,mom_ret,"{""lb"": 50, ""thr"": 0.0}",0.08540869996028498,-2.5363213571520196,-0.4343259629968246,83.5
LTCUSDT,4h,momentum,mom_ret,"{""lb"": 50, ""thr"": 0.02}",0.15464113910071245,-3.5363019721265476,-0.49885786327332804,79.5
LTCUSDT,4h,momentum,mom_ret,"{""lb"": 50, ""thr"": 0.05}",-0.3098594664854706,-2.5177338137287344,-0.27893857388473264,43.5
LTCUSDT,4h,meanrev,rsi,"{""ob"": 65, ""os_"": 20}",0.8613062240932056,-0.856623461914844,-0.09211558500934103,55.0
LTCUSDT,4h,meanrev,rsi,"{""ob"": 65, ""os_"": 30}",0.5092634879848691,-0.8475676672967478,-0.11158335061803148,81.0
LTCUSDT,4h,meanrev,rsi,"{""ob"": 65, ""os_"": 35}",0.12780154289454074,-1.7609600614435077,-0.22494441809426202,87.0
LTCUSDT,4h,meanrev,rsi,"{""ob"": 70, ""os_"": 20}",-0.1725260062057335,-1.0766522828271534,-0.09811653929719444,46.0
LTCUSDT,4h,meanrev,rsi,"{""ob"": 70, ""os_"": 30}",-0.47342159593710087,-1.004177033292411,-0.11745562644244156,72.0
LTCUSDT,4h,meanrev,rsi,"{""ob"": 70, ""os_"": 35}",-0.8640679439964027,-1.956295102472434,-0.23006739745238758,78.0
LTCUSDT,4h,meanrev,rsi,"{""ob"": 80, ""os_"": 20}",0.9211907285928929,-1.0287437928114882,-0.06920485540648191,18.0
LTCUSDT,4h,meanrev,rsi,"{""ob"": 80, ""os_"": 30}",0.24909414455346107,-0.8918051423907116,-0.08916389579251771,44.0
LTCUSDT,4h,meanrev,rsi,"{""ob"": 80, ""os_"": 35}",-0.2797729868845611,-1.968783811161107,-0.20538566306880823,50.0
LTCUSDT,4h,meanrev,zscore,"{""lb"": 20, ""z"": 1.5}",-1.3521098854368143,-2.14049246271681,-0.21744253477268327,88.5
LTCUSDT,4h,meanrev,zscore,"{""lb"": 20, ""z"": 2.0}",-2.8398413684389268,-2.3073893735447433,-0.1594556485689691,50.0
LTCUSDT,4h,meanrev,zscore,"{""lb"": 20, ""z"": 2.5}",-1.9159827966648715,0.1576460731125605,0.003949906963822247,24.0
LTCUSDT,4h,meanrev,zscore,"{""lb"": 50, ""z"": 1.5}",-0.1484463843583109,-0.3963816733997931,-0.05740135774216082,68.5
LTCUSDT,4h,meanrev,zscore,"{""lb"": 50, ""z"": 2.0}",-1.0577631473485334,-1.7711899558193924,-0.13035941810688667,34.0
LTCUSDT,4h,meanrev,zscore,"{""lb"": 50, ""z"": 2.5}",-1.0591344244478584,-0.14268441362282758,-0.011095096183334263,20.0
LTCUSDT,4h,meanrev,bb,"{""span"": 20, ""mult"": 1.5}",-1.3521098854368143,-2.14049246271681,-0.21744253477268327,88.5
LTCUSDT,4h,meanrev,bb,"{""span"": 20, ""mult"": 2.0}",-2.8398413684389268,-2.3073893735447433,-0.1594556485689691,50.0
LTCUSDT,4h,meanrev,bb,"{""span"": 20, ""mult"": 2.5}",-1.9159827966648715,0.1576460731125605,0.003949906963822247,24.0
LTCUSDT,4h,meanrev,bb,"{""span"": 50, ""mult"": 1.5}",-0.1484463843583109,-0.3963816733997931,-0.05740135774216082,68.5
LTCUSDT,4h,meanrev,bb,"{""span"": 50, ""mult"": 2.0}",-1.0577631473485334,-1.7711899558193924,-0.13035941810688667,34.0
LTCUSDT,4h,meanrev,bb,"{""span"": 50, ""mult"": 2.5}",-1.0591344244478584,-0.14268441362282758,-0.011095096183334263,20.0
LTCUSDT,4h,carry,funding,"{""thr"": 5e-05}",-0.9792179616050856,-2.0663027234598097,-0.26357454650673806,127.5
LTCUSDT,4h,carry,funding,"{""thr"": 0.0001}",-0.9510077667525056,-1.5065236581366155,-0.03223413729421465,4.0
LTCUSDT,4h,carry,funding,"{""thr"": 0.0002}",-0.04457896629726785,0.0,0.0,0.0
LTCUSDT,4h,carry,funding,"{""thr"": 0.0005}",1.3066915592541302,0.0,0.0,0.0
LTCUSDT,4h,carry,funding_pct,"{""lb"": 100, ""hi"": 0.8}",-1.977039547897534,-0.8159886918391879,-0.12721144013882402,141.5
LTCUSDT,4h,carry,funding_pct,"{""lb"": 100, ""hi"": 0.9}",-2.702508875983071,-0.5246916098464885,-0.05882013353632687,73.0
LTCUSDT,4h,carry,funding_pct,"{""lb"": 100, ""hi"": 0.95}",-2.824921215922385,-0.6427017275956327,-0.055682512782088245,43.0
LTCUSDT,4h,carry,funding_pct,"{""lb"": 500, ""hi"": 0.8}",-2.3023100513685884,-1.3565041057140355,-0.18551283901165272,130.5
LTCUSDT,4h,carry,funding_pct,"{""lb"": 500, ""hi"": 0.9}",-3.3765287629085794,-0.44363854631599836,-0.05278436291548472,62.5
LTCUSDT,4h,carry,funding_pct,"{""lb"": 500, ""hi"": 0.95}",-1.491134915019902,0.49715513243847337,0.031210078132367647,24.0
LTCUSDT,4h,carry,funding_mom,"{""lb"": 24}",-2.183036679357164,-1.1555767812367808,-0.2479879593815093,196.5
LTCUSDT,4h,carry,funding_mom,"{""lb"": 100}",-0.7853046705407354,-2.543086043045277,-0.4335927657315751,215.0
LTCUSDT,4h,carry,funding_mom,"{""lb"": 500}",-1.781016936426766,-1.442749971633243,-0.2914968864800024,200.5
LTCUSDT,4h,carry,funding_price_div,"{""lb"": 24}",-3.180410699713664,-4.716491278127978,-0.47109499397902443,139.0
LTCUSDT,4h,carry,funding_price_div,"{""lb"": 100}",-2.208518075836703,-5.376610247556597,-0.500370857126083,129.0
LTCUSDT,4h,carry,funding_price_div,"{""lb"": 500}",-0.00140295034720408,-1.2821365212894344,-0.16997452124664536,102.5
LTCUSDT,4h,ichimoku,cloud,"{""tenkan"": 9, ""kijun"": 26, ""senkou"": 52, ""disp"": 26}",-1.1630789440919758,-4.427994147582672,-0.5905544372833871,77.5
LTCUSDT,4h,ichimoku,cloud_fast,"{""tenkan"": 7, ""kijun"": 14, ""senkou"": 28, ""disp"": 14}",-1.8289957142859599,-4.331445981304107,-0.5627893900055936,76.5
LTCUSDT,4h,ichimoku,cloud_slow,"{""tenkan"": 12, ""kijun"": 24, ""senkou"": 52, ""disp"": 24}",-1.2370527828716684,-4.264990219302457,-0.5780150733480247,80.5
LTCUSDT,4h,ichimoku,tk,"{""tenkan"": 9, ""kijun"": 26}",-0.829917243780418,-3.656866705247391,-0.5395578715794499,52.5
LTCUSDT,4h,ichimoku,combo,"{""tenkan"": 9, ""kijun"": 26, ""senkou"": 52, ""disp"": 26}",-0.4942469954997874,-4.0190921821987695,-0.5046989482039363,58.5
LTCUSDT,1h,trend,ema_cross,"{""fast"": 10, ""slow"": 50}",-3.7269746158396067,-3.1018169851206294,-0.5229072502247757,115.5
LTCUSDT,1h,trend,ema_cross,"{""fast"": 10, ""slow"": 100}",-2.30171118350151,-2.5776613651219047,-0.46391024759887944,79.5
LTCUSDT,1h,trend,ema_cross,"{""fast"": 10, ""slow"": 200}",-1.4907709599053869,-4.202364620286868,-0.6247461288193934,71.5
LTCUSDT,1h,trend,ema_cross,"{""fast"": 20, ""slow"": 50}",-2.8898107133818107,-2.3661583178044423,-0.4385502525012981,81.5
LTCUSDT,1h,trend,ema_cross,"{""fast"": 20, ""slow"": 100}",-1.8308100808987016,-3.57400646495926,-0.5690521528512965,59.5
LTCUSDT,1h,trend,ema_cross,"{""fast"": 20, ""slow"": 200}",-1.056130055062339,-5.036863173186585,-0.6870355609656891,57.5
LTCUSDT,1h,trend,ema_cross,"{""fast"": 50, ""slow"": 100}",-1.6932751693743244,-3.7727532535080153,-0.586917041866909,41.5
LTCUSDT,1h,trend,ema_cross,"{""fast"": 50, ""slow"": 200}",-0.6059778709503882,-4.354970102628447,-0.6366165163651987,45.5
LTCUSDT,1h,trend,ema_slope,"{""span"": 20, ""thr"": 0.0}",-7.863434848454783,-8.687722751953784,-0.8658999562850724,498.5
LTCUSDT,1h,trend,ema_slope,"{""span"": 20, ""thr"": 0.001}",-5.53832191199512,-12.017311777659888,-0.8292020845551795,297.0
LTCUSDT,1h,trend,ema_slope,"{""span"": 20, ""thr"": 0.005}",-1.1625706261050865,-1.1739005035581547,-0.02673244132739927,3.0
LTCUSDT,1h,trend,ema_slope,"{""span"": 50, ""thr"": 0.0}",-6.013168746839157,-8.108323219507607,-0.8459834283841319,347.5
LTCUSDT,1h,trend,ema_slope,"{""span"": 50, ""thr"": 0.001}",-3.246527436596513,-5.754249450760595,-0.4778130733549679,92.0
LTCUSDT,1h,trend,ema_slope,"{""span"": 50, ""thr"": 0.005}",-0.8147129486129996,0.0,0.0,0.0
LTCUSDT,1h,trend,ema_slope,"{""span"": 100, ""thr"": 0.0}",-3.817227776545847,-6.312809653822713,-0.768284017406363,255.5
LTCUSDT,1h,trend,ema_slope,"{""span"": 100, ""thr"": 0.001}",-2.535734266889687,-2.000805457620241,-0.1697077002310683,20.0
LTCUSDT,1h,trend,price_ema,"{""span"": 20, ""thr"": 0.0}",-7.863434848454783,-8.687722751953784,-0.8658999562850724,498.5
LTCUSDT,1h,trend,price_ema,"{""span"": 20, ""thr"": 0.02}",-1.9667333979826855,-8.503699100158451,-0.5126558231618232,77.0
LTCUSDT,1h,trend,price_ema,"{""span"": 20, ""thr"": 0.05}",-2.5440992664999014,-1.2832570454749592,-0.029059919228850317,3.0
LTCUSDT,1h,trend,price_ema,"{""span"": 50, ""thr"": 0.0}",-6.013168746839157,-8.108323219507607,-0.8459834283841319,347.5
LTCUSDT,1h,trend,price_ema,"{""span"": 50, ""thr"": 0.02}",-3.2302666350572955,-6.395791763580597,-0.5746309351186321,127.0
LTCUSDT,1h,trend,price_ema,"{""span"": 50, ""thr"": 0.05}",-1.600329169833263,-5.00758902835963,-0.23976205558071484,17.0
LTCUSDT,1h,trend,price_ema,"{""span"": 100, ""thr"": 0.0}",-3.817227776545847,-6.312809653822713,-0.768284017406363,255.5
LTCUSDT,1h,trend,price_ema,"{""span"": 100, ""thr"": 0.02}",-2.8745793162954967,-6.6833403616137605,-0.6477436938607168,153.0
LTCUSDT,1h,trend,price_ema,"{""span"": 100, ""thr"": 0.05}",-2.5461666333713344,-1.8522974306396653,-0.15727597788416214,19.0
LTCUSDT,1h,trend,donchian,"{""lb"": 10}",-11.282347759821599,-20.98470105937584,-0.9444011675739057,667.5
LTCUSDT,1h,trend,donchian,"{""lb"": 20}",-8.504681699489636,-16.273212022263145,-0.8526718249372753,438.0
LTCUSDT,1h,trend,donchian,"{""lb"": 55}",-7.072743839535593,-10.806980024567153,-0.6497180193316567,247.0
LTCUSDT,1h,momentum,mom_ret,"{""lb"": 5, ""thr"": 0.0}",-11.684113182174025,-15.183982213038288,-0.9698419896089545,829.5
LTCUSDT,1h,momentum,mom_ret,"{""lb"": 5, ""thr"": 0.02}",-2.754668908545695,-11.02088760916022,-0.6381255371382435,142.0
LTCUSDT,1h,momentum,mom_ret,"{""lb"": 5, ""thr"": 0.05}",-2.41556655821774,-2.9893632360003335,-0.09297379715585663,7.0
LTCUSDT,1h,momentum,mom_ret,"{""lb"": 10, ""thr"": 0.0}",-8.130411543521054,-12.982929292470386,-0.9496660134478346,583.5
LTCUSDT,1h,momentum,mom_ret,"{""lb"": 10, ""thr"": 0.02}",-5.769451967891311,-10.783745314437661,-0.7240115401235296,199.0
LTCUSDT,1h,momentum,mom_ret,"{""lb"": 10, ""thr"": 0.05}",-2.2678765925306625,-1.8797699620146062,-0.0673616333431305,7.0
LTCUSDT,1h,momentum,mom_ret,"{""lb"": 20, ""thr"": 0.0}",-5.2601403176799035,-9.42260538198008,-0.8856240044088558,410.5
LTCUSDT,1h,momentum,mom_ret,"{""lb"": 20, ""thr"": 0.02}",-5.085627974145225,-8.258564684077468,-0.7057401729686951,222.0
LTCUSDT,1h,momentum,mom_ret,"{""lb"": 20, ""thr"": 0.05}",-1.6077746316334196,-7.615459290085959,-0.34311578662947717,33.0
LTCUSDT,1h,momentum,mom_ret,"{""lb"": 50, ""thr"": 0.0}",-5.338047007726833,-5.038341795917811,-0.6912083375826958,255.5
LTCUSDT,1h,momentum,mom_ret,"{""lb"": 50, ""thr"": 0.02}",-5.13801697990435,-4.570721057084167,-0.5709597183136501,196.0
LTCUSDT,1h,momentum,mom_ret,"{""lb"": 50, ""thr"": 0.05}",-2.86559874050105,-3.9346377796821943,-0.3465762627946972,59.0
LTCUSDT,1h,meanrev,rsi,"{""ob"": 65, ""os_"": 20}",-5.588600030467975,-7.920831665979826,-0.5452611445801445,207.0
LTCUSDT,1h,meanrev,rsi,"{""ob"": 65, ""os_"": 30}",-6.438352004719254,-8.16200060144514,-0.6401544399815877,289.0
LTCUSDT,1h,meanrev,rsi,"{""ob"": 65, ""os_"": 35}",-5.983791772019125,-7.633320734308028,-0.6562303147283461,341.0
LTCUSDT,1h,meanrev,rsi,"{""ob"": 70, ""os_"": 20}",-4.781383818834963,-7.258651286355924,-0.46618359169445966,169.0
LTCUSDT,1h,meanrev,rsi,"{""ob"": 70, ""os_"": 30}",-5.746204002874361,-7.481643314913176,-0.5775785110415306,251.0
LTCUSDT,1h,meanrev,rsi,"{""ob"": 70, ""os_"": 35}",-5.239411048038626,-6.927494164940747,-0.596449926174424,303.0
LTCUSDT,1h,meanrev,rsi,"{""ob"": 80, ""os_"": 20}",-3.2995633928874986,-4.590786347353569,-0.2482832282585582,85.0
LTCUSDT,1h,meanrev,rsi,"{""ob"": 80, ""os_"": 30}",-4.591786613843496,-5.274708925160996,-0.40514882447689404,167.0
LTCUSDT,1h,meanrev,rsi,"{""ob"": 80, ""os_"": 35}",-4.064161408180897,-4.837455467101285,-0.4317234277321994,219.0
LTCUSDT,1h,meanrev,zscore,"{""lb"": 20, ""z"": 1.5}",-6.434569946143444,-9.243379059187808,-0.695087687492618,370.0
LTCUSDT,1h,meanrev,zscore,"{""lb"": 20, ""z"": 2.0}",-5.83296596170868,-8.07708612316094,-0.5182274134241787,219.0
LTCUSDT,1h,meanrev,zscore,"{""lb"": 20, ""z"": 2.5}",-3.4978107539503247,-6.686675502250014,-0.3281858034436804,108.0
LTCUSDT,1h,meanrev,zscore,"{""lb"": 50, ""z"": 1.5}",-3.5305566836318465,-5.1197081840283305,-0.5111329999582601,249.0
LTCUSDT,1h,meanrev,zscore,"{""lb"": 50, ""z"": 2.0}",-3.916345855486901,-4.180979029790132,-0.33793635314387016,147.0
LTCUSDT,1h,meanrev,zscore,"{""lb"": 50, ""z"": 2.5}",-2.7876174099786826,-3.621496395259636,-0.20794493483820042,78.0
LTCUSDT,1h,meanrev,bb,"{""span"": 20, ""mult"": 1.5}",-6.434569946143444,-9.243379059187808,-0.695087687492618,370.0
LTCUSDT,1h,meanrev,bb,"{""span"": 20, ""mult"": 2.0}",-5.83296596170868,-8.07708612316094,-0.5182274134241787,219.0
LTCUSDT,1h,meanrev,bb,"{""span"": 20, ""mult"": 2.5}",-3.4978107539503247,-6.686675502250014,-0.3281858034436804,108.0
LTCUSDT,1h,meanrev,bb,"{""span"": 50, ""mult"": 1.5}",-3.5305566836318465,-5.1197081840283305,-0.5111329999582601,249.0
LTCUSDT,1h,meanrev,bb,"{""span"": 50, ""mult"": 2.0}",-3.916345855486901,-4.180979029790132,-0.33793635314387016,147.0
LTCUSDT,1h,meanrev,bb,"{""span"": 50, ""mult"": 2.5}",-2.7876174099786826,-3.621496395259636,-0.20794493483820042,78.0
LTCUSDT,1h,carry,funding,"{""thr"": 5e-05}",-1.1616187175755752,-1.5218544907880909,-0.2023403705965766,127.5
LTCUSDT,1h,carry,funding,"{""thr"": 0.0001}",-1.5682501997631308,-1.60521979722055,-0.02743032924730493,4.0
LTCUSDT,1h,carry,funding,"{""thr"": 0.0002}",-1.1289786775017336,0.0,0.0,0.0
LTCUSDT,1h,carry,funding,"{""thr"": 0.0005}",-0.47744139080717907,0.0,0.0,0.0
LTCUSDT,1h,carry,funding_pct,"{""lb"": 100, ""hi"": 0.8}",-3.2431442107882513,-1.6563059414810264,-0.20789279494834678,155.0
LTCUSDT,1h,carry,funding_pct,"{""lb"": 100, ""hi"": 0.9}",-2.558917987255665,-3.9599924637720108,-0.2875614823447966,120.0
LTCUSDT,1h,carry,funding_pct,"{""lb"": 100, ""hi"": 0.95}",-3.766394474212085,-4.4700109146350835,-0.23874185622132638,70.0
LTCUSDT,1h,carry,funding_pct,"{""lb"": 500, ""hi"": 0.8}",-1.7244199441763994,-0.9608020420953474,-0.14113916144007432,149.0
LTCUSDT,1h,carry,funding_pct,"{""lb"": 500, ""hi"": 0.9}",-2.01348162237885,0.2568931697982508,0.013939057349835915,83.0
LTCUSDT,1h,carry,funding_pct,"{""lb"": 500, ""hi"": 0.95}",-2.1896721410154045,0.3203176850642943,0.016705208480448874,35.0
LTCUSDT,1h,carry,funding_mom,"{""lb"": 24}",-2.812808138217768,-3.7899933052205013,-0.5917665725627803,251.5
LTCUSDT,1h,carry,funding_mom,"{""lb"": 100}",-1.1304143450528457,-2.496495879752298,-0.4580314530230222,273.5
LTCUSDT,1h,carry,funding_mom,"{""lb"": 500}",-3.310184353861492,-2.9880850316051366,-0.5182117568712523,291.5
LTCUSDT,1h,carry,funding_price_div,"{""lb"": 24}",-7.9143128570749415,-9.53469160149961,-0.7384707709311185,301.0
LTCUSDT,1h,carry,funding_price_div,"{""lb"": 100}",-2.6837672839244022,-6.892063332504049,-0.6318499056117313,237.0
LTCUSDT,1h,carry,funding_price_div,"{""lb"": 500}",-3.5608745648561397,-4.439512876186862,-0.47456023031308225,205.0
LTCUSDT,1h,ichimoku,cloud,"{""tenkan"": 9, ""kijun"": 26, ""senkou"": 52, ""disp"": 26}",-4.571372639658205,-6.771916836379557,-0.7657866274637617,247.5
LTCUSDT,1h,ichimoku,cloud_fast,"{""tenkan"": 7, ""kijun"": 14, ""senkou"": 28, ""disp"": 14}",-4.344083913752297,-7.910042655249576,-0.8188923765429563,290.5
LTCUSDT,1h,ichimoku,cloud_slow,"{""tenkan"": 12, ""kijun"": 24, ""senkou"": 52, ""disp"": 24}",-4.921925531038936,-6.382204070231444,-0.7448955753902047,233.5
LTCUSDT,1h,ichimoku,tk,"{""tenkan"": 9, ""kijun"": 26}",-4.73843149050284,-3.561113970740554,-0.5635044587884706,184.5
LTCUSDT,1h,ichimoku,combo,"{""tenkan"": 9, ""kijun"": 26, ""senkou"": 52, ""disp"": 26}",-4.822956019313969,-4.922906219472852,-0.6015854580350253,192.5
MKRUSDT,1d,trend,ema_cross,"{""fast"": 10, ""slow"": 50}",0.26410804173167113,-0.445440865271901,-0.56320014093501,7.5
MKRUSDT,1d,trend,ema_cross,"{""fast"": 10, ""slow"": 100}",-0.21769144617939734,-0.21115627695949488,-0.4378476578018802,5.5
MKRUSDT,1d,trend,ema_cross,"{""fast"": 10, ""slow"": 200}",-0.7466016655067909,-0.4105026231471196,-0.5466803492874833,4.5
MKRUSDT,1d,trend,ema_cross,"{""fast"": 20, ""slow"": 50}",-0.03743241481471776,-0.5385014324019528,-0.6052928793259204,7.5
MKRUSDT,1d,trend,ema_cross,"{""fast"": 20, ""slow"": 100}",-0.05408454054291826,-0.22512612751508876,-0.4458635592713316,5.5
MKRUSDT,1d,trend,ema_cross,"{""fast"": 20, ""slow"": 200}",-0.5854521469630014,-0.3992428752959169,-0.5410771340504725,4.5
MKRUSDT,1d,trend,ema_cross,"{""fast"": 50, ""slow"": 100}",-0.21000778892817604,-0.5303416936716753,-0.6014320309494308,4.5
MKRUSDT,1d,trend,ema_cross,"{""fast"": 50, ""slow"": 200}",-0.3904075959690795,-0.19379554115131248,-0.42752874972324406,2.5
MKRUSDT,1d,trend,ema_slope,"{""span"": 20, ""thr"": 0.0}",0.31804676462820963,-0.3970105897869201,-0.5370733838005789,46.0
MKRUSDT,1d,trend,ema_slope,"{""span"": 20, ""thr"": 0.001}",0.06517198770440841,-0.32313015466888256,-0.4841476949737753,42.0
MKRUSDT,1d,trend,ema_slope,"{""span"": 20, ""thr"": 0.005}",-0.005153085591179756,-0.5557589453853039,-0.4930235146878067,37.0
MKRUSDT,1d,trend,ema_slope,"{""span"": 50, ""thr"": 0.0}",0.14261144045740204,-1.0200885457392228,-0.7642946597102077,33.5
MKRUSDT,1d,trend,ema_slope,"{""span"": 50, ""thr"": 0.001}",-0.19888867083475842,-0.8716347223379879,-0.6648905325692245,30.0
MKRUSDT,1d,trend,ema_slope,"{""span"": 50, ""thr"": 0.005}",-0.12255590150772827,-0.26983600822846393,-0.2659915412992876,18.0
MKRUSDT,1d,trend,ema_slope,"{""span"": 100, ""thr"": 0.0}",-0.17364724437081003,-0.4926372166407694,-0.5852112552896906,19.5
MKRUSDT,1d,trend,ema_slope,"{""span"": 100, ""thr"": 0.001}",-0.08254488354890988,-0.7339395648837638,-0.6198931837242869,19.0
MKRUSDT,1d,trend,ema_slope,"{""span"": 100, ""thr"": 0.005}",-0.6766841585810716,-0.8014037055901638,-0.32513143846305037,7.0
MKRUSDT,1d,trend,price_ema,"{""span"": 20, ""thr"": 0.0}",0.31804676462820963,-0.39429552161080855,-0.5357280810053247,45.5
MKRUSDT,1d,trend,price_ema,"{""span"": 20, ""thr"": 0.02}",0.14823609467446075,-0.6271165396370375,-0.6010488131797084,42.0
MKRUSDT,1d,trend,price_ema,"{""span"": 20, ""thr"": 0.05}",0.012951994758493466,-0.5126044263318923,-0.4709821028591482,35.0
MKRUSDT,1d,trend,price_ema,"{""span"": 50, ""thr"": 0.0}",0.14261144045740204,-1.0200885457392228,-0.7642946597102077,33.5
MKRUSDT,1d,trend,price_ema,"{""span"": 50, ""thr"": 0.02}",-0.062060105987295035,-1.0824321813231153,-0.7530117473069532,29.0
MKRUSDT,1d,trend,price_ema,"{""span"": 50, ""thr"": 0.05}",0.24102683451206056,-0.6286992679830936,-0.5403255494501016,29.0
MKRUSDT,1d,trend,price_ema,"{""span"": 100, ""thr"": 0.0}",-0.17364724437081003,-0.4926372166407694,-0.5852112552896906,19.5
MKRUSDT,1d,trend,price_ema,"{""span"": 100, ""thr"": 0.02}",-0.21790571922304455,-0.5390947289126846,-0.5862892582447718,22.0
MKRUSDT,1d,trend,price_ema,"{""span"": 100, ""thr"": 0.05}",-0.10453266296094305,-0.6721594949860398,-0.5954878995510307,19.0
MKRUSDT,1d,trend,donchian,"{""lb"": 10}",-0.3524523533172187,-0.8239388326084699,-0.4858483426004492,55.0
MKRUSDT,1d,trend,donchian,"{""lb"": 20}",0.054236573594943015,-0.33684183485226626,-0.23539665280384847,36.0
MKRUSDT,1d,trend,donchian,"{""lb"": 55}",-0.7539129009854598,-0.019884871737243737,-0.05147197864494912,20.0
MKRUSDT,1d,momentum,mom_ret,"{""lb"": 5, ""thr"": 0.0}",-0.31955151047792857,-0.24802161799831196,-0.45711376246154023,60.0
MKRUSDT,1d,momentum,mom_ret,"{""lb"": 5, ""thr"": 0.02}",-0.6614207701497545,0.03861458651566859,-0.23202976688271748,61.0
MKRUSDT,1d,momentum,mom_ret,"{""lb"": 5, ""thr"": 0.05}",-0.5373288859484232,0.1930949331368163,-0.053183346082453786,51.0
MKRUSDT,1d,momentum,mom_ret,"{""lb"": 10, ""thr"": 0.0}",-0.06025836595061091,0.5534136724205132,0.28272311443058906,38.0
MKRUSDT,1d,momentum,mom_ret,"{""lb"": 10, ""thr"": 0.02}",-0.2882339140289903,0.2911757959160605,-0.01784920869780582,41.0
MKRUSDT,1d,momentum,mom_ret,"{""lb"": 10, ""thr"": 0.05}",0.012005054016918256,0.2690252139895631,-0.01396705274433041,35.0
MKRUSDT,1d,momentum,mom_ret,"{""lb"": 20, ""thr"": 0.0}",-0.45268458343640905,-0.3240542267716767,-0.4993198781355668,34.0
MKRUSDT,1d,momentum,mom_ret,"{""lb"": 20, ""thr"": 0.02}",-0.15887152380388397,-0.49541945510025925,-0.5617218379630482,35.0
MKRUSDT,1d,momentum,mom_ret,"{""lb"": 20, ""thr"": 0.05}",0.24577288031925487,-0.47308230276684266,-0.534781584143197,28.0
MKRUSDT,1d,momentum,mom_ret,"{""lb"": 50, ""thr"": 0.0}",0.051199998577106845,0.055804579330147076,-0.2522034179495387,18.0
MKRUSDT,1d,momentum,mom_ret,"{""lb"": 50, ""thr"": 0.02}",0.1082519613847245,-0.048635594205187475,-0.3243852067900336,20.0
MKRUSDT,1d,momentum,mom_ret,"{""lb"": 50, ""thr"": 0.05}",-0.1762324548411075,-0.4124051517528663,-0.5275913124949765,22.0
MKRUSDT,1d,meanrev,rsi,"{""ob"": 65, ""os_"": 20}",-0.559164456313818,-0.45853699662376973,-0.34934215464558294,20.0
MKRUSDT,1d,meanrev,rsi,"{""ob"": 65, ""os_"": 30}",-0.33956438619602325,-0.5497158704748015,-0.40904438991945447,28.0
MKRUSDT,1d,meanrev,rsi,"{""ob"": 65, ""os_"": 35}",-0.7140478026814101,-0.8754768805025072,-0.5541156168805161,25.0
MKRUSDT,1d,meanrev,rsi,"{""ob"": 70, ""os_"": 20}",-0.19664224803982205,-0.33976547973538884,-0.2575463579511508,18.0
MKRUSDT,1d,meanrev,rsi,"{""ob"": 70, ""os_"": 30}",-0.019181891248595245,-0.4466084959662023,-0.32567147522134676,26.0
MKRUSDT,1d,meanrev,rsi,"{""ob"": 70, ""os_"": 35}",-0.45031353359503135,-0.8094379263045084,-0.491209571138819,23.0
MKRUSDT,1d,meanrev,rsi,"{""ob"": 80, ""os_"": 20}",0.029001664917061395,0.6646767482552918,0.17006971650339842,9.0
MKRUSDT,1d,meanrev,rsi,"{""ob"": 80, ""os_"": 30}",0.19720993095770037,0.2784218524115252,0.06270794717982087,17.0
MKRUSDT,1d,meanrev,rsi,"{""ob"": 80, ""os_"": 35}",-0.3586156723670886,-0.37855878205537014,-0.19817179263284534,14.0
MKRUSDT,1d,meanrev,zscore,"{""lb"": 20, ""z"": 1.5}",-0.5711951599914592,-0.07067543384060192,-0.14364080539161084,35.0
MKRUSDT,1d,meanrev,zscore,"{""lb"": 20, ""z"": 2.0}",-0.1279112738357376,0.17840553055090827,0.0170418614387835,16.0
MKRUSDT,1d,meanrev,zscore,"{""lb"": 20, ""z"": 2.5}",-0.09545836952580386,-0.691826229132801,-0.06882186810110769,6.0
MKRUSDT,1d,meanrev,zscore,"{""lb"": 50, ""z"": 1.5}",-0.10717769595626513,-0.31937503190860794,-0.2420487664489548,15.0
MKRUSDT,1d,meanrev,zscore,"{""lb"": 50, ""z"": 2.0}",-0.06930086563203794,-0.013398712975888275,-0.05823406288617938,14.0
MKRUSDT,1d,meanrev,zscore,"{""lb"": 50, ""z"": 2.5}",0.15593009440795927,0.9389139744493508,0.20498130335957399,7.0
MKRUSDT,1d,meanrev,bb,"{""span"": 20, ""mult"": 1.5}",-0.5711951599914592,-0.07067543384060192,-0.14364080539161084,35.0
MKRUSDT,1d,meanrev,bb,"{""span"": 20, ""mult"": 2.0}",-0.1279112738357376,0.17840553055090827,0.0170418614387835,16.0
MKRUSDT,1d,meanrev,bb,"{""span"": 20, ""mult"": 2.5}",-0.09545836952580386,-0.691826229132801,-0.06882186810110769,6.0
MKRUSDT,1d,meanrev,bb,"{""span"": 50, ""mult"": 1.5}",-0.10717769595626513,-0.31937503190860794,-0.2420487664489548,15.0
MKRUSDT,1d,meanrev,bb,"{""span"": 50, ""mult"": 2.0}",-0.06930086563203794,-0.013398712975888275,-0.05823406288617938,14.0
MKRUSDT,1d,meanrev,bb,"{""span"": 50, ""mult"": 2.5}",0.15593009440795927,0.9389139744493508,0.20498130335957399,7.0
MKRUSDT,1d,carry,funding,"{""thr"": 5e-05}",-0.4926675554551353,0.6545683734553454,0.40674664059962873,50.5
MKRUSDT,1d,carry,funding,"{""thr"": 0.0001}",-0.644521673798642,0.3544009472450699,0.08968711687287922,13.0
MKRUSDT,1d,carry,funding,"{""thr"": 0.0002}",-0.812338383188177,0.35316962716109324,0.070539666794877,5.0
MKRUSDT,1d,carry,funding,"{""thr"": 0.0005}",-1.0598848101401064,0.7589694948527688,0.07325381101972228,1.0
MKRUSDT,1d,carry,funding_pct,"{""lb"": 100, ""hi"": 0.8}",-1.3787472337553515,1.5031064223664043,1.2510082206810904,34.0
MKRUSDT,1d,carry,funding_pct,"{""lb"": 100, ""hi"": 0.9}",-1.1107529191839614,1.0844511027339094,0.6692795821268327,33.0
MKRUSDT,1d,carry,funding_pct,"{""lb"": 100, ""hi"": 0.95}",-0.7899024391300825,1.2686276571253938,0.7271678485470847,26.0
MKRUSDT,1d,carry,funding_pct,"{""lb"": 500, ""hi"": 0.8}",-0.7934764092520603,0.610916645201367,0.3279181612566533,43.0
MKRUSDT,1d,carry,funding_pct,"{""lb"": 500, ""hi"": 0.9}",-0.7666003147301349,1.7482757532541355,1.3937300329312192,33.0
MKRUSDT,1d,carry,funding_pct,"{""lb"": 500, ""hi"": 0.95}",-0.9454029607678894,1.4429340297088489,0.7543087684956133,28.0
MKRUSDT,1d,carry,funding_mom,"{""lb"": 24}",0.2609301483027524,0.4354880546272542,0.1567665072982971,83.0
MKRUSDT,1d,carry,funding_mom,"{""lb"": 100}",-1.334127951917674,0.7338416397355907,0.5123696878150352,78.0
MKRUSDT,1d,carry,funding_mom,"{""lb"": 500}",-0.39936624702293516,1.2284296560509667,1.3894073191566472,79.5
MKRUSDT,1d,carry,funding_price_div,"{""lb"": 24}",0.7002124046890761,-0.48059280355583517,-0.2786251937381202,41.0
MKRUSDT,1d,carry,funding_price_div,"{""lb"": 100}",-0.7132843452096927,-0.8265957962610663,-0.37771864954903644,38.0
MKRUSDT,1d,carry,funding_price_div,"{""lb"": 500}",-0.18777343234710428,0.13926593762222342,0.004854094519612717,44.0
MKRUSDT,1d,ichimoku,cloud,"{""tenkan"": 9, ""kijun"": 26, ""senkou"": 52, ""disp"": 26}",0.21876067387654471,-0.6242497885248851,-0.5949674115921444,19.0
MKRUSDT,1d,ichimoku,cloud_fast,"{""tenkan"": 7, ""kijun"": 14, ""senkou"": 28, ""disp"": 14}",0.6942178913536869,-0.33666780950785485,-0.47483848520677985,27.0
MKRUSDT,1d,ichimoku,cloud_slow,"{""tenkan"": 12, ""kijun"": 24, ""senkou"": 52, ""disp"": 24}",0.14477381164795627,-0.7183874347902043,-0.6348992819806621,21.0
MKRUSDT,1d,ichimoku,tk,"{""tenkan"": 9, ""kijun"": 26}",0.010269942381925141,0.11180012488461821,-0.20021961969621904,14.0
MKRUSDT,1d,ichimoku,combo,"{""tenkan"": 9, ""kijun"": 26, ""senkou"": 52, ""disp"": 26}",0.04044737486335955,-0.07530779695767172,-0.24272052457965454,12.0
MKRUSDT,4h,trend,ema_cross,"{""fast"": 10, ""slow"": 50}",-0.3396556289613602,34.71073643840364,0.04707116248147991,0.5
MKRUSDT,4h,trend,ema_cross,"{""fast"": 10, ""slow"": 100}",-0.318165730309751,34.71073643840364,0.04707116248147991,0.5
MKRUSDT,4h,trend,ema_cross,"{""fast"": 10, ""slow"": 200}",0.10493638229845388,34.71073643840364,0.04707116248147991,0.5
MKRUSDT,4h,trend,ema_cross,"{""fast"": 20, ""slow"": 50}",-1.3183146490340505,34.71073643840364,0.04707116248147991,0.5
MKRUSDT,4h,trend,ema_cross,"{""fast"": 20, ""slow"": 100}",-0.7075356541400408,34.71073643840364,0.04707116248147991,0.5
MKRUSDT,4h,trend,ema_cross,"{""fast"": 20, ""slow"": 200}",-0.13418533824733614,34.71073643840364,0.04707116248147991,0.5
MKRUSDT,4h,trend,ema_cross,"{""fast"": 50, ""slow"": 100}",-0.9780709615205349,34.71073643840364,0.04707116248147991,0.5
MKRUSDT,4h,trend,ema_cross,"{""fast"": 50, ""slow"": 200}",-0.47813518455486786,34.71073643840364,0.04707116248147991,0.5
MKRUSDT,4h,trend,ema_slope,"{""span"": 20, ""thr"": 0.0}",-0.7164068660027747,0.0,0.0,0.0
MKRUSDT,4h,trend,ema_slope,"{""span"": 20, ""thr"": 0.001}",-1.0469711509771786,0.0,0.0,0.0
MKRUSDT,4h,trend,ema_slope,"{""span"": 20, ""thr"": 0.005}",-2.1154696466371443,0.0,0.0,0.0
MKRUSDT,4h,trend,ema_slope,"{""span"": 50, ""thr"": 0.0}",-0.7355216075633922,0.0,0.0,0.0
MKRUSDT,4h,trend,ema_slope,"{""span"": 50, ""thr"": 0.001}",-0.6753711579908959,0.0,0.0,0.0
MKRUSDT,4h,trend,ema_slope,"{""span"": 50, ""thr"": 0.005}",-0.4005085083900864,0.0,0.0,0.0
MKRUSDT,4h,trend,ema_slope,"{""span"": 100, ""thr"": 0.0}",-0.672452509160235,11.62869755751568,0.022852640207994712,1.0
MKRUSDT,4h,trend,ema_slope,"{""span"": 100, ""thr"": 0.001}",-1.1623228430110266,0.0,0.0,0.0
MKRUSDT,4h,trend,price_ema,"{""span"": 20, ""thr"": 0.0}",-0.6112843408727459,34.71073643840364,0.04707116248147991,0.5
MKRUSDT,4h,trend,price_ema,"{""span"": 20, ""thr"": 0.02}",-1.002761000347256,0.0,0.0,0.0
MKRUSDT,4h,trend,price_ema,"{""span"": 20, ""thr"": 0.05}",-2.086854200682334,0.0,0.0,0.0
MKRUSDT,4h,trend,price_ema,"{""span"": 50, ""thr"": 0.0}",-0.7007504649075809,34.71073643840364,0.04707116248147991,0.5
MKRUSDT,4h,trend,price_ema,"{""span"": 50, ""thr"": 0.02}",-0.6689733492783932,0.0,0.0,0.0
MKRUSDT,4h,trend,price_ema,"{""span"": 50, ""thr"": 0.05}",-0.7650760901963817,0.0,0.0,0.0
MKRUSDT,4h,trend,price_ema,"{""span"": 100, ""thr"": 0.0}",-0.672452509160235,34.71073643840364,0.04707116248147991,0.5
MKRUSDT,4h,trend,price_ema,"{""span"": 100, ""thr"": 0.02}",-0.6998013008050173,0.0,0.0,0.0
MKRUSDT,4h,trend,price_ema,"{""span"": 100, ""thr"": 0.05}",-1.3277980869357144,0.0,0.0,0.0
MKRUSDT,4h,trend,donchian,"{""lb"": 10}",-2.1357499082664604,0.0,0.0,0.0
MKRUSDT,4h,trend,donchian,"{""lb"": 20}",-1.3696589637838792,0.0,0.0,0.0
MKRUSDT,4h,trend,donchian,"{""lb"": 55}",-2.6208985760616303,0.0,0.0,0.0
MKRUSDT,4h,momentum,mom_ret,"{""lb"": 5, ""thr"": 0.0}",-0.09117125631726591,0.0,0.0,0.0
MKRUSDT,4h,momentum,mom_ret,"{""lb"": 5, ""thr"": 0.02}",-0.8947791495973221,0.0,0.0,0.0
MKRUSDT,4h,momentum,mom_ret,"{""lb"": 5, ""thr"": 0.05}",-1.0091644794825918,0.0,0.0,0.0
MKRUSDT,4h,momentum,mom_ret,"{""lb"": 10, ""thr"": 0.0}",-1.5936989928782628,0.0,0.0,0.0
MKRUSDT,4h,momentum,mom_ret,"{""lb"": 10, ""thr"": 0.02}",-0.956306969240274,0.0,0.0,0.0
MKRUSDT,4h,momentum,mom_ret,"{""lb"": 10, ""thr"": 0.05}",-1.9717285267143592,0.0,0.0,0.0
MKRUSDT,4h,momentum,mom_ret,"{""lb"": 20, ""thr"": 0.0}",-0.8698829813328788,0.0,0.0,0.0
MKRUSDT,4h,momentum,mom_ret,"{""lb"": 20, ""thr"": 0.02}",-1.3119639763293676,0.0,0.0,0.0
MKRUSDT,4h,momentum,mom_ret,"{""lb"": 20, ""thr"": 0.05}",-0.24619413762696044,0.0,0.0,0.0
MKRUSDT,4h,momentum,mom_ret,"{""lb"": 50, ""thr"": 0.0}",-1.6322511490108889,0.0,0.0,0.0
MKRUSDT,4h,momentum,mom_ret,"{""lb"": 50, ""thr"": 0.02}",-1.4937520554368962,0.0,0.0,0.0
MKRUSDT,4h,momentum,mom_ret,"{""lb"": 50, ""thr"": 0.05}",-1.5233938154520468,0.0,0.0,0.0
MKRUSDT,4h,meanrev,rsi,"{""ob"": 65, ""os_"": 20}",-0.3763915479334584,0.0,0.0,0.0
MKRUSDT,4h,meanrev,rsi,"{""ob"": 65, ""os_"": 30}",-0.41090678686266485,0.0,0.0,0.0
MKRUSDT,4h,meanrev,rsi,"{""ob"": 65, ""os_"": 35}",-0.9024356128571488,0.0,0.0,0.0
MKRUSDT,4h,meanrev,rsi,"{""ob"": 70, ""os_"": 20}",-0.8429529533389618,0.0,0.0,0.0
MKRUSDT,4h,meanrev,rsi,"{""ob"": 70, ""os_"": 30}",-0.7869328934060825,0.0,0.0,0.0
MKRUSDT,4h,meanrev,rsi,"{""ob"": 70, ""os_"": 35}",-1.2828538351534158,0.0,0.0,0.0
MKRUSDT,4h,meanrev,rsi,"{""ob"": 80, ""os_"": 20}",-1.3452444875884455,0.0,0.0,0.0
MKRUSDT,4h,meanrev,rsi,"{""ob"": 80, ""os_"": 30}",-1.0564783656763368,0.0,0.0,0.0
MKRUSDT,4h,meanrev,rsi,"{""ob"": 80, ""os_"": 35}",-1.562489540566721,0.0,0.0,0.0
MKRUSDT,4h,meanrev,zscore,"{""lb"": 20, ""z"": 1.5}",-0.769319312758171,0.0,0.0,0.0
MKRUSDT,4h,meanrev,zscore,"{""lb"": 20, ""z"": 2.0}",0.5008799798206272,0.0,0.0,0.0
MKRUSDT,4h,meanrev,zscore,"{""lb"": 20, ""z"": 2.5}",0.0008224892313550405,0.0,0.0,0.0
MKRUSDT,4h,meanrev,zscore,"{""lb"": 50, ""z"": 1.5}",0.06293768127781244,0.0,0.0,0.0
MKRUSDT,4h,meanrev,zscore,"{""lb"": 50, ""z"": 2.0}",0.06829190403540553,0.0,0.0,0.0
MKRUSDT,4h,meanrev,zscore,"{""lb"": 50, ""z"": 2.5}",-0.6360352404390514,0.0,0.0,0.0
MKRUSDT,4h,meanrev,bb,"{""span"": 20, ""mult"": 1.5}",-0.769319312758171,0.0,0.0,0.0
MKRUSDT,4h,meanrev,bb,"{""span"": 20, ""mult"": 2.0}",0.5008799798206272,0.0,0.0,0.0
MKRUSDT,4h,meanrev,bb,"{""span"": 20, ""mult"": 2.5}",0.0008224892313550405,0.0,0.0,0.0
MKRUSDT,4h,meanrev,bb,"{""span"": 50, ""mult"": 1.5}",0.06293768127781244,0.0,0.0,0.0
MKRUSDT,4h,meanrev,bb,"{""span"": 50, ""mult"": 2.0}",0.06829190403540553,0.0,0.0,0.0
MKRUSDT,4h,meanrev,bb,"{""span"": 50, ""mult"": 2.5}",-0.6360352404390514,0.0,0.0,0.0
MKRUSDT,4h,carry,funding,"{""thr"": 5e-05}",1.1702741875300755,34.71073643840364,0.04707116248147991,0.5
MKRUSDT,4h,carry,funding,"{""thr"": 0.0001}",2.6645991731375855,0.0,0.0,0.0
MKRUSDT,4h,carry,funding,"{""thr"": 0.0002}",1.9074073657791437,0.0,0.0,0.0
MKRUSDT,4h,carry,funding,"{""thr"": 0.0005}",1.2181274541149887,0.0,0.0,0.0
MKRUSDT,4h,carry,funding_pct,"{""lb"": 100, ""hi"": 0.8}",-0.9382490843021319,0.0,0.0,0.0
MKRUSDT,4h,carry,funding_pct,"{""lb"": 100, ""hi"": 0.9}",0.23066023077307718,0.0,0.0,0.0
MKRUSDT,4h,carry,funding_pct,"{""lb"": 100, ""hi"": 0.95}",0.17823404130808249,0.0,0.0,0.0
MKRUSDT,4h,carry,funding_pct,"{""lb"": 500, ""hi"": 0.8}",1.589098680337462,0.0,0.0,0.0
MKRUSDT,4h,carry,funding_pct,"{""lb"": 500, ""hi"": 0.9}",1.589098680337462,0.0,0.0,0.0
MKRUSDT,4h,carry,funding_pct,"{""lb"": 500, ""hi"": 0.95}",1.589098680337462,0.0,0.0,0.0
MKRUSDT,4h,carry,funding_mom,"{""lb"": 24}",-1.820210016519437,0.0,0.0,0.0
MKRUSDT,4h,carry,funding_mom,"{""lb"": 100}",-0.40096167271754773,0.0,0.0,0.0
MKRUSDT,4h,carry,funding_mom,"{""lb"": 500}",-5.267551414342702,0.0,0.0,0.0
MKRUSDT,4h,carry,funding_price_div,"{""lb"": 24}",-2.1682104280761707,0.0,0.0,0.0
MKRUSDT,4h,carry,funding_price_div,"{""lb"": 100}",-1.2687622379493815,0.0,0.0,0.0
MKRUSDT,4h,carry,funding_price_div,"{""lb"": 500}",-4.100663481020467,0.0,0.0,0.0
MKRUSDT,4h,ichimoku,cloud,"{""tenkan"": 9, ""kijun"": 26, ""senkou"": 52, ""disp"": 26}",-1.545820135796989,0.0,0.0,0.0
MKRUSDT,4h,ichimoku,cloud_fast,"{""tenkan"": 7, ""kijun"": 14, ""senkou"": 28, ""disp"": 14}",-1.7586061159933215,0.0,0.0,0.0
MKRUSDT,4h,ichimoku,cloud_slow,"{""tenkan"": 12, ""kijun"": 24, ""senkou"": 52, ""disp"": 24}",-1.8733483135692333,0.0,0.0,0.0
MKRUSDT,4h,ichimoku,tk,"{""tenkan"": 9, ""kijun"": 26}",-1.9620131518486963,0.0,0.0,0.0
MKRUSDT,4h,ichimoku,combo,"{""tenkan"": 9, ""kijun"": 26, ""senkou"": 52, ""disp"": 26}",-1.895222584933562,0.0,0.0,0.0
MKRUSDT,1h,trend,ema_cross,"{""fast"": 10, ""slow"": 50}",1.2264486658185516,34.72869554444166,0.047058937886880425,0.5
MKRUSDT,1h,trend,ema_cross,"{""fast"": 10, ""slow"": 100}",-0.2589699920177435,34.72869554444166,0.047058937886880425,0.5
MKRUSDT,1h,trend,ema_cross,"{""fast"": 10, ""slow"": 200}",0.11712531875922924,34.72869554444166,0.047058937886880425,0.5
MKRUSDT,1h,trend,ema_cross,"{""fast"": 20, ""slow"": 50}",0.20129310905513603,34.72869554444166,0.047058937886880425,0.5
MKRUSDT,1h,trend,ema_cross,"{""fast"": 20, ""slow"": 100}",0.1991326933400664,34.72869554444166,0.047058937886880425,0.5
MKRUSDT,1h,trend,ema_cross,"{""fast"": 20, ""slow"": 200}",0.33174365091450864,34.72869554444166,0.047058937886880425,0.5
MKRUSDT,1h,trend,ema_cross,"{""fast"": 50, ""slow"": 100}",0.1445976816407769,34.72869554444166,0.047058937886880425,0.5
MKRUSDT,1h,trend,ema_cross,"{""fast"": 50, ""slow"": 200}",-0.05300226300148915,34.72869554444166,0.047058937886880425,0.5
MKRUSDT,1h,trend,ema_slope,"{""span"": 20, ""thr"": 0.0}",-3.849625836927648,0.0,0.0,0.0
MKRUSDT,1h,trend,ema_slope,"{""span"": 20, ""thr"": 0.001}",-2.827243226796048,0.0,0.0,0.0
MKRUSDT,1h,trend,ema_slope,"{""span"": 20, ""thr"": 0.005}",-1.161028303034061,0.0,0.0,0.0
MKRUSDT,1h,trend,ema_slope,"{""span"": 50, ""thr"": 0.0}",-0.8713622153008364,0.0,0.0,0.0
MKRUSDT,1h,trend,ema_slope,"{""span"": 50, ""thr"": 0.001}",-1.512351677337965,0.0,0.0,0.0
MKRUSDT,1h,trend,ema_slope,"{""span"": 50, ""thr"": 0.005}",-1.3112820053902745,0.0,0.0,0.0
MKRUSDT,1h,trend,ema_slope,"{""span"": 100, ""thr"": 0.0}",-0.5505934304968727,0.0,0.0,0.0
MKRUSDT,1h,trend,ema_slope,"{""span"": 100, ""thr"": 0.001}",-1.8959765993698952,0.0,0.0,0.0
MKRUSDT,1h,trend,price_ema,"{""span"": 20, ""thr"": 0.0}",-3.71194148142687,34.72869554444166,0.047058937886880425,0.5
MKRUSDT,1h,trend,price_ema,"{""span"": 20, ""thr"": 0.02}",-3.405791869233476,0.0,0.0,0.0
MKRUSDT,1h,trend,price_ema,"{""span"": 20, ""thr"": 0.05}",-1.2046572740845058,0.0,0.0,0.0
MKRUSDT,1h,trend,price_ema,"{""span"": 50, ""thr"": 0.0}",-0.7503017208681466,34.72869554444166,0.047058937886880425,0.5
MKRUSDT,1h,trend,price_ema,"{""span"": 50, ""thr"": 0.02}",-2.3732134746833946,0.0,0.0,0.0
MKRUSDT,1h,trend,price_ema,"{""span"": 50, ""thr"": 0.05}",-2.1071003225258944,0.0,0.0,0.0
MKRUSDT,1h,trend,price_ema,"{""span"": 100, ""thr"": 0.0}",-0.45741365681549384,34.72869554444166,0.047058937886880425,0.5
MKRUSDT,1h,trend,price_ema,"{""span"": 100, ""thr"": 0.02}",-0.8793939605707022,0.0,0.0,0.0
MKRUSDT,1h,trend,price_ema,"{""span"": 100, ""thr"": 0.05}",-1.8042927868783583,0.0,0.0,0.0
MKRUSDT,1h,trend,donchian,"{""lb"": 10}",-7.519922098817578,0.0,0.0,0.0
MKRUSDT,1h,trend,donchian,"{""lb"": 20}",-4.954268106557039,0.0,0.0,0.0
MKRUSDT,1h,trend,donchian,"{""lb"": 55}",-3.652084730319192,0.0,0.0,0.0
MKRUSDT,1h,momentum,mom_ret,"{""lb"": 5, ""thr"": 0.0}",-5.268266527781841,0.0,0.0,0.0
MKRUSDT,1h,momentum,mom_ret,"{""lb"": 5, ""thr"": 0.02}",-5.510139455660374,0.0,0.0,0.0
MKRUSDT,1h,momentum,mom_ret,"{""lb"": 5, ""thr"": 0.05}",-0.552093986580689,0.0,0.0,0.0
MKRUSDT,1h,momentum,mom_ret,"{""lb"": 10, ""thr"": 0.0}",-4.8563980467533545,0.0,0.0,0.0
MKRUSDT,1h,momentum,mom_ret,"{""lb"": 10, ""thr"": 0.02}",-4.700125101912837,0.0,0.0,0.0
MKRUSDT,1h,momentum,mom_ret,"{""lb"": 10, ""thr"": 0.05}",-1.1815286033708912,0.0,0.0,0.0
MKRUSDT,1h,momentum,mom_ret,"{""lb"": 20, ""thr"": 0.0}",-0.9883717150097611,0.0,0.0,0.0
MKRUSDT,1h,momentum,mom_ret,"{""lb"": 20, ""thr"": 0.02}",-1.7693815391995766,0.0,0.0,0.0
MKRUSDT,1h,momentum,mom_ret,"{""lb"": 20, ""thr"": 0.05}",-1.892617353639507,0.0,0.0,0.0
MKRUSDT,1h,momentum,mom_ret,"{""lb"": 50, ""thr"": 0.0}",-0.4538470426327774,0.0,0.0,0.0
MKRUSDT,1h,momentum,mom_ret,"{""lb"": 50, ""thr"": 0.02}",-1.29703254550722,0.0,0.0,0.0
MKRUSDT,1h,momentum,mom_ret,"{""lb"": 50, ""thr"": 0.05}",-1.9171283116863898,0.0,0.0,0.0
MKRUSDT,1h,meanrev,rsi,"{""ob"": 65, ""os_"": 20}",-2.3283835614653476,0.0,0.0,0.0
MKRUSDT,1h,meanrev,rsi,"{""ob"": 65, ""os_"": 30}",-3.2730114197577675,0.0,0.0,0.0
MKRUSDT,1h,meanrev,rsi,"{""ob"": 65, ""os_"": 35}",-3.6750987414098377,0.0,0.0,0.0
MKRUSDT,1h,meanrev,rsi,"{""ob"": 70, ""os_"": 20}",-2.2188370257354912,0.0,0.0,0.0
MKRUSDT,1h,meanrev,rsi,"{""ob"": 70, ""os_"": 30}",-3.246472504157883,0.0,0.0,0.0
MKRUSDT,1h,meanrev,rsi,"{""ob"": 70, ""os_"": 35}",-3.6395472637499338,0.0,0.0,0.0
MKRUSDT,1h,meanrev,rsi,"{""ob"": 80, ""os_"": 20}",-1.3839462234246502,0.0,0.0,0.0
MKRUSDT,1h,meanrev,rsi,"{""ob"": 80, ""os_"": 30}",-2.7555433947953913,0.0,0.0,0.0
MKRUSDT,1h,meanrev,rsi,"{""ob"": 80, ""os_"": 35}",-3.1993846750353283,0.0,0.0,0.0
MKRUSDT,1h,meanrev,zscore,"{""lb"": 20, ""z"": 1.5}",-3.6549065956119473,0.0,0.0,0.0
MKRUSDT,1h,meanrev,zscore,"{""lb"": 20, ""z"": 2.0}",-4.086528977148508,0.0,0.0,0.0
MKRUSDT,1h,meanrev,zscore,"{""lb"": 20, ""z"": 2.5}",-1.448998505236291,0.0,0.0,0.0
MKRUSDT,1h,meanrev,zscore,"{""lb"": 50, ""z"": 1.5}",-2.10649967341654,0.0,0.0,0.0
MKRUSDT,1h,meanrev,zscore,"{""lb"": 50, ""z"": 2.0}",-0.3935018785177046,0.0,0.0,0.0
MKRUSDT,1h,meanrev,zscore,"{""lb"": 50, ""z"": 2.5}",-0.10754023473794029,0.0,0.0,0.0
MKRUSDT,1h,meanrev,bb,"{""span"": 20, ""mult"": 1.5}",-3.6549065956119473,0.0,0.0,0.0
MKRUSDT,1h,meanrev,bb,"{""span"": 20, ""mult"": 2.0}",-4.086528977148508,0.0,0.0,0.0
MKRUSDT,1h,meanrev,bb,"{""span"": 20, ""mult"": 2.5}",-1.448998505236291,0.0,0.0,0.0
MKRUSDT,1h,meanrev,bb,"{""span"": 50, ""mult"": 1.5}",-2.10649967341654,0.0,0.0,0.0
MKRUSDT,1h,meanrev,bb,"{""span"": 50, ""mult"": 2.0}",-0.3935018785177046,0.0,0.0,0.0
MKRUSDT,1h,meanrev,bb,"{""span"": 50, ""mult"": 2.5}",-0.10754023473794029,0.0,0.0,0.0
MKRUSDT,1h,carry,funding,"{""thr"": 5e-05}",1.5621245795856726,34.72869554444166,0.047058937886880425,0.5
MKRUSDT,1h,carry,funding,"{""thr"": 0.0001}",2.6347098591443228,0.0,0.0,0.0
MKRUSDT,1h,carry,funding,"{""thr"": 0.0002}",1.3146339880566413,0.0,0.0,0.0
MKRUSDT,1h,carry,funding,"{""thr"": 0.0005}",0.7608760617352996,0.0,0.0,0.0
MKRUSDT,1h,carry,funding_pct,"{""lb"": 100, ""hi"": 0.8}",-0.5333155288456127,0.0,0.0,0.0
MKRUSDT,1h,carry,funding_pct,"{""lb"": 100, ""hi"": 0.9}",-0.2592265921085674,0.0,0.0,0.0
MKRUSDT,1h,carry,funding_pct,"{""lb"": 100, ""hi"": 0.95}",-0.8451258336953804,0.0,0.0,0.0
MKRUSDT,1h,carry,funding_pct,"{""lb"": 500, ""hi"": 0.8}",0.8058380834100575,0.0,0.0,0.0
MKRUSDT,1h,carry,funding_pct,"{""lb"": 500, ""hi"": 0.9}",0.46903765105757683,0.0,0.0,0.0
MKRUSDT,1h,carry,funding_pct,"{""lb"": 500, ""hi"": 0.95}",0.2058009484144988,0.0,0.0,0.0
MKRUSDT,1h,carry,funding_mom,"{""lb"": 24}",-0.5454441363982622,0.0,0.0,0.0
MKRUSDT,1h,carry,funding_mom,"{""lb"": 100}",-1.7565685712297858,0.0,0.0,0.0
MKRUSDT,1h,carry,funding_mom,"{""lb"": 500}",-1.1818130748206046,0.0,0.0,0.0
MKRUSDT,1h,carry,funding_price_div,"{""lb"": 24}",-0.0935239022877808,0.0,0.0,0.0
MKRUSDT,1h,carry,funding_price_div,"{""lb"": 100}",-1.5768398138584263,0.0,0.0,0.0
MKRUSDT,1h,carry,funding_price_div,"{""lb"": 500}",-1.3779557847687784,0.0,0.0,0.0
MKRUSDT,1h,ichimoku,cloud,"{""tenkan"": 9, ""kijun"": 26, ""senkou"": 52, ""disp"": 26}",-0.555959607044415,0.0,0.0,0.0
MKRUSDT,1h,ichimoku,cloud_fast,"{""tenkan"": 7, ""kijun"": 14, ""senkou"": 28, ""disp"": 14}",-1.3099739866139153,0.0,0.0,0.0
MKRUSDT,1h,ichimoku,cloud_slow,"{""tenkan"": 12, ""kijun"": 24, ""senkou"": 52, ""disp"": 24}",-0.45241868858696727,0.0,0.0,0.0
MKRUSDT,1h,ichimoku,tk,"{""tenkan"": 9, ""kijun"": 26}",-0.06883453272896986,0.0,0.0,0.0
MKRUSDT,1h,ichimoku,combo,"{""tenkan"": 9, ""kijun"": 26, ""senkou"": 52, ""disp"": 26}",-0.19880213034768016,0.0,0.0,0.0
NEARUSDT,1d,trend,ema_cross,"{""fast"": 10, ""slow"": 50}",-0.09037783518813464,-1.0149338369582044,-0.920027631099265,19.5
NEARUSDT,1d,trend,ema_cross,"{""fast"": 10, ""slow"": 100}",0.12487047410843748,-0.49658583098010134,-0.8121079121770851,16.5
NEARUSDT,1d,trend,ema_cross,"{""fast"": 10, ""slow"": 200}",0.05696076466374443,-0.5112730297576853,-0.8164769628945973,8.5
NEARUSDT,1d,trend,ema_cross,"{""fast"": 20, ""slow"": 50}",0.16403676472585685,-0.3072780970614339,-0.7419831718789633,13.5
NEARUSDT,1d,trend,ema_cross,"{""fast"": 20, ""slow"": 100}",-0.21310385555954117,-0.26974701081418556,-0.7262648329799772,10.5
NEARUSDT,1d,trend,ema_cross,"{""fast"": 20, ""slow"": 200}",-0.23218597237947036,-0.4488436656462703,-0.7966741604907747,6.5
NEARUSDT,1d,trend,ema_cross,"{""fast"": 50, ""slow"": 100}",0.054422925040985955,0.017075065932961517,-0.5607364342542572,4.5
NEARUSDT,1d,trend,ema_cross,"{""fast"": 50, ""slow"": 200}",-0.2540879119262561,-0.318266661394979,-0.7482296721205803,2.5
NEARUSDT,1d,trend,ema_slope,"{""span"": 20, ""thr"": 0.0}",1.114877238243702,-0.2697925382086126,-0.7240510228959611,68.5
NEARUSDT,1d,trend,ema_slope,"{""span"": 20, ""thr"": 0.001}",0.9937272615934206,-0.504994851330018,-0.7944265806823001,75.5
NEARUSDT,1d,trend,ema_slope,"{""span"": 20, ""thr"": 0.005}",0.5287104328876764,-0.5724272125031176,-0.7264551074880086,72.0
NEARUSDT,1d,trend,ema_slope,"{""span"": 50, ""thr"": 0.0}",1.0114812537580007,-0.9113026127903119,-0.9044833103829081,48.5
NEARUSDT,1d,trend,ema_slope,"{""span"": 50, ""thr"": 0.001}",0.6164105938470609,-0.9706849907447164,-0.8977824935319481,54.0
NEARUSDT,1d,trend,ema_slope,"{""span"": 50, ""thr"": 0.005}",0.5196395810061983,-0.5922709965205316,-0.6714715579889147,39.0
NEARUSDT,1d,trend,ema_slope,"{""span"": 100, ""thr"": 0.0}",0.31705001564683843,-0.9485493056346943,-0.9105119123529254,38.5
NEARUSDT,1d,trend,ema_slope,"{""span"": 100, ""thr"": 0.001}",0.29940949913562176,-0.7692471589693496,-0.8580562659011399,39.5
NEARUSDT,1d,trend,ema_slope,"{""span"": 100, ""thr"": 0.005}",0.2115768810397916,-0.32998547288459024,-0.4677393905801115,17.0
NEARUSDT,1d,trend,price_ema,"{""span"": 20, ""thr"": 0.0}",1.114877238243702,-0.2697925382086126,-0.7240510228959611,68.5
NEARUSDT,1d,trend,price_ema,"{""span"": 20, ""thr"": 0.02}",0.5526161902580918,-0.38841632053730624,-0.740375712481443,76.0
NEARUSDT,1d,trend,price_ema,"{""span"": 20, ""thr"": 0.05}",0.4531596533802457,-0.541877159603378,-0.7134813920283534,72.0
NEARUSDT,1d,trend,price_ema,"{""span"": 50, ""thr"": 0.0}",1.0114812537580007,-0.9113026127903119,-0.9044833103829081,48.5
NEARUSDT,1d,trend,price_ema,"{""span"": 50, ""thr"": 0.02}",0.6865105850076761,-0.8948358541686735,-0.8889525305635465,53.0
NEARUSDT,1d,trend,price_ema,"{""span"": 50, ""thr"": 0.05}",0.571465986471329,-0.3885951699780628,-0.7182237476095845,45.0
NEARUSDT,1d,trend,price_ema,"{""span"": 100, ""thr"": 0.0}",0.31705001564683843,-0.9485493056346943,-0.9105119123529254,38.5
NEARUSDT,1d,trend,price_ema,"{""span"": 100, ""thr"": 0.02}",0.38174699486842284,-0.7413063435971817,-0.8674931838337203,38.5
NEARUSDT,1d,trend,price_ema,"{""span"": 100, ""thr"": 0.05}",0.29940949913562176,-0.7573883456761091,-0.8553816404765066,39.5
NEARUSDT,1d,trend,donchian,"{""lb"": 10}",-0.585340716905534,-0.6397791643728679,-0.6551827533106462,102.0
NEARUSDT,1d,trend,donchian,"{""lb"": 20}",-0.3126869090642293,-0.3534295089730055,-0.4301714328604783,70.0
NEARUSDT,1d,trend,donchian,"{""lb"": 55}",-0.14565571564954075,-0.14387771288482307,-0.22828409824478701,33.0
NEARUSDT,1d,momentum,mom_ret,"{""lb"": 5, ""thr"": 0.0}",0.34139960334562436,-0.41650255921087653,-0.7827694973268595,121.5
NEARUSDT,1d,momentum,mom_ret,"{""lb"": 5, ""thr"": 0.02}",0.2446476332061649,-0.5770096456723591,-0.800132257820806,114.5
NEARUSDT,1d,momentum,mom_ret,"{""lb"": 5, ""thr"": 0.05}",0.5583261103609368,-1.3099414393995366,-0.8877302249091441,115.0
NEARUSDT,1d,momentum,mom_ret,"{""lb"": 10, ""thr"": 0.0}",0.35245629920168187,-0.6289365324817588,-0.8473786095347837,84.5
NEARUSDT,1d,momentum,mom_ret,"{""lb"": 10, ""thr"": 0.02}",0.07535513152622231,-0.5390980293048335,-0.8055655082150116,86.5
NEARUSDT,1d,momentum,mom_ret,"{""lb"": 10, ""thr"": 0.05}",0.301678507803987,-0.7123062526381164,-0.8222822622215146,74.0
NEARUSDT,1d,momentum,mom_ret,"{""lb"": 20, ""thr"": 0.0}",0.8694324431254582,0.14396180429641947,-0.4513566088843972,50.5
NEARUSDT,1d,momentum,mom_ret,"{""lb"": 20, ""thr"": 0.02}",0.7039767490646257,-0.02189580841878519,-0.5673284721433189,48.5
NEARUSDT,1d,momentum,mom_ret,"{""lb"": 20, ""thr"": 0.05}",0.7182823775575661,0.06099164162674509,-0.44771758950147333,53.5
NEARUSDT,1d,momentum,mom_ret,"{""lb"": 50, ""thr"": 0.0}",0.5669845306190646,-0.18521380178449032,-0.6846755596273046,31.5
NEARUSDT,1d,momentum,mom_ret,"{""lb"": 50, ""thr"": 0.02}",0.6762753065883323,-0.2859328343962849,-0.7259951733247885,27.5
NEARUSDT,1d,momentum,mom_ret,"{""lb"": 50, ""thr"": 0.05}",0.5745308635717417,-0.516587828203449,-0.8052171126497438,30.5
NEARUSDT,1d,meanrev,rsi,"{""ob"": 65, ""os_"": 20}",-0.472798903763523,-0.3361931033996931,-0.38949937769346754,33.0
NEARUSDT,1d,meanrev,rsi,"{""ob"": 65, ""os_"": 30}",-0.2897819256044596,-0.29215743044330666,-0.45219018769688313,43.0
NEARUSDT,1d,meanrev,rsi,"{""ob"": 65, ""os_"": 35}",-0.35726970468216657,-0.1339159842095025,-0.38434735721077373,52.0
NEARUSDT,1d,meanrev,rsi,"{""ob"": 70, ""os_"": 20}",-0.3255501665700599,0.00602252187358399,-0.1314732461214615,27.0
NEARUSDT,1d,meanrev,rsi,"{""ob"": 70, ""os_"": 30}",-0.10645426567550645,-0.010264185185363347,-0.22066012607019903,37.0
NEARUSDT,1d,meanrev,rsi,"{""ob"": 70, ""os_"": 35}",-0.19571799395505926,0.1501278842703794,-0.12414374069222178,46.0
NEARUSDT,1d,meanrev,rsi,"{""ob"": 80, ""os_"": 20}",0.1686751899241008,-0.2842197390138094,-0.17382633354478627,17.0
NEARUSDT,1d,meanrev,rsi,"{""ob"": 80, ""os_"": 30}",0.36321524535193606,-0.1961766805276116,-0.2586640789313317,27.0
NEARUSDT,1d,meanrev,rsi,"{""ob"": 80, ""os_"": 35}",0.20729359932201458,0.013373929832468183,-0.16685424621790002,36.0
NEARUSDT,1d,meanrev,zscore,"{""lb"": 20, ""z"": 1.5}",-1.3710809298381674,-0.4032275611374886,-0.4599925214303616,53.0
NEARUSDT,1d,meanrev,zscore,"{""lb"": 20, ""z"": 2.0}",-0.6220380775560042,-0.3361238548357083,-0.27289610471799075,35.0
NEARUSDT,1d,meanrev,zscore,"{""lb"": 20, ""z"": 2.5}",-0.29794305826466805,0.18015377992519035,0.024184721940316622,13.0
NEARUSDT,1d,meanrev,zscore,"{""lb"": 50, ""z"": 1.5}",-1.2139171535267446,0.33634719858337664,0.05389263458280458,34.0
NEARUSDT,1d,meanrev,zscore,"{""lb"": 50, ""z"": 2.0}",-0.6773485588066475,-0.6608371396346978,-0.4242478466948061,15.0
NEARUSDT,1d,meanrev,zscore,"{""lb"": 50, ""z"": 2.5}",-0.6548437263430132,-0.5944695511513279,-0.25722168182109395,8.0
NEARUSDT,1d,meanrev,bb,"{""span"": 20, ""mult"": 1.5}",-1.3710809298381674,-0.4032275611374886,-0.4599925214303616,53.0
NEARUSDT,1d,meanrev,bb,"{""span"": 20, ""mult"": 2.0}",-0.6220380775560042,-0.3361238548357083,-0.27289610471799075,35.0
NEARUSDT,1d,meanrev,bb,"{""span"": 20, ""mult"": 2.5}",-0.29794305826466805,0.18015377992519035,0.024184721940316622,13.0
NEARUSDT,1d,meanrev,bb,"{""span"": 50, ""mult"": 1.5}",-1.2139171535267446,0.33634719858337664,0.05389263458280458,34.0
NEARUSDT,1d,meanrev,bb,"{""span"": 50, ""mult"": 2.0}",-0.6773485588066475,-0.6608371396346978,-0.4242478466948061,15.0
NEARUSDT,1d,meanrev,bb,"{""span"": 50, ""mult"": 2.5}",-0.6548437263430132,-0.5944695511513279,-0.25722168182109395,8.0
NEARUSDT,1d,carry,funding,"{""thr"": 5e-05}",-1.6209696783225465,0.9807804937447958,1.1748273831665759,208.5
NEARUSDT,1d,carry,funding,"{""thr"": 0.0001}",-1.2192902280259172,-0.25576347185702436,-0.2100551493973587,53.0
NEARUSDT,1d,carry,funding,"{""thr"": 0.0002}",-1.1260055453502305,0.48384715919502136,0.15550423026427174,24.0
NEARUSDT,1d,carry,funding,"{""thr"": 0.0005}",-0.6545390618093856,0.7454832125240023,0.04416312964583913,1.0
NEARUSDT,1d,carry,funding_pct,"{""lb"": 100, ""hi"": 0.8}",-1.6083490954893194,0.07158543711955222,-0.11467937353343283,89.0
NEARUSDT,1d,carry,funding_pct,"{""lb"": 100, ""hi"": 0.9}",-1.2991016127433634,-0.15769332872938122,-0.16700789321979814,51.0
NEARUSDT,1d,carry,funding_pct,"{""lb"": 100, ""hi"": 0.95}",-1.2314192360834229,0.11481613297328036,-0.008580019801203265,34.0
NEARUSDT,1d,carry,funding_pct,"{""lb"": 500, ""hi"": 0.8}",-1.5859500372763295,0.33187107174776415,0.0679204745853168,98.0
NEARUSDT,1d,carry,funding_pct,"{""lb"": 500, ""hi"": 0.9}",-1.4598488292804013,-0.8447489822289991,-0.4285497263131163,56.0
NEARUSDT,1d,carry,funding_pct,"{""lb"": 500, ""hi"": 0.95}",-1.3094596951666706,-0.5067253913032768,-0.20214527970444574,32.0
NEARUSDT,1d,carry,funding_mom,"{""lb"": 24}",-1.2965738288227333,0.7032361591951884,0.4260122116001168,251.0
NEARUSDT,1d,carry,funding_mom,"{""lb"": 100}",-1.7868395071551548,-0.06562414863601071,-0.5676452693424925,239.5
NEARUSDT,1d,carry,funding_mom,"{""lb"": 500}",-1.509190597056279,0.49280255410515167,0.06174085260845108,157.5
NEARUSDT,1d,carry,funding_price_div,"{""lb"": 24}",-0.6198441880106768,-0.03041499073753891,-0.34223079396421474,129.0
NEARUSDT,1d,carry,funding_price_div,"{""lb"": 100}",-1.2235708113678447,-0.17400580478709726,-0.370834170673111,116.0
NEARUSDT,1d,carry,funding_price_div,"{""lb"": 500}",-1.2875723631757954,-0.9977672684172039,-0.6451797582564881,68.5
NEARUSDT,1d,ichimoku,cloud,"{""tenkan"": 9, ""kijun"": 26, ""senkou"": 52, ""disp"": 26}",0.7757212744152897,-0.5660584669404304,-0.8133468553566979,31.5
NEARUSDT,1d,ichimoku,cloud_fast,"{""tenkan"": 7, ""kijun"": 14, ""senkou"": 28, ""disp"": 14}",1.062767802590795,-0.5052014794437613,-0.7594243151056429,39.0
NEARUSDT,1d,ichimoku,cloud_slow,"{""tenkan"": 12, ""kijun"": 24, ""senkou"": 52, ""disp"": 24}",0.6025399054731552,-0.4864581047084032,-0.7872041414751259,33.5
NEARUSDT,1d,ichimoku,tk,"{""tenkan"": 9, ""kijun"": 26}",0.34463906698700936,0.04885057854525685,-0.5149547891138542,27.5
NEARUSDT,1d,ichimoku,combo,"{""tenkan"": 9, ""kijun"": 26, ""senkou"": 52, ""disp"": 26}",0.5618684339165062,-0.34242038731242963,-0.6590684624546718,30.0
NEARUSDT,4h,trend,ema_cross,"{""fast"": 10, ""slow"": 50}",-0.22871693302425333,-1.6076410702340764,-0.5842668789145018,25.5
NEARUSDT,4h,trend,ema_cross,"{""fast"": 10, ""slow"": 100}",0.11443788324724641,-0.6761616659772101,-0.3849467634709244,13.5
NEARUSDT,4h,trend,ema_cross,"{""fast"": 10, ""slow"": 200}",-0.41083247806030204,-1.5002348739771514,-0.5651063608226559,18.5
NEARUSDT,4h,trend,ema_cross,"{""fast"": 20, ""slow"": 50}",0.17102904756747583,-1.9815578492981134,-0.6448331336166508,21.5
NEARUSDT,4h,trend,ema_cross,"{""fast"": 20, ""slow"": 100}",-0.017995607112803125,-1.05287730967188,-0.4755791885760977,13.5
NEARUSDT,4h,trend,ema_cross,"{""fast"": 20, ""slow"": 200}",-0.7470013562713792,-1.1699951495214065,-0.500499528487384,10.5
NEARUSDT,4h,trend,ema_cross,"{""fast"": 50, ""slow"": 100}",-0.3584505830220167,-0.8836582984491418,-0.43661141588278274,10.5
NEARUSDT,4h,trend,ema_cross,"{""fast"": 50, ""slow"": 200}",-0.6927742867616055,-1.1645236001784787,-0.4993791191704763,6.5
NEARUSDT,4h,trend,ema_slope,"{""span"": 20, ""thr"": 0.0}",-1.7191971204293157,-1.5398953110642033,-0.5735990880209029,134.5
NEARUSDT,4h,trend,ema_slope,"{""span"": 20, ""thr"": 0.001}",-1.5984894848896172,-1.4968215015636777,-0.5274266970097894,125.0
NEARUSDT,4h,trend,ema_slope,"{""span"": 20, ""thr"": 0.005}",-0.1529131378062376,0.5197525110449898,0.06080834262684687,46.0
NEARUSDT,4h,trend,ema_slope,"{""span"": 50, ""thr"": 0.0}",0.1916248543948839,-0.43034309496240175,-0.3180358275880384,84.5
NEARUSDT,4h,trend,ema_slope,"{""span"": 50, ""thr"": 0.001}",-0.7792654645405045,-1.035930118837788,-0.42011520047775486,83.0
NEARUSDT,4h,trend,ema_slope,"{""span"": 50, ""thr"": 0.005}",-0.714576370637234,0.803301596374434,0.12212138346315737,11.0
NEARUSDT,4h,trend,ema_slope,"{""span"": 100, ""thr"": 0.0}",-0.334996716420015,-0.5399598134267222,-0.348230841126412,50.5
NEARUSDT,4h,trend,ema_slope,"{""span"": 100, ""thr"": 0.001}",-0.025310401755183565,-0.4092668301891197,-0.24561522899649157,51.0
NEARUSDT,4h,trend,ema_slope,"{""span"": 100, ""thr"": 0.005}",-1.7211104598147404,0.591440244725031,0.0656938768752775,4.0
NEARUSDT,4h,trend,price_ema,"{""span"": 20, ""thr"": 0.0}",-1.7191971204293157,-1.5398953110642033,-0.5735990880209029,134.5
NEARUSDT,4h,trend,price_ema,"{""span"": 20, ""thr"": 0.02}",-1.5602270297568641,-0.628441145779724,-0.29699060591827164,110.0
NEARUSDT,4h,trend,price_ema,"{""span"": 20, ""thr"": 0.05}",0.2184024472460581,0.8015866838999202,0.1427322156532722,42.0
NEARUSDT,4h,trend,price_ema,"{""span"": 50, ""thr"": 0.0}",0.1916248543948839,-0.43034309496240175,-0.3180358275880384,84.5
NEARUSDT,4h,trend,price_ema,"{""span"": 50, ""thr"": 0.02}",-0.37853100121044087,0.09170277218445248,-0.12298024458379375,74.0
NEARUSDT,4h,trend,price_ema,"{""span"": 50, ""thr"": 0.05}",-0.6702966124236722,-1.3968336315487548,-0.4233204009183974,57.0
NEARUSDT,4h,trend,price_ema,"{""span"": 100, ""thr"": 0.0}",-0.334996716420015,-0.5399598134267222,-0.348230841126412,50.5
NEARUSDT,4h,trend,price_ema,"{""span"": 100, ""thr"": 0.02}",-0.12488999704321938,-0.17608198583673407,-0.2134898664933722,56.0
NEARUSDT,4h,trend,price_ema,"{""span"": 100, ""thr"": 0.05}",-0.030671775104412324,-0.5074216626796796,-0.27047184340133057,52.0
NEARUSDT,4h,trend,donchian,"{""lb"": 10}",-1.9813171116051818,-1.2052693958571337,-0.32018917048205686,165.0
NEARUSDT,4h,trend,donchian,"{""lb"": 20}",-0.6359226330942985,-0.924212664194849,-0.2216949367338764,112.0
NEARUSDT,4h,trend,donchian,"{""lb"": 55}",0.07330911348043385,0.10062308669557488,-0.016801342320181933,64.0
NEARUSDT,4h,momentum,mom_ret,"{""lb"": 5, ""thr"": 0.0}",-2.5570521118084444,-1.027304292771161,-0.4688066292052804,195.5
NEARUSDT,4h,momentum,mom_ret,"{""lb"": 5, ""thr"": 0.02}",-2.598091092873507,-1.501642897997998,-0.48463593277767647,171.0
NEARUSDT,4h,momentum,mom_ret,"{""lb"": 5, ""thr"": 0.05}",-0.7638416514172667,1.4840497025093249,0.35311823190393477,72.0
NEARUSDT,4h,momentum,mom_ret,"{""lb"": 10, ""thr"": 0.0}",-0.8693277626562598,-0.297110427838077,-0.2780081886079534,139.5
NEARUSDT,4h,momentum,mom_ret,"{""lb"": 10, ""thr"": 0.02}",-1.6359254973337185,0.29972083816645323,-0.04165959646469042,114.0
NEARUSDT,4h,momentum,mom_ret,"{""lb"": 10, ""thr"": 0.05}",0.7019093283464299,0.7148733425423554,0.12031172506963173,86.0
NEARUSDT,4h,momentum,mom_ret,"{""lb"": 20, ""thr"": 0.0}",-0.5155242012096124,-1.8239979453908637,-0.6217572246995219,93.5
NEARUSDT,4h,momentum,mom_ret,"{""lb"": 20, ""thr"": 0.02}",-0.8516026417827737,-1.811895556141354,-0.5885883245380064,88.5
NEARUSDT,4h,momentum,mom_ret,"{""lb"": 20, ""thr"": 0.05}",-1.355757020519767,-1.6453905008320813,-0.4856827781846593,87.0
NEARUSDT,4h,momentum,mom_ret,"{""lb"": 50, ""thr"": 0.0}",-0.37220358933100806,-1.2112501003117941,-0.5090964161096518,66.5
NEARUSDT,4h,momentum,mom_ret,"{""lb"": 50, ""thr"": 0.02}",0.4223669776794099,-0.839734827745259,-0.40619557094071634,59.5
NEARUSDT,4h,momentum,mom_ret,"{""lb"": 50, ""thr"": 0.05}",-0.023148109464700636,-0.5762166810900857,-0.29246461219287867,66.0
NEARUSDT,4h,meanrev,rsi,"{""ob"": 65, ""os_"": 20}",-1.2871307467489383,-3.015100736248451,-0.5783031552742837,52.0
NEARUSDT,4h,meanrev,rsi,"{""ob"": 65, ""os_"": 30}",-0.9828851071642862,-2.808000061305462,-0.5758499690549601,77.0
NEARUSDT,4h,meanrev,rsi,"{""ob"": 65, ""os_"": 35}",-1.0999695263289035,-2.6969397029484568,-0.5847799636498934,82.0
NEARUSDT,4h,meanrev,rsi,"{""ob"": 70, ""os_"": 20}",-1.3378032962935458,-2.0069664248001464,-0.3826569432732042,46.0
NEARUSDT,4h,meanrev,rsi,"{""ob"": 70, ""os_"": 30}",-0.9655125225532857,-1.797483350755868,-0.37906560153494173,71.0
NEARUSDT,4h,meanrev,rsi,"{""ob"": 70, ""os_"": 35}",-1.0817309384162628,-1.7113400059065196,-0.39213866629399996,76.0
NEARUSDT,4h,meanrev,rsi,"{""ob"": 80, ""os_"": 20}",-1.8695494569583921,-0.5343893439778997,-0.07977639592663321,23.0
NEARUSDT,4h,meanrev,rsi,"{""ob"": 80, ""os_"": 30}",-1.3138560396051038,-0.3411697763978964,-0.07442307186826413,48.0
NEARUSDT,4h,meanrev,rsi,"{""ob"": 80, ""os_"": 35}",-1.3652397562846854,-0.353808555143685,-0.09391003723991609,53.0
NEARUSDT,4h,meanrev,zscore,"{""lb"": 20, ""z"": 1.5}",-2.383009552621393,-2.443253779298864,-0.47864092082361065,98.0
NEARUSDT,4h,meanrev,zscore,"{""lb"": 20, ""z"": 2.0}",-3.445344625897883,-3.8445410401036026,-0.5161655748727136,50.0
NEARUSDT,4h,meanrev,zscore,"{""lb"": 20, ""z"": 2.5}",-3.4946858643922165,-2.466784300679692,-0.270560037777957,26.0
NEARUSDT,4h,meanrev,zscore,"{""lb"": 50, ""z"": 1.5}",-0.9170144989374612,-2.100834219987448,-0.4632949751020963,60.0
NEARUSDT,4h,meanrev,zscore,"{""lb"": 50, ""z"": 2.0}",-2.281781843271875,-1.5482239208106894,-0.26287202960933886,39.0
NEARUSDT,4h,meanrev,zscore,"{""lb"": 50, ""z"": 2.5}",-0.9947008657791582,-1.9065918451542216,-0.25132934819617914,18.0
NEARUSDT,4h,meanrev,bb,"{""span"": 20, ""mult"": 1.5}",-2.383009552621393,-2.443253779298864,-0.47864092082361065,98.0
NEARUSDT,4h,meanrev,bb,"{""span"": 20, ""mult"": 2.0}",-3.445344625897883,-3.8445410401036026,-0.5161655748727136,50.0
NEARUSDT,4h,meanrev,bb,"{""span"": 20, ""mult"": 2.5}",-3.4946858643922165,-2.466784300679692,-0.270560037777957,26.0
NEARUSDT,4h,meanrev,bb,"{""span"": 50, ""mult"": 1.5}",-0.9170144989374612,-2.100834219987448,-0.4632949751020963,60.0
NEARUSDT,4h,meanrev,bb,"{""span"": 50, ""mult"": 2.0}",-2.281781843271875,-1.5482239208106894,-0.26287202960933886,39.0
NEARUSDT,4h,meanrev,bb,"{""span"": 50, ""mult"": 2.5}",-0.9947008657791582,-1.9065918451542216,-0.25132934819617914,18.0
NEARUSDT,4h,carry,funding,"{""thr"": 5e-05}",0.5521727466958551,-2.4342159454505845,-0.612962985125298,165.5
NEARUSDT,4h,carry,funding,"{""thr"": 0.0001}",0.33532653481357194,-1.1576184025768073,-0.13743697601508853,30.0
NEARUSDT,4h,carry,funding,"{""thr"": 0.0002}",1.0358772888007242,2.148154742561906,0.14627914870865655,6.0
NEARUSDT,4h,carry,funding,"{""thr"": 0.0005}",1.39331028093515,0.2084427933297859,0.0037263416109716285,1.0
NEARUSDT,4h,carry,funding_pct,"{""lb"": 100, ""hi"": 0.8}",-0.1018707110091457,-1.1837462414800253,-0.28495866065207387,79.0
NEARUSDT,4h,carry,funding_pct,"{""lb"": 100, ""hi"": 0.9}",-0.2531679124025215,-2.052471938035446,-0.24210820874408345,44.0
NEARUSDT,4h,carry,funding_pct,"{""lb"": 100, ""hi"": 0.95}",0.796832941697182,-1.4893149384791746,-0.14980349197101894,27.0
NEARUSDT,4h,carry,funding_pct,"{""lb"": 500, ""hi"": 0.8}",-1.0653235464883681,0.3715745145745082,0.029001077479006376,63.0
NEARUSDT,4h,carry,funding_pct,"{""lb"": 500, ""hi"": 0.9}",0.1261563762046484,-1.6674088578236388,-0.20133533341010468,33.0
NEARUSDT,4h,carry,funding_pct,"{""lb"": 500, ""hi"": 0.95}",0.7462960530927021,-1.583401352276305,-0.14237316689973945,18.0
NEARUSDT,4h,carry,funding_mom,"{""lb"": 24}",-0.5744412383658231,-0.5087777470301494,-0.32886931189789637,200.0
NEARUSDT,4h,carry,funding_mom,"{""lb"": 100}",0.39415714198612445,-0.19584432938102264,-0.23578585797288587,204.5
NEARUSDT,4h,carry,funding_mom,"{""lb"": 500}",0.34581875201411977,-1.4695208588783464,-0.537575893265219,199.5
NEARUSDT,4h,carry,funding_price_div,"{""lb"": 24}",-0.7672037663553578,-0.7543554247300748,-0.28803558781973515,132.0
NEARUSDT,4h,carry,funding_price_div,"{""lb"": 100}",-1.0812089332939714,-1.3790175471868613,-0.40250391813737374,114.5
NEARUSDT,4h,carry,funding_price_div,"{""lb"": 500}",0.40381374348448085,-1.088661135943995,-0.2986128285753348,91.0
NEARUSDT,4h,ichimoku,cloud,"{""tenkan"": 9, ""kijun"": 26, ""senkou"": 52, ""disp"": 26}",0.16530120928857747,0.10894690283885994,-0.12282988931133454,48.5
NEARUSDT,4h,ichimoku,cloud_fast,"{""tenkan"": 7, ""kijun"": 14, ""senkou"": 28, ""disp"": 14}",-0.5721762175719572,-0.35484969936233746,-0.2642075515942063,63.0
NEARUSDT,4h,ichimoku,cloud_slow,"{""tenkan"": 12, ""kijun"": 24, ""senkou"": 52, ""disp"": 24}",0.36074077272207655,-0.21726005442010046,-0.227190316286919,45.5
NEARUSDT,4h,ichimoku,tk,"{""tenkan"": 9, ""kijun"": 26}",-1.432267870367591,-1.3328744658686025,-0.521087379357055,51.5
NEARUSDT,4h,ichimoku,combo,"{""tenkan"": 9, ""kijun"": 26, ""senkou"": 52, ""disp"": 26}",-0.692695754692753,-1.1232101648770139,-0.40299829424037037,56.0
NEARUSDT,1h,trend,ema_cross,"{""fast"": 10, ""slow"": 50}",-1.965534633686472,0.26616838705386714,-0.09128338466492492,99.5
NEARUSDT,1h,trend,ema_cross,"{""fast"": 10, ""slow"": 100}",-1.1412891135187064,-0.2566825113974927,-0.27423608317177395,65.5
NEARUSDT,1h,trend,ema_cross,"{""fast"": 10, ""slow"": 200}",-0.6564289384492618,0.5695550721717283,0.0352925631741734,47.5
NEARUSDT,1h,trend,ema_cross,"{""fast"": 20, ""slow"": 50}",-1.2707960834202245,0.2745696011002406,-0.08756235488287722,71.5
NEARUSDT,1h,trend,ema_cross,"{""fast"": 20, ""slow"": 100}",-0.43723422989070365,-0.06836642936591657,-0.21288606501568497,49.5
NEARUSDT,1h,trend,ema_cross,"{""fast"": 20, ""slow"": 200}",-0.46266715292037186,0.25383149699642704,-0.09575894780166039,31.5
NEARUSDT,1h,trend,ema_cross,"{""fast"": 50, ""slow"": 100}",-0.7286122296107828,-0.09265742050518751,-0.2201998170771795,27.5
NEARUSDT,1h,trend,ema_cross,"{""fast"": 50, ""slow"": 200}",0.0423629481441212,-1.4750652172511607,-0.5690633544468753,25.5
NEARUSDT,1h,trend,ema_slope,"{""span"": 20, ""thr"": 0.0}",-4.510381262849164,-4.781529419023443,-0.8982967549945813,542.5
NEARUSDT,1h,trend,ema_slope,"{""span"": 20, ""thr"": 0.001}",-4.516669011580741,-5.05216804383406,-0.8591134234302307,420.5
NEARUSDT,1h,trend,ema_slope,"{""span"": 20, ""thr"": 0.005}",-1.088629702987913,0.6619463284835262,0.0841469709619056,48.0
NEARUSDT,1h,trend,ema_slope,"{""span"": 50, ""thr"": 0.0}",-1.7766250521198337,-3.1203577563610363,-0.7896189589658571,340.5
NEARUSDT,1h,trend,ema_slope,"{""span"": 50, ""thr"": 0.001}",-2.7160067755713038,-1.2989640784206598,-0.41915881385888853,201.0
NEARUSDT,1h,trend,ema_slope,"{""span"": 50, ""thr"": 0.005}",-0.32887703922431205,-1.5347173430519556,-0.16549277218706937,22.0
NEARUSDT,1h,trend,ema_slope,"{""span"": 100, ""thr"": 0.0}",-0.9949419931964049,-2.312398856653026,-0.7008695928532289,234.5
NEARUSDT,1h,trend,ema_slope,"{""span"": 100, ""thr"": 0.001}",-1.6999419506376174,0.20935240255280685,-0.03258191368029972,90.0
NEARUSDT,1h,trend,ema_slope,"{""span"": 100, ""thr"": 0.005}",-0.8160980511756829,0.844322504327109,0.028481175791748248,1.0
NEARUSDT,1h,trend,price_ema,"{""span"": 20, ""thr"": 0.0}",-4.510381262849164,-4.781529419023443,-0.8982967549945813,542.5
NEARUSDT,1h,trend,price_ema,"{""span"": 20, ""thr"": 0.02}",-4.254715516140558,-3.175394229624314,-0.6213415519835974,249.5
NEARUSDT,1h,trend,price_ema,"{""span"": 20, ""thr"": 0.05}",-1.5976859442985472,1.7431633041621637,0.30093892410277046,37.0
NEARUSDT,1h,trend,price_ema,"{""span"": 50, ""thr"": 0.0}",-1.7766250521198337,-3.1203577563610363,-0.7896189589658571,340.5
NEARUSDT,1h,trend,price_ema,"{""span"": 50, ""thr"": 0.02}",-2.6198714692924088,-1.6495032226583408,-0.5032029032316918,242.0
NEARUSDT,1h,trend,price_ema,"{""span"": 50, ""thr"": 0.05}",-1.4813360257990855,-0.4762066502204177,-0.1647013309351777,90.0
NEARUSDT,1h,trend,price_ema,"{""span"": 100, ""thr"": 0.0}",-0.9949419931964049,-2.312398856653026,-0.7008695928532289,234.5
NEARUSDT,1h,trend,price_ema,"{""span"": 100, ""thr"": 0.02}",-1.885302388909004,-2.5548791975617333,-0.6564029158445998,211.0
NEARUSDT,1h,trend,price_ema,"{""span"": 100, ""thr"": 0.05}",-1.7064874320818613,0.2760236951768064,-0.013507431467828956,89.0
NEARUSDT,1h,trend,donchian,"{""lb"": 10}",-9.407353501060667,-10.910560078921053,-0.9491118526514475,653.5
NEARUSDT,1h,trend,donchian,"{""lb"": 20}",-8.028167108041094,-8.769529366725033,-0.8767285660899821,466.5
NEARUSDT,1h,trend,donchian,"{""lb"": 55}",-5.346691849769353,-6.609144514522554,-0.7211878423193209,274.0
NEARUSDT,1h,momentum,mom_ret,"{""lb"": 5, ""thr"": 0.0}",-7.831449165327803,-9.17300976982829,-0.9843957499584853,829.5
NEARUSDT,1h,momentum,mom_ret,"{""lb"": 5, ""thr"": 0.02}",-5.148059942487885,-6.16483429345589,-0.8492710643973123,401.5
NEARUSDT,1h,momentum,mom_ret,"{""lb"": 5, ""thr"": 0.05}",-0.28365552729776344,-1.8735284084676669,-0.27227528263786205,75.0
NEARUSDT,1h,momentum,mom_ret,"{""lb"": 10, ""thr"": 0.0}",-5.371259039329738,-6.230357545916942,-0.9453678571679016,605.5
NEARUSDT,1h,momentum,mom_ret,"{""lb"": 10, ""thr"": 0.02}",-5.709086645444187,-4.072863036912355,-0.7677861453189904,364.5
NEARUSDT,1h,momentum,mom_ret,"{""lb"": 10, ""thr"": 0.05}",-1.7940753694590947,0.5960227558975894,0.07809209066517142,97.0
NEARUSDT,1h,momentum,mom_ret,"{""lb"": 20, ""thr"": 0.0}",-3.6102617284495624,-3.2661598379616152,-0.8016652249571597,431.5
NEARUSDT,1h,momentum,mom_ret,"{""lb"": 20, ""thr"": 0.02}",-3.4112626655624285,-2.181911841468749,-0.5971171391772779,319.0
NEARUSDT,1h,momentum,mom_ret,"{""lb"": 20, ""thr"": 0.05}",-2.3087335733035084,-0.29765547082343063,-0.1437743858594791,150.0
NEARUSDT,1h,momentum,mom_ret,"{""lb"": 50, ""thr"": 0.0}",-2.044117442088264,0.31813221344024506,-0.0706159150358503,240.5
NEARUSDT,1h,momentum,mom_ret,"{""lb"": 50, ""thr"": 0.02}",-1.7627480313197024,-0.37342990629234274,-0.27391555816985313,231.0
NEARUSDT,1h,momentum,mom_ret,"{""lb"": 50, ""thr"": 0.05}",-1.8926756676766059,-0.6040975758056374,-0.27730944585096373,152.0
NEARUSDT,1h,meanrev,rsi,"{""ob"": 65, ""os_"": 20}",-4.227402847124292,-4.677420202488216,-0.6614432206492161,191.5
NEARUSDT,1h,meanrev,rsi,"{""ob"": 65, ""os_"": 30}",-4.232458084126921,-5.349474666444375,-0.7601382797897797,265.5
NEARUSDT,1h,meanrev,rsi,"{""ob"": 65, ""os_"": 35}",-4.490625060708209,-5.537513936516418,-0.7988118664288579,318.5
NEARUSDT,1h,meanrev,rsi,"{""ob"": 70, ""os_"": 20}",-4.448096352908696,-4.57025709676646,-0.6042643512984042,154.5
NEARUSDT,1h,meanrev,rsi,"{""ob"": 70, ""os_"": 30}",-4.309696690807565,-5.246621307163628,-0.7196280233168141,228.5
NEARUSDT,1h,meanrev,rsi,"{""ob"": 70, ""os_"": 35}",-4.5233971669688735,-5.419809333374534,-0.7648331937038343,281.5
NEARUSDT,1h,meanrev,rsi,"{""ob"": 80, ""os_"": 20}",-2.4811675799277584,-3.3555508109797936,-0.3574037060692359,91.5
NEARUSDT,1h,meanrev,rsi,"{""ob"": 80, ""os_"": 30}",-2.6202885541767005,-4.2073068942314915,-0.5447314546218419,165.5
NEARUSDT,1h,meanrev,rsi,"{""ob"": 80, ""os_"": 35}",-3.0684470240344233,-4.414108881296384,-0.618135695691648,218.5
NEARUSDT,1h,meanrev,zscore,"{""lb"": 20, ""z"": 1.5}",-6.518193436798296,-3.7020407366104484,-0.6115216089326578,389.5
NEARUSDT,1h,meanrev,zscore,"{""lb"": 20, ""z"": 2.0}",-5.589532853820391,-6.625731658895542,-0.694682023735404,215.0
NEARUSDT,1h,meanrev,zscore,"{""lb"": 20, ""z"": 2.5}",-4.762853632875554,-3.8773499893319032,-0.35326215528352833,92.0
NEARUSDT,1h,meanrev,zscore,"{""lb"": 50, ""z"": 1.5}",-3.7076167211414655,-3.949374354322517,-0.6632397689069641,250.0
NEARUSDT,1h,meanrev,zscore,"{""lb"": 50, ""z"": 2.0}",-4.185918636120796,-4.207451318213851,-0.5560364577099023,144.0
NEARUSDT,1h,meanrev,zscore,"{""lb"": 50, ""z"": 2.5}",-2.9402820550415116,-4.380754594228539,-0.42761557173036324,84.0
NEARUSDT,1h,meanrev,bb,"{""span"": 20, ""mult"": 1.5}",-6.518193436798296,-3.7020407366104484,-0.6115216089326578,389.5
NEARUSDT,1h,meanrev,bb,"{""span"": 20, ""mult"": 2.0}",-5.589532853820391,-6.625731658895542,-0.694682023735404,215.0
NEARUSDT,1h,meanrev,bb,"{""span"": 20, ""mult"": 2.5}",-4.762853632875554,-3.8773499893319032,-0.35326215528352833,92.0
NEARUSDT,1h,meanrev,bb,"{""span"": 50, ""mult"": 1.5}",-3.7076167211414655,-3.949374354322517,-0.6632397689069641,250.0
NEARUSDT,1h,meanrev,bb,"{""span"": 50, ""mult"": 2.0}",-4.185918636120796,-4.207451318213851,-0.5560364577099023,144.0
NEARUSDT,1h,meanrev,bb,"{""span"": 50, ""mult"": 2.5}",-2.9402820550415116,-4.380754594228539,-0.42761557173036324,84.0
NEARUSDT,1h,carry,funding,"{""thr"": 5e-05}",0.38106413939999606,-2.511915680422959,-0.6365065283227548,166.5
NEARUSDT,1h,carry,funding,"{""thr"": 0.0001}",0.38164749436316364,-0.34040733009048085,-0.05321401480494836,30.0
NEARUSDT,1h,carry,funding,"{""thr"": 0.0002}",1.2435201410074646,2.4440757515975204,0.13844234547842982,6.0
NEARUSDT,1h,carry,funding,"{""thr"": 0.0005}",1.684518262472457,-0.49534472167755167,-0.006010897885274424,1.0
NEARUSDT,1h,carry,funding_pct,"{""lb"": 100, ""hi"": 0.8}",-1.1068303293397328,-2.2548518078024244,-0.46374319011695697,135.5
NEARUSDT,1h,carry,funding_pct,"{""lb"": 100, ""hi"": 0.9}",-0.20116330845356095,-1.7300730938619384,-0.2760083646190197,82.5
NEARUSDT,1h,carry,funding_pct,"{""lb"": 100, ""hi"": 0.95}",0.22644839425327626,-2.017906721015639,-0.23974938274269875,52.0
NEARUSDT,1h,carry,funding_pct,"{""lb"": 500, ""hi"": 0.8}",-0.7015233170986683,-0.7202443450512753,-0.2043033988796401,81.5
NEARUSDT,1h,carry,funding_pct,"{""lb"": 500, ""hi"": 0.9}",0.39069000622555733,-1.964013144985633,-0.24274263059973844,47.5
NEARUSDT,1h,carry,funding_pct,"{""lb"": 500, ""hi"": 0.95}",1.3320939649892825,-2.500301466849959,-0.2410848604370649,29.0
NEARUSDT,1h,carry,funding_mom,"{""lb"": 24}",-1.3374759733033115,-0.30587253140984033,-0.2728230968206189,252.5
NEARUSDT,1h,carry,funding_mom,"{""lb"": 100}",-1.5437115522066687,-0.8336797237600367,-0.41602745183221823,275.5
NEARUSDT,1h,carry,funding_mom,"{""lb"": 500}",-1.6100149538211386,-1.0478876742806162,-0.46858766464905866,255.5
NEARUSDT,1h,carry,funding_price_div,"{""lb"": 24}",-3.2322371279954694,-1.6013217256325094,-0.46812582934306246,275.0
NEARUSDT,1h,carry,funding_price_div,"{""lb"": 100}",-2.152220825386265,-1.3317835645807978,-0.40504938250054934,200.5
NEARUSDT,1h,carry,funding_price_div,"{""lb"": 500}",-1.1871680114081213,-1.1786915069956316,-0.34903179725831335,143.5
NEARUSDT,1h,ichimoku,cloud,"{""tenkan"": 9, ""kijun"": 26, ""senkou"": 52, ""disp"": 26}",-2.3408044852806693,-1.7801452622501248,-0.5968844759619335,223.5
NEARUSDT,1h,ichimoku,cloud_fast,"{""tenkan"": 7, ""kijun"": 14, ""senkou"": 28, ""disp"": 14}",-2.9011244729943533,-2.4103824014902884,-0.6803644601069945,295.5
NEARUSDT,1h,ichimoku,cloud_slow,"{""tenkan"": 12, ""kijun"": 24, ""senkou"": 52, ""disp"": 24}",-2.391889612337158,-1.9876260202404574,-0.6266593392244431,220.5
NEARUSDT,1h,ichimoku,tk,"{""tenkan"": 9, ""kijun"": 26}",-2.9840046179148345,-1.8319333098606774,-0.6203042902660572,184.5
NEARUSDT,1h,ichimoku,combo,"{""tenkan"": 9, ""kijun"": 26, ""senkou"": 52, ""disp"": 26}",-3.315088737906164,-1.7349130791561023,-0.5315243776879295,189.5
OPUSDT,1d,trend,ema_cross,"{""fast"": 10, ""slow"": 50}",-0.39563023109979084,0.5157366112092063,0.026285458568912068,11.5
OPUSDT,1d,trend,ema_cross,"{""fast"": 10, ""slow"": 100}",0.010065157033757707,0.3632369539066636,-0.20392849469763485,9.5
OPUSDT,1d,trend,ema_cross,"{""fast"": 10, ""slow"": 200}",-0.20291736338574884,0.9415473099341629,1.0723107420244768,3.5
OPUSDT,1d,trend,ema_cross,"{""fast"": 20, ""slow"": 50}",0.2920551941485629,0.8402961693012432,0.750076760442419,5.5
OPUSDT,1d,trend,ema_cross,"{""fast"": 20, ""slow"": 100}",0.04627540809027151,0.8315241329358909,0.7261508565232189,5.5
OPUSDT,1d,trend,ema_cross,"{""fast"": 20, ""slow"": 200}",-0.12683638636427064,1.123634084995344,1.7957675986888635,1.5
OPUSDT,1d,trend,ema_cross,"{""fast"": 50, ""slow"": 100}",-0.41604634100610893,0.9011385237024764,0.9380606202270485,3.5
OPUSDT,1d,trend,ema_cross,"{""fast"": 50, ""slow"": 200}",0.2502217708977934,1.0161912092387297,1.3433620163573017,2.5
OPUSDT,1d,trend,ema_slope,"{""span"": 20, ""thr"": 0.0}",0.14438366984685475,-0.5165969739388058,-0.8123109382000631,77.5
OPUSDT,1d,trend,ema_slope,"{""span"": 20, ""thr"": 0.001}",0.2754538164620068,-0.23267948202954922,-0.6746550842439095,74.5
OPUSDT,1d,trend,ema_slope,"{""span"": 20, ""thr"": 0.005}",0.23636334792008115,0.027492627154705997,-0.3898583245512134,69.5
OPUSDT,1d,trend,ema_slope,"{""span"": 50, ""thr"": 0.0}",-0.08130404224884319,-0.0848225174646077,-0.6186628146944382,43.5
OPUSDT,1d,trend,ema_slope,"{""span"": 50, ""thr"": 0.001}",0.1666156784578018,0.01984488552555813,-0.5155329680825269,43.5
OPUSDT,1d,trend,ema_slope,"{""span"": 50, ""thr"": 0.005}",-0.021027685584017686,0.18496898938221923,-0.2175920679443808,34.0
OPUSDT,1d,trend,ema_slope,"{""span"": 100, ""thr"": 0.0}",-0.11292808498676071,0.34264996207967874,-0.23092957655194624,29.5
OPUSDT,1d,trend,ema_slope,"{""span"": 100, ""thr"": 0.001}",-0.1180885020746232,0.17306856031007703,-0.3706103360964592,24.5
OPUSDT,1d,trend,ema_slope,"{""span"": 100, ""thr"": 0.005}",0.15051691462467554,0.3126012169896151,-0.044760537487128604,18.0
OPUSDT,1d,trend,price_ema,"{""span"": 20, ""thr"": 0.0}",0.14438366984685475,-0.5165969739388058,-0.8123109382000631,77.5
OPUSDT,1d,trend,price_ema,"{""span"": 20, ""thr"": 0.02}",0.2343163196649986,-0.3042260977755399,-0.6955605193263842,72.5
OPUSDT,1d,trend,price_ema,"{""span"": 20, ""thr"": 0.05}",0.27537787670084524,-0.14062001505280597,-0.4988628472370309,68.5
OPUSDT,1d,trend,price_ema,"{""span"": 50, ""thr"": 0.0}",-0.08130404224884319,-0.0848225174646077,-0.6186628146944382,43.5
OPUSDT,1d,trend,price_ema,"{""span"": 50, ""thr"": 0.02}",0.18931426745939464,-0.05388873966114772,-0.572490278453774,44.5
OPUSDT,1d,trend,price_ema,"{""span"": 50, ""thr"": 0.05}",0.08116996717800835,0.3442285186641372,-0.12200477694815615,37.5
OPUSDT,1d,trend,price_ema,"{""span"": 100, ""thr"": 0.0}",-0.11292808498676071,0.34264996207967874,-0.23092957655194624,29.5
OPUSDT,1d,trend,price_ema,"{""span"": 100, ""thr"": 0.02}",-0.019438021258394445,0.3755712040256961,-0.17639907711462577,27.5
OPUSDT,1d,trend,price_ema,"{""span"": 100, ""thr"": 0.05}",-0.1220655552413719,0.17306856031007703,-0.3706103360964592,24.5
OPUSDT,1d,trend,donchian,"{""lb"": 10}",0.0479922965965677,-0.15411909791805242,-0.3623428385129054,90.5
OPUSDT,1d,trend,donchian,"{""lb"": 20}",0.0745043308465574,-0.22303522849144644,-0.33093381646167463,61.5
OPUSDT,1d,trend,donchian,"{""lb"": 55}",-0.19588242126762384,-0.20365311500741393,-0.2469918510671305,40.0
OPUSDT,1d,momentum,mom_ret,"{""lb"": 5, ""thr"": 0.0}",0.43057036389045994,-0.3826734646463369,-0.7660185084386436,125.5
OPUSDT,1d,momentum,mom_ret,"{""lb"": 5, ""thr"": 0.02}",0.2741566845621739,-0.6274469622967361,-0.8159928308689522,125.5
OPUSDT,1d,momentum,mom_ret,"{""lb"": 5, ""thr"": 0.05}",0.14515077971311408,-0.8876286051311311,-0.8098072771634076,108.5
OPUSDT,1d,momentum,mom_ret,"{""lb"": 10, ""thr"": 0.0}",0.1718517514748255,-0.9491701254514735,-0.9097895280951203,87.5
OPUSDT,1d,momentum,mom_ret,"{""lb"": 10, ""thr"": 0.02}",-0.1465087890486925,-1.0618264105467476,-0.9071580453538904,97.5
OPUSDT,1d,momentum,mom_ret,"{""lb"": 10, ""thr"": 0.05}",-0.11523097599327423,-0.9265130262741146,-0.8333309895496244,85.5
OPUSDT,1d,momentum,mom_ret,"{""lb"": 20, ""thr"": 0.0}",0.10995843064086898,0.29854930617326697,-0.27496950189774894,52.5
OPUSDT,1d,momentum,mom_ret,"{""lb"": 20, ""thr"": 0.02}",0.12591757045588903,0.39225627593316403,-0.12823456098197272,51.5
OPUSDT,1d,momentum,mom_ret,"{""lb"": 20, ""thr"": 0.05}",0.17170165784320945,0.5279892150876189,0.12223690234337758,52.0
OPUSDT,1d,momentum,mom_ret,"{""lb"": 50, ""thr"": 0.0}",-0.2561904282924502,-0.14216717815223934,-0.6530564833925157,40.5
OPUSDT,1d,momentum,mom_ret,"{""lb"": 50, ""thr"": 0.02}",-0.021649095125611292,-0.11201239113728712,-0.6220482996699869,37.5
OPUSDT,1d,momentum,mom_ret,"{""lb"": 50, ""thr"": 0.05}",-0.10250900349158379,-0.17872157740025807,-0.625668482559057,34.5
OPUSDT,1d,meanrev,rsi,"{""ob"": 65, ""os_"": 20}",-0.6728753514411526,0.16736165878497072,-0.03948933109756936,31.0
OPUSDT,1d,meanrev,rsi,"{""ob"": 65, ""os_"": 30}",-0.5113132893171344,-0.1043648236216205,-0.30116287063431935,42.5
OPUSDT,1d,meanrev,rsi,"{""ob"": 65, ""os_"": 35}",-0.5697142231880751,0.1482991203719877,-0.15937813299765813,49.5
OPUSDT,1d,meanrev,rsi,"{""ob"": 70, ""os_"": 20}",-0.357712470033049,-0.20511620300218814,-0.2393646107060804,27.0
OPUSDT,1d,meanrev,rsi,"{""ob"": 70, ""os_"": 30}",-0.21295800752241373,-0.4016641237429302,-0.4465857911234651,38.5
OPUSDT,1d,meanrev,rsi,"{""ob"": 70, ""os_"": 35}",-0.30105080713697263,-0.10475974178105239,-0.334305425480642,45.5
OPUSDT,1d,meanrev,rsi,"{""ob"": 80, ""os_"": 20}",-0.48206637847412737,-0.13544173743159274,-0.1515580065648061,19.0
OPUSDT,1d,meanrev,rsi,"{""ob"": 80, ""os_"": 30}",-0.1952068400441355,-0.36737873879731386,-0.3827004880611311,30.5
OPUSDT,1d,meanrev,rsi,"{""ob"": 80, ""os_"": 35}",-0.3044082438759313,-0.04465467583097044,-0.25745864605577795,37.5
OPUSDT,1d,meanrev,zscore,"{""lb"": 20, ""z"": 1.5}",-0.6529113168214533,-0.37058590740327196,-0.46793052622528497,45.0
OPUSDT,1d,meanrev,zscore,"{""lb"": 20, ""z"": 2.0}",-0.5221264505876126,-0.09631558810768201,-0.14284716030178857,30.0
OPUSDT,1d,meanrev,zscore,"{""lb"": 20, ""z"": 2.5}",-0.68022682549763,-0.4680464521756954,-0.16824668808811194,10.0
OPUSDT,1d,meanrev,zscore,"{""lb"": 50, ""z"": 1.5}",-0.6064919481670671,0.24781258498411288,-0.014011829142029919,33.0
OPUSDT,1d,meanrev,zscore,"{""lb"": 50, ""z"": 2.0}",-0.2526023795833037,0.08932515869957737,-0.04881291055062287,17.0
OPUSDT,1d,meanrev,zscore,"{""lb"": 50, ""z"": 2.5}",0.025100817141947177,-0.5458437798762455,-0.19620122933386508,7.0
OPUSDT,1d,meanrev,bb,"{""span"": 20, ""mult"": 1.5}",-0.6529113168214533,-0.37058590740327196,-0.46793052622528497,45.0
OPUSDT,1d,meanrev,bb,"{""span"": 20, ""mult"": 2.0}",-0.5221264505876126,-0.09631558810768201,-0.14284716030178857,30.0
OPUSDT,1d,meanrev,bb,"{""span"": 20, ""mult"": 2.5}",-0.68022682549763,-0.4680464521756954,-0.16824668808811194,10.0
OPUSDT,1d,meanrev,bb,"{""span"": 50, ""mult"": 1.5}",-0.6064919481670671,0.24781258498411288,-0.014011829142029919,33.0
OPUSDT,1d,meanrev,bb,"{""span"": 50, ""mult"": 2.0}",-0.2526023795833037,0.08932515869957737,-0.04881291055062287,17.0
OPUSDT,1d,meanrev,bb,"{""span"": 50, ""mult"": 2.5}",0.025100817141947177,-0.5458437798762455,-0.19620122933386508,7.0
OPUSDT,1d,carry,funding,"{""thr"": 5e-05}",-0.03122690803194425,0.3097798334293927,-0.17437576891168738,204.5
OPUSDT,1d,carry,funding,"{""thr"": 0.0001}",-0.7908045831952943,-0.0947515464560284,-0.15470284155003922,51.0
OPUSDT,1d,carry,funding,"{""thr"": 0.0002}",-0.3646502102465937,0.7887806238748509,0.31667596712300927,20.0
OPUSDT,1d,carry,funding,"{""thr"": 0.0005}",0.7672411320084411,-1.5033837040505373,-0.16746386597746077,4.0
OPUSDT,1d,carry,funding_pct,"{""lb"": 100, ""hi"": 0.8}",-0.34664632228924314,-0.06219851668270041,-0.22677996434130931,90.0
OPUSDT,1d,carry,funding_pct,"{""lb"": 100, ""hi"": 0.9}",-0.7907894857797184,0.19823014521595556,0.00012097615977624265,59.0
OPUSDT,1d,carry,funding_pct,"{""lb"": 100, ""hi"": 0.95}",-0.7576081133076191,-0.2755538111001925,-0.20706365531886273,41.0
OPUSDT,1d,carry,funding_pct,"{""lb"": 500, ""hi"": 0.8}",-0.03232294570070466,-0.7621333812736989,-0.6437076718466659,112.0
OPUSDT,1d,carry,funding_pct,"{""lb"": 500, ""hi"": 0.9}",-0.2694652714214583,-0.14808796713107084,-0.24121630771433267,85.0
OPUSDT,1d,carry,funding_pct,"{""lb"": 500, ""hi"": 0.95}",-0.45784662384011865,-0.5460378643344725,-0.35073325826023893,54.0
OPUSDT,1d,carry,funding_mom,"{""lb"": 24}",-0.6965516731827122,-0.3747862756328912,-0.7139633957589309,241.5
OPUSDT,1d,carry,funding_mom,"{""lb"": 100}",-0.29355613766762545,-0.3273456634105052,-0.7056341869868998,204.5
OPUSDT,1d,carry,funding_mom,"{""lb"": 500}",-0.002008074220825288,-0.3061120727521261,-0.6855605550582704,153.5
OPUSDT,1d,carry,funding_price_div,"{""lb"": 24}",-0.4136604749384876,-0.8965333748257829,-0.6643262343540874,121.5
OPUSDT,1d,carry,funding_price_div,"{""lb"": 100}",-0.05278996030656112,0.40284213724767437,0.1304068892013983,93.5
OPUSDT,1d,carry,funding_price_div,"{""lb"": 500}",0.647825902535189,0.10475821769648964,-0.04587293212009491,59.5
OPUSDT,1d,ichimoku,cloud,"{""tenkan"": 9, ""kijun"": 26, ""senkou"": 52, ""disp"": 26}",-0.28527708245712735,0.19155683407636093,-0.35161739520188284,30.5
OPUSDT,1d,ichimoku,cloud_fast,"{""tenkan"": 7, ""kijun"": 14, ""senkou"": 28, ""disp"": 14}",0.23969620984770854,0.3649618018747292,-0.14751545197220106,43.5
OPUSDT,1d,ichimoku,cloud_slow,"{""tenkan"": 12, ""kijun"": 24, ""senkou"": 52, ""disp"": 24}",-0.31598509826545146,0.37502355743405225,-0.12178060190275275,26.5
OPUSDT,1d,ichimoku,tk,"{""tenkan"": 9, ""kijun"": 26}",-0.6943848332417977,0.2888937032728792,-0.2798508336595926,29.5
OPUSDT,1d,ichimoku,combo,"{""tenkan"": 9, ""kijun"": 26, ""senkou"": 52, ""disp"": 26}",-0.44385871780224545,0.29236858238080177,-0.17143858536984458,31.5
OPUSDT,4h,trend,ema_cross,"{""fast"": 10, ""slow"": 50}",0.14065589412043783,-1.218993768198756,-0.45901855027526706,28.5
OPUSDT,4h,trend,ema_cross,"{""fast"": 10, ""slow"": 100}",0.01438686508126194,-0.8857140538847037,-0.388192648453317,20.5
OPUSDT,4h,trend,ema_cross,"{""fast"": 10, ""slow"": 200}",1.1316517224621154,0.8712391007041028,0.18110071163034847,8.5
OPUSDT,4h,trend,ema_cross,"{""fast"": 20, ""slow"": 50}",-0.02434495999536055,0.37702117086585296,-0.018060969381302305,18.5
OPUSDT,4h,trend,ema_cross,"{""fast"": 20, ""slow"": 100}",0.06113384564762542,-0.9078088251426106,-0.3929846587553135,18.5
OPUSDT,4h,trend,ema_cross,"{""fast"": 20, ""slow"": 200}",1.3050288801998737,0.5697360975927535,0.055157881047062984,8.5
OPUSDT,4h,trend,ema_cross,"{""fast"": 50, ""slow"": 100}",0.9561387009239561,0.7248910000604943,0.11825063776079503,6.5
OPUSDT,4h,trend,ema_cross,"{""fast"": 50, ""slow"": 200}",1.152065624683837,0.9561694370225793,0.21899372766835112,2.5
OPUSDT,4h,trend,ema_slope,"{""span"": 20, ""thr"": 0.0}",-1.387243239854039,-1.8399793634522081,-0.570386955082115,137.5
OPUSDT,4h,trend,ema_slope,"{""span"": 20, ""thr"": 0.001}",-0.9321478739583458,-1.881802749078646,-0.5338371156955936,123.5
OPUSDT,4h,trend,ema_slope,"{""span"": 20, ""thr"": 0.005}",-0.7619586069687818,-0.20517768777578635,-0.07853067529676472,50.0
OPUSDT,4h,trend,ema_slope,"{""span"": 50, ""thr"": 0.0}",-0.016515488039578027,-2.1627551198766395,-0.6194178675156823,81.5
OPUSDT,4h,trend,ema_slope,"{""span"": 50, ""thr"": 0.001}",0.104473089580858,-2.597316749447244,-0.5982345161598541,83.0
OPUSDT,4h,trend,ema_slope,"{""span"": 50, ""thr"": 0.005}",-0.7591341892241928,1.8020845377123138,0.2782230490703017,10.0
OPUSDT,4h,trend,ema_slope,"{""span"": 100, ""thr"": 0.0}",0.6461500202469104,-1.6833932505979494,-0.5459732659818439,72.5
OPUSDT,4h,trend,ema_slope,"{""span"": 100, ""thr"": 0.001}",0.06055024256280301,-0.12008095860719517,-0.12618685292282417,35.0
OPUSDT,4h,trend,ema_slope,"{""span"": 100, ""thr"": 0.005}",-0.44812825745227536,1.084710265842072,0.1144195506459238,3.0
OPUSDT,4h,trend,price_ema,"{""span"": 20, ""thr"": 0.0}",-1.387243239854039,-1.8399793634522081,-0.570386955082115,137.5
OPUSDT,4h,trend,price_ema,"{""span"": 20, ""thr"": 0.02}",0.22232383360678135,-2.3982380198161026,-0.5483727111963256,111.0
OPUSDT,4h,trend,price_ema,"{""span"": 20, ""thr"": 0.05}",-0.9308009296861058,-0.07036832401342297,-0.05258682069095222,46.0
OPUSDT,4h,trend,price_ema,"{""span"": 50, ""thr"": 0.0}",-0.016515488039578027,-2.1627551198766395,-0.6194178675156823,81.5
OPUSDT,4h,trend,price_ema,"{""span"": 50, ""thr"": 0.02}",0.1465986026965452,-2.957591416135833,-0.6541114889560812,94.0
OPUSDT,4h,trend,price_ema,"{""span"": 50, ""thr"": 0.05}",-0.5679719726113537,0.33447900311317585,0.01298003572729134,40.0
OPUSDT,4h,trend,price_ema,"{""span"": 100, ""thr"": 0.0}",0.6461500202469104,-1.6833932505979494,-0.5459732659818439,72.5
OPUSDT,4h,trend,price_ema,"{""span"": 100, ""thr"": 0.02}",0.08687736955258525,-1.4208304115535704,-0.45922923856027054,56.0
OPUSDT,4h,trend,price_ema,"{""span"": 100, ""thr"": 0.05}",0.1548458042653027,-0.1577432656413078,-0.13580551610139102,35.0
OPUSDT,4h,trend,donchian,"{""lb"": 10}",0.005987516728145313,-3.5416917749377586,-0.5906865735664759,173.5
OPUSDT,4h,trend,donchian,"{""lb"": 20}",1.038352804850132,-2.133265292822653,-0.3725834513914781,119.5
OPUSDT,4h,trend,donchian,"{""lb"": 55}",0.28866406715007376,-0.9625501616690615,-0.17300809574366227,61.0
OPUSDT,4h,momentum,mom_ret,"{""lb"": 5, ""thr"": 0.0}",-1.0500783283347943,-3.3968566895088523,-0.7597445234249105,202.5
OPUSDT,4h,momentum,mom_ret,"{""lb"": 5, ""thr"": 0.02}",-1.7519035739525124,-2.7836731753200934,-0.5974590422477776,158.5
OPUSDT,4h,momentum,mom_ret,"{""lb"": 5, ""thr"": 0.05}",-0.13152810088928424,-2.9641031059560303,-0.46776895701848076,72.0
OPUSDT,4h,momentum,mom_ret,"{""lb"": 10, ""thr"": 0.0}",-0.333261469690977,-0.33328701956931156,-0.24521786079186902,132.5
OPUSDT,4h,momentum,mom_ret,"{""lb"": 10, ""thr"": 0.02}",-1.3263573048190058,-1.5724224799313582,-0.4482370298026007,135.5
OPUSDT,4h,momentum,mom_ret,"{""lb"": 10, ""thr"": 0.05}",-0.7586879653546812,-0.5334888195821991,-0.16562477262933384,84.0
OPUSDT,4h,momentum,mom_ret,"{""lb"": 20, ""thr"": 0.0}",-0.17457647446944172,-2.6943838408584306,-0.6872850403595371,107.5
OPUSDT,4h,momentum,mom_ret,"{""lb"": 20, ""thr"": 0.02}",0.1760836958216606,-1.9191712724031345,-0.5198659314281866,99.0
OPUSDT,4h,momentum,mom_ret,"{""lb"": 20, ""thr"": 0.05}",-0.6315739178688367,-1.8745926199887204,-0.4427363506727977,90.0
OPUSDT,4h,momentum,mom_ret,"{""lb"": 50, ""thr"": 0.0}",0.028581240422462222,-1.5986868356316772,-0.5308709549148574,78.5
OPUSDT,4h,momentum,mom_ret,"{""lb"": 50, ""thr"": 0.02}",0.27488418852437047,-1.7080878986035293,-0.515140018076067,79.5
OPUSDT,4h,momentum,mom_ret,"{""lb"": 50, ""thr"": 0.05}",-0.14251295658578242,-1.5783012133113212,-0.4519242797623019,58.0
OPUSDT,4h,meanrev,rsi,"{""ob"": 65, ""os_"": 20}",-0.013102418731138647,-3.5192672828907723,-0.47892286134294637,39.0
OPUSDT,4h,meanrev,rsi,"{""ob"": 65, ""os_"": 30}",-0.41748786704800744,-3.218071255355969,-0.5236672997563157,65.0
OPUSDT,4h,meanrev,rsi,"{""ob"": 65, ""os_"": 35}",-0.3694180155218703,-3.307045159135833,-0.5790301965435103,76.0
OPUSDT,4h,meanrev,rsi,"{""ob"": 70, ""os_"": 20}",0.19805623895050498,-3.03084914165506,-0.41030636430479983,32.0
OPUSDT,4h,meanrev,rsi,"{""ob"": 70, ""os_"": 30}",-0.28854542331114963,-2.777329266343579,-0.46094284133989205,58.0
OPUSDT,4h,meanrev,rsi,"{""ob"": 70, ""os_"": 35}",-0.24772448280092718,-2.908044719882609,-0.5235960369362278,69.0
OPUSDT,4h,meanrev,rsi,"{""ob"": 80, ""os_"": 20}",0.9091929927439968,-2.140877320922866,-0.2659757149269212,25.0
OPUSDT,4h,meanrev,rsi,"{""ob"": 80, ""os_"": 30}",0.02020669791238011,-1.976831775215204,-0.3290057386620171,51.0
OPUSDT,4h,meanrev,rsi,"{""ob"": 80, ""os_"": 35}",0.030745191943818053,-2.1974414892343908,-0.4069936366506497,62.0
OPUSDT,4h,meanrev,zscore,"{""lb"": 20, ""z"": 1.5}",-3.223446140418197,-1.9987933130922348,-0.3795065155311599,88.5
OPUSDT,4h,meanrev,zscore,"{""lb"": 20, ""z"": 2.0}",-3.3499664012832553,-0.43134083400983403,-0.08368155384251397,57.5
OPUSDT,4h,meanrev,zscore,"{""lb"": 20, ""z"": 2.5}",-3.121209637892704,-3.02212421708128,-0.23250371566757433,21.0
OPUSDT,4h,meanrev,zscore,"{""lb"": 50, ""z"": 1.5}",-0.9894616776935737,-1.80494441625671,-0.3518803705963225,53.0
OPUSDT,4h,meanrev,zscore,"{""lb"": 50, ""z"": 2.0}",-1.696984681155112,-3.723976402577374,-0.47727976339309386,31.0
OPUSDT,4h,meanrev,zscore,"{""lb"": 50, ""z"": 2.5}",-2.168104491048542,-2.55277749220663,-0.2964284474517186,14.0
OPUSDT,4h,meanrev,bb,"{""span"": 20, ""mult"": 1.5}",-3.223446140418197,-1.9987933130922348,-0.3795065155311599,88.5
OPUSDT,4h,meanrev,bb,"{""span"": 20, ""mult"": 2.0}",-3.3499664012832553,-0.43134083400983403,-0.08368155384251397,57.5
OPUSDT,4h,meanrev,bb,"{""span"": 20, ""mult"": 2.5}",-3.121209637892704,-3.02212421708128,-0.23250371566757433,21.0
OPUSDT,4h,meanrev,bb,"{""span"": 50, ""mult"": 1.5}",-0.9894616776935737,-1.80494441625671,-0.3518803705963225,53.0
OPUSDT,4h,meanrev,bb,"{""span"": 50, ""mult"": 2.0}",-1.696984681155112,-3.723976402577374,-0.47727976339309386,31.0
OPUSDT,4h,meanrev,bb,"{""span"": 50, ""mult"": 2.5}",-2.168104491048542,-2.55277749220663,-0.2964284474517186,14.0
OPUSDT,4h,carry,funding,"{""thr"": 5e-05}",-1.1197435313228825,-1.2951523264996063,-0.40773538338142123,157.5
OPUSDT,4h,carry,funding,"{""thr"": 0.0001}",-2.594714467953237,-0.2952489752321107,-0.10212028544166873,53.5
OPUSDT,4h,carry,funding,"{""thr"": 0.0002}",-1.1207322966192088,-1.3737704356723819,-0.21354902512484675,26.0
OPUSDT,4h,carry,funding,"{""thr"": 0.0005}",-0.6127009388544659,-1.2025358020082062,-0.08052946768972635,3.0
OPUSDT,4h,carry,funding_pct,"{""lb"": 100, ""hi"": 0.8}",-3.397686218439503,-1.143018025678458,-0.28108717696487595,90.5
OPUSDT,4h,carry,funding_pct,"{""lb"": 100, ""hi"": 0.9}",-1.96505983363859,-0.749932831495242,-0.1430915155197151,44.5
OPUSDT,4h,carry,funding_pct,"{""lb"": 100, ""hi"": 0.95}",-1.5366265632300362,-1.500587951932174,-0.2070009092505074,24.0
OPUSDT,4h,carry,funding_pct,"{""lb"": 500, ""hi"": 0.8}",-2.6729336332944875,-0.22087383270124808,-0.08910618805156856,55.5
OPUSDT,4h,carry,funding_pct,"{""lb"": 500, ""hi"": 0.9}",-3.2576369389048727,-0.9435261221297476,-0.16515047881556422,35.0
OPUSDT,4h,carry,funding_pct,"{""lb"": 500, ""hi"": 0.95}",-2.575342822561502,-2.092709886334209,-0.23976678914898197,15.0
OPUSDT,4h,carry,funding_mom,"{""lb"": 24}",-2.7507839595816757,-3.38291771093536,-0.7482431607049802,173.5
OPUSDT,4h,carry,funding_mom,"{""lb"": 100}",-0.24050222517521014,-0.31287568050572,-0.23007561359891815,180.5
OPUSDT,4h,carry,funding_mom,"{""lb"": 500}",-2.3982397372017363,-1.3300408918238265,-0.4671757990214277,189.5
OPUSDT,4h,carry,funding_price_div,"{""lb"": 24}",-1.8189924933976733,-3.2863041316048895,-0.5501423508503271,126.5
OPUSDT,4h,carry,funding_price_div,"{""lb"": 100}",-0.05767195545600795,-0.5094892223729987,-0.15182225734113886,107.0
OPUSDT,4h,carry,funding_price_div,"{""lb"": 500}",-0.5943720078642505,-2.934792006451544,-0.5245450922510126,108.0
OPUSDT,4h,ichimoku,cloud,"{""tenkan"": 9, ""kijun"": 26, ""senkou"": 52, ""disp"": 26}",0.2841603727581125,-2.830627703042816,-0.6672682130923682,70.5
OPUSDT,4h,ichimoku,cloud_fast,"{""tenkan"": 7, ""kijun"": 14, ""senkou"": 28, ""disp"": 14}",0.06768008856029493,-1.7221616415412806,-0.5217849278606923,77.0
OPUSDT,4h,ichimoku,cloud_slow,"{""tenkan"": 12, ""kijun"": 24, ""senkou"": 52, ""disp"": 24}",0.5552583440590828,-2.6523663231051247,-0.6476380431862812,69.5
OPUSDT,4h,ichimoku,tk,"{""tenkan"": 9, ""kijun"": 26}",0.6004851157397484,0.40594837266653616,0.003022753963701552,44.0
OPUSDT,4h,ichimoku,combo,"{""tenkan"": 9, ""kijun"": 26, ""senkou"": 52, ""disp"": 26}",0.2721838437717153,-1.3520998902423622,-0.38982072676934887,56.0
OPUSDT,1h,trend,ema_cross,"{""fast"": 10, ""slow"": 50}",-1.1471280013354657,-1.3931911951296863,-0.5000708620626269,101.5
OPUSDT,1h,trend,ema_cross,"{""fast"": 10, ""slow"": 100}",-0.6982263290546492,-1.4028409633366552,-0.5020778939459871,75.5
OPUSDT,1h,trend,ema_cross,"{""fast"": 10, ""slow"": 200}",0.177856582347845,-1.8290737102593055,-0.5762756511477365,58.5
OPUSDT,1h,trend,ema_cross,"{""fast"": 20, ""slow"": 50}",-0.08766211835875277,-1.06719446252294,-0.4338922021381244,73.5
OPUSDT,1h,trend,ema_cross,"{""fast"": 20, ""slow"": 100}",-0.052571044068812134,-0.7236787812459842,-0.35484881774920407,51.5
OPUSDT,1h,trend,ema_cross,"{""fast"": 20, ""slow"": 200}",-0.016820085089914897,-0.9052551696378273,-0.39773684463479375,36.5
OPUSDT,1h,trend,ema_cross,"{""fast"": 50, ""slow"": 100}",-0.36064496961500647,-1.3107247902215617,-0.48375953005998895,42.5
OPUSDT,1h,trend,ema_cross,"{""fast"": 50, ""slow"": 200}",-0.28032595864272186,-1.1979280113293984,-0.4613070536176802,28.5
OPUSDT,1h,trend,ema_slope,"{""span"": 20, ""thr"": 0.0}",-3.8450772070655512,-5.9126088178792,-0.9117066471238331,509.5
OPUSDT,1h,trend,ema_slope,"{""span"": 20, ""thr"": 0.001}",-3.0406919491068645,-5.088035720805885,-0.8123213657260898,421.0
OPUSDT,1h,trend,ema_slope,"{""span"": 20, ""thr"": 0.005}",-0.17368492039720804,-1.251797489162269,-0.15980387744702318,35.0
OPUSDT,1h,trend,ema_slope,"{""span"": 50, ""thr"": 0.0}",-3.0859193240088136,-3.8277727609477177,-0.8042463220456387,307.5
OPUSDT,1h,trend,ema_slope,"{""span"": 50, ""thr"": 0.001}",-1.6467818534166634,-2.9378356073977665,-0.5752693501538579,211.0
OPUSDT,1h,trend,ema_slope,"{""span"": 50, ""thr"": 0.005}",-1.8029288853777143,0.06146568433317228,-0.0012507884056819352,6.0
OPUSDT,1h,trend,ema_slope,"{""span"": 100, ""thr"": 0.0}",-2.185840921789938,-2.4947061505424104,-0.672226483711684,217.5
OPUSDT,1h,trend,ema_slope,"{""span"": 100, ""thr"": 0.001}",-0.4317458881306383,0.021481309641280418,-0.049585682646200335,84.0
OPUSDT,1h,trend,ema_slope,"{""span"": 100, ""thr"": 0.005}",-1.1768454253127076,0.0,0.0,0.0
OPUSDT,1h,trend,price_ema,"{""span"": 20, ""thr"": 0.0}",-3.8450772070655512,-5.9126088178792,-0.9117066471238331,509.5
OPUSDT,1h,trend,price_ema,"{""span"": 20, ""thr"": 0.02}",-3.420279180074508,-3.2445731577373156,-0.5622084281571966,225.0
OPUSDT,1h,trend,price_ema,"{""span"": 20, ""thr"": 0.05}",-0.4147829211770201,-0.9064680812588274,-0.11782617597917133,28.0
OPUSDT,1h,trend,price_ema,"{""span"": 50, ""thr"": 0.0}",-3.0859193240088136,-3.8277727609477177,-0.8042463220456387,307.5
OPUSDT,1h,trend,price_ema,"{""span"": 50, ""thr"": 0.02}",-2.2719669327124126,-3.216610084193553,-0.6315913636437092,234.0
OPUSDT,1h,trend,price_ema,"{""span"": 50, ""thr"": 0.05}",-0.1893251063971995,-0.14217113066826256,-0.059304632544099456,69.0
OPUSDT,1h,trend,price_ema,"{""span"": 100, ""thr"": 0.0}",-2.185840921789938,-2.4947061505424104,-0.672226483711684,217.5
OPUSDT,1h,trend,price_ema,"{""span"": 100, ""thr"": 0.02}",-0.7994475234624668,-3.3411747049194203,-0.6816258061011071,204.0
OPUSDT,1h,trend,price_ema,"{""span"": 100, ""thr"": 0.05}",-0.36291313481403276,0.11681878291619285,-0.029259233435956267,82.0
OPUSDT,1h,trend,donchian,"{""lb"": 10}",-6.479509515168685,-11.137089437346626,-0.9244386848922135,663.0
OPUSDT,1h,trend,donchian,"{""lb"": 20}",-4.580447208801947,-9.376105979931763,-0.84155449966686,463.0
OPUSDT,1h,trend,donchian,"{""lb"": 55}",-1.635207477617443,-4.994718589450097,-0.5617937559888029,266.0
OPUSDT,1h,momentum,mom_ret,"{""lb"": 5, ""thr"": 0.0}",-7.779368709165461,-7.32096265896738,-0.9476935507626018,783.5
OPUSDT,1h,momentum,mom_ret,"{""lb"": 5, ""thr"": 0.02}",-3.9842527651983453,-4.8903309787367695,-0.7213325619227383,338.0
OPUSDT,1h,momentum,mom_ret,"{""lb"": 5, ""thr"": 0.05}",-0.3493665101042539,-2.2378220503262862,-0.2574222285255602,55.0
OPUSDT,1h,momentum,mom_ret,"{""lb"": 10, ""thr"": 0.0}",-4.556385094364785,-4.517170247804496,-0.8445439065739891,563.5
OPUSDT,1h,momentum,mom_ret,"{""lb"": 10, ""thr"": 0.02}",-5.202937908861614,-4.891294361772032,-0.7604524194293042,372.0
OPUSDT,1h,momentum,mom_ret,"{""lb"": 10, ""thr"": 0.05}",-2.232546748224521,-2.2738945821886083,-0.3444021112076502,85.0
OPUSDT,1h,momentum,mom_ret,"{""lb"": 20, ""thr"": 0.0}",-3.340843028690415,-5.473720075473086,-0.8941815043368598,370.5
OPUSDT,1h,momentum,mom_ret,"{""lb"": 20, ""thr"": 0.02}",-3.1176965461070774,-3.5637167991201206,-0.6918542418419744,332.5
OPUSDT,1h,momentum,mom_ret,"{""lb"": 20, ""thr"": 0.05}",-0.762888781084699,-3.7275394177264887,-0.5642640607641385,136.0
OPUSDT,1h,momentum,mom_ret,"{""lb"": 50, ""thr"": 0.0}",-1.6138173210867646,-1.8296825927571898,-0.5777739349207294,231.5
OPUSDT,1h,momentum,mom_ret,"{""lb"": 50, ""thr"": 0.02}",-1.319268459166523,-1.841514557821658,-0.517329318419902,232.5
OPUSDT,1h,momentum,mom_ret,"{""lb"": 50, ""thr"": 0.05}",-2.135423498464079,0.27420454521429166,-0.004308168825529313,150.0
OPUSDT,1h,meanrev,rsi,"{""ob"": 65, ""os_"": 20}",-4.98101046321047,-6.1232746298575105,-0.6758107013420015,201.5
OPUSDT,1h,meanrev,rsi,"{""ob"": 65, ""os_"": 30}",-5.063681185736366,-5.733374991732696,-0.7235353129488806,279.5
OPUSDT,1h,meanrev,rsi,"{""ob"": 65, ""os_"": 35}",-4.364103994311053,-5.48854628315984,-0.764005120061764,319.5
OPUSDT,1h,meanrev,rsi,"{""ob"": 70, ""os_"": 20}",-3.7486993896312457,-5.309737694798174,-0.5799406686894168,148.0
OPUSDT,1h,meanrev,rsi,"{""ob"": 70, ""os_"": 30}",-3.9537546728175674,-4.938085245495651,-0.6417785162730009,226.0
OPUSDT,1h,meanrev,rsi,"{""ob"": 70, ""os_"": 35}",-3.261355706493881,-4.745818657136182,-0.6942161512735334,266.0
OPUSDT,1h,meanrev,rsi,"{""ob"": 80, ""os_"": 20}",-3.2247571937990704,-5.151048007470094,-0.4555115842275036,97.0
OPUSDT,1h,meanrev,rsi,"{""ob"": 80, ""os_"": 30}",-3.459521852536272,-4.411052462421817,-0.5356669079064625,175.0
OPUSDT,1h,meanrev,rsi,"{""ob"": 80, ""os_"": 35}",-2.704309519149747,-4.166723251048667,-0.6036375079624463,215.0
OPUSDT,1h,meanrev,zscore,"{""lb"": 20, ""z"": 1.5}",-6.110950881611494,-8.08200671023901,-0.8419014104184996,378.0
OPUSDT,1h,meanrev,zscore,"{""lb"": 20, ""z"": 2.0}",-5.815365258691651,-6.278926674760774,-0.6061615778203773,223.0
OPUSDT,1h,meanrev,zscore,"{""lb"": 20, ""z"": 2.5}",-3.43112571447857,-4.908254875894393,-0.3501596706733282,96.0
OPUSDT,1h,meanrev,zscore,"{""lb"": 50, ""z"": 1.5}",-4.465875844295984,-4.779809508961719,-0.6795657885784381,218.5
OPUSDT,1h,meanrev,zscore,"{""lb"": 50, ""z"": 2.0}",-4.0436217841488045,-3.9404316938594883,-0.47545494069831384,162.0
OPUSDT,1h,meanrev,zscore,"{""lb"": 50, ""z"": 2.5}",-3.3872824551928695,-3.273878829898906,-0.2932907216332049,78.0
OPUSDT,1h,meanrev,bb,"{""span"": 20, ""mult"": 1.5}",-6.110950881611494,-8.08200671023901,-0.8419014104184996,378.0
OPUSDT,1h,meanrev,bb,"{""span"": 20, ""mult"": 2.0}",-5.815365258691651,-6.278926674760774,-0.6061615778203773,223.0
OPUSDT,1h,meanrev,bb,"{""span"": 20, ""mult"": 2.5}",-3.43112571447857,-4.908254875894393,-0.3501596706733282,96.0
OPUSDT,1h,meanrev,bb,"{""span"": 50, ""mult"": 1.5}",-4.465875844295984,-4.779809508961719,-0.6795657885784381,218.5
OPUSDT,1h,meanrev,bb,"{""span"": 50, ""mult"": 2.0}",-4.0436217841488045,-3.9404316938594883,-0.47545494069831384,162.0
OPUSDT,1h,meanrev,bb,"{""span"": 50, ""mult"": 2.5}",-3.3872824551928695,-3.273878829898906,-0.2932907216332049,78.0
OPUSDT,1h,carry,funding,"{""thr"": 5e-05}",-1.0713701363099337,-0.5256500370408813,-0.24824271983208068,158.5
OPUSDT,1h,carry,funding,"{""thr"": 0.0001}",-2.05450796600767,-1.0620368030802045,-0.21884582568711197,54.0
OPUSDT,1h,carry,funding,"{""thr"": 0.0002}",-1.3832658526305035,-2.627160682296842,-0.33316307031215975,26.0
OPUSDT,1h,carry,funding,"{""thr"": 0.0005}",-1.2581106206600927,-1.205183121120748,-0.07941087091085652,3.0
OPUSDT,1h,carry,funding_pct,"{""lb"": 100, ""hi"": 0.8}",-3.625478536852601,-2.9341170238295278,-0.5106958362142924,124.0
OPUSDT,1h,carry,funding_pct,"{""lb"": 100, ""hi"": 0.9}",-5.074600447028424,-0.9193630382777671,-0.1644524120720724,92.0
OPUSDT,1h,carry,funding_pct,"{""lb"": 100, ""hi"": 0.95}",-4.165333211320057,0.08635861332494042,-0.006700562141699451,69.0
OPUSDT,1h,carry,funding_pct,"{""lb"": 500, ""hi"": 0.8}",-3.7785493235722245,-2.077005682044412,-0.4107758086945611,89.0
OPUSDT,1h,carry,funding_pct,"{""lb"": 500, ""hi"": 0.9}",-2.214439598164038,-1.3929399697380807,-0.22927278324061784,46.0
OPUSDT,1h,carry,funding_pct,"{""lb"": 500, ""hi"": 0.95}",-1.2591204510094376,-1.889058325353199,-0.22508842439336896,22.0
OPUSDT,1h,carry,funding_mom,"{""lb"": 24}",-2.6687622088145604,-2.313127292369876,-0.6404708373705572,230.5
OPUSDT,1h,carry,funding_mom,"{""lb"": 100}",-3.182917314486749,-3.5190658375313593,-0.7656243413847053,233.5
OPUSDT,1h,carry,funding_mom,"{""lb"": 500}",-4.379348841646242,-3.17196063313153,-0.7385602448122,226.5
OPUSDT,1h,carry,funding_price_div,"{""lb"": 24}",-5.620985276576168,-5.514234757297913,-0.746083138317825,271.0
OPUSDT,1h,carry,funding_price_div,"{""lb"": 100}",-3.742462842189213,-4.042422155699531,-0.628546338283702,189.0
OPUSDT,1h,carry,funding_price_div,"{""lb"": 500}",-3.859287491748833,-2.6379970039804816,-0.4953200909283285,149.0
OPUSDT,1h,ichimoku,cloud,"{""tenkan"": 9, ""kijun"": 26, ""senkou"": 52, ""disp"": 26}",-2.337336472682174,-2.9190862351232747,-0.6989065637066425,217.5
OPUSDT,1h,ichimoku,cloud_fast,"{""tenkan"": 7, ""kijun"": 14, ""senkou"": 28, ""disp"": 14}",-2.657690849718688,-4.171212134230447,-0.8055908071168364,295.5
OPUSDT,1h,ichimoku,cloud_slow,"{""tenkan"": 12, ""kijun"": 24, ""senkou"": 52, ""disp"": 24}",-2.218995917242263,-3.3286573547166736,-0.7398241715008251,225.5
OPUSDT,1h,ichimoku,tk,"{""tenkan"": 9, ""kijun"": 26}",-1.3889712634676754,-2.4658745180089694,-0.658120042849906,202.5
OPUSDT,1h,ichimoku,combo,"{""tenkan"": 9, ""kijun"": 26, ""senkou"": 52, ""disp"": 26}",-2.6978835237159013,-3.019057515021968,-0.6593473204876183,194.5
SOLUSDT,1d,trend,ema_cross,"{""fast"": 10, ""slow"": 50}",0.4341860616621085,-0.686538652966022,-0.7567196664067685,16.5
SOLUSDT,1d,trend,ema_cross,"{""fast"": 10, ""slow"": 100}",0.22276843643864996,-0.08134702922411004,-0.4629500846781801,9.5
SOLUSDT,1d,trend,ema_cross,"{""fast"": 10, ""slow"": 200}",0.2957200577592329,0.031183825009044375,-0.3779670261856575,5.5
SOLUSDT,1d,trend,ema_cross,"{""fast"": 20, ""slow"": 50}",0.25400808096999855,-0.26490774436227266,-0.5788057828469211,13.5
SOLUSDT,1d,trend,ema_cross,"{""fast"": 20, ""slow"": 100}",0.16277098869116327,0.2732101279859062,-0.14816828045459352,5.5
SOLUSDT,1d,trend,ema_cross,"{""fast"": 20, ""slow"": 200}",0.46506350731016705,-0.23389196183304986,-0.5593875119184728,5.5
SOLUSDT,1d,trend,ema_cross,"{""fast"": 50, ""slow"": 100}",0.19749806144787949,-0.27811281114832326,-0.5840354455542488,5.5
SOLUSDT,1d,trend,ema_cross,"{""fast"": 50, ""slow"": 200}",0.6735097752025163,-0.5375081119936514,-0.702882155996748,3.5
SOLUSDT,1d,trend,ema_slope,"{""span"": 20, ""thr"": 0.0}",0.47720326059410917,-0.2518131463976862,-0.5711465856092262,78.5
SOLUSDT,1d,trend,ema_slope,"{""span"": 20, ""thr"": 0.001}",0.3748463542178974,-0.3820429818675957,-0.6137933687703352,76.5
SOLUSDT,1d,trend,ema_slope,"{""span"": 20, ""thr"": 0.005}",0.6380663391590152,-0.6376723448612193,-0.6337559403260551,72.0
SOLUSDT,1d,trend,ema_slope,"{""span"": 50, ""thr"": 0.0}",0.7546325707865634,-0.08154692425304878,-0.46231959668056266,42.5
SOLUSDT,1d,trend,ema_slope,"{""span"": 50, ""thr"": 0.001}",0.45723466538288127,-0.07991004816628934,-0.4356357252427352,42.0
SOLUSDT,1d,trend,ema_slope,"{""span"": 50, ""thr"": 0.005}",0.3488988506272685,-0.6291393279237538,-0.5466631683066545,33.0
SOLUSDT,1d,trend,ema_slope,"{""span"": 100, ""thr"": 0.0}",0.22220713227315356,-0.6542464386581042,-0.74520193068928,35.5
SOLUSDT,1d,trend,ema_slope,"{""span"": 100, ""thr"": 0.001}",-0.16547731950057892,-0.18659217018863555,-0.49055028811737633,29.0
SOLUSDT,1d,trend,ema_slope,"{""span"": 100, ""thr"": 0.005}",0.6753039121598072,-1.6428526891654123,-0.7238209505638517,26.0
SOLUSDT,1d,trend,price_ema,"{""span"": 20, ""thr"": 0.0}",0.47720326059410917,-0.2518131463976862,-0.5711465856092262,78.5
SOLUSDT,1d,trend,price_ema,"{""span"": 20, ""thr"": 0.02}",0.4653257821654082,-0.38795520491044116,-0.5943186456036986,71.0
SOLUSDT,1d,trend,price_ema,"{""span"": 20, ""thr"": 0.05}",0.6629608757990912,-0.8749037035688216,-0.705940023414615,72.0
SOLUSDT,1d,trend,price_ema,"{""span"": 50, ""thr"": 0.0}",0.7546325707865634,-0.08154692425304878,-0.46231959668056266,42.5
SOLUSDT,1d,trend,price_ema,"{""span"": 50, ""thr"": 0.02}",0.4639777324268832,-0.18541344415444008,-0.5090571430258125,47.0
SOLUSDT,1d,trend,price_ema,"{""span"": 50, ""thr"": 0.05}",0.6213110568709176,-0.6198950256350112,-0.6608762774422319,45.0
SOLUSDT,1d,trend,price_ema,"{""span"": 100, ""thr"": 0.0}",0.22220713227315356,-0.6542464386581042,-0.74520193068928,35.5
SOLUSDT,1d,trend,price_ema,"{""span"": 100, ""thr"": 0.02}",-0.0024828896626432804,-0.3228422081196289,-0.5931506737111056,33.5
SOLUSDT,1d,trend,price_ema,"{""span"": 100, ""thr"": 0.05}",-0.13952488763983403,-0.20287394129885677,-0.5003960092932744,30.0
SOLUSDT,1d,trend,donchian,"{""lb"": 10}",0.5148948898349495,-0.5453727190405171,-0.4892612582514001,90.0
SOLUSDT,1d,trend,donchian,"{""lb"": 20}",0.5818270631204049,0.17437761575162394,-0.028754240168941014,56.0
SOLUSDT,1d,trend,donchian,"{""lb"": 55}",0.7855448796930403,-0.0574597458381655,-0.13309168886577272,31.0
SOLUSDT,1d,momentum,mom_ret,"{""lb"": 5, ""thr"": 0.0}",-0.23432595431967695,0.49054837778701305,0.13593929383219017,119.5
SOLUSDT,1d,momentum,mom_ret,"{""lb"": 5, ""thr"": 0.02}",0.07245455719168087,-0.20840975662888245,-0.46655056190708877,122.0
SOLUSDT,1d,momentum,mom_ret,"{""lb"": 5, ""thr"": 0.05}",0.21073507741271352,-0.6414320968202734,-0.5908711385060648,97.0
SOLUSDT,1d,momentum,mom_ret,"{""lb"": 10, ""thr"": 0.0}",0.3200925211599575,-0.7035561023170497,-0.761662107239909,83.5
SOLUSDT,1d,momentum,mom_ret,"{""lb"": 10, ""thr"": 0.02}",0.05415626903316595,-1.0445666332969725,-0.8159691241657819,91.0
SOLUSDT,1d,momentum,mom_ret,"{""lb"": 10, ""thr"": 0.05}",0.1074224159492206,-0.8280325141735856,-0.7192557229195335,80.0
SOLUSDT,1d,momentum,mom_ret,"{""lb"": 20, ""thr"": 0.0}",0.49499974519520185,-0.12932519250340122,-0.49475433191504214,62.5
SOLUSDT,1d,momentum,mom_ret,"{""lb"": 20, ""thr"": 0.02}",0.49763166638689554,-0.04968952503833482,-0.41667280739726154,63.5
SOLUSDT,1d,momentum,mom_ret,"{""lb"": 20, ""thr"": 0.05}",0.7557176670987321,-0.10669974887772679,-0.4325779910938846,54.5
SOLUSDT,1d,momentum,mom_ret,"{""lb"": 50, ""thr"": 0.0}",0.1909576011863822,-0.8268273733706535,-0.7963946401381082,43.5
SOLUSDT,1d,momentum,mom_ret,"{""lb"": 50, ""thr"": 0.02}",0.14396025794034067,-0.7626583531967925,-0.7722288105275714,43.5
SOLUSDT,1d,momentum,mom_ret,"{""lb"": 50, ""thr"": 0.05}",0.028933155082325544,-0.7852848514098206,-0.7558507566568572,38.5
SOLUSDT,1d,meanrev,rsi,"{""ob"": 65, ""os_"": 20}",-1.7698734303272208,0.21809955966736655,0.03056005035923559,29.0
SOLUSDT,1d,meanrev,rsi,"{""ob"": 65, ""os_"": 30}",-0.8381437864182564,0.2889074317647924,0.045659757628836894,47.0
SOLUSDT,1d,meanrev,rsi,"{""ob"": 65, ""os_"": 35}",-0.7462340927565576,0.3920481633531343,0.12642772635901123,59.0
SOLUSDT,1d,meanrev,rsi,"{""ob"": 70, ""os_"": 20}",-1.2825759096143612,0.19302700839124312,0.02180820502101377,22.0
SOLUSDT,1d,meanrev,rsi,"{""ob"": 70, ""os_"": 30}",-0.36356051113982424,0.2710887309984431,0.03677968075026938,40.0
SOLUSDT,1d,meanrev,rsi,"{""ob"": 70, ""os_"": 35}",-0.28638165794100157,0.37817072881502284,0.11686174207469557,52.0
SOLUSDT,1d,meanrev,rsi,"{""ob"": 80, ""os_"": 20}",-0.6440901487602488,0.26672930952390245,0.05994236519090457,13.0
SOLUSDT,1d,meanrev,rsi,"{""ob"": 80, ""os_"": 30}",0.3510340606827195,0.31213418020815054,0.07547258046700867,31.0
SOLUSDT,1d,meanrev,rsi,"{""ob"": 80, ""os_"": 35}",0.39888815456516924,0.42077222445699675,0.1585433261044733,43.0
SOLUSDT,1d,meanrev,zscore,"{""lb"": 20, ""z"": 1.5}",-1.0706145027448448,-0.17331084117145917,-0.26806888857928024,58.0
SOLUSDT,1d,meanrev,zscore,"{""lb"": 20, ""z"": 2.0}",-0.47982050214021377,0.42622639994107625,0.14323291498196888,33.0
SOLUSDT,1d,meanrev,zscore,"{""lb"": 20, ""z"": 2.5}",0.44757926027690453,-1.4236912821297956,-0.2550892240971706,11.0
SOLUSDT,1d,meanrev,zscore,"{""lb"": 50, ""z"": 1.5}",-0.7547162304704417,0.5633217750625393,0.2918496237403112,35.0
SOLUSDT,1d,meanrev,zscore,"{""lb"": 50, ""z"": 2.0}",-0.7687029933752858,0.052563061431352275,-0.05024451369331895,20.0
SOLUSDT,1d,meanrev,zscore,"{""lb"": 50, ""z"": 2.5}",-0.42076327925897034,-0.6203682668145769,-0.22859900370570008,9.0
SOLUSDT,1d,meanrev,bb,"{""span"": 20, ""mult"": 1.5}",-1.0706145027448448,-0.17331084117145917,-0.26806888857928024,58.0
SOLUSDT,1d,meanrev,bb,"{""span"": 20, ""mult"": 2.0}",-0.47982050214021377,0.42622639994107625,0.14323291498196888,33.0
SOLUSDT,1d,meanrev,bb,"{""span"": 20, ""mult"": 2.5}",0.44757926027690453,-1.4236912821297956,-0.2550892240971706,11.0
SOLUSDT,1d,meanrev,bb,"{""span"": 50, ""mult"": 1.5}",-0.7547162304704417,0.5633217750625393,0.2918496237403112,35.0
SOLUSDT,1d,meanrev,bb,"{""span"": 50, ""mult"": 2.0}",-0.7687029933752858,0.052563061431352275,-0.05024451369331895,20.0
SOLUSDT,1d,meanrev,bb,"{""span"": 50, ""mult"": 2.5}",-0.42076327925897034,-0.6203682668145769,-0.22859900370570008,9.0
SOLUSDT,1d,carry,funding,"{""thr"": 5e-05}",-1.1760364276151536,-0.5886900765294019,-0.6297328061866367,190.5
SOLUSDT,1d,carry,funding,"{""thr"": 0.0001}",-0.518423037885865,0.698463412428811,0.3373312486156925,52.0
SOLUSDT,1d,carry,funding,"{""thr"": 0.0002}",-0.6225151094987875,0.7707733525436089,0.22356564164486192,19.0
SOLUSDT,1d,carry,funding,"{""thr"": 0.0005}",-0.5616665116056274,0.5804545534037486,0.10403528000876938,4.0
SOLUSDT,1d,carry,funding_pct,"{""lb"": 100, ""hi"": 0.8}",-0.34134883700164714,-1.5822948486973705,-0.7913448372260199,129.0
SOLUSDT,1d,carry,funding_pct,"{""lb"": 100, ""hi"": 0.9}",-0.6629017719123395,0.09843220361555985,-0.03245184591345196,59.0
SOLUSDT,1d,carry,funding_pct,"{""lb"": 100, ""hi"": 0.95}",-0.20768887207525596,1.1512482328643505,0.5155341846879904,31.0
SOLUSDT,1d,carry,funding_pct,"{""lb"": 500, ""hi"": 0.8}",-1.0792960685861006,-0.6678033598582801,-0.5509777890529544,103.0
SOLUSDT,1d,carry,funding_pct,"{""lb"": 500, ""hi"": 0.9}",-0.7835665277710943,0.41455856506269695,0.1496388532356987,66.0
SOLUSDT,1d,carry,funding_pct,"{""lb"": 500, ""hi"": 0.95}",-1.3489340725995642,0.05013819415590974,-0.06411968896875841,40.0
SOLUSDT,1d,carry,funding_mom,"{""lb"": 24}",-0.18680221386365126,-1.0216877748066573,-0.8368758440170705,235.5
SOLUSDT,1d,carry,funding_mom,"{""lb"": 100}",-1.1521114832086805,-0.18321860074436871,-0.509497150298939,219.5
SOLUSDT,1d,carry,funding_mom,"{""lb"": 500}",-1.4052080075374167,-0.9791317498509065,-0.8257181617947438,155.5
SOLUSDT,1d,carry,funding_price_div,"{""lb"": 24}",0.7759765263918185,-0.40372685129375746,-0.42513555924909163,123.0
SOLUSDT,1d,carry,funding_price_div,"{""lb"": 100}",-0.4452762177885126,0.1620145449760426,-0.051500430869309666,114.5
SOLUSDT,1d,carry,funding_price_div,"{""lb"": 500}",0.08939158575290947,-0.8290317503093138,-0.6365369136577268,82.5
SOLUSDT,1d,ichimoku,cloud,"{""tenkan"": 9, ""kijun"": 26, ""senkou"": 52, ""disp"": 26}",0.3493448657998997,-0.19689472074894343,-0.5084644261864217,31.0
SOLUSDT,1d,ichimoku,cloud_fast,"{""tenkan"": 7, ""kijun"": 14, ""senkou"": 28, ""disp"": 14}",0.6684927088553175,-0.08414704841283964,-0.4351249473644242,41.5
SOLUSDT,1d,ichimoku,cloud_slow,"{""tenkan"": 12, ""kijun"": 24, ""senkou"": 52, ""disp"": 24}",0.2995824336292348,-0.024523968147888264,-0.38045624180887994,30.0
SOLUSDT,1d,ichimoku,tk,"{""tenkan"": 9, ""kijun"": 26}",0.4405622649999546,-0.3262518449762153,-0.6048950114866374,31.5
SOLUSDT,1d,ichimoku,combo,"{""tenkan"": 9, ""kijun"": 26, ""senkou"": 52, ""disp"": 26}",0.36043487441611477,-0.2962084356640631,-0.4926180692464708,29.0
SOLUSDT,4h,trend,ema_cross,"{""fast"": 10, ""slow"": 50}",0.06683309733893496,-2.3423349424850706,-0.5068737231511738,29.5
SOLUSDT,4h,trend,ema_cross,"{""fast"": 10, ""slow"": 100}",1.4508929024970045,-3.0559220795462685,-0.5934697778552879,25.5
SOLUSDT,4h,trend,ema_cross,"{""fast"": 10, ""slow"": 200}",1.3534160133486015,-1.5275540016204883,-0.3871368705301401,13.5
SOLUSDT,4h,trend,ema_cross,"{""fast"": 20, ""slow"": 50}",0.7019290460056429,-1.2376667242993338,-0.33845985595311956,19.5
SOLUSDT,4h,trend,ema_cross,"{""fast"": 20, ""slow"": 100}",1.4121351130156297,-2.45557765117481,-0.5219780510944283,21.5
SOLUSDT,4h,trend,ema_cross,"{""fast"": 20, ""slow"": 200}",0.5847245904768622,-2.1253663121832944,-0.47810293178894736,11.5
SOLUSDT,4h,trend,ema_cross,"{""fast"": 50, ""slow"": 100}",0.8485989007033709,-2.514088794250419,-0.5300230923680701,11.5
SOLUSDT,4h,trend,ema_cross,"{""fast"": 50, ""slow"": 200}",0.4238236010495591,-2.726716545973694,-0.5557362805785254,9.5
SOLUSDT,4h,trend,ema_slope,"{""span"": 20, ""thr"": 0.0}",-0.8597326124550547,-2.356957680303523,-0.5096807611007819,133.5
SOLUSDT,4h,trend,ema_slope,"{""span"": 20, ""thr"": 0.001}",-1.4363891932961403,-2.5321291648924222,-0.4691752228356312,114.5
SOLUSDT,4h,trend,ema_slope,"{""span"": 20, ""thr"": 0.005}",-0.4207256673832673,-2.3300697269736674,-0.18781117931367908,31.0
SOLUSDT,4h,trend,ema_slope,"{""span"": 50, ""thr"": 0.0}",-0.856956212179528,-3.256253593354253,-0.6143404209526013,99.5
SOLUSDT,4h,trend,ema_slope,"{""span"": 50, ""thr"": 0.001}",-0.21839352776251847,-3.5597694034793204,-0.5168528248687196,67.0
SOLUSDT,4h,trend,ema_slope,"{""span"": 50, ""thr"": 0.005}",-1.688040574550588,1.0116191055075445,0.03187542612699468,2.0
SOLUSDT,4h,trend,ema_slope,"{""span"": 100, ""thr"": 0.0}",0.8559414665679392,-3.3260068636537583,-0.6221954198273971,65.5
SOLUSDT,4h,trend,ema_slope,"{""span"": 100, ""thr"": 0.001}",-0.3105890880751002,-2.6905098894937423,-0.3695558592761814,34.0
SOLUSDT,4h,trend,ema_slope,"{""span"": 100, ""thr"": 0.005}",-0.09403525896613385,0.0,0.0,0.0
SOLUSDT,4h,trend,price_ema,"{""span"": 20, ""thr"": 0.0}",-0.8597326124550547,-2.356957680303523,-0.5096807611007819,133.5
SOLUSDT,4h,trend,price_ema,"{""span"": 20, ""thr"": 0.02}",-1.3009817451690413,-4.12605353955682,-0.5457765943201075,89.0
SOLUSDT,4h,trend,price_ema,"{""span"": 20, ""thr"": 0.05}",-0.20608984102236905,-1.7064207058099716,-0.138797163814793,24.0
SOLUSDT,4h,trend,price_ema,"{""span"": 50, ""thr"": 0.0}",-0.856956212179528,-3.256253593354253,-0.6143404209526013,99.5
SOLUSDT,4h,trend,price_ema,"{""span"": 50, ""thr"": 0.02}",-0.6098694206152085,-3.592346696099058,-0.5532857288665378,80.0
SOLUSDT,4h,trend,price_ema,"{""span"": 50, ""thr"": 0.05}",-0.2268185987928944,-2.923263749994296,-0.3236323356717301,40.0
SOLUSDT,4h,trend,price_ema,"{""span"": 100, ""thr"": 0.0}",0.8559414665679392,-3.3260068636537583,-0.6221954198273971,65.5
SOLUSDT,4h,trend,price_ema,"{""span"": 100, ""thr"": 0.02}",0.8100255088341974,-3.2560108964452485,-0.5475915699625036,64.0
SOLUSDT,4h,trend,price_ema,"{""span"": 100, ""thr"": 0.05}",-0.32652310021832426,-2.590505469864607,-0.3587037975899623,33.0
SOLUSDT,4h,trend,donchian,"{""lb"": 10}",-2.7861890559744444,-5.712053206019637,-0.6008967728094079,173.0
SOLUSDT,4h,trend,donchian,"{""lb"": 20}",-2.0829232047016815,-5.6524653163887395,-0.531494708223629,115.0
SOLUSDT,4h,trend,donchian,"{""lb"": 55}",-0.45090005620823664,-3.0233276101057407,-0.25882136218663465,56.0
SOLUSDT,4h,momentum,mom_ret,"{""lb"": 5, ""thr"": 0.0}",-2.5729569052374712,-2.1175638696819092,-0.4791971724423718,191.5
SOLUSDT,4h,momentum,mom_ret,"{""lb"": 5, ""thr"": 0.02}",-2.070568737889813,-0.5882218952442866,-0.14456429262833026,125.0
SOLUSDT,4h,momentum,mom_ret,"{""lb"": 5, ""thr"": 0.05}",-0.9899518252389807,-1.8083046526151891,-0.16832914962366174,41.0
SOLUSDT,4h,momentum,mom_ret,"{""lb"": 10, ""thr"": 0.0}",-1.9081823737464267,-1.468004319176905,-0.3775474912273443,123.5
SOLUSDT,4h,momentum,mom_ret,"{""lb"": 10, ""thr"": 0.02}",-2.0466854928277907,-2.8256596421867872,-0.48687675546637643,118.5
SOLUSDT,4h,momentum,mom_ret,"{""lb"": 10, ""thr"": 0.05}",-1.7895633605714885,-3.4402576673371543,-0.3971014739651255,66.0
SOLUSDT,4h,momentum,mom_ret,"{""lb"": 20, ""thr"": 0.0}",-0.5486226063704664,-4.485999469253328,-0.721593602881935,92.5
SOLUSDT,4h,momentum,mom_ret,"{""lb"": 20, ""thr"": 0.02}",-0.2647969425849069,-4.557524527733796,-0.6657746475382402,88.5
SOLUSDT,4h,momentum,mom_ret,"{""lb"": 20, ""thr"": 0.05}",-1.3464636015321971,-2.8016822442812344,-0.38431888780582146,63.0
SOLUSDT,4h,momentum,mom_ret,"{""lb"": 50, ""thr"": 0.0}",1.2405521614246677,-1.8244117396730166,-0.43405292622601677,65.5
SOLUSDT,4h,momentum,mom_ret,"{""lb"": 50, ""thr"": 0.02}",1.1165187120790867,-2.4224172125052768,-0.4745106636295505,81.5
SOLUSDT,4h,momentum,mom_ret,"{""lb"": 50, ""thr"": 0.05}",0.3446793392429272,-2.178368139116466,-0.3819921095765104,55.0
SOLUSDT,4h,meanrev,rsi,"{""ob"": 65, ""os_"": 20}",-1.2660945721874959,-0.2572386637946994,-0.04895105126304089,65.5
SOLUSDT,4h,meanrev,rsi,"{""ob"": 65, ""os_"": 30}",-1.41265805545843,-0.6030361137190015,-0.10983041417522532,91.5
SOLUSDT,4h,meanrev,rsi,"{""ob"": 65, ""os_"": 35}",-1.4648068738935673,-1.0354661731425403,-0.1836822862396823,97.5
SOLUSDT,4h,meanrev,rsi,"{""ob"": 70, ""os_"": 20}",-1.1605735604297234,0.4613572405749124,0.038357520006614854,47.5
SOLUSDT,4h,meanrev,rsi,"{""ob"": 70, ""os_"": 30}",-1.315873438102936,-0.04330953258104921,-0.028110714227836175,73.5
SOLUSDT,4h,meanrev,rsi,"{""ob"": 70, ""os_"": 35}",-1.371185638911608,-0.5555259367692279,-0.10874236502408197,79.5
SOLUSDT,4h,meanrev,rsi,"{""ob"": 80, ""os_"": 20}",-0.46589225792818195,0.2884427273238929,0.015340809877424144,23.0
SOLUSDT,4h,meanrev,rsi,"{""ob"": 80, ""os_"": 30}",-0.7925299371642298,-0.3289936710278312,-0.04965405892104369,49.0
SOLUSDT,4h,meanrev,rsi,"{""ob"": 80, ""os_"": 35}",-0.9300948109235826,-0.8936105441193303,-0.12849839147876496,55.0
SOLUSDT,4h,meanrev,zscore,"{""lb"": 20, ""z"": 1.5}",-2.6132666907540134,-1.196047774245394,-0.17696262022956788,89.0
SOLUSDT,4h,meanrev,zscore,"{""lb"": 20, ""z"": 2.0}",-2.1620785668526703,-0.41879345289801495,-0.043133326544018136,59.0
SOLUSDT,4h,meanrev,zscore,"{""lb"": 20, ""z"": 2.5}",-1.1971377782025046,1.112405481406276,0.044943000052521276,30.0
SOLUSDT,4h,meanrev,zscore,"{""lb"": 50, ""z"": 1.5}",-2.6942130116791096,-1.9222091595134903,-0.24649786611868407,53.5
SOLUSDT,4h,meanrev,zscore,"{""lb"": 50, ""z"": 2.0}",-2.761981699648219,-1.9233366828514913,-0.17630513264966896,33.0
SOLUSDT,4h,meanrev,zscore,"{""lb"": 50, ""z"": 2.5}",-0.2592702005879713,-0.7797555978433993,-0.049577443629843065,19.0
SOLUSDT,4h,meanrev,bb,"{""span"": 20, ""mult"": 1.5}",-2.6132666907540134,-1.196047774245394,-0.17696262022956788,89.0
SOLUSDT,4h,meanrev,bb,"{""span"": 20, ""mult"": 2.0}",-2.1620785668526703,-0.41879345289801495,-0.043133326544018136,59.0
SOLUSDT,4h,meanrev,bb,"{""span"": 20, ""mult"": 2.5}",-1.1971377782025046,1.112405481406276,0.044943000052521276,30.0
SOLUSDT,4h,meanrev,bb,"{""span"": 50, ""mult"": 1.5}",-2.6942130116791096,-1.9222091595134903,-0.24649786611868407,53.5
SOLUSDT,4h,meanrev,bb,"{""span"": 50, ""mult"": 2.0}",-2.761981699648219,-1.9233366828514913,-0.17630513264966896,33.0
SOLUSDT,4h,meanrev,bb,"{""span"": 50, ""mult"": 2.5}",-0.2592702005879713,-0.7797555978433993,-0.049577443629843065,19.0
SOLUSDT,4h,carry,funding,"{""thr"": 5e-05}",-2.6687696370964242,-1.0484950739036056,-0.22377444542326597,117.5
SOLUSDT,4h,carry,funding,"{""thr"": 0.0001}",-0.8342499175690565,-0.049641510472227916,-0.017917365569662613,43.0
SOLUSDT,4h,carry,funding,"{""thr"": 0.0002}",1.628817215681761,1.3246460865226077,0.08688631870642705,13.0
SOLUSDT,4h,carry,funding,"{""thr"": 0.0005}",0.3274001017811367,-2.268357235411316,-0.025341033566305016,1.0
SOLUSDT,4h,carry,funding_pct,"{""lb"": 100, ""hi"": 0.8}",-1.7656982851826726,-2.4313108325830313,-0.3473289122636216,101.5
SOLUSDT,4h,carry,funding_pct,"{""lb"": 100, ""hi"": 0.9}",-0.4705403027197841,-2.6175670084405893,-0.2820264452134781,61.0
SOLUSDT,4h,carry,funding_pct,"{""lb"": 100, ""hi"": 0.95}",-2.3706135933989354,-2.013241898164943,-0.1744941465453116,43.0
SOLUSDT,4h,carry,funding_pct,"{""lb"": 500, ""hi"": 0.8}",-2.4054566733043226,-1.3557873467650485,-0.20750888959322622,90.5
SOLUSDT,4h,carry,funding_pct,"{""lb"": 500, ""hi"": 0.9}",-0.7924717625554821,0.528464488206496,0.04314891360637896,50.0
SOLUSDT,4h,carry,funding_pct,"{""lb"": 500, ""hi"": 0.95}",-0.2696153096014682,0.8496847548427094,0.047259268034708146,17.0
SOLUSDT,4h,carry,funding_mom,"{""lb"": 24}",-2.304385859148427,-0.40876775096607665,-0.1735676458400639,180.5
SOLUSDT,4h,carry,funding_mom,"{""lb"": 100}",-1.1110567561071807,-2.3924475532964613,-0.5146695575308071,139.5
SOLUSDT,4h,carry,funding_mom,"{""lb"": 500}",-3.8045665478142245,0.535022839816318,0.06366780356334001,139.5
SOLUSDT,4h,carry,funding_price_div,"{""lb"": 24}",-2.2150970855554135,-2.819491837690924,-0.3940891539763145,123.0
SOLUSDT,4h,carry,funding_price_div,"{""lb"": 100}",-1.386055085410441,-4.426893377637891,-0.48694064695912886,89.5
SOLUSDT,4h,carry,funding_price_div,"{""lb"": 500}",-2.6607922273705586,-0.9196748512352753,-0.16708568772705334,80.5
SOLUSDT,4h,ichimoku,cloud,"{""tenkan"": 9, ""kijun"": 26, ""senkou"": 52, ""disp"": 26}",-0.13204490879536082,-2.979054469891061,-0.5493521486876414,72.5
SOLUSDT,4h,ichimoku,cloud_fast,"{""tenkan"": 7, ""kijun"": 14, ""senkou"": 28, ""disp"": 14}",-1.3076451647781406,-2.851139386579498,-0.5282949667118664,66.5
SOLUSDT,4h,ichimoku,cloud_slow,"{""tenkan"": 12, ""kijun"": 24, ""senkou"": 52, ""disp"": 24}",-0.11739319095935287,-2.37306238914889,-0.48225075445718035,67.5
SOLUSDT,4h,ichimoku,tk,"{""tenkan"": 9, ""kijun"": 26}",0.24400164242981268,-3.936288343006306,-0.6694670563860428,51.5
SOLUSDT,4h,ichimoku,combo,"{""tenkan"": 9, ""kijun"": 26, ""senkou"": 52, ""disp"": 26}",-0.1031357226662686,-3.295919793377805,-0.5206403318327462,53.5
SOLUSDT,1h,trend,ema_cross,"{""fast"": 10, ""slow"": 50}",-0.9292664902166495,-2.4183911439581234,-0.5237745361200941,107.5
SOLUSDT,1h,trend,ema_cross,"{""fast"": 10, ""slow"": 100}",-1.2570823324673974,-2.055118652072768,-0.4741672219453108,81.5
SOLUSDT,1h,trend,ema_cross,"{""fast"": 10, ""slow"": 200}",0.3212556488835083,-2.321575605713171,-0.510538379243265,67.5
SOLUSDT,1h,trend,ema_cross,"{""fast"": 20, ""slow"": 50}",-0.23342132589495518,-1.30227397328249,-0.35439311545709773,75.5
SOLUSDT,1h,trend,ema_cross,"{""fast"": 20, ""slow"": 100}",-1.900909876970888,-2.175577599236652,-0.4903254974338003,55.5
SOLUSDT,1h,trend,ema_cross,"{""fast"": 20, ""slow"": 200}",0.542856840295057,-2.307556620455808,-0.508453008319564,47.5
SOLUSDT,1h,trend,ema_cross,"{""fast"": 50, ""slow"": 100}",0.47879237014913306,-3.1051690720489376,-0.6041014790821799,43.5
SOLUSDT,1h,trend,ema_cross,"{""fast"": 50, ""slow"": 200}",0.8993884468097352,-2.497409940325602,-0.5333878473289664,25.5
SOLUSDT,1h,trend,ema_slope,"{""span"": 20, ""thr"": 0.0}",-6.218452106188174,-5.5266824262171514,-0.800904237821188,478.5
SOLUSDT,1h,trend,ema_slope,"{""span"": 20, ""thr"": 0.001}",-4.752412417173018,-5.928970354275636,-0.7107932846181161,343.0
SOLUSDT,1h,trend,ema_slope,"{""span"": 20, ""thr"": 0.005}",-0.8688343528865335,-4.219218253561048,-0.17532376687419227,16.0
SOLUSDT,1h,trend,ema_slope,"{""span"": 50, ""thr"": 0.0}",-2.8883209265335945,-3.8790829018753064,-0.6836020087780609,309.5
SOLUSDT,1h,trend,ema_slope,"{""span"": 50, ""thr"": 0.001}",-2.8432008214926316,-4.310764519723459,-0.5218167211450313,151.0
SOLUSDT,1h,trend,ema_slope,"{""span"": 50, ""thr"": 0.005}",-1.0530604946352762,0.0,0.0,0.0
SOLUSDT,1h,trend,ema_slope,"{""span"": 100, ""thr"": 0.0}",-1.860090188440681,-3.7330455069393897,-0.6681283772324305,229.5
SOLUSDT,1h,trend,ema_slope,"{""span"": 100, ""thr"": 0.001}",-3.1727996873589084,-2.6656310716626472,-0.2900649361868326,61.0
SOLUSDT,1h,trend,price_ema,"{""span"": 20, ""thr"": 0.0}",-6.218452106188174,-5.5266824262171514,-0.800904237821188,478.5
SOLUSDT,1h,trend,price_ema,"{""span"": 20, ""thr"": 0.02}",-3.500596654550264,-5.1861776433964835,-0.5156287182281751,132.0
SOLUSDT,1h,trend,price_ema,"{""span"": 20, ""thr"": 0.05}",-0.8687805763623195,-4.103018540208866,-0.1641001329085343,13.0
SOLUSDT,1h,trend,price_ema,"{""span"": 50, ""thr"": 0.0}",-2.8883209265335945,-3.8790829018753064,-0.6836020087780609,309.5
SOLUSDT,1h,trend,price_ema,"{""span"": 50, ""thr"": 0.02}",-2.31641644442888,-4.820899034459569,-0.6004011111947514,192.0
SOLUSDT,1h,trend,price_ema,"{""span"": 50, ""thr"": 0.05}",-2.775819370335903,-4.431747325933568,-0.3325210739986909,42.0
SOLUSDT,1h,trend,price_ema,"{""span"": 100, ""thr"": 0.0}",-1.860090188440681,-3.7330455069393897,-0.6681283772324305,229.5
SOLUSDT,1h,trend,price_ema,"{""span"": 100, ""thr"": 0.02}",-2.428149965871064,-3.676972434675941,-0.5573187457361919,163.0
SOLUSDT,1h,trend,price_ema,"{""span"": 100, ""thr"": 0.05}",-3.4522399291372863,-2.9321916490008326,-0.30950570533406907,65.0
SOLUSDT,1h,trend,donchian,"{""lb"": 10}",-13.519329928199403,-14.35582242023394,-0.9178465706640688,652.5
SOLUSDT,1h,trend,donchian,"{""lb"": 20}",-10.53206829772349,-11.69898984711911,-0.8351654331834907,455.0
SOLUSDT,1h,trend,donchian,"{""lb"": 55}",-8.061210117789077,-9.689686623635835,-0.6956598746033786,265.0
SOLUSDT,1h,momentum,mom_ret,"{""lb"": 5, ""thr"": 0.0}",-10.663680142087598,-8.7564346602493,-0.9191179237255522,805.5
SOLUSDT,1h,momentum,mom_ret,"{""lb"": 5, ""thr"": 0.02}",-4.255960150031954,-7.933331968832121,-0.6648459490649753,211.0
SOLUSDT,1h,momentum,mom_ret,"{""lb"": 5, ""thr"": 0.05}",-0.9606510782001664,-4.177841479186364,-0.17459556069372328,22.0
SOLUSDT,1h,momentum,mom_ret,"{""lb"": 10, ""thr"": 0.0}",-7.179504282664931,-6.271014176685109,-0.8373243076382149,564.5
SOLUSDT,1h,momentum,mom_ret,"{""lb"": 10, ""thr"": 0.02}",-6.691506148572863,-5.9467084324959085,-0.652493886150251,257.0
SOLUSDT,1h,momentum,mom_ret,"{""lb"": 10, ""thr"": 0.05}",-3.5258006020200585,-6.0900299656983155,-0.3574890886963933,47.0
SOLUSDT,1h,momentum,mom_ret,"{""lb"": 20, ""thr"": 0.0}",-4.406338505981939,-4.312224992898354,-0.7199381573797773,379.5
SOLUSDT,1h,momentum,mom_ret,"{""lb"": 20, ""thr"": 0.02}",-4.044120662506444,-2.8820265835374212,-0.4737077851024253,245.0
SOLUSDT,1h,momentum,mom_ret,"{""lb"": 20, ""thr"": 0.05}",-3.703984506506978,-5.701446604238991,-0.47457983069930887,86.0
SOLUSDT,1h,momentum,mom_ret,"{""lb"": 50, ""thr"": 0.0}",-2.727029716924808,-2.3053640654283285,-0.5090253685626334,202.5
SOLUSDT,1h,momentum,mom_ret,"{""lb"": 50, ""thr"": 0.02}",-2.004712563794675,-4.054585076815533,-0.6155223376903165,208.0
SOLUSDT,1h,momentum,mom_ret,"{""lb"": 50, ""thr"": 0.05}",-1.9482621094951764,-2.9175229735299735,-0.40333785411363965,121.0
SOLUSDT,1h,meanrev,rsi,"{""ob"": 65, ""os_"": 20}",-3.649158950997659,-7.212508263954683,-0.646965009584553,244.0
SOLUSDT,1h,meanrev,rsi,"{""ob"": 65, ""os_"": 30}",-5.000041168366917,-8.414598249139305,-0.757085948067532,311.0
SOLUSDT,1h,meanrev,rsi,"{""ob"": 65, ""os_"": 35}",-4.9011448211583195,-7.6849694566718085,-0.7558167971380332,359.0
SOLUSDT,1h,meanrev,rsi,"{""ob"": 70, ""os_"": 20}",-4.433350494573651,-5.79245456323108,-0.5021276274178758,202.0
SOLUSDT,1h,meanrev,rsi,"{""ob"": 70, ""os_"": 30}",-5.63777065352423,-7.228168451646633,-0.6574271710947555,269.0
SOLUSDT,1h,meanrev,rsi,"{""ob"": 70, ""os_"": 35}",-5.430909284309693,-6.444281954291087,-0.6556373338219943,317.0
SOLUSDT,1h,meanrev,rsi,"{""ob"": 80, ""os_"": 20}",-3.0701691552793977,-5.54362471541352,-0.3734488533529964,98.0
SOLUSDT,1h,meanrev,rsi,"{""ob"": 80, ""os_"": 30}",-4.644024181089442,-6.9654232719373015,-0.568886705547647,165.0
SOLUSDT,1h,meanrev,rsi,"{""ob"": 80, ""os_"": 35}",-4.438003719637033,-5.921794413352386,-0.5666364402647132,213.0
SOLUSDT,1h,meanrev,zscore,"{""lb"": 20, ""z"": 1.5}",-8.505540994341663,-7.702490941728561,-0.7234455022457049,373.0
SOLUSDT,1h,meanrev,zscore,"{""lb"": 20, ""z"": 2.0}",-8.80047019366347,-7.337480368299366,-0.5730012113661747,219.0
SOLUSDT,1h,meanrev,zscore,"{""lb"": 20, ""z"": 2.5}",-6.338131622287297,-5.113205744860296,-0.3313208572512917,109.0
SOLUSDT,1h,meanrev,zscore,"{""lb"": 50, ""z"": 1.5}",-5.195943509415285,-4.8465925209690965,-0.5740076577264357,238.0
SOLUSDT,1h,meanrev,zscore,"{""lb"": 50, ""z"": 2.0}",-4.589232141184117,-3.860657938944314,-0.36312778231591925,174.0
SOLUSDT,1h,meanrev,zscore,"{""lb"": 50, ""z"": 2.5}",-3.8370112330466886,-3.8036771569471655,-0.24783200012150597,82.0
SOLUSDT,1h,meanrev,bb,"{""span"": 20, ""mult"": 1.5}",-8.505540994341663,-7.702490941728561,-0.7234455022457049,373.0
SOLUSDT,1h,meanrev,bb,"{""span"": 20, ""mult"": 2.0}",-8.80047019366347,-7.337480368299366,-0.5730012113661747,219.0
SOLUSDT,1h,meanrev,bb,"{""span"": 20, ""mult"": 2.5}",-6.338131622287297,-5.113205744860296,-0.3313208572512917,109.0
SOLUSDT,1h,meanrev,bb,"{""span"": 50, ""mult"": 1.5}",-5.195943509415285,-4.8465925209690965,-0.5740076577264357,238.0
SOLUSDT,1h,meanrev,bb,"{""span"": 50, ""mult"": 2.0}",-4.589232141184117,-3.860657938944314,-0.36312778231591925,174.0
SOLUSDT,1h,meanrev,bb,"{""span"": 50, ""mult"": 2.5}",-3.8370112330466886,-3.8036771569471655,-0.24783200012150597,82.0
SOLUSDT,1h,carry,funding,"{""thr"": 5e-05}",-1.4725801950059072,-0.9858912839986581,-0.21364868802472836,118.0
SOLUSDT,1h,carry,funding,"{""thr"": 0.0001}",-0.7679600845621845,0.4851732786434298,0.03953797757371369,43.0
SOLUSDT,1h,carry,funding,"{""thr"": 0.0002}",1.2029904177253146,1.1688094178609,0.07672668395023896,13.0
SOLUSDT,1h,carry,funding,"{""thr"": 0.0005}",0.5374926240011766,-0.015188245561489563,-0.0005560379023517026,1.0
SOLUSDT,1h,carry,funding_pct,"{""lb"": 100, ""hi"": 0.8}",-0.7036318763196693,-3.7858532138470826,-0.46942577048734324,144.0
SOLUSDT,1h,carry,funding_pct,"{""lb"": 100, ""hi"": 0.9}",-0.4390431429292015,-3.6220239053311447,-0.3723421490111979,111.0
SOLUSDT,1h,carry,funding_pct,"{""lb"": 100, ""hi"": 0.95}",-1.2204355921969432,-2.112270724576069,-0.1745068445323693,75.0
SOLUSDT,1h,carry,funding_pct,"{""lb"": 500, ""hi"": 0.8}",-1.220996558125574,-1.8235392147823073,-0.27520576076825465,101.0
SOLUSDT,1h,carry,funding_pct,"{""lb"": 500, ""hi"": 0.9}",-1.9695524074123574,-1.778842359508193,-0.20947863047070847,59.0
SOLUSDT,1h,carry,funding_pct,"{""lb"": 500, ""hi"": 0.95}",-2.6386551590089633,-2.8342122153252642,-0.22427833237632244,34.0
SOLUSDT,1h,carry,funding_mom,"{""lb"": 24}",-1.985278258318849,-3.9705969261124707,-0.6882875945852367,228.5
SOLUSDT,1h,carry,funding_mom,"{""lb"": 100}",-1.6792226615816648,-3.1136315903314022,-0.6067953169565772,245.5
SOLUSDT,1h,carry,funding_mom,"{""lb"": 500}",-2.278815390298411,-3.425133080433441,-0.6375875551508716,209.5
SOLUSDT,1h,carry,funding_price_div,"{""lb"": 24}",-4.606862954758037,-5.991677682077042,-0.6707765277262356,262.5
SOLUSDT,1h,carry,funding_price_div,"{""lb"": 100}",-2.0590310194092023,-6.680986503439577,-0.6769068832014398,214.0
SOLUSDT,1h,carry,funding_price_div,"{""lb"": 500}",-2.426708346679901,-4.976811841608919,-0.5691187568463159,154.5
SOLUSDT,1h,ichimoku,cloud,"{""tenkan"": 9, ""kijun"": 26, ""senkou"": 52, ""disp"": 26}",-1.4024771208539675,-3.2043892326222423,-0.59015749780015,192.5
SOLUSDT,1h,ichimoku,cloud_fast,"{""tenkan"": 7, ""kijun"": 14, ""senkou"": 28, ""disp"": 14}",-2.962703826382512,-2.5212163444497224,-0.5170670147176322,259.5
SOLUSDT,1h,ichimoku,cloud_slow,"{""tenkan"": 12, ""kijun"": 24, ""senkou"": 52, ""disp"": 24}",-1.5431181077153227,-3.049346038362052,-0.5723976646000213,195.5
SOLUSDT,1h,ichimoku,tk,"{""tenkan"": 9, ""kijun"": 26}",-0.801278437990772,-3.037433282030517,-0.5845412326123809,178.5
SOLUSDT,1h,ichimoku,combo,"{""tenkan"": 9, ""kijun"": 26, ""senkou"": 52, ""disp"": 26}",-1.7142890893160183,-3.6674360379459117,-0.5771576349273886,173.0
SUIUSDT,1d,trend,ema_cross,"{""fast"": 10, ""slow"": 50}",1.85465037589569,-0.2647453316371681,-0.5808990594560617,12.5
SUIUSDT,1d,trend,ema_cross,"{""fast"": 10, ""slow"": 100}",1.1606392766097122,-0.8984847777479523,-0.8073717115671462,10.5
SUIUSDT,1d,trend,ema_cross,"{""fast"": 10, ""slow"": 200}",1.1689468995516836,-0.3295266484810387,-0.6201656044955758,6.5
SUIUSDT,1d,trend,ema_cross,"{""fast"": 20, ""slow"": 50}",1.764827171520811,-0.6842160209120773,-0.7459925589354199,10.5
SUIUSDT,1d,trend,ema_cross,"{""fast"": 20, ""slow"": 100}",1.5280996585488174,-0.7650513102978349,-0.7741698650650649,8.5
SUIUSDT,1d,trend,ema_cross,"{""fast"": 20, ""slow"": 200}",0.8656574778539592,-0.47763600428158454,-0.6821372269669221,4.5
SUIUSDT,1d,trend,ema_cross,"{""fast"": 50, ""slow"": 100}",0.9837660705812327,-0.788247735936478,-0.7814556612852859,4.5
SUIUSDT,1d,trend,ema_cross,"{""fast"": 50, ""slow"": 200}",0.37035476748650353,0.22066979834411102,-0.26309159607697286,2.5
SUIUSDT,1d,trend,ema_slope,"{""span"": 20, ""thr"": 0.0}",0.8925154948859552,0.7295214820940078,0.3871711224684302,59.5
SUIUSDT,1d,trend,ema_slope,"{""span"": 20, ""thr"": 0.001}",0.847720284638481,0.6309964059160676,0.2491297040252165,55.5
SUIUSDT,1d,trend,ema_slope,"{""span"": 20, ""thr"": 0.005}",0.0276555962021426,0.6222970242947372,0.26892755683757663,46.0
SUIUSDT,1d,trend,ema_slope,"{""span"": 50, ""thr"": 0.0}",1.978476350424288,0.35916785884121655,-0.11353777983863311,30.5
SUIUSDT,1d,trend,ema_slope,"{""span"": 50, ""thr"": 0.001}",1.886423927761131,-0.1308953681251274,-0.46696899822019555,38.0
SUIUSDT,1d,trend,ema_slope,"{""span"": 50, ""thr"": 0.005}",0.5131648010233462,0.4083759607816266,0.05772909805263504,23.0
SUIUSDT,1d,trend,ema_slope,"{""span"": 100, ""thr"": 0.0}",1.2461214049904434,0.05703301761217008,-0.38356187857954693,26.5
SUIUSDT,1d,trend,ema_slope,"{""span"": 100, ""thr"": 0.001}",1.3432016753779428,-0.23749145480924044,-0.49907618785941443,19.5
SUIUSDT,1d,trend,ema_slope,"{""span"": 100, ""thr"": 0.005}",0.5866383994918554,-0.5424745599999995,-0.4482178133709215,21.0
SUIUSDT,1d,trend,price_ema,"{""span"": 20, ""thr"": 0.0}",0.8925154948859552,0.7295214820940078,0.3871711224684302,59.5
SUIUSDT,1d,trend,price_ema,"{""span"": 20, ""thr"": 0.02}",0.6640472111766256,0.6312161786123096,0.25739731959933576,53.5
SUIUSDT,1d,trend,price_ema,"{""span"": 20, ""thr"": 0.05}",0.04630616221290803,0.4805467143188873,0.10421837039789317,47.0
SUIUSDT,1d,trend,price_ema,"{""span"": 50, ""thr"": 0.0}",1.978476350424288,0.35916785884121655,-0.11353777983863311,30.5
SUIUSDT,1d,trend,price_ema,"{""span"": 50, ""thr"": 0.02}",1.876190901576706,0.1336872323319654,-0.30815736253648696,34.0
SUIUSDT,1d,trend,price_ema,"{""span"": 50, ""thr"": 0.05}",1.7288147997436727,0.37136783997323686,-0.04120406930075693,30.0
SUIUSDT,1d,trend,price_ema,"{""span"": 100, ""thr"": 0.0}",1.2461214049904434,0.05703301761217008,-0.38356187857954693,26.5
SUIUSDT,1d,trend,price_ema,"{""span"": 100, ""thr"": 0.02}",1.2336343566485974,-0.4309114761246579,-0.6106823455367962,25.5
SUIUSDT,1d,trend,price_ema,"{""span"": 100, ""thr"": 0.05}",1.3432016753779428,-0.1852873605246604,-0.4696604203054138,19.5
SUIUSDT,1d,trend,donchian,"{""lb"": 10}",-0.15018681518463328,0.2117954403272119,-0.060137411382489625,71.5
SUIUSDT,1d,trend,donchian,"{""lb"": 20}",0.17153660821587519,0.684758005931349,0.33885462805564104,41.0
SUIUSDT,1d,trend,donchian,"{""lb"": 55}",-0.02928429461538082,-0.31522290709576406,-0.22957866967636165,27.0
SUIUSDT,1d,momentum,mom_ret,"{""lb"": 5, ""thr"": 0.0}",0.6089921130101333,0.030885520572114345,-0.4010914713367687,101.5
SUIUSDT,1d,momentum,mom_ret,"{""lb"": 5, ""thr"": 0.02}",0.3629481490521714,-0.0673253447172543,-0.42729234804450866,95.0
SUIUSDT,1d,momentum,mom_ret,"{""lb"": 5, ""thr"": 0.05}",-0.23975500618861545,0.25191638951877743,-0.12538856830486178,77.0
SUIUSDT,1d,momentum,mom_ret,"{""lb"": 10, ""thr"": 0.0}",-0.03759069921840026,0.6618009263004041,0.26182647578124185,55.5
SUIUSDT,1d,momentum,mom_ret,"{""lb"": 10, ""thr"": 0.02}",0.10866822533517637,0.2549773677437297,-0.19108351044357863,61.5
SUIUSDT,1d,momentum,mom_ret,"{""lb"": 10, ""thr"": 0.05}",-0.15630923528691587,0.12941602549151987,-0.22886536750844233,65.0
SUIUSDT,1d,momentum,mom_ret,"{""lb"": 20, ""thr"": 0.0}",1.0197681392473732,-0.1811981250657531,-0.5360851158774853,55.5
SUIUSDT,1d,momentum,mom_ret,"{""lb"": 20, ""thr"": 0.02}",0.8204748877312426,-0.12818650147950256,-0.4927545151291526,50.5
SUIUSDT,1d,momentum,mom_ret,"{""lb"": 20, ""thr"": 0.05}",0.7675833390722938,0.11715538750444365,-0.30067516107265424,43.5
SUIUSDT,1d,momentum,mom_ret,"{""lb"": 50, ""thr"": 0.0}",2.1717292190841535,-0.36237099135026163,-0.6262354199651372,19.5
SUIUSDT,1d,momentum,mom_ret,"{""lb"": 50, ""thr"": 0.02}",2.2656969624148484,-0.5214849986357281,-0.6853529301752784,20.5
SUIUSDT,1d,momentum,mom_ret,"{""lb"": 50, ""thr"": 0.05}",2.087156101097834,-0.6572125255078646,-0.7041660152434588,26.5
SUIUSDT,1d,meanrev,rsi,"{""ob"": 65, ""os_"": 20}",-0.8930286967332403,-0.8562801874704665,-0.5310930253419005,20.0
SUIUSDT,1d,meanrev,rsi,"{""ob"": 65, ""os_"": 30}",-0.6775273234394127,-1.2950128877405411,-0.7135095112181702,31.0
SUIUSDT,1d,meanrev,rsi,"{""ob"": 65, ""os_"": 35}",-0.5913585843522564,-0.6241510941957327,-0.5777978415261557,42.0
SUIUSDT,1d,meanrev,rsi,"{""ob"": 70, ""os_"": 20}",-0.9348808971745498,-0.7487334466470468,-0.4397130876414803,14.0
SUIUSDT,1d,meanrev,rsi,"{""ob"": 70, ""os_"": 30}",-0.6756773192765605,-1.2335832488857628,-0.657678644049399,25.0
SUIUSDT,1d,meanrev,rsi,"{""ob"": 70, ""os_"": 35}",-0.5746063396510546,-0.5075922707313476,-0.4955196733106939,36.0
SUIUSDT,1d,meanrev,rsi,"{""ob"": 80, ""os_"": 20}",-0.9557789227111417,-0.13726835169031376,-0.1097392394973229,10.0
SUIUSDT,1d,meanrev,rsi,"{""ob"": 80, ""os_"": 30}",-0.5909447990386874,-0.8700511281137191,-0.456072837036249,21.0
SUIUSDT,1d,meanrev,rsi,"{""ob"": 80, ""os_"": 35}",-0.47251728995806946,-0.048980577188726615,-0.19841240373347035,32.0
SUIUSDT,1d,meanrev,zscore,"{""lb"": 20, ""z"": 1.5}",-0.900796650184418,-0.6721737670749637,-0.5358995874371789,41.0
SUIUSDT,1d,meanrev,zscore,"{""lb"": 20, ""z"": 2.0}",0.12345996391406512,0.007951048477348295,-0.10461917337410465,23.0
SUIUSDT,1d,meanrev,zscore,"{""lb"": 20, ""z"": 2.5}",-0.1389514270395611,-1.3981656620470033,-0.4568692586977383,9.0
SUIUSDT,1d,meanrev,zscore,"{""lb"": 50, ""z"": 1.5}",0.29764425899013486,-0.21912360282005172,-0.3317475510106451,24.0
SUIUSDT,1d,meanrev,zscore,"{""lb"": 50, ""z"": 2.0}",0.01605311656933961,0.6630582033680816,0.2614816380695175,16.0
SUIUSDT,1d,meanrev,zscore,"{""lb"": 50, ""z"": 2.5}",-0.14764901617068643,-0.13824965354024957,-0.11508003625218743,7.0
SUIUSDT,1d,meanrev,bb,"{""span"": 20, ""mult"": 1.5}",-0.900796650184418,-0.6721737670749637,-0.5358995874371789,41.0
SUIUSDT,1d,meanrev,bb,"{""span"": 20, ""mult"": 2.0}",0.12345996391406512,0.007951048477348295,-0.10461917337410465,23.0
SUIUSDT,1d,meanrev,bb,"{""span"": 20, ""mult"": 2.5}",-0.1389514270395611,-1.3981656620470033,-0.4568692586977383,9.0
SUIUSDT,1d,meanrev,bb,"{""span"": 50, ""mult"": 1.5}",0.29764425899013486,-0.21912360282005172,-0.3317475510106451,24.0
SUIUSDT,1d,meanrev,bb,"{""span"": 50, ""mult"": 2.0}",0.01605311656933961,0.6630582033680816,0.2614816380695175,16.0
SUIUSDT,1d,meanrev,bb,"{""span"": 50, ""mult"": 2.5}",-0.14764901617068643,-0.13824965354024957,-0.11508003625218743,7.0
SUIUSDT,1d,carry,funding,"{""thr"": 5e-05}",0.26532533346885434,0.16987804942212303,-0.1219565547240925,140.0
SUIUSDT,1d,carry,funding,"{""thr"": 0.0001}",0.21346778291244625,-0.6766728553117515,-0.13177594532144465,13.0
SUIUSDT,1d,carry,funding,"{""thr"": 0.0002}",0.456815055905578,-0.8422612786936121,-0.10423011538499738,4.0
SUIUSDT,1d,carry,funding,"{""thr"": 0.0005}",1.0339281162098897,-0.8966556759443627,-0.10870986550979278,1.0
SUIUSDT,1d,carry,funding_pct,"{""lb"": 100, ""hi"": 0.8}",0.6957825805420526,0.18003585307804845,-0.014202729835502192,89.0
SUIUSDT,1d,carry,funding_pct,"{""lb"": 100, ""hi"": 0.9}",-0.04616609481856405,-0.18323542254671135,-0.09333677902591675,46.0
SUIUSDT,1d,carry,funding_pct,"{""lb"": 100, ""hi"": 0.95}",-0.4897055575966726,-0.2355070120912224,-0.06930988374671199,21.0
SUIUSDT,1d,carry,funding_pct,"{""lb"": 500, ""hi"": 0.8}",0.6174937591319898,-0.523538959469455,-0.16691560106878256,50.0
SUIUSDT,1d,carry,funding_pct,"{""lb"": 500, ""hi"": 0.9}",-0.2883190614909782,-0.46791964999586144,-0.11139840973281856,21.0
SUIUSDT,1d,carry,funding_pct,"{""lb"": 500, ""hi"": 0.95}",-0.4590988293281187,-0.8896377283047373,-0.11697323711222385,6.0
SUIUSDT,1d,carry,funding_mom,"{""lb"": 24}",0.9703498761445132,-0.47410019582739993,-0.6593375357617108,202.5
SUIUSDT,1d,carry,funding_mom,"{""lb"": 100}",0.43420830194452886,-1.014278469557201,-0.8178624221082381,187.5
SUIUSDT,1d,carry,funding_mom,"{""lb"": 500}",-0.540122930408592,-0.808132022650029,-0.7609487068863429,132.5
SUIUSDT,1d,carry,funding_price_div,"{""lb"": 24}",1.002358112054742,-0.701491644643319,-0.506370404157598,112.0
SUIUSDT,1d,carry,funding_price_div,"{""lb"": 100}",0.6952023900415347,-1.7491234475349193,-0.7910573524061089,96.0
SUIUSDT,1d,carry,funding_price_div,"{""lb"": 500}",-0.06124887726575377,-0.2806049046650476,-0.4568978772162553,73.5
SUIUSDT,1d,ichimoku,cloud,"{""tenkan"": 9, ""kijun"": 26, ""senkou"": 52, ""disp"": 26}",1.7201999658054674,-0.22682082683873442,-0.5202144945523457,32.0
SUIUSDT,1d,ichimoku,cloud_fast,"{""tenkan"": 7, ""kijun"": 14, ""senkou"": 28, ""disp"": 14}",1.159821601858032,0.1606540255042517,-0.2710545993932719,38.5
SUIUSDT,1d,ichimoku,cloud_slow,"{""tenkan"": 12, ""kijun"": 24, ""senkou"": 52, ""disp"": 24}",1.7984680045552104,-0.2015728003191963,-0.5062981765614949,31.0
SUIUSDT,1d,ichimoku,tk,"{""tenkan"": 9, ""kijun"": 26}",0.796085117008769,0.09086535779913539,-0.357066350575018,23.5
SUIUSDT,1d,ichimoku,combo,"{""tenkan"": 9, ""kijun"": 26, ""senkou"": 52, ""disp"": 26}",1.2208469882629904,-0.28459295221403336,-0.5037337015874497,29.0
SUIUSDT,4h,trend,ema_cross,"{""fast"": 10, ""slow"": 50}",0.6901894417697009,-2.3259262876893954,-0.5979678833494853,31.5
SUIUSDT,4h,trend,ema_cross,"{""fast"": 10, ""slow"": 100}",0.9933873620046438,-0.5786968050970819,-0.2761627857503818,17.5
SUIUSDT,4h,trend,ema_cross,"{""fast"": 10, ""slow"": 200}",1.1243191532102774,-0.7121140613087463,-0.30823434171479713,15.5
SUIUSDT,4h,trend,ema_cross,"{""fast"": 20, ""slow"": 50}",1.1874074232149878,-1.283148855059905,-0.4292909630594315,19.5
SUIUSDT,4h,trend,ema_cross,"{""fast"": 20, ""slow"": 100}",1.1228540288444384,-1.1122923021120816,-0.3951949037318301,15.5
SUIUSDT,4h,trend,ema_cross,"{""fast"": 20, ""slow"": 200}",1.162561243630717,-0.2773248981344751,-0.1987744466332344,9.5
SUIUSDT,4h,trend,ema_cross,"{""fast"": 50, ""slow"": 100}",0.42268341726357483,-0.31348931290745713,-0.2087263114285104,9.5
SUIUSDT,4h,trend,ema_cross,"{""fast"": 50, ""slow"": 200}",0.8127615062806609,-0.8209368463103495,-0.3327115156758619,6.5
SUIUSDT,4h,trend,ema_slope,"{""span"": 20, ""thr"": 0.0}",0.7897559835194263,-3.628459129755481,-0.7417709014839726,141.5
SUIUSDT,4h,trend,ema_slope,"{""span"": 20, ""thr"": 0.001}",-0.03413846343907545,-2.4979841198412402,-0.575155217357256,123.5
SUIUSDT,4h,trend,ema_slope,"{""span"": 20, ""thr"": 0.005}",0.006902461266877124,-1.7956084443899072,-0.2855870248857697,38.0
SUIUSDT,4h,trend,ema_slope,"{""span"": 50, ""thr"": 0.0}",0.7830016149149628,-2.3517657660024573,-0.6014262527314511,87.5
SUIUSDT,4h,trend,ema_slope,"{""span"": 50, ""thr"": 0.001}",-0.05649405998207047,-1.5877982616935156,-0.40046873872614464,65.0
SUIUSDT,4h,trend,ema_slope,"{""span"": 50, ""thr"": 0.005}",-2.3021678300093598,-0.0036364275574243764,-0.015523115695337486,4.0
SUIUSDT,4h,trend,ema_slope,"{""span"": 100, ""thr"": 0.0}",0.8944980756313864,-2.0294246915699348,-0.5554716344292845,61.5
SUIUSDT,4h,trend,ema_slope,"{""span"": 100, ""thr"": 0.001}",0.777195819719582,-2.0821462971164677,-0.45429511100280884,43.0
SUIUSDT,4h,trend,ema_slope,"{""span"": 100, ""thr"": 0.005}",-1.590903807275438,0.5038561369573255,0.03835944209379005,1.0
SUIUSDT,4h,trend,price_ema,"{""span"": 20, ""thr"": 0.0}",0.7897559835194263,-3.628459129755481,-0.7417709014839726,141.5
SUIUSDT,4h,trend,price_ema,"{""span"": 20, ""thr"": 0.02}",-0.7678887195085663,-1.7685830280572699,-0.4057404146201615,96.0
SUIUSDT,4h,trend,price_ema,"{""span"": 20, ""thr"": 0.05}",0.14797474760188603,-2.0060982433744052,-0.3023316598402377,35.0
SUIUSDT,4h,trend,price_ema,"{""span"": 50, ""thr"": 0.0}",0.7830016149149628,-2.3517657660024573,-0.6014262527314511,87.5
SUIUSDT,4h,trend,price_ema,"{""span"": 50, ""thr"": 0.02}",0.18277425940572767,-1.6207792639064482,-0.4250044731386132,68.5
SUIUSDT,4h,trend,price_ema,"{""span"": 50, ""thr"": 0.05}",0.718641982989195,-3.029666356536181,-0.49906968425956766,54.0
SUIUSDT,4h,trend,price_ema,"{""span"": 100, ""thr"": 0.0}",0.8944980756313864,-2.0294246915699348,-0.5554716344292845,61.5
SUIUSDT,4h,trend,price_ema,"{""span"": 100, ""thr"": 0.02}",1.3053483900496305,-2.0014433495844215,-0.5049645870091071,59.5
SUIUSDT,4h,trend,price_ema,"{""span"": 100, ""thr"": 0.05}",0.7982275714423557,-2.033738988797301,-0.4472667923188569,42.0
SUIUSDT,4h,trend,donchian,"{""lb"": 10}",-0.25728706702995485,-3.702736511299278,-0.5789726875987175,162.0
SUIUSDT,4h,trend,donchian,"{""lb"": 20}",0.3429095829372951,-4.281943820371558,-0.5763254079571563,114.0
SUIUSDT,4h,trend,donchian,"{""lb"": 55}",0.4154817403010164,-2.5987451753863704,-0.3625071668028035,66.0
SUIUSDT,4h,momentum,mom_ret,"{""lb"": 5, ""thr"": 0.0}",0.09456210879426218,-2.9498861069483757,-0.6746050225914915,216.5
SUIUSDT,4h,momentum,mom_ret,"{""lb"": 5, ""thr"": 0.02}",-1.127464240253575,-2.9052302555622296,-0.5806500199883691,156.0
SUIUSDT,4h,momentum,mom_ret,"{""lb"": 5, ""thr"": 0.05}",-0.3968918271368037,-2.8554826744280586,-0.4168598400636063,61.0
SUIUSDT,4h,momentum,mom_ret,"{""lb"": 10, ""thr"": 0.0}",0.6305359564206169,-2.5375408339729746,-0.6274566782824732,150.5
SUIUSDT,4h,momentum,mom_ret,"{""lb"": 10, ""thr"": 0.02}",0.17992674496511907,-3.010452628847532,-0.6034629955267568,131.5
SUIUSDT,4h,momentum,mom_ret,"{""lb"": 10, ""thr"": 0.05}",-0.3397742153535009,-1.3985113182779367,-0.28472209950111116,70.0
SUIUSDT,4h,momentum,mom_ret,"{""lb"": 20, ""thr"": 0.0}",0.6179539085507069,-3.561848022073096,-0.7357042090041239,121.5
SUIUSDT,4h,momentum,mom_ret,"{""lb"": 20, ""thr"": 0.02}",0.14260813286702603,-3.4101365665387324,-0.6801950475913323,95.5
SUIUSDT,4h,momentum,mom_ret,"{""lb"": 20, ""thr"": 0.05}",-0.5929963768907606,-1.865119286789826,-0.39953079148073367,77.0
SUIUSDT,4h,momentum,mom_ret,"{""lb"": 50, ""thr"": 0.0}",1.60018988094677,-0.9465467236050784,-0.3609333115948985,71.5
SUIUSDT,4h,momentum,mom_ret,"{""lb"": 50, ""thr"": 0.02}",1.6431537380950572,-1.2905976900895801,-0.40539892501487385,76.5
SUIUSDT,4h,momentum,mom_ret,"{""lb"": 50, ""thr"": 0.05}",1.3686005044717715,-1.2661606025400127,-0.3561988743756732,59.0
SUIUSDT,4h,meanrev,rsi,"{""ob"": 65, ""os_"": 20}",0.48013679591355346,0.05136563369243345,-0.03121924553066391,63.5
SUIUSDT,4h,meanrev,rsi,"{""ob"": 65, ""os_"": 30}",-0.776700291255141,-0.5455755053814656,-0.16127424667568513,81.5
SUIUSDT,4h,meanrev,rsi,"{""ob"": 65, ""os_"": 35}",-1.6185693484971562,-1.2688900211630276,-0.30012585757895793,95.5
SUIUSDT,4h,meanrev,rsi,"{""ob"": 70, ""os_"": 20}",0.3093643108394224,0.2965540940573856,0.017653978517617297,53.0
SUIUSDT,4h,meanrev,rsi,"{""ob"": 70, ""os_"": 30}",-0.9854724010569154,-0.42327706947733684,-0.1189620604888979,71.0
SUIUSDT,4h,meanrev,rsi,"{""ob"": 70, ""os_"": 35}",-1.8143014116550644,-1.2315244632473554,-0.26481848218948734,85.0
SUIUSDT,4h,meanrev,rsi,"{""ob"": 80, ""os_"": 20}",0.27771065562072916,-1.2661800858533696,-0.1711641687758262,21.0
SUIUSDT,4h,meanrev,rsi,"{""ob"": 80, ""os_"": 30}",-1.1270050951717014,-1.7058161282684194,-0.2824321150904082,39.0
SUIUSDT,4h,meanrev,rsi,"{""ob"": 80, ""os_"": 35}",-1.9543538587589926,-2.4909482885230396,-0.4012259596304646,53.0
SUIUSDT,4h,meanrev,zscore,"{""lb"": 20, ""z"": 1.5}",-2.5942060701752427,-1.4542185595968293,-0.3057905903934637,86.0
SUIUSDT,4h,meanrev,zscore,"{""lb"": 20, ""z"": 2.0}",-3.4210107201526734,-0.7371167356660278,-0.14358205496652254,63.0
SUIUSDT,4h,meanrev,zscore,"{""lb"": 20, ""z"": 2.5}",-2.8426086225554985,0.3738884141676289,0.025942119364399163,29.0
SUIUSDT,4h,meanrev,zscore,"{""lb"": 50, ""z"": 1.5}",-1.5095021587728654,-0.022357324493205977,-0.05073477846429997,54.0
SUIUSDT,4h,meanrev,zscore,"{""lb"": 50, ""z"": 2.0}",-1.4650409678723153,-1.0114211524415655,-0.1755136428555205,38.0
SUIUSDT,4h,meanrev,zscore,"{""lb"": 50, ""z"": 2.5}",-1.877562503021246,-1.151104770401629,-0.14148755795850554,17.0
SUIUSDT,4h,meanrev,bb,"{""span"": 20, ""mult"": 1.5}",-2.5942060701752427,-1.4542185595968293,-0.3057905903934637,86.0
SUIUSDT,4h,meanrev,bb,"{""span"": 20, ""mult"": 2.0}",-3.4210107201526734,-0.7371167356660278,-0.14358205496652254,63.0
SUIUSDT,4h,meanrev,bb,"{""span"": 20, ""mult"": 2.5}",-2.8426086225554985,0.3738884141676289,0.025942119364399163,29.0
SUIUSDT,4h,meanrev,bb,"{""span"": 50, ""mult"": 1.5}",-1.5095021587728654,-0.022357324493205977,-0.05073477846429997,54.0
SUIUSDT,4h,meanrev,bb,"{""span"": 50, ""mult"": 2.0}",-1.4650409678723153,-1.0114211524415655,-0.1755136428555205,38.0
SUIUSDT,4h,meanrev,bb,"{""span"": 50, ""mult"": 2.5}",-1.877562503021246,-1.151104770401629,-0.14148755795850554,17.0
SUIUSDT,4h,carry,funding,"{""thr"": 5e-05}",0.2588521331937134,-1.0027763767530058,-0.2660387618943334,141.0
SUIUSDT,4h,carry,funding,"{""thr"": 0.0001}",1.23218833436181,0.7469404443068401,0.05107042152760943,13.0
SUIUSDT,4h,carry,funding,"{""thr"": 0.0002}",0.37425827822902885,0.0,0.0,0.0
SUIUSDT,4h,carry,funding,"{""thr"": 0.0005}",-1.9829350504900178,0.0,0.0,0.0
SUIUSDT,4h,carry,funding_pct,"{""lb"": 100, ""hi"": 0.8}",-1.2559225381804369,-0.7791774423531813,-0.20227070261716273,129.0
SUIUSDT,4h,carry,funding_pct,"{""lb"": 100, ""hi"": 0.9}",-0.2927818782283504,0.213057005131591,0.00778133693720684,73.0
SUIUSDT,4h,carry,funding_pct,"{""lb"": 100, ""hi"": 0.95}",-0.20642400809078568,-0.7490584338055603,-0.07806730728249123,39.0
SUIUSDT,4h,carry,funding_pct,"{""lb"": 500, ""hi"": 0.8}",-1.4806959026137805,-1.1935447242373298,-0.2413853492676169,125.0
SUIUSDT,4h,carry,funding_pct,"{""lb"": 500, ""hi"": 0.9}",-1.3916397977887491,0.14820895928533268,-0.0021411649265421495,59.0
SUIUSDT,4h,carry,funding_pct,"{""lb"": 500, ""hi"": 0.95}",0.47463555706406974,0.5306329281231081,0.03719353299743511,18.0
SUIUSDT,4h,carry,funding_mom,"{""lb"": 24}",-1.1301950809477441,-0.9190490623860451,-0.35455243959809446,204.5
SUIUSDT,4h,carry,funding_mom,"{""lb"": 100}",-0.3148807643075956,-2.8702507386113703,-0.6651223107261328,205.5
SUIUSDT,4h,carry,funding_mom,"{""lb"": 500}",-3.360554343404587,-0.4298188348677591,-0.2364737779852083,187.5
SUIUSDT,4h,carry,funding_price_div,"{""lb"": 24}",-0.32317253932903206,-2.314687342672245,-0.45494352283381667,146.0
SUIUSDT,4h,carry,funding_price_div,"{""lb"": 100}",0.2550078344634954,-4.1123297082859365,-0.6372116703752209,129.5
SUIUSDT,4h,carry,funding_price_div,"{""lb"": 500}",-1.0941801386660353,-0.6736022295213359,-0.1858148298818444,97.5
SUIUSDT,4h,ichimoku,cloud,"{""tenkan"": 9, ""kijun"": 26, ""senkou"": 52, ""disp"": 26}",1.0384662772466393,-1.8344927773135304,-0.48506713750542463,52.5
SUIUSDT,4h,ichimoku,cloud_fast,"{""tenkan"": 7, ""kijun"": 14, ""senkou"": 28, ""disp"": 14}",-0.7087796115243065,-1.2698234597057925,-0.4031597852059309,70.5
SUIUSDT,4h,ichimoku,cloud_slow,"{""tenkan"": 12, ""kijun"": 24, ""senkou"": 52, ""disp"": 24}",0.9498339175629886,-1.0146685720266289,-0.3457527627841266,54.5
SUIUSDT,4h,ichimoku,tk,"{""tenkan"": 9, ""kijun"": 26}",0.7058979170789165,-0.9099184519614925,-0.34714531380819136,48.5
SUIUSDT,4h,ichimoku,combo,"{""tenkan"": 9, ""kijun"": 26, ""senkou"": 52, ""disp"": 26}",0.9494740088097396,-1.346364942185693,-0.36674968472927516,46.5
SUIUSDT,1h,trend,ema_cross,"{""fast"": 10, ""slow"": 50}",0.19880112807274153,-2.1682006206802193,-0.5799581389662298,119.5
SUIUSDT,1h,trend,ema_cross,"{""fast"": 10, ""slow"": 100}",-0.1504978941152712,-2.753105467616471,-0.6559682426158872,93.5
SUIUSDT,1h,trend,ema_cross,"{""fast"": 10, ""slow"": 200}",0.3190651968236434,-1.5045314020663885,-0.47312588536038913,53.5
SUIUSDT,1h,trend,ema_cross,"{""fast"": 20, ""slow"": 50}",0.8514263594985403,-2.0111109449290114,-0.5569603642973838,89.5
SUIUSDT,1h,trend,ema_cross,"{""fast"": 20, ""slow"": 100}",0.1304733258461,-2.632000997987915,-0.6415527682000546,67.5
SUIUSDT,1h,trend,ema_cross,"{""fast"": 20, ""slow"": 200}",0.2800568016360369,-2.236522563382175,-0.5891066267948613,43.5
SUIUSDT,1h,trend,ema_cross,"{""fast"": 50, ""slow"": 100}",0.07271887558927484,-1.430648006625412,-0.46060948147852865,35.5
SUIUSDT,1h,trend,ema_cross,"{""fast"": 50, ""slow"": 200}",0.9417253393575102,-1.6581579040545857,-0.50011478259037,27.5
SUIUSDT,1h,trend,ema_slope,"{""span"": 20, ""thr"": 0.0}",-4.645419460282192,-7.8788777185716645,-0.9417251311145064,566.5
SUIUSDT,1h,trend,ema_slope,"{""span"": 20, ""thr"": 0.001}",-4.489977182609622,-6.823586331879378,-0.8515521758682643,383.0
SUIUSDT,1h,trend,ema_slope,"{""span"": 20, ""thr"": 0.005}",1.2127141811064512,-2.374460230724344,-0.1861330687133388,27.0
SUIUSDT,1h,trend,ema_slope,"{""span"": 50, ""thr"": 0.0}",-2.7830916460942015,-5.440796737455331,-0.8637701457865116,329.5
SUIUSDT,1h,trend,ema_slope,"{""span"": 50, ""thr"": 0.001}",-0.9619822728218322,-3.6527447727350837,-0.5962030972999253,183.0
SUIUSDT,1h,trend,ema_slope,"{""span"": 50, ""thr"": 0.005}",-1.437160480516605,1.2148290558192707,0.0627091897284533,1.0
SUIUSDT,1h,trend,ema_slope,"{""span"": 100, ""thr"": 0.0}",-0.3488453328384073,-5.301478820231087,-0.8566919698580341,287.5
SUIUSDT,1h,trend,ema_slope,"{""span"": 100, ""thr"": 0.001}",-0.6406105354043473,-2.951670172302461,-0.4360697333511382,85.0
SUIUSDT,1h,trend,ema_slope,"{""span"": 100, ""thr"": 0.005}",-1.8166195417331166,0.2129078180661956,0.005406937460851413,1.0
SUIUSDT,1h,trend,price_ema,"{""span"": 20, ""thr"": 0.0}",-4.645419460282192,-7.8788777185716645,-0.9417251311145064,566.5
SUIUSDT,1h,trend,price_ema,"{""span"": 20, ""thr"": 0.02}",-1.3486455407795583,-5.608545704621081,-0.6619081293484561,188.0
SUIUSDT,1h,trend,price_ema,"{""span"": 20, ""thr"": 0.05}",0.6961603973923911,-1.7289282978903295,-0.1352125325647474,24.0
SUIUSDT,1h,trend,price_ema,"{""span"": 50, ""thr"": 0.0}",-2.7830916460942015,-5.440796737455331,-0.8637701457865116,329.5
SUIUSDT,1h,trend,price_ema,"{""span"": 50, ""thr"": 0.02}",-1.828938155262056,-3.821510653755889,-0.6355586276602416,214.0
SUIUSDT,1h,trend,price_ema,"{""span"": 50, ""thr"": 0.05}",-1.29838734322651,-3.8761480639608896,-0.4341430500325445,56.0
SUIUSDT,1h,trend,price_ema,"{""span"": 100, ""thr"": 0.0}",-0.3488453328384073,-5.301478820231087,-0.8566919698580341,287.5
SUIUSDT,1h,trend,price_ema,"{""span"": 100, ""thr"": 0.02}",-0.7085935384079086,-3.1190206992647758,-0.6051796274605452,174.0
SUIUSDT,1h,trend,price_ema,"{""span"": 100, ""thr"": 0.05}",-0.7505139009232432,-3.221412029485851,-0.46136211295798935,86.0
SUIUSDT,1h,trend,donchian,"{""lb"": 10}",-9.029989249660613,-13.270886668389005,-0.9428412392616413,658.5
SUIUSDT,1h,trend,donchian,"{""lb"": 20}",-7.128536207910777,-9.071035225840076,-0.8125042257560032,431.0
SUIUSDT,1h,trend,donchian,"{""lb"": 55}",-4.166138700654554,-6.310848140843905,-0.6108341034862466,232.0
SUIUSDT,1h,momentum,mom_ret,"{""lb"": 5, ""thr"": 0.0}",-8.691395390835847,-8.882763133987838,-0.9594858197428756,835.5
SUIUSDT,1h,momentum,mom_ret,"{""lb"": 5, ""thr"": 0.02}",-3.8408608458735722,-7.932845611349418,-0.79616466674305,314.0
SUIUSDT,1h,momentum,mom_ret,"{""lb"": 5, ""thr"": 0.05}",0.8271703941541606,-1.26362395198144,-0.10284844872860921,28.0
SUIUSDT,1h,momentum,mom_ret,"{""lb"": 10, ""thr"": 0.0}",-5.485432952110117,-6.353302900498884,-0.9001952017914682,547.5
SUIUSDT,1h,momentum,mom_ret,"{""lb"": 10, ""thr"": 0.02}",-5.0537647694616,-7.641087250081613,-0.8430297330132251,346.0
SUIUSDT,1h,momentum,mom_ret,"{""lb"": 10, ""thr"": 0.05}",-0.9816689401016678,-1.0106192635793678,-0.13445966377445762,62.0
SUIUSDT,1h,momentum,mom_ret,"{""lb"": 20, ""thr"": 0.0}",-2.7861931322793136,-5.20888291033369,-0.8529565067676419,403.5
SUIUSDT,1h,momentum,mom_ret,"{""lb"": 20, ""thr"": 0.02}",-3.8051052710384075,-3.8757595266032596,-0.6718666394815,281.0
SUIUSDT,1h,momentum,mom_ret,"{""lb"": 20, ""thr"": 0.05}",-0.38470448531663815,-3.979146596141182,-0.5152990689174958,121.0
SUIUSDT,1h,momentum,mom_ret,"{""lb"": 50, ""thr"": 0.0}",-1.3149457525269683,-1.8912989957768453,-0.5401311772403821,242.5
SUIUSDT,1h,momentum,mom_ret,"{""lb"": 50, ""thr"": 0.02}",-1.4106326897503896,-2.7078329138011363,-0.6002552461693006,248.0
SUIUSDT,1h,momentum,mom_ret,"{""lb"": 50, ""thr"": 0.05}",-0.9209655060249984,-2.0237108199972242,-0.41884764389866846,131.0
SUIUSDT,1h,meanrev,rsi,"{""ob"": 65, ""os_"": 20}",-5.886218106381488,-5.110299548853538,-0.6098936176205143,208.0
SUIUSDT,1h,meanrev,rsi,"{""ob"": 65, ""os_"": 30}",-5.893029520498082,-5.525850767009419,-0.6965736573307734,289.0
SUIUSDT,1h,meanrev,rsi,"{""ob"": 65, ""os_"": 35}",-5.264758882712173,-4.760953021408853,-0.688210408967397,314.0
SUIUSDT,1h,meanrev,rsi,"{""ob"": 70, ""os_"": 20}",-5.669175056696794,-3.919943827083135,-0.4412573671470752,163.0
SUIUSDT,1h,meanrev,rsi,"{""ob"": 70, ""os_"": 30}",-5.625687031710103,-4.4707567405951325,-0.5654076907282803,244.0
SUIUSDT,1h,meanrev,rsi,"{""ob"": 70, ""os_"": 35}",-4.940997018226493,-3.664613315615453,-0.553429154562703,269.0
SUIUSDT,1h,meanrev,rsi,"{""ob"": 80, ""os_"": 20}",-4.197969344535248,-2.841280247190347,-0.22993597892126727,96.0
SUIUSDT,1h,meanrev,rsi,"{""ob"": 80, ""os_"": 30}",-4.302767785051142,-3.525142561903655,-0.40104104908034643,177.0
SUIUSDT,1h,meanrev,rsi,"{""ob"": 80, ""os_"": 35}",-3.638223553248911,-2.590598953251899,-0.3845299726486906,202.0
SUIUSDT,1h,meanrev,zscore,"{""lb"": 20, ""z"": 1.5}",-6.323650143757001,-7.053137511736043,-0.7610866055886814,355.0
SUIUSDT,1h,meanrev,zscore,"{""lb"": 20, ""z"": 2.0}",-6.394603160209105,-5.7607537241305335,-0.5498579316351602,207.0
SUIUSDT,1h,meanrev,zscore,"{""lb"": 20, ""z"": 2.5}",-4.856617039733126,-3.995059130305203,-0.3171710691698164,107.0
SUIUSDT,1h,meanrev,zscore,"{""lb"": 50, ""z"": 1.5}",-4.12908946175136,-3.8617432352303087,-0.5859059518345365,214.0
SUIUSDT,1h,meanrev,zscore,"{""lb"": 50, ""z"": 2.0}",-4.774368368013861,-3.3806617363403078,-0.4316081355795294,156.0
SUIUSDT,1h,meanrev,zscore,"{""lb"": 50, ""z"": 2.5}",-4.428154598986713,-2.9248215303605676,-0.2450773742752428,80.0
SUIUSDT,1h,meanrev,bb,"{""span"": 20, ""mult"": 1.5}",-6.323650143757001,-7.053137511736043,-0.7610866055886814,355.0
SUIUSDT,1h,meanrev,bb,"{""span"": 20, ""mult"": 2.0}",-6.394603160209105,-5.7607537241305335,-0.5498579316351602,207.0
SUIUSDT,1h,meanrev,bb,"{""span"": 20, ""mult"": 2.5}",-4.856617039733126,-3.995059130305203,-0.3171710691698164,107.0
SUIUSDT,1h,meanrev,bb,"{""span"": 50, ""mult"": 1.5}",-4.12908946175136,-3.8617432352303087,-0.5859059518345365,214.0
SUIUSDT,1h,meanrev,bb,"{""span"": 50, ""mult"": 2.0}",-4.774368368013861,-3.3806617363403078,-0.4316081355795294,156.0
SUIUSDT,1h,meanrev,bb,"{""span"": 50, ""mult"": 2.5}",-4.428154598986713,-2.9248215303605676,-0.2450773742752428,80.0
SUIUSDT,1h,carry,funding,"{""thr"": 5e-05}",0.5200221681585745,-0.44267881198495657,-0.15342652840574356,141.0
SUIUSDT,1h,carry,funding,"{""thr"": 0.0001}",1.0131429906211034,0.4426561583762043,0.022241267939557607,13.0
SUIUSDT,1h,carry,funding,"{""thr"": 0.0002}",0.013879022355801972,0.0,0.0,0.0
SUIUSDT,1h,carry,funding,"{""thr"": 0.0005}",-0.5711901089835091,0.0,0.0,0.0
SUIUSDT,1h,carry,funding_pct,"{""lb"": 100, ""hi"": 0.8}",-0.356001707667952,-2.06205242003547,-0.383949458303417,161.5
SUIUSDT,1h,carry,funding_pct,"{""lb"": 100, ""hi"": 0.9}",-1.2571418105448728,-2.8600764106215797,-0.3403579147214998,103.5
SUIUSDT,1h,carry,funding_pct,"{""lb"": 100, ""hi"": 0.95}",-1.0887091661324952,-3.2836381027225694,-0.2854910853616629,70.0
SUIUSDT,1h,carry,funding_pct,"{""lb"": 500, ""hi"": 0.8}",-1.1865958799093388,-0.4800611977601235,-0.14425246303568562,132.5
SUIUSDT,1h,carry,funding_pct,"{""lb"": 500, ""hi"": 0.9}",-0.2619691809552473,0.4385677176138167,0.04036264443746562,79.5
SUIUSDT,1h,carry,funding_pct,"{""lb"": 500, ""hi"": 0.95}",-0.36606960400038124,0.3672701697590254,0.026058358255994563,39.0
SUIUSDT,1h,carry,funding_mom,"{""lb"": 24}",-2.1636618760218074,-2.0241743297329533,-0.5591381937475558,248.5
SUIUSDT,1h,carry,funding_mom,"{""lb"": 100}",-0.6488393102731635,-1.9074610522373525,-0.5414468461772082,282.5
SUIUSDT,1h,carry,funding_mom,"{""lb"": 500}",-1.9154803417525417,-2.1577567531528685,-0.5795621748957318,280.5
SUIUSDT,1h,carry,funding_price_div,"{""lb"": 24}",-3.2588584213271274,-5.938511348090532,-0.7534270250619856,288.0
SUIUSDT,1h,carry,funding_price_div,"{""lb"": 100}",-0.8302846238314802,-4.167730219215807,-0.6352806599211758,243.5
SUIUSDT,1h,carry,funding_price_div,"{""lb"": 500}",-0.996411521562214,-3.1251843112947504,-0.5075567009115232,184.0
SUIUSDT,1h,ichimoku,cloud,"{""tenkan"": 9, ""kijun"": 26, ""senkou"": 52, ""disp"": 26}",0.3019891575231207,-3.4862208390265965,-0.7080232385804013,228.5
SUIUSDT,1h,ichimoku,cloud_fast,"{""tenkan"": 7, ""kijun"": 14, ""senkou"": 28, ""disp"": 14}",-2.455854926289878,-4.90186425130128,-0.8139132474554485,299.5
SUIUSDT,1h,ichimoku,cloud_slow,"{""tenkan"": 12, ""kijun"": 24, ""senkou"": 52, ""disp"": 24}",-0.15358568036754183,-4.400458648380461,-0.7819275657765361,235.5
SUIUSDT,1h,ichimoku,tk,"{""tenkan"": 9, ""kijun"": 26}",-1.4293630736780627,-4.27463968752132,-0.7894858872863235,227.5
SUIUSDT,1h,ichimoku,combo,"{""tenkan"": 9, ""kijun"": 26, ""senkou"": 52, ""disp"": 26}",-0.22615067595272542,-4.464024494751072,-0.7416121784258423,212.0
TIAUSDT,1d,trend,ema_cross,"{""fast"": 10, ""slow"": 50}",0.8267494607501498,-0.3796515055543764,-0.6698381445602601,12.5
TIAUSDT,1d,trend,ema_cross,"{""fast"": 10, ""slow"": 100}",1.1120583155295345,0.19166940076978756,-0.34888997323803894,4.5
TIAUSDT,1d,trend,ema_cross,"{""fast"": 10, ""slow"": 200}",0.691043517954509,0.7110694851793103,0.2050887151825831,0.5
TIAUSDT,1d,trend,ema_cross,"{""fast"": 20, ""slow"": 50}",0.7474233958854799,0.3372433280098474,-0.22508287337277555,3.5
TIAUSDT,1d,trend,ema_cross,"{""fast"": 20, ""slow"": 100}",1.1221141088978177,0.10402416982573717,-0.41327896464017744,4.5
TIAUSDT,1d,trend,ema_cross,"{""fast"": 20, ""slow"": 200}",0.9919120734840365,0.7110694851793103,0.2050887151825831,0.5
TIAUSDT,1d,trend,ema_cross,"{""fast"": 50, ""slow"": 100}",0.6324984596888897,0.7110694851793103,0.2050887151825831,0.5
TIAUSDT,1d,trend,ema_cross,"{""fast"": 50, ""slow"": 200}",1.1827708693456342,0.7110694851793103,0.2050887151825831,0.5
TIAUSDT,1d,trend,ema_slope,"{""span"": 20, ""thr"": 0.0}",0.04103965855694262,-0.8486253327315729,-0.8096261318678707,56.5
TIAUSDT,1d,trend,ema_slope,"{""span"": 20, ""thr"": 0.001}",0.2758934134920193,-0.6757019130314724,-0.7500504358304635,62.5
TIAUSDT,1d,trend,ema_slope,"{""span"": 20, ""thr"": 0.005}",-0.026534216732311395,-0.16528401224500697,-0.4857370185305627,44.5
TIAUSDT,1d,trend,ema_slope,"{""span"": 50, ""thr"": 0.0}",0.6800012787447088,-0.27297147013148515,-0.6216170653719003,32.5
TIAUSDT,1d,trend,ema_slope,"{""span"": 50, ""thr"": 0.001}",0.8548999604228482,-0.6842007975383659,-0.7349886513934234,36.5
TIAUSDT,1d,trend,ema_slope,"{""span"": 50, ""thr"": 0.005}",0.5700452131912881,-0.23990289220038602,-0.4267190836913334,16.0
TIAUSDT,1d,trend,ema_slope,"{""span"": 100, ""thr"": 0.0}",0.8501141778127581,-0.030516888338522848,-0.4999039379267818,14.5
TIAUSDT,1d,trend,ema_slope,"{""span"": 100, ""thr"": 0.001}",0.998082278986026,-0.22191817948766882,-0.5608175470160381,17.5
TIAUSDT,1d,trend,ema_slope,"{""span"": 100, ""thr"": 0.005}",0.11600594599647239,0.49233626414941517,0.07093848654582535,6.0
TIAUSDT,1d,trend,price_ema,"{""span"": 20, ""thr"": 0.0}",0.04103965855694262,-0.8486253327315729,-0.8096261318678707,56.5
TIAUSDT,1d,trend,price_ema,"{""span"": 20, ""thr"": 0.02}",0.2841870700420396,-0.26971857591475545,-0.58058889748743,51.5
TIAUSDT,1d,trend,price_ema,"{""span"": 20, ""thr"": 0.05}",0.1203651925727064,-0.5470839801542359,-0.6201431596788894,41.5
TIAUSDT,1d,trend,price_ema,"{""span"": 50, ""thr"": 0.0}",0.6800012787447088,-0.27297147013148515,-0.6216170653719003,32.5
TIAUSDT,1d,trend,price_ema,"{""span"": 50, ""thr"": 0.02}",0.8446814355081361,-0.7255317060515218,-0.7498132855803636,37.5
TIAUSDT,1d,trend,price_ema,"{""span"": 50, ""thr"": 0.05}",0.7367028024343083,-0.5241289576648575,-0.6649041136559765,31.5
TIAUSDT,1d,trend,price_ema,"{""span"": 100, ""thr"": 0.0}",0.8501141778127581,-0.030516888338522848,-0.4999039379267818,14.5
TIAUSDT,1d,trend,price_ema,"{""span"": 100, ""thr"": 0.02}",0.827149563452913,-0.0916701732561792,-0.5172070723083451,16.5
TIAUSDT,1d,trend,price_ema,"{""span"": 100, ""thr"": 0.05}",1.0056944179881044,-0.22191817948766882,-0.5608175470160381,17.5
TIAUSDT,1d,trend,donchian,"{""lb"": 10}",0.01304679280891005,-1.314861292055675,-0.6812550974608855,68.5
TIAUSDT,1d,trend,donchian,"{""lb"": 20}",-0.37476328925213254,-0.7328950253548924,-0.43511196537964536,40.0
TIAUSDT,1d,trend,donchian,"{""lb"": 55}",-0.7787574846632482,-1.6294608363255172,-0.5707332168403897,26.0
TIAUSDT,1d,momentum,mom_ret,"{""lb"": 5, ""thr"": 0.0}",0.05628885368842809,-0.8303387186406211,-0.8058926617527599,88.5
TIAUSDT,1d,momentum,mom_ret,"{""lb"": 5, ""thr"": 0.02}",-0.22171398920272803,-0.8905395902072964,-0.7973750828014776,93.5
TIAUSDT,1d,momentum,mom_ret,"{""lb"": 5, ""thr"": 0.05}",-0.3545228873906399,-1.0640958707397505,-0.8010364029520904,78.5
TIAUSDT,1d,momentum,mom_ret,"{""lb"": 10, ""thr"": 0.0}",-0.19762448366377464,-1.9432577512962812,-0.9492332699772902,67.5
TIAUSDT,1d,momentum,mom_ret,"{""lb"": 10, ""thr"": 0.02}",-0.10639394891650047,-1.5449566580169525,-0.8934707830909883,64.5
TIAUSDT,1d,momentum,mom_ret,"{""lb"": 10, ""thr"": 0.05}",-0.35031977257459157,-1.2280751556065146,-0.813768354425952,61.5
TIAUSDT,1d,momentum,mom_ret,"{""lb"": 20, ""thr"": 0.0}",-0.4573059411905674,-0.31781346389927906,-0.641042156979868,33.5
TIAUSDT,1d,momentum,mom_ret,"{""lb"": 20, ""thr"": 0.02}",-0.14008848844984687,-0.45478021313886846,-0.6881588773633562,36.0
TIAUSDT,1d,momentum,mom_ret,"{""lb"": 20, ""thr"": 0.05}",-0.23047333766943703,-0.35396870312525625,-0.6260898184647818,39.0
TIAUSDT,1d,momentum,mom_ret,"{""lb"": 50, ""thr"": 0.0}",-0.6210201108842119,-0.023576644389258897,-0.49150775748879383,24.5
TIAUSDT,1d,momentum,mom_ret,"{""lb"": 50, ""thr"": 0.02}",-0.402895478790018,0.18932858445559245,-0.3279299242102064,19.5
TIAUSDT,1d,momentum,mom_ret,"{""lb"": 50, ""thr"": 0.05}",-0.37450582183459563,0.034197444818824245,-0.42938048042538857,22.5
TIAUSDT,1d,meanrev,rsi,"{""ob"": 65, ""os_"": 20}",0.3242670434251412,0.9774316447888074,0.38565680306738526,21.0
TIAUSDT,1d,meanrev,rsi,"{""ob"": 65, ""os_"": 30}",0.40257007245447707,0.9563424721187486,0.5050832880945249,34.0
TIAUSDT,1d,meanrev,rsi,"{""ob"": 65, ""os_"": 35}",-0.19924295095769398,1.0947044914087425,0.7562424543960864,37.0
TIAUSDT,1d,meanrev,rsi,"{""ob"": 70, ""os_"": 20}",0.8069691658030924,0.7363257155760125,0.2150159413748245,14.0
TIAUSDT,1d,meanrev,rsi,"{""ob"": 70, ""os_"": 30}",0.7451279086528583,0.756274789206626,0.3197352938213487,27.0
TIAUSDT,1d,meanrev,rsi,"{""ob"": 70, ""os_"": 35}",0.005587446795579254,0.9299824280459034,0.5399647115265664,30.0
TIAUSDT,1d,meanrev,rsi,"{""ob"": 80, ""os_"": 20}",-0.0006626981111054375,1.064130133065386,0.3129948741268551,10.0
TIAUSDT,1d,meanrev,rsi,"{""ob"": 80, ""os_"": 30}",0.18223838094607128,0.9157345631600026,0.426158799226134,23.0
TIAUSDT,1d,meanrev,rsi,"{""ob"": 80, ""os_"": 35}",-0.5332534905442835,1.0538115448184446,0.6641475257375746,26.0
TIAUSDT,1d,meanrev,zscore,"{""lb"": 20, ""z"": 1.5}",0.11668129029955789,0.8637440603991435,0.4832442945010138,34.5
TIAUSDT,1d,meanrev,zscore,"{""lb"": 20, ""z"": 2.0}",0.34041811770511504,-0.5860030069495231,-0.2639564979082343,14.0
TIAUSDT,1d,meanrev,zscore,"{""lb"": 20, ""z"": 2.5}",0.2965461895288631,-0.2087238415740442,-0.11421406410447277,7.0
TIAUSDT,1d,meanrev,zscore,"{""lb"": 50, ""z"": 1.5}",0.9008418530380587,0.7201070808399848,0.2925626004155508,21.0
TIAUSDT,1d,meanrev,zscore,"{""lb"": 50, ""z"": 2.0}",0.667066085363753,1.659183763255934,0.5966890176987916,11.0
TIAUSDT,1d,meanrev,zscore,"{""lb"": 50, ""z"": 2.5}",0.2949594129666929,1.210077701461523,0.24195633031835873,4.0
TIAUSDT,1d,meanrev,bb,"{""span"": 20, ""mult"": 1.5}",0.11668129029955789,0.8637440603991435,0.4832442945010138,34.5
TIAUSDT,1d,meanrev,bb,"{""span"": 20, ""mult"": 2.0}",0.34041811770511504,-0.5860030069495231,-0.2639564979082343,14.0
TIAUSDT,1d,meanrev,bb,"{""span"": 20, ""mult"": 2.5}",0.2965461895288631,-0.2087238415740442,-0.11421406410447277,7.0
TIAUSDT,1d,meanrev,bb,"{""span"": 50, ""mult"": 1.5}",0.9008418530380587,0.7201070808399848,0.2925626004155508,21.0
TIAUSDT,1d,meanrev,bb,"{""span"": 50, ""mult"": 2.0}",0.667066085363753,1.659183763255934,0.5966890176987916,11.0
TIAUSDT,1d,meanrev,bb,"{""span"": 50, ""mult"": 2.5}",0.2949594129666929,1.210077701461523,0.24195633031835873,4.0
TIAUSDT,1d,carry,funding,"{""thr"": 5e-05}",-0.5338533787178353,0.4913744654737043,0.13577308429671353,44.0
TIAUSDT,1d,carry,funding,"{""thr"": 0.0001}",0.07211222934884642,0.679980752086659,0.19338778399065726,20.0
TIAUSDT,1d,carry,funding,"{""thr"": 0.0002}",1.0148696047343504,-0.05699482674640434,-0.04456057479545128,12.0
TIAUSDT,1d,carry,funding,"{""thr"": 0.0005}",1.2190475206631595,0.9972777766969247,0.20139584669972876,2.0
TIAUSDT,1d,carry,funding_pct,"{""lb"": 100, ""hi"": 0.8}",0.6523844394485433,0.08597985368170942,-0.054776033438296956,57.0
TIAUSDT,1d,carry,funding_pct,"{""lb"": 100, ""hi"": 0.9}",0.5970296298247388,-0.30133875540020605,-0.13471707820260093,28.0
TIAUSDT,1d,carry,funding_pct,"{""lb"": 100, ""hi"": 0.95}",0.057377269474572626,0.585156256971795,0.13514141336205365,14.0
TIAUSDT,1d,carry,funding_pct,"{""lb"": 500, ""hi"": 0.8}",-0.12299352451102707,0.3526567316951375,0.07114589782764713,33.0
TIAUSDT,1d,carry,funding_pct,"{""lb"": 500, ""hi"": 0.9}",0.0,0.058378149278669716,-0.008456349115253059,9.0
TIAUSDT,1d,carry,funding_pct,"{""lb"": 500, ""hi"": 0.95}",0.0,0.9187685713683776,0.18304071462213178,3.0
TIAUSDT,1d,carry,funding_mom,"{""lb"": 24}",1.0525877711622933,-0.42311940020442745,-0.5890500484610217,185.5
TIAUSDT,1d,carry,funding_mom,"{""lb"": 100}",0.6975148370342592,1.2528965484599945,1.309146742646119,171.5
TIAUSDT,1d,carry,funding_mom,"{""lb"": 500}",1.0052694301582141,0.48994120575580874,-0.002065164983582557,84.5
TIAUSDT,1d,carry,funding_price_div,"{""lb"": 24}",0.20042050810341852,-1.7532812230530028,-0.7550386616551026,96.0
TIAUSDT,1d,carry,funding_price_div,"{""lb"": 100}",0.31735353592464666,-0.18339611760874908,-0.26279603900450177,84.5
TIAUSDT,1d,carry,funding_price_div,"{""lb"": 500}",1.585856065279366,0.49210247326687034,0.1067419835203347,35.5
TIAUSDT,1d,ichimoku,cloud,"{""tenkan"": 9, ""kijun"": 26, ""senkou"": 52, ""disp"": 26}",-0.13203511819999045,-0.46017455363924736,-0.6664387018075055,21.5
TIAUSDT,1d,ichimoku,cloud_fast,"{""tenkan"": 7, ""kijun"": 14, ""senkou"": 28, ""disp"": 14}",-0.5670790620038234,-1.0709394683476738,-0.8166976271787378,35.5
TIAUSDT,1d,ichimoku,cloud_slow,"{""tenkan"": 12, ""kijun"": 24, ""senkou"": 52, ""disp"": 24}",-0.16381611529279663,-0.6641948259690051,-0.7374866591699523,22.5
TIAUSDT,1d,ichimoku,tk,"{""tenkan"": 9, ""kijun"": 26}",0.2901371806387873,-1.6376987368377296,-0.9245588499361453,23.5
TIAUSDT,1d,ichimoku,combo,"{""tenkan"": 9, ""kijun"": 26, ""senkou"": 52, ""disp"": 26}",-0.026169619561529942,-1.0867964266213466,-0.7837956643325323,23.0
TIAUSDT,4h,trend,ema_cross,"{""fast"": 10, ""slow"": 50}",-0.11870456617134778,-2.395789541137681,-0.6898890686290233,26.5
TIAUSDT,4h,trend,ema_cross,"{""fast"": 10, ""slow"": 100}",0.40314007291439896,-1.2355441650277832,-0.5013594112572184,24.5
TIAUSDT,4h,trend,ema_cross,"{""fast"": 10, ""slow"": 200}",0.6496130852400507,-0.710954111935519,-0.382431063784049,12.5
TIAUSDT,4h,trend,ema_cross,"{""fast"": 20, ""slow"": 50}",0.6741497614611851,-2.276017225492724,-0.6749742168381131,26.5
TIAUSDT,4h,trend,ema_cross,"{""fast"": 20, ""slow"": 100}",0.8675552979901777,-1.7498785584146093,-0.5965247598931078,20.5
TIAUSDT,4h,trend,ema_cross,"{""fast"": 20, ""slow"": 200}",0.5257260798161358,-1.5947006056495792,-0.5695246028536155,10.5
TIAUSDT,4h,trend,ema_cross,"{""fast"": 50, ""slow"": 100}",0.8794893145897631,-0.5642551929712286,-0.3438052232138684,6.5
TIAUSDT,4h,trend,ema_cross,"{""fast"": 50, ""slow"": 200}",0.059916023094119406,-2.137991183571275,-0.6555852771176931,10.5
TIAUSDT,4h,trend,ema_slope,"{""span"": 20, ""thr"": 0.0}",-0.2610890554451875,-2.2217486680968443,-0.6656474044455076,141.5
TIAUSDT,4h,trend,ema_slope,"{""span"": 20, ""thr"": 0.001}",-1.111151755207132,-3.2852070251382943,-0.7448647792724106,142.0
TIAUSDT,4h,trend,ema_slope,"{""span"": 20, ""thr"": 0.005}",-0.07521738187327189,-1.267127950115895,-0.2719515943688712,57.0
TIAUSDT,4h,trend,ema_slope,"{""span"": 50, ""thr"": 0.0}",0.9769489615278881,-1.466023628623349,-0.5440111507996663,86.5
TIAUSDT,4h,trend,ema_slope,"{""span"": 50, ""thr"": 0.001}",-0.1699351807504525,-2.825877993135207,-0.6559387775213918,87.5
TIAUSDT,4h,trend,ema_slope,"{""span"": 50, ""thr"": 0.005}",-3.014619775132705,-1.279171953463822,-0.18306996642196272,12.0
TIAUSDT,4h,trend,ema_slope,"{""span"": 100, ""thr"": 0.0}",0.7521520531644267,-2.9879645177791616,-0.7554889390615529,76.5
TIAUSDT,4h,trend,ema_slope,"{""span"": 100, ""thr"": 0.001}",0.270511031955033,-2.802213159648942,-0.6051775953454945,55.0
TIAUSDT,4h,trend,ema_slope,"{""span"": 100, ""thr"": 0.005}",-1.9896118746756855,0.2749333545451969,0.012396540395210653,1.0
TIAUSDT,4h,trend,price_ema,"{""span"": 20, ""thr"": 0.0}",-0.2610890554451875,-2.2217486680968443,-0.6656474044455076,141.5
TIAUSDT,4h,trend,price_ema,"{""span"": 20, ""thr"": 0.02}",-1.2012970931238123,-3.587516735914359,-0.7166792195446038,128.0
TIAUSDT,4h,trend,price_ema,"{""span"": 20, ""thr"": 0.05}",-0.16634962080730348,-1.5028357374587182,-0.3004772498691909,52.0
TIAUSDT,4h,trend,price_ema,"{""span"": 50, ""thr"": 0.0}",0.9769489615278881,-1.466023628623349,-0.5440111507996663,86.5
TIAUSDT,4h,trend,price_ema,"{""span"": 50, ""thr"": 0.02}",0.24488872309184231,-2.772753542964872,-0.6685748817339178,89.5
TIAUSDT,4h,trend,price_ema,"{""span"": 50, ""thr"": 0.05}",0.09055935470701812,-3.1264429803900446,-0.5939642214352456,64.0
TIAUSDT,4h,trend,price_ema,"{""span"": 100, ""thr"": 0.0}",0.7521520531644267,-2.9879645177791616,-0.7554889390615529,76.5
TIAUSDT,4h,trend,price_ema,"{""span"": 100, ""thr"": 0.02}",1.0155391400322695,-3.348169774011986,-0.7528994449558641,80.5
TIAUSDT,4h,trend,price_ema,"{""span"": 100, ""thr"": 0.05}",0.32349820665273815,-2.9378075743310053,-0.6195352650388223,56.0
TIAUSDT,4h,trend,donchian,"{""lb"": 10}",-0.3195577573772251,-2.529148289610933,-0.5165528196818465,163.0
TIAUSDT,4h,trend,donchian,"{""lb"": 20}",-0.05323263246722969,-3.4766746590310014,-0.532575780927909,118.0
TIAUSDT,4h,trend,donchian,"{""lb"": 55}",-0.2731507624372333,-0.6472440579713005,-0.1320260737967207,58.0
TIAUSDT,4h,momentum,mom_ret,"{""lb"": 5, ""thr"": 0.0}",-1.7042449653480412,-3.7473553021418384,-0.8209148375929922,222.5
TIAUSDT,4h,momentum,mom_ret,"{""lb"": 5, ""thr"": 0.02}",-1.8446671639455157,-3.27795078845481,-0.6986131438535161,169.5
TIAUSDT,4h,momentum,mom_ret,"{""lb"": 5, ""thr"": 0.05}",-0.13678201698359008,-2.598369954064158,-0.4865698631533387,91.0
TIAUSDT,4h,momentum,mom_ret,"{""lb"": 10, ""thr"": 0.0}",0.3348516652621073,-1.9240963552462569,-0.6254132969800528,150.5
TIAUSDT,4h,momentum,mom_ret,"{""lb"": 10, ""thr"": 0.02}",-0.4088179623748712,-0.7631782606313349,-0.3393597438931534,136.0
TIAUSDT,4h,momentum,mom_ret,"{""lb"": 10, ""thr"": 0.05}",0.6209898947857057,-2.5389013095575517,-0.5311796712178356,96.0
TIAUSDT,4h,momentum,mom_ret,"{""lb"": 20, ""thr"": 0.0}",-0.8718474993363458,-3.7864047472610403,-0.8247815931164119,110.5
TIAUSDT,4h,momentum,mom_ret,"{""lb"": 20, ""thr"": 0.02}",-1.880370094932232,-3.3708874106928133,-0.7470887719781553,105.0
TIAUSDT,4h,momentum,mom_ret,"{""lb"": 20, ""thr"": 0.05}",-1.29711545285409,-2.673607286877309,-0.6059325582897475,90.0
TIAUSDT,4h,momentum,mom_ret,"{""lb"": 50, ""thr"": 0.0}",0.3766674165654683,-2.0888085629553723,-0.6483006953787926,70.5
TIAUSDT,4h,momentum,mom_ret,"{""lb"": 50, ""thr"": 0.02}",0.5554593474270374,-1.94913242428787,-0.6038810051886807,70.5
TIAUSDT,4h,momentum,mom_ret,"{""lb"": 50, ""thr"": 0.05}",0.07322805315545236,-2.229909709508063,-0.6094577368367255,65.5
TIAUSDT,4h,meanrev,rsi,"{""ob"": 65, ""os_"": 20}",0.8802430427080696,-2.217670383250346,-0.4298851325583778,56.0
TIAUSDT,4h,meanrev,rsi,"{""ob"": 65, ""os_"": 30}",-0.1926549694389904,-1.7200116079087666,-0.3983825127514917,72.0
TIAUSDT,4h,meanrev,rsi,"{""ob"": 65, ""os_"": 35}",-0.7750793660475249,-1.666397694510102,-0.41759791841915106,82.0
TIAUSDT,4h,meanrev,rsi,"{""ob"": 70, ""os_"": 20}",0.9728920106997895,-2.397580954672275,-0.4063336721962114,46.0
TIAUSDT,4h,meanrev,rsi,"{""ob"": 70, ""os_"": 30}",-0.22705420992665618,-1.7907065389376344,-0.3735296783258566,62.0
TIAUSDT,4h,meanrev,rsi,"{""ob"": 70, ""os_"": 35}",-0.8261469338458767,-1.7118240196930716,-0.39353887291355527,72.0
TIAUSDT,4h,meanrev,rsi,"{""ob"": 80, ""os_"": 20}",1.9351127539684818,-1.9306358137429076,-0.22620594334163469,20.0
TIAUSDT,4h,meanrev,rsi,"{""ob"": 80, ""os_"": 30}",0.10128970121450563,-1.0245924818917838,-0.18344870025284032,36.0
TIAUSDT,4h,meanrev,rsi,"{""ob"": 80, ""os_"": 35}",-0.6582086861382018,-0.9742361558453362,-0.20952900012054565,46.0
TIAUSDT,4h,meanrev,zscore,"{""lb"": 20, ""z"": 1.5}",-1.97699802641928,-1.782630600990878,-0.39117836468853573,86.5
TIAUSDT,4h,meanrev,zscore,"{""lb"": 20, ""z"": 2.0}",-1.9689928378949606,-0.44427806080629345,-0.09257266916295248,55.0
TIAUSDT,4h,meanrev,zscore,"{""lb"": 20, ""z"": 2.5}",-2.001284293938439,0.31850672631366406,0.014927570162655446,22.0
TIAUSDT,4h,meanrev,zscore,"{""lb"": 50, ""z"": 1.5}",-1.4387236583565375,-1.0404414820810486,-0.2641265166878297,51.0
TIAUSDT,4h,meanrev,zscore,"{""lb"": 50, ""z"": 2.0}",-1.1441278023237327,-1.5606770606793812,-0.276592641328853,46.0
TIAUSDT,4h,meanrev,zscore,"{""lb"": 50, ""z"": 2.5}",-1.3918583581632091,-1.0988263310680675,-0.14672174819927808,20.0
TIAUSDT,4h,meanrev,bb,"{""span"": 20, ""mult"": 1.5}",-1.97699802641928,-1.782630600990878,-0.39117836468853573,86.5
TIAUSDT,4h,meanrev,bb,"{""span"": 20, ""mult"": 2.0}",-1.9689928378949606,-0.44427806080629345,-0.09257266916295248,55.0
TIAUSDT,4h,meanrev,bb,"{""span"": 20, ""mult"": 2.5}",-2.001284293938439,0.31850672631366406,0.014927570162655446,22.0
TIAUSDT,4h,meanrev,bb,"{""span"": 50, ""mult"": 1.5}",-1.4387236583565375,-1.0404414820810486,-0.2641265166878297,51.0
TIAUSDT,4h,meanrev,bb,"{""span"": 50, ""mult"": 2.0}",-1.1441278023237327,-1.5606770606793812,-0.276592641328853,46.0
TIAUSDT,4h,meanrev,bb,"{""span"": 50, ""mult"": 2.5}",-1.3918583581632091,-1.0988263310680675,-0.14672174819927808,20.0
TIAUSDT,4h,carry,funding,"{""thr"": 5e-05}",-3.4943243216226048,-1.7067974102884964,-0.2071337905046322,67.0
TIAUSDT,4h,carry,funding,"{""thr"": 0.0001}",-0.48641557347464415,-1.950064052564919,-0.0999965362400389,19.0
TIAUSDT,4h,carry,funding,"{""thr"": 0.0002}",-1.5437849388531513,0.0,0.0,0.0
TIAUSDT,4h,carry,funding,"{""thr"": 0.0005}",-0.230973924820961,0.0,0.0,0.0
TIAUSDT,4h,carry,funding_pct,"{""lb"": 100, ""hi"": 0.8}",-2.1027797329070386,-3.2003495500790393,-0.5220196330845889,162.5
TIAUSDT,4h,carry,funding_pct,"{""lb"": 100, ""hi"": 0.9}",-3.0920811328032722,-1.387494305811918,-0.1833015878607761,83.0
TIAUSDT,4h,carry,funding_pct,"{""lb"": 100, ""hi"": 0.95}",-1.9851338239044725,-0.5877565013806557,-0.05392291007917149,48.0
TIAUSDT,4h,carry,funding_pct,"{""lb"": 500, ""hi"": 0.8}",-1.8935926957856424,-2.0992478534707883,-0.32321982486862444,111.5
TIAUSDT,4h,carry,funding_pct,"{""lb"": 500, ""hi"": 0.9}",-1.3780564844513812,-1.6292500583347258,-0.1889083954676679,63.0
TIAUSDT,4h,carry,funding_pct,"{""lb"": 500, ""hi"": 0.95}",0.048448594614327475,-0.3961890932542185,-0.04228933432178228,38.0
TIAUSDT,4h,carry,funding_mom,"{""lb"": 24}",-4.30915239160721,-3.7178113595277464,-0.8139710846964722,362.5
TIAUSDT,4h,carry,funding_mom,"{""lb"": 100}",-2.173107185592638,-3.6962226051317737,-0.8121290339948571,346.5
TIAUSDT,4h,carry,funding_mom,"{""lb"": 500}",-3.8332186455385613,-2.797175833502869,-0.7177144881217359,372.5
TIAUSDT,4h,carry,funding_price_div,"{""lb"": 24}",-2.9610916655228494,-3.131888327163498,-0.6134935875509899,199.5
TIAUSDT,4h,carry,funding_price_div,"{""lb"": 100}",-0.724444524160493,-4.469817157776495,-0.7322347283170424,195.0
TIAUSDT,4h,carry,funding_price_div,"{""lb"": 500}",-2.1687657897503727,-2.488327488551458,-0.5198229423231333,179.5
TIAUSDT,4h,ichimoku,cloud,"{""tenkan"": 9, ""kijun"": 26, ""senkou"": 52, ""disp"": 26}",0.250724798869257,-2.8123381725433045,-0.708741483743696,67.5
TIAUSDT,4h,ichimoku,cloud_fast,"{""tenkan"": 7, ""kijun"": 14, ""senkou"": 28, ""disp"": 14}",-0.6218737103825217,-2.0494636990359645,-0.5962175784000124,75.5
TIAUSDT,4h,ichimoku,cloud_slow,"{""tenkan"": 12, ""kijun"": 24, ""senkou"": 52, ""disp"": 24}",0.39907864499252954,-2.1886957179522843,-0.6305819723551476,63.5
TIAUSDT,4h,ichimoku,tk,"{""tenkan"": 9, ""kijun"": 26}",-1.7265959616801814,0.29379556134931795,-0.06106387575888639,46.5
TIAUSDT,4h,ichimoku,combo,"{""tenkan"": 9, ""kijun"": 26, ""senkou"": 52, ""disp"": 26}",-0.9506198920648654,-1.125792736541041,-0.3903629646494714,56.5
TIAUSDT,1h,trend,ema_cross,"{""fast"": 10, ""slow"": 50}",-0.5991483416475765,-2.5234843077710227,-0.7123155544759003,115.5
TIAUSDT,1h,trend,ema_cross,"{""fast"": 10, ""slow"": 100}",-0.7112096442598392,-2.6861895074774584,-0.7307092381632861,88.5
TIAUSDT,1h,trend,ema_cross,"{""fast"": 10, ""slow"": 200}",0.8174539155042572,-2.052609885052405,-0.6493140088198444,58.5
TIAUSDT,1h,trend,ema_cross,"{""fast"": 20, ""slow"": 50}",0.3972165139920019,-2.6309304581947512,-0.7249346326295287,95.5
TIAUSDT,1h,trend,ema_cross,"{""fast"": 20, ""slow"": 100}",-0.9623333965753046,-2.1987960756812965,-0.6699777987428525,62.5
TIAUSDT,1h,trend,ema_cross,"{""fast"": 20, ""slow"": 200}",0.6031143669766563,-2.05762396136742,-0.6503136695794228,40.5
TIAUSDT,1h,trend,ema_cross,"{""fast"": 50, ""slow"": 100}",-0.30612567229773696,-2.4430183363390046,-0.7021979812276177,40.5
TIAUSDT,1h,trend,ema_cross,"{""fast"": 50, ""slow"": 200}",0.03831257222038287,-3.0760643204286744,-0.7708275679806674,26.5
TIAUSDT,1h,trend,ema_slope,"{""span"": 20, ""thr"": 0.0}",-3.954710358400909,-4.366639763159962,-0.8684813970356824,510.5
TIAUSDT,1h,trend,ema_slope,"{""span"": 20, ""thr"": 0.001}",-3.3383360372266706,-5.472172350949406,-0.8584959855293615,436.0
TIAUSDT,1h,trend,ema_slope,"{""span"": 20, ""thr"": 0.005}",-0.4046468475433282,-2.933663290294585,-0.34797553770419853,53.0
TIAUSDT,1h,trend,ema_slope,"{""span"": 50, ""thr"": 0.0}",-1.780330998243012,-4.729173478757664,-0.8860253658771121,341.5
TIAUSDT,1h,trend,ema_slope,"{""span"": 50, ""thr"": 0.001}",-1.9656185719154269,-4.435104543541698,-0.7517932914406962,238.0
TIAUSDT,1h,trend,ema_slope,"{""span"": 50, ""thr"": 0.005}",0.28409887710121234,-1.6320818849351488,-0.11253647451617965,7.0
TIAUSDT,1h,trend,ema_slope,"{""span"": 100, ""thr"": 0.0}",-1.0957906880090824,-3.642912084670626,-0.8204640420579365,266.5
TIAUSDT,1h,trend,ema_slope,"{""span"": 100, ""thr"": 0.001}",-1.425301665801198,-2.1167298500197353,-0.45626319951615624,114.0
TIAUSDT,1h,trend,ema_slope,"{""span"": 100, ""thr"": 0.005}",-1.2170229034798894,-1.6232514593674499,-0.027599562553737744,1.0
TIAUSDT,1h,trend,price_ema,"{""span"": 20, ""thr"": 0.0}",-3.954710358400909,-4.366639763159962,-0.8684813970356824,510.5
TIAUSDT,1h,trend,price_ema,"{""span"": 20, ""thr"": 0.02}",-2.9279547156355,-3.996045923720636,-0.6757908666748071,259.0
TIAUSDT,1h,trend,price_ema,"{""span"": 20, ""thr"": 0.05}",-0.41668888499801265,-2.4645020818302816,-0.2892121637580011,48.0
TIAUSDT,1h,trend,price_ema,"{""span"": 50, ""thr"": 0.0}",-1.780330998243012,-4.729173478757664,-0.8860253658771121,341.5
TIAUSDT,1h,trend,price_ema,"{""span"": 50, ""thr"": 0.02}",-2.176577228496253,-4.409170920860608,-0.7770570195749023,269.0
TIAUSDT,1h,trend,price_ema,"{""span"": 50, ""thr"": 0.05}",-0.8785088869309763,-2.028155781370573,-0.36172935203828727,85.0
TIAUSDT,1h,trend,price_ema,"{""span"": 100, ""thr"": 0.0}",-1.0957906880090824,-3.642912084670626,-0.8204640420579365,266.5
TIAUSDT,1h,trend,price_ema,"{""span"": 100, ""thr"": 0.02}",-1.6072569637703953,-3.4644733936321837,-0.730536730638946,209.0
TIAUSDT,1h,trend,price_ema,"{""span"": 100, ""thr"": 0.05}",-1.4717783982441957,-2.189102973574781,-0.4626284663441208,117.0
TIAUSDT,1h,trend,donchian,"{""lb"": 10}",-6.494951702415158,-9.240216875240712,-0.9104487453114024,653.0
TIAUSDT,1h,trend,donchian,"{""lb"": 20}",-4.058715420375555,-8.111126276075742,-0.8275735296696831,440.0
TIAUSDT,1h,trend,donchian,"{""lb"": 55}",-2.6429140751574867,-5.9049865414649005,-0.6479091348690296,251.0
TIAUSDT,1h,momentum,mom_ret,"{""lb"": 5, ""thr"": 0.0}",-7.4273633509099986,-6.478992825479848,-0.946585571296973,807.5
TIAUSDT,1h,momentum,mom_ret,"{""lb"": 5, ""thr"": 0.02}",-4.381622733739029,-7.196243693695377,-0.8757358003611497,434.0
TIAUSDT,1h,momentum,mom_ret,"{""lb"": 5, ""thr"": 0.05}",-1.5217522380173834,-4.4527471690392035,-0.44893181658033776,83.0
TIAUSDT,1h,momentum,mom_ret,"{""lb"": 10, ""thr"": 0.0}",-5.285570759444169,-5.588310959715628,-0.9208038542276482,546.5
TIAUSDT,1h,momentum,mom_ret,"{""lb"": 10, ""thr"": 0.02}",-3.953127055064267,-4.80385516670865,-0.8024059224468112,400.0
TIAUSDT,1h,momentum,mom_ret,"{""lb"": 10, ""thr"": 0.05}",-1.1706177473535928,-3.3815559480665587,-0.49056127871463917,124.0
TIAUSDT,1h,momentum,mom_ret,"{""lb"": 20, ""thr"": 0.0}",-2.9158776880229245,-4.161136387902185,-0.8535151108604783,423.5
TIAUSDT,1h,momentum,mom_ret,"{""lb"": 20, ""thr"": 0.02}",-3.693380417924173,-5.189975446676372,-0.8473996603881573,333.0
TIAUSDT,1h,momentum,mom_ret,"{""lb"": 20, ""thr"": 0.05}",-1.8977128449997656,-2.895638404769642,-0.5438020126895744,161.0
TIAUSDT,1h,momentum,mom_ret,"{""lb"": 50, ""thr"": 0.0}",-1.235401102114442,-2.126965586142251,-0.6619281043796812,257.5
TIAUSDT,1h,momentum,mom_ret,"{""lb"": 50, ""thr"": 0.02}",-1.5675716314883072,-2.0664348728937316,-0.5976406882188188,227.0
TIAUSDT,1h,momentum,mom_ret,"{""lb"": 50, ""thr"": 0.05}",-1.321885557801958,-1.2023640063774659,-0.3688659809890932,169.0
TIAUSDT,1h,meanrev,rsi,"{""ob"": 65, ""os_"": 20}",-3.7113285183552227,-5.890676102791406,-0.7304789420737944,216.0
TIAUSDT,1h,meanrev,rsi,"{""ob"": 65, ""os_"": 30}",-3.6353296509185618,-6.429924011098294,-0.8066547926453316,276.0
TIAUSDT,1h,meanrev,rsi,"{""ob"": 65, ""os_"": 35}",-3.9427704635447838,-6.221140912312993,-0.8223873870019588,313.0
TIAUSDT,1h,meanrev,rsi,"{""ob"": 70, ""os_"": 20}",-3.9350245946620968,-4.9777935666117274,-0.6141951271673691,169.0
TIAUSDT,1h,meanrev,rsi,"{""ob"": 70, ""os_"": 30}",-3.771152570570475,-5.610645190743667,-0.723236752963881,229.0
TIAUSDT,1h,meanrev,rsi,"{""ob"": 70, ""os_"": 35}",-4.074212511154389,-5.3992998494709505,-0.7457571141252264,266.0
TIAUSDT,1h,meanrev,rsi,"{""ob"": 80, ""os_"": 20}",-3.300759991433831,-3.730406249410756,-0.36368804707005187,101.0
TIAUSDT,1h,meanrev,rsi,"{""ob"": 80, ""os_"": 30}",-3.1553150992132526,-4.491406841307664,-0.5435315242967776,161.0
TIAUSDT,1h,meanrev,rsi,"{""ob"": 80, ""os_"": 35}",-3.507734813004138,-4.220502015000958,-0.5806745880586484,198.0
TIAUSDT,1h,meanrev,zscore,"{""lb"": 20, ""z"": 1.5}",-5.976996222598565,-6.443084292034245,-0.7912411983339769,366.0
TIAUSDT,1h,meanrev,zscore,"{""lb"": 20, ""z"": 2.0}",-4.606633805652679,-5.849117042778215,-0.5961794543206206,213.0
TIAUSDT,1h,meanrev,zscore,"{""lb"": 20, ""z"": 2.5}",-3.1006067443919294,-2.641584770958188,-0.21736812564075136,88.0
TIAUSDT,1h,meanrev,zscore,"{""lb"": 50, ""z"": 1.5}",-3.6196386513666967,-3.9353523982177667,-0.6511339405946082,244.0
TIAUSDT,1h,meanrev,zscore,"{""lb"": 50, ""z"": 2.0}",-3.9009899936077956,-3.567444383609559,-0.5061572119396687,137.0
TIAUSDT,1h,meanrev,zscore,"{""lb"": 50, ""z"": 2.5}",-2.8208509345362045,-1.6311298330448438,-0.18269653913650508,80.0
TIAUSDT,1h,meanrev,bb,"{""span"": 20, ""mult"": 1.5}",-5.976996222598565,-6.443084292034245,-0.7912411983339769,366.0
TIAUSDT,1h,meanrev,bb,"{""span"": 20, ""mult"": 2.0}",-4.606633805652679,-5.849117042778215,-0.5961794543206206,213.0
TIAUSDT,1h,meanrev,bb,"{""span"": 20, ""mult"": 2.5}",-3.1006067443919294,-2.641584770958188,-0.21736812564075136,88.0
TIAUSDT,1h,meanrev,bb,"{""span"": 50, ""mult"": 1.5}",-3.6196386513666967,-3.9353523982177667,-0.6511339405946082,244.0
TIAUSDT,1h,meanrev,bb,"{""span"": 50, ""mult"": 2.0}",-3.9009899936077956,-3.567444383609559,-0.5061572119396687,137.0
TIAUSDT,1h,meanrev,bb,"{""span"": 50, ""mult"": 2.5}",-2.8208509345362045,-1.6311298330448438,-0.18269653913650508,80.0
TIAUSDT,1h,carry,funding,"{""thr"": 5e-05}",-2.172837912965589,-3.901401299420293,-0.4202605696951357,67.0
TIAUSDT,1h,carry,funding,"{""thr"": 0.0001}",-1.587556405440882,-2.947668180374186,-0.13895462448758988,19.0
TIAUSDT,1h,carry,funding,"{""thr"": 0.0002}",-2.069121017868265,0.0,0.0,0.0
TIAUSDT,1h,carry,funding,"{""thr"": 0.0005}",0.3504293256373136,0.0,0.0,0.0
TIAUSDT,1h,carry,funding_pct,"{""lb"": 100, ""hi"": 0.8}",-2.6465254056595415,-4.115487002119334,-0.6673899926349336,213.5
TIAUSDT,1h,carry,funding_pct,"{""lb"": 100, ""hi"": 0.9}",-2.703818986908697,-3.8347363300895005,-0.4655742260179072,132.5
TIAUSDT,1h,carry,funding_pct,"{""lb"": 100, ""hi"": 0.95}",-2.95757086641777,-2.4823063878527405,-0.22243854132870966,85.5
TIAUSDT,1h,carry,funding_pct,"{""lb"": 500, ""hi"": 0.8}",-2.8612995047690077,-3.708083286898398,-0.5878795217251871,167.0
TIAUSDT,1h,carry,funding_pct,"{""lb"": 500, ""hi"": 0.9}",-2.8760521535635792,-3.6893617128131426,-0.4049051385965312,84.0
TIAUSDT,1h,carry,funding_pct,"{""lb"": 500, ""hi"": 0.95}",-1.1943714777418941,-3.0010240445591556,-0.2749304217136114,52.0
TIAUSDT,1h,carry,funding_mom,"{""lb"": 24}",-4.520974674400656,-5.5558798783359125,-0.908599845737979,443.5
TIAUSDT,1h,carry,funding_mom,"{""lb"": 100}",-3.6078776403477457,-4.462591506313434,-0.864787517632586,411.5
TIAUSDT,1h,carry,funding_mom,"{""lb"": 500}",-4.340890930588565,-4.098014629899937,-0.845416609149776,421.5
TIAUSDT,1h,carry,funding_price_div,"{""lb"": 24}",-4.305643169154681,-7.912358182128511,-0.8860164157077554,359.0
TIAUSDT,1h,carry,funding_price_div,"{""lb"": 100}",-4.127641134515822,-4.826336021021334,-0.7537554215114635,267.5
TIAUSDT,1h,carry,funding_price_div,"{""lb"": 500}",-3.5788466029935537,-4.3667608242313305,-0.7244469212979093,242.0
TIAUSDT,1h,ichimoku,cloud,"{""tenkan"": 9, ""kijun"": 26, ""senkou"": 52, ""disp"": 26}",-1.2132908915198946,-3.625987674662598,-0.7984261904812971,223.5
TIAUSDT,1h,ichimoku,cloud_fast,"{""tenkan"": 7, ""kijun"": 14, ""senkou"": 28, ""disp"": 14}",-2.4655055145667744,-5.263621420799646,-0.8935068886949689,312.5
TIAUSDT,1h,ichimoku,cloud_slow,"{""tenkan"": 12, ""kijun"": 24, ""senkou"": 52, ""disp"": 24}",-1.2554295628444156,-4.017812148546547,-0.825636999081935,237.5
TIAUSDT,1h,ichimoku,tk,"{""tenkan"": 9, ""kijun"": 26}",-1.9777187163400445,-3.5264277606948213,-0.804667293504829,217.5
TIAUSDT,1h,ichimoku,combo,"{""tenkan"": 9, ""kijun"": 26, ""senkou"": 52, ""disp"": 26}",-2.1515251530503443,-3.3478967312696106,-0.7258877562092383,205.5
UNIUSDT,1d,trend,ema_cross,"{""fast"": 10, ""slow"": 50}",0.40535572159103567,0.64196500408023,0.19462357231615668,10.5
UNIUSDT,1d,trend,ema_cross,"{""fast"": 10, ""slow"": 100}",-0.06506984388881173,0.26840437126752437,-0.3708911799906077,4.5
UNIUSDT,1d,trend,ema_cross,"{""fast"": 10, ""slow"": 200}",-0.47806501316826827,-0.002951962723047633,-0.6024161066239138,3.5
UNIUSDT,1d,trend,ema_cross,"{""fast"": 20, ""slow"": 50}",0.2791784473629062,0.8205322615857017,0.6143717707919689,6.5
UNIUSDT,1d,trend,ema_cross,"{""fast"": 20, ""slow"": 100}",-0.3058575892080821,0.1511957846165656,-0.48465896441650547,4.5
UNIUSDT,1d,trend,ema_cross,"{""fast"": 20, ""slow"": 200}",-0.39645548752779536,-0.02542070044857958,-0.617358116526868,3.5
UNIUSDT,1d,trend,ema_cross,"{""fast"": 50, ""slow"": 100}",-0.1302605882831788,0.12981345649866857,-0.5029737020567981,3.5
UNIUSDT,1d,trend,ema_cross,"{""fast"": 50, ""slow"": 200}",-0.04606890150065538,-0.7404933826944796,-0.8868559940739394,3.5
UNIUSDT,1d,trend,ema_slope,"{""span"": 20, ""thr"": 0.0}",-0.07225259825334991,-0.18100661495897657,-0.6824209313103192,72.5
UNIUSDT,1d,trend,ema_slope,"{""span"": 20, ""thr"": 0.001}",-0.08043698110251116,-0.45309262152052227,-0.7880539496801173,73.5
UNIUSDT,1d,trend,ema_slope,"{""span"": 20, ""thr"": 0.005}",-0.3444854093118013,-0.34818485708972174,-0.6630522030326857,70.5
UNIUSDT,1d,trend,ema_slope,"{""span"": 50, ""thr"": 0.0}",-0.15537150135358874,-0.5862623624206211,-0.8491693038633727,54.5
UNIUSDT,1d,trend,ema_slope,"{""span"": 50, ""thr"": 0.001}",-0.0993988410160402,-0.5326206132520616,-0.8208106966156341,52.5
UNIUSDT,1d,trend,ema_slope,"{""span"": 50, ""thr"": 0.005}",-0.8690257933066077,-0.5532628488927936,-0.6503460797451849,31.0
UNIUSDT,1d,trend,ema_slope,"{""span"": 100, ""thr"": 0.0}",-0.47346276032054657,0.0021636997009017306,-0.5942213284996679,24.5
UNIUSDT,1d,trend,ema_slope,"{""span"": 100, ""thr"": 0.001}",-0.13124796865853264,-0.2637991082899618,-0.7100845333456572,24.5
UNIUSDT,1d,trend,ema_slope,"{""span"": 100, ""thr"": 0.005}",-0.11842074531850062,-0.9044664085216867,-0.6954510396703665,25.0
UNIUSDT,1d,trend,price_ema,"{""span"": 20, ""thr"": 0.0}",-0.07225259825334991,-0.18100661495897657,-0.6824209313103192,72.5
UNIUSDT,1d,trend,price_ema,"{""span"": 20, ""thr"": 0.02}",-0.26303230671918676,-0.31493823647445673,-0.721903465229548,69.5
UNIUSDT,1d,trend,price_ema,"{""span"": 20, ""thr"": 0.05}",-0.4343617035701539,-0.4075553072582759,-0.6847971750714261,72.5
UNIUSDT,1d,trend,price_ema,"{""span"": 50, ""thr"": 0.0}",-0.15537150135358874,-0.5862623624206211,-0.8491693038633727,54.5
UNIUSDT,1d,trend,price_ema,"{""span"": 50, ""thr"": 0.02}",-0.031190883976052075,-0.5355833880216715,-0.8245359912925507,53.5
UNIUSDT,1d,trend,price_ema,"{""span"": 50, ""thr"": 0.05}",-0.004776925382123746,-0.22544951425357626,-0.6337046283494557,46.5
UNIUSDT,1d,trend,price_ema,"{""span"": 100, ""thr"": 0.0}",-0.47346276032054657,0.0021636997009017306,-0.5942213284996679,24.5
UNIUSDT,1d,trend,price_ema,"{""span"": 100, ""thr"": 0.02}",-0.46795659678048956,-0.15047769194906538,-0.6675835546256494,22.5
UNIUSDT,1d,trend,price_ema,"{""span"": 100, ""thr"": 0.05}",-0.11901391433877126,-0.2637991082899618,-0.7100845333456572,24.5
UNIUSDT,1d,trend,donchian,"{""lb"": 10}",-1.1220318347006966,-0.041203587807553226,-0.35642088847218145,96.0
UNIUSDT,1d,trend,donchian,"{""lb"": 20}",-0.9403209782340505,-0.7781674182049707,-0.5684493561857442,67.0
UNIUSDT,1d,trend,donchian,"{""lb"": 55}",-1.8389686213277172,-0.7444140721267332,-0.43050822128158417,40.0
UNIUSDT,1d,momentum,mom_ret,"{""lb"": 5, ""thr"": 0.0}",-0.9365186212752269,-0.29702511354152217,-0.7381012223165555,126.5
UNIUSDT,1d,momentum,mom_ret,"{""lb"": 5, ""thr"": 0.02}",-1.0040163710309453,-0.45587149209539457,-0.7517128124710252,124.0
UNIUSDT,1d,momentum,mom_ret,"{""lb"": 5, ""thr"": 0.05}",-0.9936424122316879,-0.6910994566727203,-0.7774238875156934,104.0
UNIUSDT,1d,momentum,mom_ret,"{""lb"": 10, ""thr"": 0.0}",-0.7708261442068922,-0.5705717642161444,-0.8364815072872289,76.5
UNIUSDT,1d,momentum,mom_ret,"{""lb"": 10, ""thr"": 0.02}",-1.2194962723081497,-0.38711049535390146,-0.7484143665733093,77.5
UNIUSDT,1d,momentum,mom_ret,"{""lb"": 10, ""thr"": 0.05}",-0.4363705191619458,-0.14975542858564075,-0.6088479865642116,73.0
UNIUSDT,1d,momentum,mom_ret,"{""lb"": 20, ""thr"": 0.0}",-0.0728740079951661,0.09890890870039311,-0.4917735785598636,58.5
UNIUSDT,1d,momentum,mom_ret,"{""lb"": 20, ""thr"": 0.02}",-0.10005941072209831,0.13514232079467528,-0.444903771956653,60.5
UNIUSDT,1d,momentum,mom_ret,"{""lb"": 20, ""thr"": 0.05}",0.23374279411812085,-0.391401883127758,-0.7206804900591669,58.5
UNIUSDT,1d,momentum,mom_ret,"{""lb"": 50, ""thr"": 0.0}",-0.5442125440908979,-0.20515129052854258,-0.7143372981639566,34.5
UNIUSDT,1d,momentum,mom_ret,"{""lb"": 50, ""thr"": 0.02}",-0.730821137561467,-0.14940885428318162,-0.6788464888184633,34.5
UNIUSDT,1d,momentum,mom_ret,"{""lb"": 50, ""thr"": 0.05}",-0.6286194987490811,0.015575635040434946,-0.5579531899933695,35.5
UNIUSDT,1d,meanrev,rsi,"{""ob"": 65, ""os_"": 20}",-0.6474371844130379,0.9581185215923378,0.7720454285029577,33.5
UNIUSDT,1d,meanrev,rsi,"{""ob"": 65, ""os_"": 30}",-0.6315652232415393,0.5035184339162704,0.23110270570293712,54.5
UNIUSDT,1d,meanrev,rsi,"{""ob"": 65, ""os_"": 35}",-0.6673013022740016,0.5792827066823892,0.3190102512847026,59.5
UNIUSDT,1d,meanrev,rsi,"{""ob"": 70, ""os_"": 20}",-0.47020980731765644,0.8161823181904364,0.5316763208751643,24.0
UNIUSDT,1d,meanrev,rsi,"{""ob"": 70, ""os_"": 30}",-0.4593884097546094,0.3273929355903235,0.06410977538174478,45.0
UNIUSDT,1d,meanrev,rsi,"{""ob"": 70, ""os_"": 35}",-0.5079579346896541,0.42390296502163594,0.14009310167129585,50.0
UNIUSDT,1d,meanrev,rsi,"{""ob"": 80, ""os_"": 20}",-0.45770154253249046,0.708919729800828,0.39251845517636386,16.0
UNIUSDT,1d,meanrev,rsi,"{""ob"": 80, ""os_"": 30}",-0.394957651218557,0.19686142927136666,-0.032568121373060976,37.0
UNIUSDT,1d,meanrev,rsi,"{""ob"": 80, ""os_"": 35}",-0.4470654246453537,0.3121287255455604,0.036511868114162516,42.0
UNIUSDT,1d,meanrev,zscore,"{""lb"": 20, ""z"": 1.5}",0.31241942045308374,-0.07086098085346702,-0.2760138023354989,50.0
UNIUSDT,1d,meanrev,zscore,"{""lb"": 20, ""z"": 2.0}",0.4444216146615823,0.9587311133707879,0.5348938741484701,35.0
UNIUSDT,1d,meanrev,zscore,"{""lb"": 20, ""z"": 2.5}",0.0628413523728962,1.2868484903168764,0.4236885265597954,11.0
UNIUSDT,1d,meanrev,zscore,"{""lb"": 50, ""z"": 1.5}",0.2961829837871301,0.414215237856279,0.14086702888338354,32.5
UNIUSDT,1d,meanrev,zscore,"{""lb"": 50, ""z"": 2.0}",0.2532998850786499,-0.025240925946195276,-0.11941528168683646,22.0
UNIUSDT,1d,meanrev,zscore,"{""lb"": 50, ""z"": 2.5}",1.1080097773654578,1.1886218686057586,0.5595321200738839,15.0
UNIUSDT,1d,meanrev,bb,"{""span"": 20, ""mult"": 1.5}",0.31241942045308374,-0.07086098085346702,-0.2760138023354989,50.0
UNIUSDT,1d,meanrev,bb,"{""span"": 20, ""mult"": 2.0}",0.4444216146615823,0.9587311133707879,0.5348938741484701,35.0
UNIUSDT,1d,meanrev,bb,"{""span"": 20, ""mult"": 2.5}",0.0628413523728962,1.2868484903168764,0.4236885265597954,11.0
UNIUSDT,1d,meanrev,bb,"{""span"": 50, ""mult"": 1.5}",0.2961829837871301,0.414215237856279,0.14086702888338354,32.5
UNIUSDT,1d,meanrev,bb,"{""span"": 50, ""mult"": 2.0}",0.2532998850786499,-0.025240925946195276,-0.11941528168683646,22.0
UNIUSDT,1d,meanrev,bb,"{""span"": 50, ""mult"": 2.5}",1.1080097773654578,1.1886218686057586,0.5595321200738839,15.0
UNIUSDT,1d,carry,funding,"{""thr"": 5e-05}",-1.21858765760056,0.15358610837446934,-0.3547497586116928,154.0
UNIUSDT,1d,carry,funding,"{""thr"": 0.0001}",-0.4569090947987799,-0.005485710498592789,-0.05880242704896088,17.0
UNIUSDT,1d,carry,funding,"{""thr"": 0.0002}",0.3561736609137629,-0.7078404692673274,-0.23217795765500393,3.0
UNIUSDT,1d,carry,funding,"{""thr"": 0.0005}",0.7578865368836858,-0.8302318912376342,-0.03192257513189445,1.0
UNIUSDT,1d,carry,funding_pct,"{""lb"": 100, ""hi"": 0.8}",-0.8247713093099499,-1.1512495227858301,-0.6907933718109797,121.0
UNIUSDT,1d,carry,funding_pct,"{""lb"": 100, ""hi"": 0.9}",-0.5537545965231916,-0.5204187353433102,-0.33993110781403524,57.0
UNIUSDT,1d,carry,funding_pct,"{""lb"": 100, ""hi"": 0.95}",-0.9261759287046456,-0.3742788655161758,-0.21453979467680018,37.0
UNIUSDT,1d,carry,funding_pct,"{""lb"": 500, ""hi"": 0.8}",-1.0644986550203215,-0.463110692529241,-0.497672011716087,111.0
UNIUSDT,1d,carry,funding_pct,"{""lb"": 500, ""hi"": 0.9}",-1.0638333822804928,-0.3913232169535016,-0.3183461162241892,67.0
UNIUSDT,1d,carry,funding_pct,"{""lb"": 500, ""hi"": 0.95}",-0.6061714523448726,-0.11180729753885878,-0.08745685146119431,36.0
UNIUSDT,1d,carry,funding_mom,"{""lb"": 24}",-1.1002597251088269,-0.2863595891116138,-0.692553137462092,230.5
UNIUSDT,1d,carry,funding_mom,"{""lb"": 100}",-1.0755303202762723,-0.8877422129913747,-0.8877334263779437,176.5
UNIUSDT,1d,carry,funding_mom,"{""lb"": 500}",-1.3570744457383994,-0.12013975013437819,-0.5769721230660049,155.5
UNIUSDT,1d,carry,funding_price_div,"{""lb"": 24}",-0.4395826035163481,-0.05704554568282783,-0.2899305626846451,111.0
UNIUSDT,1d,carry,funding_price_div,"{""lb"": 100}",-1.2615474925658596,-1.1400247215322001,-0.7925989946674062,90.5
UNIUSDT,1d,carry,funding_price_div,"{""lb"": 500}",-1.7469734427046708,-1.696255983856474,-0.7296818068845228,73.5
UNIUSDT,1d,ichimoku,cloud,"{""tenkan"": 9, ""kijun"": 26, ""senkou"": 52, ""disp"": 26}",-0.04641740168580498,0.3721279762826331,-0.1254186587427233,25.5
UNIUSDT,1d,ichimoku,cloud_fast,"{""tenkan"": 7, ""kijun"": 14, ""senkou"": 28, ""disp"": 14}",0.40876913815627614,-0.21369457754996052,-0.6788187152108031,50.5
UNIUSDT,1d,ichimoku,cloud_slow,"{""tenkan"": 12, ""kijun"": 24, ""senkou"": 52, ""disp"": 24}",0.009386641724308033,0.44907392155819165,-0.04661936560981306,30.5
UNIUSDT,1d,ichimoku,tk,"{""tenkan"": 9, ""kijun"": 26}",0.8537429204020878,-0.6311902876269777,-0.8514465717612923,37.5
UNIUSDT,1d,ichimoku,combo,"{""tenkan"": 9, ""kijun"": 26, ""senkou"": 52, ""disp"": 26}",0.24966585686880924,-0.017567740407155873,-0.44474216088386354,26.5
UNIUSDT,4h,trend,ema_cross,"{""fast"": 10, ""slow"": 50}",0.10729412601257793,-2.564137003491136,-0.6340312486257048,37.5
UNIUSDT,4h,trend,ema_cross,"{""fast"": 10, ""slow"": 100}",0.6710304436649613,-2.191748186967065,-0.5845561326967589,21.5
UNIUSDT,4h,trend,ema_cross,"{""fast"": 10, ""slow"": 200}",0.03876892107584267,-2.231688079674187,-0.5897440896321957,19.5
UNIUSDT,4h,trend,ema_cross,"{""fast"": 20, ""slow"": 50}",0.5223536326723219,-2.0272726652139164,-0.5610486384974266,23.5
UNIUSDT,4h,trend,ema_cross,"{""fast"": 20, ""slow"": 100}",-0.16603070719052584,-1.4494442759746538,-0.46513096668091236,13.5
UNIUSDT,4h,trend,ema_cross,"{""fast"": 20, ""slow"": 200}",-0.9605395230739607,-1.4279485229007463,-0.46151881432599784,9.5
UNIUSDT,4h,trend,ema_cross,"{""fast"": 50, ""slow"": 100}",-0.6667577112456154,-1.7894840601768702,-0.523919305316042,13.5
UNIUSDT,4h,trend,ema_cross,"{""fast"": 50, ""slow"": 200}",-0.3818979786370249,-0.7526493982927731,-0.32146577343412686,7.5
UNIUSDT,4h,trend,ema_slope,"{""span"": 20, ""thr"": 0.0}",-1.5766342459095581,-2.452905043894017,-0.6215224141969948,138.5
UNIUSDT,4h,trend,ema_slope,"{""span"": 20, ""thr"": 0.001}",-2.6085705118468554,-3.3515108959051845,-0.6666498936352605,133.5
UNIUSDT,4h,trend,ema_slope,"{""span"": 20, ""thr"": 0.005}",-0.08180640129982467,-0.11917512848924577,-0.045567078415240214,28.0
UNIUSDT,4h,trend,ema_slope,"{""span"": 50, ""thr"": 0.0}",-0.20018121037251776,-2.1397590362526793,-0.5775015828249442,103.5
UNIUSDT,4h,trend,ema_slope,"{""span"": 50, ""thr"": 0.001}",-0.9918981458519004,-0.7563685755383401,-0.26215412751355716,67.5
UNIUSDT,4h,trend,ema_slope,"{""span"": 50, ""thr"": 0.005}",-0.9135451925052445,0.0008378855075643181,-0.018361348209735118,6.0
UNIUSDT,4h,trend,ema_slope,"{""span"": 100, ""thr"": 0.0}",0.11630869252152307,-1.5855747645172544,-0.48941894693809007,61.5
UNIUSDT,4h,trend,ema_slope,"{""span"": 100, ""thr"": 0.001}",-0.17449187680468095,-1.2154343718102953,-0.3186037427601721,44.5
UNIUSDT,4h,trend,ema_slope,"{""span"": 100, ""thr"": 0.005}",-1.8627332026878338,-1.1382935448626492,-0.09073473241636987,1.0
UNIUSDT,4h,trend,price_ema,"{""span"": 20, ""thr"": 0.0}",-1.5766342459095581,-2.452905043894017,-0.6215224141969948,138.5
UNIUSDT,4h,trend,price_ema,"{""span"": 20, ""thr"": 0.02}",-2.091893330741543,-2.8022711981890516,-0.5485305759837633,105.5
UNIUSDT,4h,trend,price_ema,"{""span"": 20, ""thr"": 0.05}",0.040941202357674546,-0.40791845330599297,-0.0862159293115351,26.0
UNIUSDT,4h,trend,price_ema,"{""span"": 50, ""thr"": 0.0}",-0.20018121037251776,-2.1397590362526793,-0.5775015828249442,103.5
UNIUSDT,4h,trend,price_ema,"{""span"": 50, ""thr"": 0.02}",-1.1083962638988687,-1.2638410269043998,-0.375715422530982,75.5
UNIUSDT,4h,trend,price_ema,"{""span"": 50, ""thr"": 0.05}",-1.463279880543924,-1.686220234826714,-0.3259067988706559,50.0
UNIUSDT,4h,trend,price_ema,"{""span"": 100, ""thr"": 0.0}",0.11630869252152307,-1.5855747645172544,-0.48941894693809007,61.5
UNIUSDT,4h,trend,price_ema,"{""span"": 100, ""thr"": 0.02}",-0.16801787639527474,-1.3272909482715607,-0.39774185663540984,52.5
UNIUSDT,4h,trend,price_ema,"{""span"": 100, ""thr"": 0.05}",-0.17851519373139899,-1.210776373282956,-0.3175615633240949,43.5
UNIUSDT,4h,trend,donchian,"{""lb"": 10}",-0.5646510058175666,-2.8297873007664895,-0.4860832049796442,161.0
UNIUSDT,4h,trend,donchian,"{""lb"": 20}",-0.05169697472583218,-3.6364024534708173,-0.4944490779571149,113.0
UNIUSDT,4h,trend,donchian,"{""lb"": 55}",0.09631887141076365,-1.0454858514086898,-0.1755226439681229,62.0
UNIUSDT,4h,momentum,mom_ret,"{""lb"": 5, ""thr"": 0.0}",-1.6838855455092303,-3.0979515210790707,-0.6936164897300299,212.5
UNIUSDT,4h,momentum,mom_ret,"{""lb"": 5, ""thr"": 0.02}",-2.1347993278255313,-1.9651025687354018,-0.4433569407612835,144.0
UNIUSDT,4h,momentum,mom_ret,"{""lb"": 5, ""thr"": 0.05}",-0.8916819329028987,-0.8677240325605171,-0.17156935674343132,53.0
UNIUSDT,4h,momentum,mom_ret,"{""lb"": 10, ""thr"": 0.0}",-1.2737318035452354,-0.7451593477227676,-0.31992244578119444,143.5
UNIUSDT,4h,momentum,mom_ret,"{""lb"": 10, ""thr"": 0.02}",-1.7810400895567238,-2.1312756921310223,-0.5082675487058299,126.5
UNIUSDT,4h,momentum,mom_ret,"{""lb"": 10, ""thr"": 0.05}",-0.5316307277389931,-0.21439172912982415,-0.0981075347088669,60.0
UNIUSDT,4h,momentum,mom_ret,"{""lb"": 20, ""thr"": 0.0}",-1.9565804591392604,-3.408320640799075,-0.7265588640206779,111.5
UNIUSDT,4h,momentum,mom_ret,"{""lb"": 20, ""thr"": 0.02}",-1.2673683164013974,-3.0751559209454813,-0.6344347164816188,113.5
UNIUSDT,4h,momentum,mom_ret,"{""lb"": 20, ""thr"": 0.05}",-1.520183285892796,-1.756090119287593,-0.3737625763498511,68.0
UNIUSDT,4h,momentum,mom_ret,"{""lb"": 50, ""thr"": 0.0}",1.5086688978041138,-0.4258502581774521,-0.242076628124701,65.5
UNIUSDT,4h,momentum,mom_ret,"{""lb"": 50, ""thr"": 0.02}",1.3096438854063455,0.08093075394035155,-0.08266477993018662,55.5
UNIUSDT,4h,momentum,mom_ret,"{""lb"": 50, ""thr"": 0.05}",0.5103693734592627,-0.1845679165241577,-0.13309468514357126,55.0
UNIUSDT,4h,meanrev,rsi,"{""ob"": 65, ""os_"": 20}",0.15026020369722917,-0.9499219458652383,-0.20332752057219894,53.0
UNIUSDT,4h,meanrev,rsi,"{""ob"": 65, ""os_"": 30}",-0.06775963553558116,-0.7530870255359207,-0.19543898818059258,78.0
UNIUSDT,4h,meanrev,rsi,"{""ob"": 65, ""os_"": 35}",-0.4477023877579404,-0.8772818781251273,-0.23603892927035397,90.0
UNIUSDT,4h,meanrev,rsi,"{""ob"": 70, ""os_"": 20}",-0.22136489710549345,-0.7962407267647571,-0.1569853593488154,41.0
UNIUSDT,4h,meanrev,rsi,"{""ob"": 70, ""os_"": 30}",-0.40569710614486315,-0.5877701803417855,-0.148637953769862,66.0
UNIUSDT,4h,meanrev,rsi,"{""ob"": 70, ""os_"": 35}",-0.7695436703858757,-0.7313635566879396,-0.1915995793212124,78.0
UNIUSDT,4h,meanrev,rsi,"{""ob"": 80, ""os_"": 20}",1.2005461710265246,-0.2769336846525429,-0.04897975002402799,19.0
UNIUSDT,4h,meanrev,rsi,"{""ob"": 80, ""os_"": 30}",0.4251764904095724,-0.08307596006195604,-0.03956288896665017,44.0
UNIUSDT,4h,meanrev,rsi,"{""ob"": 80, ""os_"": 35}",-0.220721631446694,-0.3088433929537682,-0.08802868528978336,56.0
UNIUSDT,4h,meanrev,zscore,"{""lb"": 20, ""z"": 1.5}",-1.84804764946342,-1.0043429022096317,-0.22647425689358736,94.0
UNIUSDT,4h,meanrev,zscore,"{""lb"": 20, ""z"": 2.0}",-1.938031383331145,-1.2304461156330795,-0.18308373754869134,52.0
UNIUSDT,4h,meanrev,zscore,"{""lb"": 20, ""z"": 2.5}",-1.5768542251492599,-1.3962896745112559,-0.09365250579706652,26.0
UNIUSDT,4h,meanrev,zscore,"{""lb"": 50, ""z"": 1.5}",-0.8590548709518154,-1.7555828524146582,-0.33105061217465026,53.0
UNIUSDT,4h,meanrev,zscore,"{""lb"": 50, ""z"": 2.0}",-1.4017516739777731,-1.331848654139332,-0.22335525654746735,31.0
UNIUSDT,4h,meanrev,zscore,"{""lb"": 50, ""z"": 2.5}",-0.704189258435508,-1.928345975158774,-0.24633661850451838,21.0
UNIUSDT,4h,meanrev,bb,"{""span"": 20, ""mult"": 1.5}",-1.84804764946342,-1.0043429022096317,-0.22647425689358736,94.0
UNIUSDT,4h,meanrev,bb,"{""span"": 20, ""mult"": 2.0}",-1.938031383331145,-1.2304461156330795,-0.18308373754869134,52.0
UNIUSDT,4h,meanrev,bb,"{""span"": 20, ""mult"": 2.5}",-1.5768542251492599,-1.3962896745112559,-0.09365250579706652,26.0
UNIUSDT,4h,meanrev,bb,"{""span"": 50, ""mult"": 1.5}",-0.8590548709518154,-1.7555828524146582,-0.33105061217465026,53.0
UNIUSDT,4h,meanrev,bb,"{""span"": 50, ""mult"": 2.0}",-1.4017516739777731,-1.331848654139332,-0.22335525654746735,31.0
UNIUSDT,4h,meanrev,bb,"{""span"": 50, ""mult"": 2.5}",-0.704189258435508,-1.928345975158774,-0.24633661850451838,21.0
UNIUSDT,4h,carry,funding,"{""thr"": 5e-05}",-0.9570132904579474,-1.9607299404120664,-0.45256609645230206,127.5
UNIUSDT,4h,carry,funding,"{""thr"": 0.0001}",-1.2840136986464348,-0.38626808258631173,-0.020424949192022313,12.0
UNIUSDT,4h,carry,funding,"{""thr"": 0.0002}",-0.8706760566998855,-1.8484801848831969,-0.05492046096860337,3.0
UNIUSDT,4h,carry,funding_pct,"{""lb"": 100, ""hi"": 0.8}",-2.1591335837051093,-2.5809576879631217,-0.42150213497266176,125.0
UNIUSDT,4h,carry,funding_pct,"{""lb"": 100, ""hi"": 0.9}",-1.9054146204339861,-1.674173562731718,-0.14822569389935836,49.0
UNIUSDT,4h,carry,funding_pct,"{""lb"": 100, ""hi"": 0.95}",-1.0462168454506822,-2.653965437341886,-0.15927906044817985,30.0
UNIUSDT,4h,carry,funding_pct,"{""lb"": 500, ""hi"": 0.8}",-0.9840248623161134,-2.6110581719630273,-0.4327500847869019,117.0
UNIUSDT,4h,carry,funding_pct,"{""lb"": 500, ""hi"": 0.9}",-3.3601287389980308,-1.5766901384650924,-0.13887578265068312,33.0
UNIUSDT,4h,carry,funding_pct,"{""lb"": 500, ""hi"": 0.95}",-3.5749619809425526,-2.5357765343217102,-0.12442511056535477,13.0
UNIUSDT,4h,carry,funding_mom,"{""lb"": 24}",-2.3671688363612673,-3.494841388940014,-0.7176681265411168,201.5
UNIUSDT,4h,carry,funding_mom,"{""lb"": 100}",-0.10125163431978129,-4.698309584380041,-0.8190009699563779,202.0
UNIUSDT,4h,carry,funding_mom,"{""lb"": 500}",1.3574420158481613,-3.2989075011296225,-0.701169142440746,192.0
UNIUSDT,4h,carry,funding_price_div,"{""lb"": 24}",-2.613247227711823,-5.310051462036562,-0.703425875301694,145.0
UNIUSDT,4h,carry,funding_price_div,"{""lb"": 100}",0.5091419281752678,-3.4604159670222434,-0.5372973380635636,116.0
UNIUSDT,4h,carry,funding_price_div,"{""lb"": 500}",1.4245949290485531,-2.960651345178448,-0.5004054721072193,102.0
UNIUSDT,4h,ichimoku,cloud,"{""tenkan"": 9, ""kijun"": 26, ""senkou"": 52, ""disp"": 26}",0.08858025534057525,0.07445953518319655,-0.08954227703178452,49.5
UNIUSDT,4h,ichimoku,cloud_fast,"{""tenkan"": 7, ""kijun"": 14, ""senkou"": 28, ""disp"": 14}",-0.9936328890101374,-2.822694827814565,-0.6437832898600605,84.5
UNIUSDT,4h,ichimoku,cloud_slow,"{""tenkan"": 12, ""kijun"": 24, ""senkou"": 52, ""disp"": 24}",-0.1811175831333044,-0.4307546640978194,-0.2288128156623046,53.5
UNIUSDT,4h,ichimoku,tk,"{""tenkan"": 9, ""kijun"": 26}",-0.5955275936272036,-1.4946594495370376,-0.45832030212251185,43.0
UNIUSDT,4h,ichimoku,combo,"{""tenkan"": 9, ""kijun"": 26, ""senkou"": 52, ""disp"": 26}",-0.009148283557645465,-0.49453658842133946,-0.19534128354751168,37.0
UNIUSDT,1h,trend,ema_cross,"{""fast"": 10, ""slow"": 50}",-3.1683396993784116,-1.9899834821629188,-0.5673580612510029,110.5
UNIUSDT,1h,trend,ema_cross,"{""fast"": 10, ""slow"": 100}",-1.6213472336665795,-1.3253106467201274,-0.45266032949884494,74.5
UNIUSDT,1h,trend,ema_cross,"{""fast"": 10, ""slow"": 200}",-0.1483794974710406,-1.493125552216956,-0.484200763988638,61.5
UNIUSDT,1h,trend,ema_cross,"{""fast"": 20, ""slow"": 50}",-2.0986353715706936,-1.71293186697003,-0.5226112829904832,78.5
UNIUSDT,1h,trend,ema_cross,"{""fast"": 20, ""slow"": 100}",-1.1133421990054564,-1.440861691795446,-0.4752876817784809,62.5
UNIUSDT,1h,trend,ema_cross,"{""fast"": 20, ""slow"": 200}",0.6732024680695154,-1.1094170162704848,-0.4099110242224986,45.5
UNIUSDT,1h,trend,ema_cross,"{""fast"": 50, ""slow"": 100}",0.04264924102000028,-1.4334292091194203,-0.47282907153575926,41.5
UNIUSDT,1h,trend,ema_cross,"{""fast"": 50, ""slow"": 200}",0.8048318026322726,-2.407545763084245,-0.6248209855075674,29.5
UNIUSDT,1h,trend,ema_slope,"{""span"": 20, ""thr"": 0.0}",-4.469964789475692,-5.521287627879511,-0.8777621851509372,507.5
UNIUSDT,1h,trend,ema_slope,"{""span"": 20, ""thr"": 0.001}",-3.682592268818335,-4.8591613869179,-0.7669905070669337,370.0
UNIUSDT,1h,trend,ema_slope,"{""span"": 20, ""thr"": 0.005}",-1.2114934510095576,-1.9200715758188194,-0.2006834924199028,34.0
UNIUSDT,1h,trend,ema_slope,"{""span"": 50, ""thr"": 0.0}",-3.6884074829916,-3.7948170389878357,-0.7718301499549561,310.5
UNIUSDT,1h,trend,ema_slope,"{""span"": 50, ""thr"": 0.001}",-2.4143010253657198,-4.414452173774972,-0.6711690580213927,192.0
UNIUSDT,1h,trend,ema_slope,"{""span"": 50, ""thr"": 0.005}",-0.9677917762518837,0.1876723481883011,0.007500112977708362,4.0
UNIUSDT,1h,trend,ema_slope,"{""span"": 100, ""thr"": 0.0}",-2.8101077620412966,-3.216176447288389,-0.7199308648156055,246.5
UNIUSDT,1h,trend,ema_slope,"{""span"": 100, ""thr"": 0.001}",-1.9641005725465837,-0.8011686211888066,-0.18334271315607165,65.0
UNIUSDT,1h,trend,ema_slope,"{""span"": 100, ""thr"": 0.005}",-1.736944554975506,-2.5619382268466575,-0.09364004376280621,3.0
UNIUSDT,1h,trend,price_ema,"{""span"": 20, ""thr"": 0.0}",-4.469964789475692,-5.521287627879511,-0.8777621851509372,507.5
UNIUSDT,1h,trend,price_ema,"{""span"": 20, ""thr"": 0.02}",-2.538887568461786,-4.668402340135537,-0.6541737094947907,192.0
UNIUSDT,1h,trend,price_ema,"{""span"": 20, ""thr"": 0.05}",-0.8300412948912571,-1.1175545159630513,-0.12006664497567376,26.0
UNIUSDT,1h,trend,price_ema,"{""span"": 50, ""thr"": 0.0}",-3.6884074829916,-3.7948170389878357,-0.7718301499549561,310.5
UNIUSDT,1h,trend,price_ema,"{""span"": 50, ""thr"": 0.02}",-2.61892745987511,-4.696026645644531,-0.7253604819379962,237.0
UNIUSDT,1h,trend,price_ema,"{""span"": 50, ""thr"": 0.05}",-2.1047126929626088,-1.8984560215489918,-0.2875231866958181,53.0
UNIUSDT,1h,trend,price_ema,"{""span"": 100, ""thr"": 0.0}",-2.8101077620412966,-3.216176447288389,-0.7199308648156055,246.5
UNIUSDT,1h,trend,price_ema,"{""span"": 100, ""thr"": 0.02}",-2.925466693981198,-4.519650070040828,-0.7436638823882018,215.0
UNIUSDT,1h,trend,price_ema,"{""span"": 100, ""thr"": 0.05}",-1.8974657910539274,-0.7504149116338724,-0.17383887004576548,63.0
UNIUSDT,1h,trend,donchian,"{""lb"": 10}",-6.235567084684232,-12.451147815565898,-0.9305541825507597,648.0
UNIUSDT,1h,trend,donchian,"{""lb"": 20}",-5.103379204874893,-8.849716696565041,-0.813073489140021,445.0
UNIUSDT,1h,trend,donchian,"{""lb"": 55}",-2.6115801123998637,-7.068656661950833,-0.6677878814718334,252.0
UNIUSDT,1h,momentum,mom_ret,"{""lb"": 5, ""thr"": 0.0}",-6.746077016693449,-8.129603004927567,-0.9517142230494109,826.5
UNIUSDT,1h,momentum,mom_ret,"{""lb"": 5, ""thr"": 0.02}",-2.3593464020923562,-6.33201005338869,-0.7399173335007725,301.0
UNIUSDT,1h,momentum,mom_ret,"{""lb"": 5, ""thr"": 0.05}",-0.1485090801452181,-3.435238678691258,-0.2957444106815711,45.0
UNIUSDT,1h,momentum,mom_ret,"{""lb"": 10, ""thr"": 0.0}",-5.234061415045009,-5.060182692852064,-0.8543436712272414,543.5
UNIUSDT,1h,momentum,mom_ret,"{""lb"": 10, ""thr"": 0.02}",-5.524444665218019,-4.884410804673411,-0.7259662685296906,324.0
UNIUSDT,1h,momentum,mom_ret,"{""lb"": 10, ""thr"": 0.05}",-2.694873097489988,-3.0125639583034807,-0.37285365576732465,81.0
UNIUSDT,1h,momentum,mom_ret,"{""lb"": 20, ""thr"": 0.0}",-4.4502377722588715,-3.1401333890050545,-0.7107932752018303,380.5
UNIUSDT,1h,momentum,mom_ret,"{""lb"": 20, ""thr"": 0.02}",-4.242102911412535,-3.4995090537284774,-0.6614786560945515,297.0
UNIUSDT,1h,momentum,mom_ret,"{""lb"": 20, ""thr"": 0.05}",-2.2280688611241772,-3.2951352436138097,-0.49158304001255426,107.0
UNIUSDT,1h,momentum,mom_ret,"{""lb"": 50, ""thr"": 0.0}",-1.768655258272698,-3.293895814148499,-0.7266118364489816,283.5
UNIUSDT,1h,momentum,mom_ret,"{""lb"": 50, ""thr"": 0.02}",-2.8990298875098492,-3.027674993101253,-0.6459747588267402,220.5
UNIUSDT,1h,momentum,mom_ret,"{""lb"": 50, ""thr"": 0.05}",-1.7846419124985864,-2.858288160052866,-0.5183032915089801,144.0
UNIUSDT,1h,meanrev,rsi,"{""ob"": 65, ""os_"": 20}",-2.7948714420531466,-5.345784549398787,-0.6433322733379808,201.0
UNIUSDT,1h,meanrev,rsi,"{""ob"": 65, ""os_"": 30}",-3.3870986941719896,-6.09604213317472,-0.7413667226424553,263.0
UNIUSDT,1h,meanrev,rsi,"{""ob"": 65, ""os_"": 35}",-3.6462240637971584,-6.58506406913139,-0.7992713949474939,337.0
UNIUSDT,1h,meanrev,rsi,"{""ob"": 70, ""os_"": 20}",-2.8253664804033853,-3.9136494118994634,-0.46379945081789986,184.0
UNIUSDT,1h,meanrev,rsi,"{""ob"": 70, ""os_"": 30}",-3.42355942451292,-4.88407191428853,-0.6111806732452264,246.0
UNIUSDT,1h,meanrev,rsi,"{""ob"": 70, ""os_"": 35}",-3.676763362737961,-5.486210476943928,-0.6982323316073333,320.0
UNIUSDT,1h,meanrev,rsi,"{""ob"": 80, ""os_"": 20}",-2.2221100045594544,-4.386115557555452,-0.3572083229666486,90.0
UNIUSDT,1h,meanrev,rsi,"{""ob"": 80, ""os_"": 30}",-2.941468869488283,-5.130689296048058,-0.5338874093118451,152.0
UNIUSDT,1h,meanrev,rsi,"{""ob"": 80, ""os_"": 35}",-3.2339279608601554,-5.650815612067664,-0.6382440377272134,226.0
UNIUSDT,1h,meanrev,zscore,"{""lb"": 20, ""z"": 1.5}",-6.454378520310378,-6.981416522436696,-0.7761720741402808,360.0
UNIUSDT,1h,meanrev,zscore,"{""lb"": 20, ""z"": 2.0}",-5.672082970484941,-6.282952654368988,-0.6255077277082757,210.0
UNIUSDT,1h,meanrev,zscore,"{""lb"": 20, ""z"": 2.5}",-3.9852817903740543,-4.4903914864601004,-0.35012069244636035,105.0
UNIUSDT,1h,meanrev,zscore,"{""lb"": 50, ""z"": 1.5}",-3.5732421742108285,-4.10978821122606,-0.627614497980442,239.0
UNIUSDT,1h,meanrev,zscore,"{""lb"": 50, ""z"": 2.0}",-3.201188864147813,-3.377522422826561,-0.435711134682238,152.0
UNIUSDT,1h,meanrev,zscore,"{""lb"": 50, ""z"": 2.5}",-3.090888903363327,-2.473230636979127,-0.24691904577919088,77.0
UNIUSDT,1h,meanrev,bb,"{""span"": 20, ""mult"": 1.5}",-6.454378520310378,-6.981416522436696,-0.7761720741402808,360.0
UNIUSDT,1h,meanrev,bb,"{""span"": 20, ""mult"": 2.0}",-5.672082970484941,-6.282952654368988,-0.6255077277082757,210.0
UNIUSDT,1h,meanrev,bb,"{""span"": 20, ""mult"": 2.5}",-3.9852817903740543,-4.4903914864601004,-0.35012069244636035,105.0
UNIUSDT,1h,meanrev,bb,"{""span"": 50, ""mult"": 1.5}",-3.5732421742108285,-4.10978821122606,-0.627614497980442,239.0
UNIUSDT,1h,meanrev,bb,"{""span"": 50, ""mult"": 2.0}",-3.201188864147813,-3.377522422826561,-0.435711134682238,152.0
UNIUSDT,1h,meanrev,bb,"{""span"": 50, ""mult"": 2.5}",-3.090888903363327,-2.473230636979127,-0.24691904577919088,77.0
UNIUSDT,1h,carry,funding,"{""thr"": 5e-05}",-0.4013915878482719,-1.9137138466555992,-0.45403272263474614,127.5
UNIUSDT,1h,carry,funding,"{""thr"": 0.0001}",0.37198196486030205,-1.138345470706685,-0.05949779556003065,12.0
UNIUSDT,1h,carry,funding,"{""thr"": 0.0002}",-0.11098859010286166,-1.618783707466962,-0.05006224295518247,3.0
UNIUSDT,1h,carry,funding_pct,"{""lb"": 100, ""hi"": 0.8}",-1.2828103706606833,-2.9115270662118835,-0.44899319026347684,148.0
UNIUSDT,1h,carry,funding_pct,"{""lb"": 100, ""hi"": 0.9}",-1.752327773599246,-5.187931654529262,-0.5272238232437951,95.0
UNIUSDT,1h,carry,funding_pct,"{""lb"": 100, ""hi"": 0.95}",-2.818572319584424,-4.206842581563719,-0.3743064697871826,63.0
UNIUSDT,1h,carry,funding_pct,"{""lb"": 500, ""hi"": 0.8}",-1.4315494645685953,-2.3869579360675313,-0.4083649914327715,124.0
UNIUSDT,1h,carry,funding_pct,"{""lb"": 500, ""hi"": 0.9}",-1.225876471447095,-2.12739288564566,-0.21910790508132005,49.0
UNIUSDT,1h,carry,funding_pct,"{""lb"": 500, ""hi"": 0.95}",-0.8780627199126423,-1.8686840717049442,-0.13883121063374182,26.0
UNIUSDT,1h,carry,funding_mom,"{""lb"": 24}",-2.362093172950231,-3.6297136817362246,-0.747474429129158,256.0
UNIUSDT,1h,carry,funding_mom,"{""lb"": 100}",-0.938020378910217,-3.2829298301795524,-0.7149485435168766,244.5
UNIUSDT,1h,carry,funding_mom,"{""lb"": 500}",-3.576740225632292,-4.2440054598608565,-0.7991876412851997,278.5
UNIUSDT,1h,carry,funding_price_div,"{""lb"": 24}",-3.193766330800306,-5.749133176904354,-0.7370060570348462,285.0
UNIUSDT,1h,carry,funding_price_div,"{""lb"": 100}",-1.0894941850360995,-5.859340837806045,-0.7664448970005185,228.0
UNIUSDT,1h,carry,funding_price_div,"{""lb"": 500}",-1.7640152739620942,-4.326158548614893,-0.6380515818706912,166.0
UNIUSDT,1h,ichimoku,cloud,"{""tenkan"": 9, ""kijun"": 26, ""senkou"": 52, ""disp"": 26}",-2.5712694352148997,-2.7682852823947885,-0.6388363620075017,192.5
UNIUSDT,1h,ichimoku,cloud_fast,"{""tenkan"": 7, ""kijun"": 14, ""senkou"": 28, ""disp"": 14}",-3.6611601710594934,-3.775854055302357,-0.747354402372246,307.5
UNIUSDT,1h,ichimoku,cloud_slow,"{""tenkan"": 12, ""kijun"": 24, ""senkou"": 52, ""disp"": 24}",-2.766464956549911,-3.0194597538142856,-0.6705360408741114,209.5
UNIUSDT,1h,ichimoku,tk,"{""tenkan"": 9, ""kijun"": 26}",-2.762456723796073,-3.0515770128419653,-0.6931264207062049,202.5
UNIUSDT,1h,ichimoku,combo,"{""tenkan"": 9, ""kijun"": 26, ""senkou"": 52, ""disp"": 26}",-2.725726556573593,-3.768605214522475,-0.6941294701076545,184.5
XRPUSDT,1d,trend,ema_cross,"{""fast"": 10, ""slow"": 50}",-0.6782937352579416,-0.015643020297410305,-0.4348074134139849,17.5
XRPUSDT,1d,trend,ema_cross,"{""fast"": 10, ""slow"": 100}",-0.2795239863423843,0.4040343230781768,0.008221970509132204,7.5
XRPUSDT,1d,trend,ema_cross,"{""fast"": 10, ""slow"": 200}",-0.04534202648451659,0.8941333867545226,0.9343881128257367,1.5
XRPUSDT,1d,trend,ema_cross,"{""fast"": 20, ""slow"": 50}",-0.8989084559783986,0.21852967410297713,-0.22897404716580483,11.5
XRPUSDT,1d,trend,ema_cross,"{""fast"": 20, ""slow"": 100}",-0.06696106144671335,0.33632553600629866,-0.07877584428902251,5.5
XRPUSDT,1d,trend,ema_cross,"{""fast"": 20, ""slow"": 200}",-0.22888486762786633,0.8631984330073258,0.8568261122541305,1.5
XRPUSDT,1d,trend,ema_cross,"{""fast"": 50, ""slow"": 100}",-0.20259209190572955,0.17858306181698264,-0.2521128426158866,5.5
XRPUSDT,1d,trend,ema_cross,"{""fast"": 50, ""slow"": 200}",-0.1291588775382481,0.8569442128305101,0.8410022489354898,1.5
XRPUSDT,1d,trend,ema_slope,"{""span"": 20, ""thr"": 0.0}",-0.6965318380600566,-0.6860797902697139,-0.7692442211763783,80.5
XRPUSDT,1d,trend,ema_slope,"{""span"": 20, ""thr"": 0.001}",-0.6995278703982761,-0.7955978011629237,-0.7864555662776016,85.0
XRPUSDT,1d,trend,ema_slope,"{""span"": 20, ""thr"": 0.005}",-0.11569588451282739,-0.7753312345332054,-0.7075867866657825,56.0
XRPUSDT,1d,trend,ema_slope,"{""span"": 50, ""thr"": 0.0}",-1.019983425431413,-0.8854537247412555,-0.8233668960613236,55.5
XRPUSDT,1d,trend,ema_slope,"{""span"": 50, ""thr"": 0.001}",-0.45641650856543764,-0.7449035931109078,-0.7652406125937318,51.5
XRPUSDT,1d,trend,ema_slope,"{""span"": 50, ""thr"": 0.005}",-0.38605945981101336,-0.661227923932441,-0.6331659731753332,32.0
XRPUSDT,1d,trend,ema_slope,"{""span"": 100, ""thr"": 0.0}",-1.031810977376722,-0.5166502427574692,-0.7117640302249135,33.5
XRPUSDT,1d,trend,ema_slope,"{""span"": 100, ""thr"": 0.001}",-1.115214653499844,-0.14007406907467573,-0.43775800375455154,30.5
XRPUSDT,1d,trend,ema_slope,"{""span"": 100, ""thr"": 0.005}",0.3176766864610403,0.14704637089262435,-0.08555988206048037,10.0
XRPUSDT,1d,trend,price_ema,"{""span"": 20, ""thr"": 0.0}",-0.6965318380600566,-0.6860797902697139,-0.7692442211763783,80.5
XRPUSDT,1d,trend,price_ema,"{""span"": 20, ""thr"": 0.02}",-0.2939011924486177,-0.8258160815589052,-0.7767719481231362,80.0
XRPUSDT,1d,trend,price_ema,"{""span"": 20, ""thr"": 0.05}",-0.12091258665720651,-0.6750061546405114,-0.6657915690892791,53.0
XRPUSDT,1d,trend,price_ema,"{""span"": 50, ""thr"": 0.0}",-1.019983425431413,-0.8854537247412555,-0.8233668960613236,55.5
XRPUSDT,1d,trend,price_ema,"{""span"": 50, ""thr"": 0.02}",-0.7870736848952218,-0.5629724759545971,-0.7097293407707336,52.5
XRPUSDT,1d,trend,price_ema,"{""span"": 50, ""thr"": 0.05}",-0.5040258395362731,-0.42325113029961353,-0.6102921453518975,41.0
XRPUSDT,1d,trend,price_ema,"{""span"": 100, ""thr"": 0.0}",-1.031810977376722,-0.5166502427574692,-0.7117640302249135,33.5
XRPUSDT,1d,trend,price_ema,"{""span"": 100, ""thr"": 0.02}",-0.6462923473040583,-0.3045297829892834,-0.5978170493047756,30.5
XRPUSDT,1d,trend,price_ema,"{""span"": 100, ""thr"": 0.05}",-1.0292066093848922,-0.138704923259138,-0.4368615889423517,30.5
XRPUSDT,1d,trend,donchian,"{""lb"": 10}",-0.6202728903584623,0.596176957789589,0.33981998865330976,84.0
XRPUSDT,1d,trend,donchian,"{""lb"": 20}",-0.06236498281699151,0.37679871371971646,0.11201297248131681,56.0
XRPUSDT,1d,trend,donchian,"{""lb"": 55}",-0.5207828587158297,0.5157406491165667,0.2351539717199489,27.0
XRPUSDT,1d,momentum,mom_ret,"{""lb"": 5, ""thr"": 0.0}",0.19110929973129906,-0.4593753253297341,-0.6892937527268164,125.5
XRPUSDT,1d,momentum,mom_ret,"{""lb"": 5, ""thr"": 0.02}",-0.1782121400368963,-0.3880236079321241,-0.618791187599398,115.0
XRPUSDT,1d,momentum,mom_ret,"{""lb"": 5, ""thr"": 0.05}",0.10549340867584357,0.0710756534132168,-0.20854221459509714,87.0
XRPUSDT,1d,momentum,mom_ret,"{""lb"": 10, ""thr"": 0.0}",-0.44359791141881827,-0.5596337088630383,-0.7264444923456841,86.5
XRPUSDT,1d,momentum,mom_ret,"{""lb"": 10, ""thr"": 0.02}",-0.8207430549984558,-0.5220467163501781,-0.6930150288157205,88.0
XRPUSDT,1d,momentum,mom_ret,"{""lb"": 10, ""thr"": 0.05}",-0.13448250227027095,-1.183016343275935,-0.8423807550509097,94.0
XRPUSDT,1d,momentum,mom_ret,"{""lb"": 20, ""thr"": 0.0}",-0.4754416546000847,-0.5915737869873079,-0.738842180436396,76.5
XRPUSDT,1d,momentum,mom_ret,"{""lb"": 20, ""thr"": 0.02}",-0.5854172101316429,-0.4418662884524266,-0.6688987014865382,78.5
XRPUSDT,1d,momentum,mom_ret,"{""lb"": 20, ""thr"": 0.05}",-0.002134764711945148,-0.5276842512671814,-0.6671611252400955,62.5
XRPUSDT,1d,momentum,mom_ret,"{""lb"": 50, ""thr"": 0.0}",-0.79149765909932,-0.28310431274800685,-0.6060377524491718,31.5
XRPUSDT,1d,momentum,mom_ret,"{""lb"": 50, ""thr"": 0.02}",-1.4171315612398403,-0.46564040967383624,-0.681560023029759,42.5
XRPUSDT,1d,momentum,mom_ret,"{""lb"": 50, ""thr"": 0.05}",-1.3631837565579514,-0.48728420204078154,-0.6817297125805192,43.5
XRPUSDT,1d,meanrev,rsi,"{""ob"": 65, ""os_"": 20}",-0.972323579840969,-0.36762536868564993,-0.3866965806070459,32.0
XRPUSDT,1d,meanrev,rsi,"{""ob"": 65, ""os_"": 30}",-0.6183200957664703,0.2949224158326239,0.0017878540504452367,49.0
XRPUSDT,1d,meanrev,rsi,"{""ob"": 65, ""os_"": 35}",-0.4696219191447783,0.27588717663510626,-0.03453229140852998,51.0
XRPUSDT,1d,meanrev,rsi,"{""ob"": 70, ""os_"": 20}",-0.8157580816565477,-0.40987796100126317,-0.38378103776633055,24.0
XRPUSDT,1d,meanrev,rsi,"{""ob"": 70, ""os_"": 30}",-0.4498195055809379,0.2886505667442739,0.006550187527542661,41.0
XRPUSDT,1d,meanrev,rsi,"{""ob"": 70, ""os_"": 35}",-0.3076267794981126,0.26881020240195197,-0.029942617885248213,43.0
XRPUSDT,1d,meanrev,rsi,"{""ob"": 80, ""os_"": 20}",-1.3756878065743816,-0.7622370168446446,-0.46045790008859055,13.0
XRPUSDT,1d,meanrev,rsi,"{""ob"": 80, ""os_"": 30}",-0.8615611578457072,0.10760591406419105,-0.11869605590147314,30.0
XRPUSDT,1d,meanrev,rsi,"{""ob"": 80, ""os_"": 35}",-0.644087326578079,0.09626992966028806,-0.15064801790002258,32.0
XRPUSDT,1d,meanrev,zscore,"{""lb"": 20, ""z"": 1.5}",-0.7701600223309802,-0.455098488446654,-0.45881784610649856,51.0
XRPUSDT,1d,meanrev,zscore,"{""lb"": 20, ""z"": 2.0}",-0.46745983727187485,-0.3555992861506588,-0.2458319920278932,27.0
XRPUSDT,1d,meanrev,zscore,"{""lb"": 20, ""z"": 2.5}",-0.12514857150702804,0.5029821204059258,0.15683501508343256,14.0
XRPUSDT,1d,meanrev,zscore,"{""lb"": 50, ""z"": 1.5}",-0.7699679868513615,0.4195579520568404,0.1454987760120552,33.0
XRPUSDT,1d,meanrev,zscore,"{""lb"": 50, ""z"": 2.0}",-0.4237221219993438,-0.3159155114233708,-0.3249744665281252,18.0
XRPUSDT,1d,meanrev,zscore,"{""lb"": 50, ""z"": 2.5}",-0.5184700948344388,-0.7291924268769036,-0.3915560141714951,9.0
XRPUSDT,1d,meanrev,bb,"{""span"": 20, ""mult"": 1.5}",-0.7701600223309802,-0.455098488446654,-0.45881784610649856,51.0
XRPUSDT,1d,meanrev,bb,"{""span"": 20, ""mult"": 2.0}",-0.46745983727187485,-0.3555992861506588,-0.2458319920278932,27.0
XRPUSDT,1d,meanrev,bb,"{""span"": 20, ""mult"": 2.5}",-0.12514857150702804,0.5029821204059258,0.15683501508343256,14.0
XRPUSDT,1d,meanrev,bb,"{""span"": 50, ""mult"": 1.5}",-0.7699679868513615,0.4195579520568404,0.1454987760120552,33.0
XRPUSDT,1d,meanrev,bb,"{""span"": 50, ""mult"": 2.0}",-0.4237221219993438,-0.3159155114233708,-0.3249744665281252,18.0
XRPUSDT,1d,meanrev,bb,"{""span"": 50, ""mult"": 2.5}",-0.5184700948344388,-0.7291924268769036,-0.3915560141714951,9.0
XRPUSDT,1d,carry,funding,"{""thr"": 5e-05}",-1.2700385235209164,-1.5953508291280833,-0.8833951217647432,188.0
XRPUSDT,1d,carry,funding,"{""thr"": 0.0001}",-0.7033031548076923,-0.3627793391314853,-0.2143974190122352,42.0
XRPUSDT,1d,carry,funding,"{""thr"": 0.0002}",-0.19853137780411184,0.24976072201916685,0.05159512013805179,10.0
XRPUSDT,1d,carry,funding,"{""thr"": 0.0005}",-0.018704066743815195,0.0,0.0,0.0
XRPUSDT,1d,carry,funding_pct,"{""lb"": 100, ""hi"": 0.8}",-1.1179004003734718,-1.2828612595159425,-0.6954962643945484,137.5
XRPUSDT,1d,carry,funding_pct,"{""lb"": 100, ""hi"": 0.9}",-1.8406868226846362,-0.9844305647896608,-0.46704790908787097,74.0
XRPUSDT,1d,carry,funding_pct,"{""lb"": 100, ""hi"": 0.95}",-1.4896220497041066,-0.16065940350835037,-0.12364217646199549,47.0
XRPUSDT,1d,carry,funding_pct,"{""lb"": 500, ""hi"": 0.8}",-1.1749847654804098,-1.4495830772206888,-0.7588303797744375,105.0
XRPUSDT,1d,carry,funding_pct,"{""lb"": 500, ""hi"": 0.9}",-0.8830370650284705,-1.2016006913872044,-0.5775792881347396,68.0
XRPUSDT,1d,carry,funding_pct,"{""lb"": 500, ""hi"": 0.95}",-0.22112744702268158,-0.3628135463154959,-0.1858987333189125,46.0
XRPUSDT,1d,carry,funding_mom,"{""lb"": 24}",-1.682741743800634,-1.5169103375344004,-0.9097362674518251,253.5
XRPUSDT,1d,carry,funding_mom,"{""lb"": 100}",-1.6611890553602036,-0.08035000583334269,-0.4522742763623331,215.5
XRPUSDT,1d,carry,funding_mom,"{""lb"": 500}",-1.6071359147278415,-1.1802555509591306,-0.8708401054430666,144.5
XRPUSDT,1d,carry,funding_price_div,"{""lb"": 24}",-1.373466463520502,-1.3314602120031056,-0.7579739640162518,140.0
XRPUSDT,1d,carry,funding_price_div,"{""lb"": 100}",-2.3361685146463267,0.07633909469807623,-0.13732949523373128,119.0
XRPUSDT,1d,carry,funding_price_div,"{""lb"": 500}",-1.7784796020552616,-0.5885109694225953,-0.5777125917649781,81.5
XRPUSDT,1d,ichimoku,cloud,"{""tenkan"": 9, ""kijun"": 26, ""senkou"": 52, ""disp"": 26}",-0.3870096598694802,-0.3975879509590579,-0.6379271419949608,39.5
XRPUSDT,1d,ichimoku,cloud_fast,"{""tenkan"": 7, ""kijun"": 14, ""senkou"": 28, ""disp"": 14}",-0.3238688917462501,-0.6809096071253758,-0.7393128395975074,50.0
XRPUSDT,1d,ichimoku,cloud_slow,"{""tenkan"": 12, ""kijun"": 24, ""senkou"": 52, ""disp"": 24}",-0.5105124799751152,-0.41167418393996474,-0.6403021633863774,38.5
XRPUSDT,1d,ichimoku,tk,"{""tenkan"": 9, ""kijun"": 26}",0.030727565041432304,-0.345455608671011,-0.6233055211714909,41.5
XRPUSDT,1d,ichimoku,combo,"{""tenkan"": 9, ""kijun"": 26, ""senkou"": 52, ""disp"": 26}",-0.08065978669423818,-0.2182044471108484,-0.4636802796932499,36.5
XRPUSDT,4h,trend,ema_cross,"{""fast"": 10, ""slow"": 50}",0.5805062726410686,-1.9999535216001971,-0.4104717694278167,27.5
XRPUSDT,4h,trend,ema_cross,"{""fast"": 10, ""slow"": 100}",0.5287629080825701,-2.09196577878139,-0.42338106869959513,29.5
XRPUSDT,4h,trend,ema_cross,"{""fast"": 10, ""slow"": 200}",0.9314513815378772,-0.39117794427914715,-0.14198726872262757,9.5
XRPUSDT,4h,trend,ema_cross,"{""fast"": 20, ""slow"": 50}",0.4067226374271376,-2.6557635832023783,-0.49429472974642896,23.5
XRPUSDT,4h,trend,ema_cross,"{""fast"": 20, ""slow"": 100}",-0.006066970019378426,-0.6099067037711877,-0.1844028479063775,13.5
XRPUSDT,4h,trend,ema_cross,"{""fast"": 20, ""slow"": 200}",0.9545431027906248,-0.8323453303582092,-0.22583474253004931,6.5
XRPUSDT,4h,trend,ema_cross,"{""fast"": 50, ""slow"": 100}",0.009585568021246377,-0.64109831317119,-0.19018057690303503,9.5
XRPUSDT,4h,trend,ema_cross,"{""fast"": 50, ""slow"": 200}",0.7274218326793962,-0.27455638057868115,-0.11825246435383197,4.5
XRPUSDT,4h,trend,ema_slope,"{""span"": 20, ""thr"": 0.0}",0.30463387993039376,-4.617173861737659,-0.680370511196909,145.5
XRPUSDT,4h,trend,ema_slope,"{""span"": 20, ""thr"": 0.001}",-0.4638199659108573,-3.6376516240519856,-0.5180129776741405,119.5
XRPUSDT,4h,trend,ema_slope,"{""span"": 20, ""thr"": 0.005}",-0.9491457267702004,-1.9923238294346943,-0.16795031020390327,18.0
XRPUSDT,4h,trend,ema_slope,"{""span"": 50, ""thr"": 0.0}",0.12018288178545823,-4.129806365090874,-0.6431691384051237,103.5
XRPUSDT,4h,trend,ema_slope,"{""span"": 50, ""thr"": 0.001}",-0.16976793715701913,-3.4687678000511157,-0.46987676291232927,69.5
XRPUSDT,4h,trend,ema_slope,"{""span"": 50, ""thr"": 0.005}",-1.1805993708916311,-1.5642213342921665,-0.056165791786242036,1.0
XRPUSDT,4h,trend,ema_slope,"{""span"": 100, ""thr"": 0.0}",-0.6672644134213187,-2.436563620232497,-0.4672706504389774,55.5
XRPUSDT,4h,trend,ema_slope,"{""span"": 100, ""thr"": 0.001}",-0.5068643161863052,-2.7741271590120973,-0.3209293194391686,31.0
XRPUSDT,4h,trend,ema_slope,"{""span"": 100, ""thr"": 0.005}",-0.24086567779554283,0.0,0.0,0.0
XRPUSDT,4h,trend,price_ema,"{""span"": 20, ""thr"": 0.0}",0.30463387993039376,-4.617173861737659,-0.680370511196909,145.5
XRPUSDT,4h,trend,price_ema,"{""span"": 20, ""thr"": 0.02}",-1.5471953065900652,-1.9670859992144492,-0.2840694608014297,68.5
XRPUSDT,4h,trend,price_ema,"{""span"": 20, ""thr"": 0.05}",-0.6012727767912688,-1.2741505509654845,-0.11038096803160014,16.0
XRPUSDT,4h,trend,price_ema,"{""span"": 50, ""thr"": 0.0}",0.12018288178545823,-4.129806365090874,-0.6431691384051237,103.5
XRPUSDT,4h,trend,price_ema,"{""span"": 50, ""thr"": 0.02}",-0.017826212302892563,-3.47143655247141,-0.4891195589835886,67.5
XRPUSDT,4h,trend,price_ema,"{""span"": 50, ""thr"": 0.05}",-0.6096496796446924,-2.7052564546751103,-0.2811166634706054,28.0
XRPUSDT,4h,trend,price_ema,"{""span"": 100, ""thr"": 0.0}",-0.6672644134213187,-2.436563620232497,-0.4672706504389774,55.5
XRPUSDT,4h,trend,price_ema,"{""span"": 100, ""thr"": 0.02}",0.03853799647160017,-3.3326716681757698,-0.49845491450298385,53.5
XRPUSDT,4h,trend,price_ema,"{""span"": 100, ""thr"": 0.05}",-0.3783217830608564,-2.822182230415459,-0.3249750140999743,31.0
XRPUSDT,4h,trend,donchian,"{""lb"": 10}",-0.8886213185028683,-4.760229364308036,-0.5141359585261129,162.5
XRPUSDT,4h,trend,donchian,"{""lb"": 20}",0.5304808820293628,-2.9628992002603463,-0.32562907691028753,101.5
XRPUSDT,4h,trend,donchian,"{""lb"": 55}",1.5060905786545227,-1.8287506085536862,-0.18416735712944965,53.5
XRPUSDT,4h,momentum,mom_ret,"{""lb"": 5, ""thr"": 0.0}",-0.8183823169670585,-2.2910454712566817,-0.4496941761187806,189.5
XRPUSDT,4h,momentum,mom_ret,"{""lb"": 5, ""thr"": 0.02}",-1.9721216518322935,-2.7442221888629303,-0.3699761739193119,118.5
XRPUSDT,4h,momentum,mom_ret,"{""lb"": 5, ""thr"": 0.05}",-1.2462105216034818,-2.4601338560114376,-0.20404537703171444,21.0
XRPUSDT,4h,momentum,mom_ret,"{""lb"": 10, ""thr"": 0.0}",-0.6015169440452096,-3.2903466904377026,-0.5666608641465941,134.5
XRPUSDT,4h,momentum,mom_ret,"{""lb"": 10, ""thr"": 0.02}",-1.426182260369514,-2.613120090194333,-0.4072507320011225,104.5
XRPUSDT,4h,momentum,mom_ret,"{""lb"": 10, ""thr"": 0.05}",-1.525554068734748,-3.1765051227119927,-0.32779770530864094,42.5
XRPUSDT,4h,momentum,mom_ret,"{""lb"": 20, ""thr"": 0.0}",-0.18551629475298412,-2.5850217985555766,-0.48580174971490275,101.5
XRPUSDT,4h,momentum,mom_ret,"{""lb"": 20, ""thr"": 0.02}",-0.28724454246800846,-5.273181170100175,-0.647987245248494,99.5
XRPUSDT,4h,momentum,mom_ret,"{""lb"": 20, ""thr"": 0.05}",-0.46021785454561576,-2.5838667376656073,-0.3186612736798078,53.5
XRPUSDT,4h,momentum,mom_ret,"{""lb"": 50, ""thr"": 0.0}",0.9668412825437591,-0.7208863569002992,-0.2053538267301761,53.5
XRPUSDT,4h,momentum,mom_ret,"{""lb"": 50, ""thr"": 0.02}",0.4510244802482786,-1.4562597747869106,-0.31038311545807495,66.5
XRPUSDT,4h,momentum,mom_ret,"{""lb"": 50, ""thr"": 0.05}",-0.2561010398540951,-3.3581081328851585,-0.44926407924337086,54.5
XRPUSDT,4h,meanrev,rsi,"{""ob"": 65, ""os_"": 20}",-1.669976996897864,-0.8203959736341947,-0.12188284818667328,57.5
XRPUSDT,4h,meanrev,rsi,"{""ob"": 65, ""os_"": 30}",-1.9797478222933367,-1.3924169097801642,-0.2104675408258515,84.5
XRPUSDT,4h,meanrev,rsi,"{""ob"": 65, ""os_"": 35}",-2.0957773807985047,-2.1104345466499943,-0.3225033918474648,91.5
XRPUSDT,4h,meanrev,rsi,"{""ob"": 70, ""os_"": 20}",-0.8003573565291185,-1.6345026666429059,-0.19216326891165092,40.5
XRPUSDT,4h,meanrev,rsi,"{""ob"": 70, ""os_"": 30}",-1.3520773090493787,-2.132931476950249,-0.27365805395066667,67.5
XRPUSDT,4h,meanrev,rsi,"{""ob"": 70, ""os_"": 35}",-1.5186393517743428,-2.7961537974745228,-0.376727075512431,74.5
XRPUSDT,4h,meanrev,rsi,"{""ob"": 80, ""os_"": 20}",-1.109877307018512,-0.231117627917621,-0.03003996911073048,23.5
XRPUSDT,4h,meanrev,rsi,"{""ob"": 80, ""os_"": 30}",-1.5589066141365817,-1.0582346418101665,-0.1278897959034081,50.5
XRPUSDT,4h,meanrev,rsi,"{""ob"": 80, ""os_"": 35}",-1.707358717007641,-1.9452435552675478,-0.2516435539221702,57.5
XRPUSDT,4h,meanrev,zscore,"{""lb"": 20, ""z"": 1.5}",-3.269981137434212,-3.6311356171624145,-0.42147386975699275,77.5
XRPUSDT,4h,meanrev,zscore,"{""lb"": 20, ""z"": 2.0}",-3.100886188008075,-2.305430616535471,-0.2248118438230654,51.5
XRPUSDT,4h,meanrev,zscore,"{""lb"": 20, ""z"": 2.5}",-2.7721973955293304,0.5880771529833377,0.030511946423080083,29.5
XRPUSDT,4h,meanrev,zscore,"{""lb"": 50, ""z"": 1.5}",-2.1554659202648505,-1.3360143886717155,-0.19670874910834302,49.5
XRPUSDT,4h,meanrev,zscore,"{""lb"": 50, ""z"": 2.0}",-2.2414020356443936,-1.1433607858168509,-0.1341436795211156,34.5
XRPUSDT,4h,meanrev,zscore,"{""lb"": 50, ""z"": 2.5}",-1.346325036283026,-0.8864047864682302,-0.09015310526125064,25.5
XRPUSDT,4h,meanrev,bb,"{""span"": 20, ""mult"": 1.5}",-3.269981137434212,-3.6311356171624145,-0.42147386975699275,77.5
XRPUSDT,4h,meanrev,bb,"{""span"": 20, ""mult"": 2.0}",-3.100886188008075,-2.305430616535471,-0.2248118438230654,51.5
XRPUSDT,4h,meanrev,bb,"{""span"": 20, ""mult"": 2.5}",-2.7721973955293304,0.5880771529833377,0.030511946423080083,29.5
XRPUSDT,4h,meanrev,bb,"{""span"": 50, ""mult"": 1.5}",-2.1554659202648505,-1.3360143886717155,-0.19670874910834302,49.5
XRPUSDT,4h,meanrev,bb,"{""span"": 50, ""mult"": 2.0}",-2.2414020356443936,-1.1433607858168509,-0.1341436795211156,34.5
XRPUSDT,4h,meanrev,bb,"{""span"": 50, ""mult"": 2.5}",-1.346325036283026,-0.8864047864682302,-0.09015310526125064,25.5
XRPUSDT,4h,carry,funding,"{""thr"": 5e-05}",0.1119816120593126,-1.8640350210895371,-0.27795961797541224,115.0
XRPUSDT,4h,carry,funding,"{""thr"": 0.0001}",-0.9876435143583218,-0.47061321550708785,-0.06290248514111685,28.0
XRPUSDT,4h,carry,funding,"{""thr"": 0.0002}",1.1096763959245157,1.0270107571994564,0.04836115584401535,4.0
XRPUSDT,4h,carry,funding_pct,"{""lb"": 100, ""hi"": 0.8}",-0.3178661431321836,-1.2108933424825348,-0.1950579840673431,124.0
XRPUSDT,4h,carry,funding_pct,"{""lb"": 100, ""hi"": 0.9}",0.5590411856277079,-1.397171371434609,-0.1412989868366007,75.0
XRPUSDT,4h,carry,funding_pct,"{""lb"": 100, ""hi"": 0.95}",-0.9743626124034642,-1.965343753986034,-0.14324416160123188,59.0
XRPUSDT,4h,carry,funding_pct,"{""lb"": 500, ""hi"": 0.8}",-1.1170758263710985,-1.41430734623307,-0.2097837629764463,93.0
XRPUSDT,4h,carry,funding_pct,"{""lb"": 500, ""hi"": 0.9}",-0.9196474738257656,-1.5500638455666647,-0.19024132229926838,55.0
XRPUSDT,4h,carry,funding_pct,"{""lb"": 500, ""hi"": 0.95}",-0.10038043344387602,-0.5191898775544387,-0.06415376290522767,34.0
XRPUSDT,4h,carry,funding_mom,"{""lb"": 24}",-0.6530582567861001,-1.9842645283933995,-0.4107773452776692,182.5
XRPUSDT,4h,carry,funding_mom,"{""lb"": 100}",-0.45232800847202287,-3.1568641893242515,-0.5525846328096135,170.5
XRPUSDT,4h,carry,funding_mom,"{""lb"": 500}",-0.8645604919692007,0.7976876459421265,0.13192893628294255,189.5
XRPUSDT,4h,carry,funding_price_div,"{""lb"": 24}",-0.85700876233006,-4.686422888215899,-0.4724304902719928,132.0
XRPUSDT,4h,carry,funding_price_div,"{""lb"": 100}",-0.6809917523151342,-5.695783280372249,-0.5232150110885379,110.5
XRPUSDT,4h,carry,funding_price_div,"{""lb"": 500}",0.5833144732472205,-0.2782912935147575,-0.05949607665163836,106.5
XRPUSDT,4h,ichimoku,cloud,"{""tenkan"": 9, ""kijun"": 26, ""senkou"": 52, ""disp"": 26}",0.6734554546818827,-1.253561936028267,-0.28501711216224124,49.5
XRPUSDT,4h,ichimoku,cloud_fast,"{""tenkan"": 7, ""kijun"": 14, ""senkou"": 28, ""disp"": 14}",-0.09944406271941912,-2.779128195961166,-0.4808209707520249,78.5
XRPUSDT,4h,ichimoku,cloud_slow,"{""tenkan"": 12, ""kijun"": 24, ""senkou"": 52, ""disp"": 24}",0.5388151340272263,-0.9413708212104596,-0.23657954993313401,46.5
XRPUSDT,4h,ichimoku,tk,"{""tenkan"": 9, ""kijun"": 26}",1.0851268635630387,-2.306594589020734,-0.4483408382748584,56.5
XRPUSDT,4h,ichimoku,combo,"{""tenkan"": 9, ""kijun"": 26, ""senkou"": 52, ""disp"": 26}",1.190568576484861,-2.019662115856977,-0.35130391419336215,51.5
XRPUSDT,1h,trend,ema_cross,"{""fast"": 10, ""slow"": 50}",0.4246759539298497,-3.350242833255653,-0.5799794216635208,115.5
XRPUSDT,1h,trend,ema_cross,"{""fast"": 10, ""slow"": 100}",0.3528641996790931,-3.545434523054608,-0.5989610055702974,85.5
XRPUSDT,1h,trend,ema_cross,"{""fast"": 10, ""slow"": 200}",0.6229213830184751,-3.047790343050236,-0.5479647909810568,69.5
XRPUSDT,1h,trend,ema_cross,"{""fast"": 20, ""slow"": 50}",-0.2635473850866174,-3.396013419065744,-0.5851290440752004,87.5
XRPUSDT,1h,trend,ema_cross,"{""fast"": 20, ""slow"": 100}",0.8243442422006622,-2.032432496959357,-0.42296614704582414,55.5
XRPUSDT,1h,trend,ema_cross,"{""fast"": 20, ""slow"": 200}",0.249115632974841,-1.785406090543001,-0.3873168555001064,37.5
XRPUSDT,1h,trend,ema_cross,"{""fast"": 50, ""slow"": 100}",0.324416771424109,-2.2640121870295475,-0.4539065371939728,39.5
XRPUSDT,1h,trend,ema_cross,"{""fast"": 50, ""slow"": 200}",0.6924597042924525,-1.894349409597821,-0.40292757401706614,25.5
XRPUSDT,1h,trend,ema_slope,"{""span"": 20, ""thr"": 0.0}",-4.983680909294926,-8.136188065524518,-0.8716698053432623,528.5
XRPUSDT,1h,trend,ema_slope,"{""span"": 20, ""thr"": 0.001}",-4.879956413275686,-6.729675919637143,-0.6989685628311911,293.5
XRPUSDT,1h,trend,ema_slope,"{""span"": 20, ""thr"": 0.005}",-0.004905454965810271,-3.916164676356962,-0.12688207253251094,8.0
XRPUSDT,1h,trend,ema_slope,"{""span"": 50, ""thr"": 0.0}",-1.1584311067602509,-5.588843730801174,-0.757268249548654,335.5
XRPUSDT,1h,trend,ema_slope,"{""span"": 50, ""thr"": 0.001}",-3.3056174017628854,-5.078418950083815,-0.5170612200387288,120.5
XRPUSDT,1h,trend,ema_slope,"{""span"": 50, ""thr"": 0.005}",-1.093152824686622,-1.6409468759349775,-0.023958321107946157,1.0
XRPUSDT,1h,trend,ema_slope,"{""span"": 100, ""thr"": 0.0}",-0.6771697517392317,-6.663295911200475,-0.8130262251732476,269.5
XRPUSDT,1h,trend,ema_slope,"{""span"": 100, ""thr"": 0.001}",-2.014114606030312,-3.268959094673873,-0.3068468369703431,36.0
XRPUSDT,1h,trend,price_ema,"{""span"": 20, ""thr"": 0.0}",-4.983680909294926,-8.136188065524518,-0.8716698053432623,528.5
XRPUSDT,1h,trend,price_ema,"{""span"": 20, ""thr"": 0.02}",-2.900471822643507,-6.468749929248304,-0.5393094128231053,101.5
XRPUSDT,1h,trend,price_ema,"{""span"": 20, ""thr"": 0.05}",0.2257193054870396,-3.4929330306813617,-0.08751845820574666,6.0
XRPUSDT,1h,trend,price_ema,"{""span"": 50, ""thr"": 0.0}",-1.1584311067602509,-5.588843730801174,-0.757268249548654,335.5
XRPUSDT,1h,trend,price_ema,"{""span"": 50, ""thr"": 0.02}",-2.3381857981234897,-4.969713988170518,-0.5532962652758187,147.5
XRPUSDT,1h,trend,price_ema,"{""span"": 50, ""thr"": 0.05}",-1.7007587116267395,-4.19880166023149,-0.26706971569613036,24.0
XRPUSDT,1h,trend,price_ema,"{""span"": 100, ""thr"": 0.0}",-0.6771697517392317,-6.663295911200475,-0.8130262251732476,269.5
XRPUSDT,1h,trend,price_ema,"{""span"": 100, ""thr"": 0.02}",-2.2786483658058603,-3.6846551457956664,-0.4969543859697133,127.5
XRPUSDT,1h,trend,price_ema,"{""span"": 100, ""thr"": 0.05}",-2.093289973480742,-3.3166876994225394,-0.3095517956904321,36.0
XRPUSDT,1h,trend,donchian,"{""lb"": 10}",-10.669719457834839,-17.215032741740494,-0.9291858415527787,656.5
XRPUSDT,1h,trend,donchian,"{""lb"": 20}",-7.627527266506379,-14.546625787343332,-0.8618731416751988,456.5
XRPUSDT,1h,trend,donchian,"{""lb"": 55}",-4.378912915974901,-11.860990756694974,-0.7380846497844862,253.5
XRPUSDT,1h,momentum,mom_ret,"{""lb"": 5, ""thr"": 0.0}",-9.242009680495537,-13.315602191263169,-0.9651972569646344,844.5
XRPUSDT,1h,momentum,mom_ret,"{""lb"": 5, ""thr"": 0.02}",-3.5982882279771364,-9.204347931306124,-0.6480537267820345,166.0
XRPUSDT,1h,momentum,mom_ret,"{""lb"": 5, ""thr"": 0.05}",0.07630241288774949,-4.454544711792406,-0.1329075339227137,11.0
XRPUSDT,1h,momentum,mom_ret,"{""lb"": 10, ""thr"": 0.0}",-6.305953620280122,-8.41863539113257,-0.8792006995254611,558.5
XRPUSDT,1h,momentum,mom_ret,"{""lb"": 10, ""thr"": 0.02}",-4.351417450963836,-7.417053234404342,-0.6751590716454428,241.0
XRPUSDT,1h,momentum,mom_ret,"{""lb"": 10, ""thr"": 0.05}",-1.0346045995888462,-3.427025667023021,-0.1910425301491393,22.0
XRPUSDT,1h,momentum,mom_ret,"{""lb"": 20, ""thr"": 0.0}",-4.201527880674732,-5.134386872208504,-0.7303743247494786,365.5
XRPUSDT,1h,momentum,mom_ret,"{""lb"": 20, ""thr"": 0.02}",-3.584134908684739,-5.756483043865819,-0.6422913394787798,238.5
XRPUSDT,1h,momentum,mom_ret,"{""lb"": 20, ""thr"": 0.05}",-1.7319335616062657,-6.229530249734602,-0.4354864226119326,48.0
XRPUSDT,1h,momentum,mom_ret,"{""lb"": 50, ""thr"": 0.0}",-1.3221428088775842,-4.573346799404484,-0.6894787377151903,252.5
XRPUSDT,1h,momentum,mom_ret,"{""lb"": 50, ""thr"": 0.02}",-2.704449236661063,-2.96104587228581,-0.47335268734338243,185.5
XRPUSDT,1h,momentum,mom_ret,"{""lb"": 50, ""thr"": 0.05}",-1.5942694372120885,-3.7436252067001154,-0.41902156381016364,83.5
XRPUSDT,1h,meanrev,rsi,"{""ob"": 65, ""os_"": 20}",-6.167047605736687,-6.458583649637354,-0.5673648234631623,207.5
XRPUSDT,1h,meanrev,rsi,"{""ob"": 65, ""os_"": 30}",-7.031478790358376,-7.523795346442831,-0.6859024357930303,294.5
XRPUSDT,1h,meanrev,rsi,"{""ob"": 65, ""os_"": 35}",-7.607040339349682,-7.199854332695039,-0.7021630892023909,345.5
XRPUSDT,1h,meanrev,rsi,"{""ob"": 70, ""os_"": 20}",-6.448025892637507,-5.060349893406482,-0.4354486553312611,165.5
XRPUSDT,1h,meanrev,rsi,"{""ob"": 70, ""os_"": 30}",-7.260162728394412,-6.363284951939387,-0.5901299481709583,252.5
XRPUSDT,1h,meanrev,rsi,"{""ob"": 70, ""os_"": 35}",-7.807578436879117,-6.064320418471613,-0.6113486891455837,303.5
XRPUSDT,1h,meanrev,rsi,"{""ob"": 80, ""os_"": 20}",-4.162660441302702,-4.2388842895309065,-0.3021144284222256,86.5
XRPUSDT,1h,meanrev,rsi,"{""ob"": 80, ""os_"": 30}",-5.357745923319484,-5.726246526171258,-0.4933279353693443,173.5
XRPUSDT,1h,meanrev,rsi,"{""ob"": 80, ""os_"": 35}",-6.092536964991413,-5.35631646674251,-0.519558061846019,224.5
XRPUSDT,1h,meanrev,zscore,"{""lb"": 20, ""z"": 1.5}",-9.229342105134544,-9.799756551188025,-0.7671216364205087,378.5
XRPUSDT,1h,meanrev,zscore,"{""lb"": 20, ""z"": 2.0}",-7.718904365595462,-8.137797715191246,-0.5825440181235251,219.0
XRPUSDT,1h,meanrev,zscore,"{""lb"": 20, ""z"": 2.5}",-5.269559964597953,-6.0987373331624335,-0.3440255059546168,117.0
XRPUSDT,1h,meanrev,zscore,"{""lb"": 50, ""z"": 1.5}",-5.546300343459641,-5.899090234109767,-0.6186534599512299,226.5
XRPUSDT,1h,meanrev,zscore,"{""lb"": 50, ""z"": 2.0}",-5.460937053758562,-3.5681816218579425,-0.341037628162675,171.5
XRPUSDT,1h,meanrev,zscore,"{""lb"": 50, ""z"": 2.5}",-4.438444545611129,-2.645707881227458,-0.17680652291797516,91.0
XRPUSDT,1h,meanrev,bb,"{""span"": 20, ""mult"": 1.5}",-9.229342105134544,-9.799756551188025,-0.7671216364205087,378.5
XRPUSDT,1h,meanrev,bb,"{""span"": 20, ""mult"": 2.0}",-7.718904365595462,-8.137797715191246,-0.5825440181235251,219.0
XRPUSDT,1h,meanrev,bb,"{""span"": 20, ""mult"": 2.5}",-5.269559964597953,-6.0987373331624335,-0.3440255059546168,117.0
XRPUSDT,1h,meanrev,bb,"{""span"": 50, ""mult"": 1.5}",-5.546300343459641,-5.899090234109767,-0.6186534599512299,226.5
XRPUSDT,1h,meanrev,bb,"{""span"": 50, ""mult"": 2.0}",-5.460937053758562,-3.5681816218579425,-0.341037628162675,171.5
XRPUSDT,1h,meanrev,bb,"{""span"": 50, ""mult"": 2.5}",-4.438444545611129,-2.645707881227458,-0.17680652291797516,91.0
XRPUSDT,1h,carry,funding,"{""thr"": 5e-05}",0.0586073909274069,-0.3996940518237732,-0.09157366307634573,115.0
XRPUSDT,1h,carry,funding,"{""thr"": 0.0001}",-0.22651595426269935,-0.20095669028051283,-0.03110970049142181,28.0
XRPUSDT,1h,carry,funding,"{""thr"": 0.0002}",1.185838778822034,1.1339062902406254,0.05639817037318906,4.0
XRPUSDT,1h,carry,funding_pct,"{""lb"": 100, ""hi"": 0.8}",-0.42420237540732003,-3.005285315892432,-0.3923803612279032,173.0
XRPUSDT,1h,carry,funding_pct,"{""lb"": 100, ""hi"": 0.9}",0.8941803891945197,-2.9389165918594,-0.284430061423369,127.0
XRPUSDT,1h,carry,funding_pct,"{""lb"": 100, ""hi"": 0.95}",1.1684413208259492,-4.105313831216071,-0.27209630069500845,90.0
XRPUSDT,1h,carry,funding_pct,"{""lb"": 500, ""hi"": 0.8}",-0.5853799585267337,-0.8859848369531405,-0.15546625087097188,127.0
XRPUSDT,1h,carry,funding_pct,"{""lb"": 500, ""hi"": 0.9}",0.8331134123192765,-0.9671749726748455,-0.12077905385641607,82.0
XRPUSDT,1h,carry,funding_pct,"{""lb"": 500, ""hi"": 0.95}",0.14992867165770454,-2.1001863311510443,-0.15255638366087287,52.0
XRPUSDT,1h,carry,funding_mom,"{""lb"": 24}",-0.08372587958607669,-3.104548812160647,-0.555784065689793,233.5
XRPUSDT,1h,carry,funding_mom,"{""lb"": 100}",-0.8242329297843303,-3.2426281003906823,-0.5720774206009639,254.5
XRPUSDT,1h,carry,funding_mom,"{""lb"": 500}",-1.3808431832756751,-3.432472845451329,-0.5922432807903566,245.5
XRPUSDT,1h,carry,funding_price_div,"{""lb"": 24}",-2.9274840604693173,-6.294306007681,-0.628847997615029,272.5
XRPUSDT,1h,carry,funding_price_div,"{""lb"": 100}",-2.372536009222479,-7.955183995090375,-0.6738897488001615,227.0
XRPUSDT,1h,carry,funding_price_div,"{""lb"": 500}",-1.2802360090755391,-4.746261725622657,-0.4941092299735579,165.0
XRPUSDT,1h,ichimoku,cloud,"{""tenkan"": 9, ""kijun"": 26, ""senkou"": 52, ""disp"": 26}",-2.1823341208337337,-4.080513512467121,-0.6250993865082581,213.5
XRPUSDT,1h,ichimoku,cloud_fast,"{""tenkan"": 7, ""kijun"": 14, ""senkou"": 28, ""disp"": 14}",-3.04273914567219,-4.47596775001845,-0.6530691468550025,265.5
XRPUSDT,1h,ichimoku,cloud_slow,"{""tenkan"": 12, ""kijun"": 24, ""senkou"": 52, ""disp"": 24}",-2.2546450153867554,-4.324327794149214,-0.6472167781309917,215.5
XRPUSDT,1h,ichimoku,tk,"{""tenkan"": 9, ""kijun"": 26}",-1.932506152514849,-1.7735926119558325,-0.3822146679908356,175.5
XRPUSDT,1h,ichimoku,combo,"{""tenkan"": 9, ""kijun"": 26, ""senkou"": 52, ""disp"": 26}",-2.0899173526617005,-3.1410297829472316,-0.49463276817059676,187.5
