timestamp,open,high,low,close,volume,close_time,quote_volume,trades,taker_buy_base,taker_buy_quote,ignore
2025-05-05 20:00:00,146.48,147.73,144.95,146.72,328360.18,1746489599999,48175172.63082000,175747,173096.63600000,25407883.33830000,0
2025-05-06 00:00:00,146.72,146.83,143.8,144.63,367296.356,1746503999999,53384172.71994000,204679,209774.47100000,30503907.46443000,0
2025-05-06 04:00:00,144.63,145.88,144.32,145.28,204464.029,1746518399999,29655162.87528000,150133,91375.92700000,13253364.23114000,0
2025-05-06 08:00:00,145.27,145.28,142.0,142.57,424425.083,1746532799999,60885709.88601000,241140,180520.11200000,25903571.38322000,0
2025-05-06 12:00:00,142.57,143.96,141.41,143.18,462147.178,1746547199999,65986049.67097000,319701,232365.87600000,33182460.08842000,0
2025-05-06 16:00:00,143.18,145.28,142.42,144.85,381449.415,1746561599999,54893751.24191000,260261,218699.53000000,31468967.71893000,0
2025-05-06 20:00:00,144.85,147.23,143.52,146.88,512528.874,1746575999999,74653188.92858000,260059,267470.02300000,38987265.51058000,0
2025-05-07 00:00:00,146.89,149.54,145.43,146.24,576871.733,1746590399999,85339292.71470000,305706,282274.02400000,41763132.39829000,0
2025-05-07 04:00:00,146.23,147.32,145.43,147.27,197765.439,1746604799999,28922125.13740000,139570,96291.58200000,14084069.64410000,0
2025-05-07 08:00:00,147.27,148.29,146.93,147.59,275188.956,1746619199999,40636320.60310000,169558,153158.10500000,22622922.00898000,0
2025-05-07 12:00:00,147.6,147.74,145.43,145.75,380726.041,1746633599999,55862339.69867000,227497,234440.51300000,34406308.89283000,0
2025-05-07 16:00:00,145.75,147.34,144.68,145.77,525191.445,1746647999999,76654165.21566000,366324,305099.97600000,44530092.46559000,0
2025-05-07 20:00:00,145.77,148.35,145.48,147.32,484822.67,1746662399999,71495745.49134000,179583,262109.97900000,38654987.13992000,0
2025-05-08 00:00:00,147.32,151.19,147.08,150.87,586318.16,1746676799999,87545791.01223000,326067,290422.36200000,43404365.63770000,0
2025-05-08 04:00:00,150.88,151.97,149.97,151.57,786307.046,1746691199999,118747508.08870000,278756,385107.59300000,58153764.35004000,0
2025-05-08 08:00:00,151.57,155.28,151.53,154.57,695506.267,1746705599999,106985297.02281000,301943,353167.35600000,54303291.33056000,0
2025-05-08 12:00:00,154.57,163.18,154.18,160.24,1803513.916,1746719999999,285417332.21736000,778822,1072626.80900000,169811243.58167000,0
2025-05-08 16:00:00,160.23,161.07,158.52,160.53,1104587.546,1746734399999,176395903.33269000,449940,618277.49500000,98701941.73607000,0
2025-05-08 20:00:00,160.54,164.6,159.75,164.46,1064389.683,1746748799999,172294498.31265000,544695,494748.62400000,80120688.50577000,0
2025-05-09 00:00:00,164.46,164.46,161.34,161.37,644843.302,1746763199999,104981915.35756000,382003,332639.14900000,54166364.09454000,0
2025-05-09 04:00:00,161.37,166.91,161.07,165.08,826538.8,1746777599999,135570161.55203000,433889,467131.11300000,76651052.54214000,0
2025-05-09 08:00:00,165.08,176.15,164.3,172.32,2367640.729,1746791999999,401868912.18985000,1295360,1258725.34200000,213755221.42293000,0
2025-05-09 12:00:00,172.33,173.44,167.36,170.75,1428271.654,1746806399999,243762591.50607000,799410,660403.17100000,112688626.85517000,0
2025-05-09 16:00:00,170.76,172.58,168.59,171.89,672993.851,1746820799999,115004788.08060000,420503,366567.18900000,62660462.79213000,0
2025-05-09 20:00:00,171.9,173.81,171.15,172.78,378286.313,1746835199999,65247461.34016000,234132,198972.56100000,34312045.97909000,0
2025-05-10 00:00:00,172.77,175.19,170.66,171.59,449443.818,1746849599999,77499863.46588000,384490,219175.39900000,37833466.16660000,0
2025-05-10 04:00:00,171.59,172.54,169.76,172.32,387316.261,1746863999999,66360987.83397000,324414,210067.32400000,36004933.09223000,0
2025-05-10 08:00:00,172.32,173.4,168.72,169.0,671046.586,1746878399999,114900346.05229000,441004,298576.34500000,51178160.16836000,0
2025-05-10 12:00:00,169.0,172.03,169.0,171.07,415046.499,1746892799999,70981797.61362000,307315,205980.81400000,35229608.23691000,0
2025-05-10 16:00:00,171.07,173.83,170.86,172.22,523576.162,1746907199999,90189733.33721000,348476,266605.53500000,45933769.47399000,0
2025-05-10 20:00:00,172.22,178.98,171.41,177.89,893271.853,1746921599999,156613979.14275000,490853,518773.93300000,90963779.77542000,0
2025-05-11 00:00:00,177.89,180.26,172.92,175.86,1151356.383,1746935999999,204332839.92486000,859182,591117.18700000,105002503.61848000,0
2025-05-11 04:00:00,175.86,177.7,172.29,172.6,476338.515,1746950399999,83418492.80228000,397372,204743.59500000,35897040.44862000,0
2025-05-11 08:00:00,172.61,175.04,172.58,174.76,320930.122,1746964799999,55821113.08220000,269364,161562.10400000,28109246.94718000,0
2025-05-11 12:00:00,174.76,175.22,169.35,170.48,582839.69,1746979199999,100397313.14856000,424150,256888.55400000,44300057.65376000,0
2025-05-11 16:00:00,170.48,173.43,169.4,172.73,419532.052,1746993599999,72012667.03502000,345756,229199.05100000,39366857.00365000,0
2025-05-11 20:00:00,172.72,173.85,171.26,173.19,259732.758,1747007999999,44772100.13668000,245474,134658.63100000,23217255.43034000,0
2025-05-12 00:00:00,173.2,176.88,171.74,174.9,698943.076,1747022399999,121971973.49778000,540189,330309.81600000,57645424.90891000,0
2025-05-12 04:00:00,174.9,179.79,173.63,176.09,1397760.785,1747036799999,247566414.21089000,767806,679547.46000000,120413543.68443000,0
2025-05-12 08:00:00,176.08,177.01,173.64,174.11,791743.579,1747051199999,138948885.75210000,512086,381924.86500000,67048345.67923000,0
2025-05-12 12:00:00,174.1,181.46,174.0,174.4,1841197.937,1747065599999,326444682.82711000,1081267,979524.77900000,173807791.68227000,0
2025-05-12 16:00:00,174.39,176.67,168.31,171.22,1132361.922,1747079999999,195475939.34250000,705237,582973.51400000,100802670.86490000,0
2025-05-12 20:00:00,171.22,174.81,170.41,174.22,383725.678,1747094399999,66342888.63164000,263677,241239.48600000,41721944.11372000,0
2025-05-13 00:00:00,174.22,174.38,166.94,166.97,725687.793,1747108799999,123466589.84933000,622883,292357.77100000,49786765.22235000,0
2025-05-13 04:00:00,166.98,172.44,166.18,171.49,531456.72,1747123199999,90297811.29687000,340891,312544.13400000,53127966.87765000,0
2025-05-13 08:00:00,171.49,175.15,170.93,174.0,444451.876,1747137599999,77030278.92418000,372884,238561.33800000,41362582.33489000,0
2025-05-13 12:00:00,174.0,176.31,172.11,176.09,968525.19,1747151999999,168857199.75120000,619342,498760.20300000,87011251.76906000,0
2025-05-13 16:00:00,176.08,184.45,175.72,182.05,1184464.876,1747166399999,212371895.84588000,682064,661258.21800000,118679757.56372000,0
2025-05-13 20:00:00,182.05,184.83,180.35,183.75,732456.943,1747180799999,133953381.02526000,498561,389489.41800000,71239365.47440000,0
2025-05-14 00:00:00,183.75,184.88,179.11,180.28,892108.183,1747195199999,162223847.02060000,605079,446657.56800000,81222827.53405000,0
2025-05-14 04:00:00,180.28,183.99,179.86,181.72,537256.044,1747209599999,97795672.87258000,382233,286429.89900000,52134710.07200000,0
2025-05-14 08:00:00,181.73,182.62,177.57,181.06,708105.908,1747223999999,127507208.83179000,513276,327079.13800000,58910826.49234000,0
2025-05-14 12:00:00,181.06,181.89,175.6,177.35,766121.297,1747238399999,136748816.70965000,602351,344769.07000000,61548933.52455000,0
2025-05-14 16:00:00,177.34,177.68,173.23,177.06,482846.691,1747252799999,84949771.87834000,401263,229591.51700000,40425289.69280000,0
2025-05-14 20:00:00,177.07,177.69,175.22,176.64,232717.13,1747267199999,41076489.11802000,211091,107196.58900000,18922697.70706000,0
2025-05-15 00:00:00,176.63,178.33,174.06,174.06,426083.866,1747281599999,75079590.80072000,381765,195404.39000000,34448907.11569000,0
2025-05-15 04:00:00,174.06,175.29,169.76,170.4,515629.439,1747295999999,88965581.55770000,432721,210216.86900000,36340206.19181000,0
2025-05-15 08:00:00,170.4,173.06,168.67,171.09,491536.874,1747310399999,83947393.19503000,398172,249299.07100000,42577054.84000000,0
2025-05-15 12:00:00,171.08,172.84,166.98,172.23,967334.357,1747324799999,164439139.51997000,687333,506889.00200000,86240526.83999000,0
2025-05-15 16:00:00,172.23,174.49,167.72,169.76,630724.358,1747339199999,108268293.29145000,519153,302755.66500000,51999465.61097000,0
2025-05-15 20:00:00,169.77,170.66,166.7,169.16,514728.83,1747353599999,86875971.31995000,337571,257714.87400000,43505415.42777000,0
2025-05-16 00:00:00,169.16,173.68,168.69,172.62,601701.173,1747367999999,103153474.75762000,479747,306604.78600000,52552249.26805000,0
2025-05-16 04:00:00,172.62,173.52,170.98,172.13,325723.391,1747382399999,56137551.30657000,286549,158750.14900000,27369194.92229000,0
2025-05-16 08:00:00,172.13,174.21,169.35,172.81,470266.696,1747396799999,80895894.71178000,302847,256665.76200000,44177646.02952000,0
2025-05-16 12:00:00,172.82,174.2,170.85,172.08,572666.991,1747411199999,98851328.53230000,393345,279769.07300000,48308857.93763000,0
2025-05-16 16:00:00,172.09,172.72,169.73,171.44,338527.912,1747425599999,57843168.97137000,303327,154359.36900000,26377182.83350000,0
2025-05-16 20:00:00,171.43,171.43,166.36,167.4,457500.508,1747439999999,77042215.29294000,267432,219853.29800000,37042001.66956000,0
2025-05-17 00:00:00,167.4,168.65,164.01,168.26,718454.782,1747454399999,119296421.52561000,503955,326055.31500000,54168328.10886000,0
2025-05-17 04:00:00,168.26,169.99,166.97,168.55,308739.525,1747468799999,52011548.98008000,244724,148866.85700000,25085363.42721000,0
2025-05-17 08:00:00,168.55,169.38,166.71,167.6,308673.825,1747483199999,51851881.02336000,279845,157678.15900000,26491780.67670000,0
2025-05-17 12:00:00,167.6,168.23,165.82,167.31,246994.126,1747497599999,41333527.90242000,253745,116046.01100000,19421865.62176000,0
2025-05-17 16:00:00,167.31,167.52,164.4,165.25,355959.501,1747511999999,59061075.09457000,302465,160476.84000000,26628437.37114000,0
2025-05-17 20:00:00,165.25,167.93,164.36,165.94,323299.947,1747526399999,53684721.16514000,234925,171085.12300000,28409488.32835000,0
2025-05-18 00:00:00,165.94,167.9,165.85,166.9,257060.17,1747540799999,42908560.39487000,221830,141204.24400000,23568038.52881000,0
2025-05-18 04:00:00,166.91,170.72,166.88,170.68,291793.914,1747555199999,49379704.98908000,203402,140305.61300000,23746618.09169000,0
2025-05-18 08:00:00,170.68,172.0,170.56,170.79,274171.724,1747569599999,46962380.34238000,228944,120048.15200000,20565361.21774000,0
2025-05-18 12:00:00,170.78,176.67,170.2,176.26,564060.339,1747583999999,97919711.72789000,376975,297802.90700000,51725455.68632000,0
2025-05-18 16:00:00,176.26,176.77,166.51,166.65,956928.492,1747598399999,164316645.27814000,672683,422299.29900000,72466271.41792000,0
2025-05-18 20:00:00,166.64,174.28,164.54,173.3,850596.297,1747612799999,143023551.89573000,547380,440684.06000000,74211503.57822000,0
2025-05-19 00:00:00,173.3,173.94,165.0,165.35,833700.651,1747627199999,140416184.12434000,622678,399670.99100000,67352101.14923000,0
2025-05-19 04:00:00,165.35,166.84,159.44,161.89,1070074.648,1747641599999,174245933.42856000,693366,498736.02500000,81295648.99100000,0
2025-05-19 08:00:00,161.9,162.7,160.44,162.19,450687.283,1747655999999,72865889.29612000,371527,207559.46400000,33571935.75598000,0
2025-05-19 12:00:00,162.19,164.76,160.16,164.21,704323.095,1747670399999,114598432.07114000,449378,338135.68100000,55029048.15538000,0
2025-05-19 16:00:00,164.2,167.39,162.78,166.61,655781.865,1747684799999,108422429.65726000,419937,340503.63200000,56330985.57111000,0
2025-05-19 20:00:00,166.6,167.8,165.14,166.86,361785.202,1747699199999,60134597.06922000,221297,212990.81700000,35391389.99023000,0
2025-05-20 00:00:00,166.87,173.11,166.78,169.19,939665.023,1747713599999,159591690.99754000,584772,498824.65700000,84791466.56751000,0
2025-05-20 04:00:00,169.18,170.64,167.08,167.34,438612.635,1747727999999,74055049.92640000,308458,246688.81400000,41667522.13806000,0
2025-05-20 08:00:00,167.35,168.14,165.23,166.47,412925.344,1747742399999,68853723.50178000,299318,211247.08600000,35227157.22597000,0
2025-05-20 12:00:00,166.46,167.36,164.51,166.64,465567.783,1747756799999,77257358.76895000,386471,244551.95600000,40591546.29277000,0
2025-05-20 16:00:00,166.63,169.13,164.56,168.17,493020.493,1747771199999,82151783.40896000,412141,239495.70000000,39912225.86053000,0
2025-05-20 20:00:00,168.16,169.38,166.26,168.59,385629.148,1747785599999,64790550.23955000,375005,190989.77900000,32098403.83793000,0
2025-05-21 00:00:00,168.59,170.92,166.78,169.97,564366.717,1747799999999,95306202.74996000,414295,290222.19900000,49061076.78336000,0
2025-05-21 04:00:00,169.97,171.76,168.32,168.85,588141.319,1747814399999,100203948.53249000,470741,283793.60000000,48371643.20883000,0
2025-05-21 08:00:00,168.85,169.64,167.35,169.34,293404.644,1747828799999,49427089.92984000,264108,153846.85400000,25920342.33653000,0
2025-05-21 12:00:00,169.33,173.65,168.37,172.17,881814.372,1747843199999,151052096.55725000,589096,487773.26800000,83528687.49237000,0
2025-05-21 16:00:00,172.17,174.95,165.51,171.14,1367771.005,1747857599999,231650441.60777000,989893,661846.00100000,112143022.38732000,0
2025-05-21 20:00:00,171.14,175.99,169.12,173.53,705112.343,1747871999999,121549030.00200000,483109,359566.58400000,62005827.11137000,0
2025-05-22 00:00:00,173.54,177.52,172.59,176.82,829467.629,1747886399999,144937117.42024000,587651,447065.31100000,78184961.67321000,0
2025-05-22 04:00:00,176.83,178.79,175.26,178.49,658437.282,1747900799999,116379067.08767000,474095,327099.21200000,57839492.09115000,0
2025-05-22 08:00:00,178.49,180.87,177.16,178.08,767226.679,1747915199999,137401284.03147000,510317,390180.46300000,69909470.64252000,0
2025-05-22 12:00:00,178.07,179.89,176.94,179.02,652369.756,1747929599999,116394559.40923000,597664,336179.70400000,60001595.35265000,0
2025-05-22 16:00:00,179.03,180.36,177.5,177.85,417292.692,1747943999999,74689383.82569000,369089,209215.89500000,37463732.41030000,0
2025-05-22 20:00:00,177.86,180.02,177.31,179.68,283428.824,1747958399999,50623366.64300000,221549,151519.70400000,27068932.28416000,0
2025-05-23 00:00:00,179.68,185.4,179.28,185.0,1011102.678,1747972799999,185022441.56890000,636120,587911.98900000,107607345.85495000,0
2025-05-23 04:00:00,185.01,185.32,179.99,182.55,682046.52,1747987199999,124134256.15123000,449742,300993.27600000,54790613.91544000,0
2025-05-23 08:00:00,182.56,187.71,177.1,177.91,1214646.339,1748001599999,223033980.17142000,768354,555390.24000000,102112813.97041000,0
2025-05-23 12:00:00,177.91,183.76,173.29,180.66,1875739.145,1748015999999,334787828.25970000,1271202,962926.00900000,171974656.22375000,0
2025-05-23 16:00:00,180.67,182.25,178.41,179.14,658649.745,1748030399999,118835826.13406000,494250,298767.77100000,53922769.13516000,0
2025-05-23 20:00:00,179.13,179.26,173.23,174.01,670726.349,1748044799999,118215711.27655000,462087,308099.92500000,54341736.46158000,0
2025-05-24 00:00:00,174.0,176.02,172.5,175.11,567108.51,1748059199999,98921185.40827000,412181,283949.00000000,49552474.04663000,0
2025-05-24 04:00:00,175.11,176.39,173.46,173.92,396774.621,1748073599999,69396354.91666000,273053,195775.81700000,34231426.60887000,0
2025-05-24 08:00:00,173.93,178.33,173.24,176.9,493749.295,1748087999999,86983708.79630000,347456,254023.73800000,44768171.01098000,0
2025-05-24 12:00:00,176.89,177.13,175.05,176.31,333992.827,1748102399999,58879210.82870000,251352,175145.02900000,30881322.96402000,0
2025-05-24 16:00:00,176.32,177.68,175.31,177.14,246176.007,1748116799999,43515380.23267000,195811,97915.46400000,17314181.79889000,0
2025-05-24 20:00:00,177.14,177.91,175.35,175.87,280163.761,1748131199999,49455155.12033000,228083,140756.38800000,24844316.96908000,0
2025-05-25 00:00:00,175.87,176.88,170.36,173.64,655947.136,1748145599999,113370935.74785000,495331,315021.96200000,54452636.05899000,0
2025-05-25 04:00:00,173.64,174.41,171.88,172.34,250997.175,1748159999999,43484277.83709000,214272,113288.66900000,19625841.43996000,0
2025-05-25 08:00:00,172.35,172.36,170.13,171.98,509827.658,1748174399999,87395516.68287000,320146,201917.25400000,34612342.40765000,0
2025-05-25 12:00:00,171.99,172.66,169.14,170.29,453529.841,1748188799999,77602968.65403000,333951,196776.79600000,33693372.54838000,0
2025-05-25 16:00:00,170.29,172.77,169.18,172.52,277011.47,1748203199999,47346072.23334000,207040,117628.22000000,20100570.32950000,0
2025-05-25 20:00:00,172.53,175.91,170.96,175.74,383050.579,1748217599999,66508028.07892000,300077,213074.19800000,37026023.29458000,0
2025-05-26 00:00:00,175.75,177.83,175.04,177.01,561576.419,1748231999999,99174927.39649000,322835,300186.32600000,53027446.22478000,0
2025-05-26 04:00:00,177.02,179.02,176.6,178.16,377490.685,1748246399999,67086948.21072000,237152,180681.20400000,32123194.99239000,0
2025-05-26 08:00:00,178.15,178.36,176.42,177.91,301608.628,1748260799999,53475700.72221000,222543,144273.02000000,25581904.37243000,0
2025-05-26 12:00:00,177.91,178.8,175.89,177.49,394598.5,1748275199999,70007499.33773000,367997,185524.35100000,32927643.73134000,0
2025-05-26 16:00:00,177.49,178.06,173.48,174.05,370308.058,1748289599999,64861904.70444000,344370,181925.01800000,31861511.01257000,0
2025-05-26 20:00:00,174.05,176.04,173.64,174.91,209142.506,1748303999999,36535632.08492000,225631,109950.36500000,19206515.03657000,0
2025-05-27 00:00:00,174.92,175.79,171.24,173.51,442931.777,1748318399999,76553199.49430000,403125,219479.09200000,37931434.88541000,0
2025-05-27 04:00:00,173.5,175.9,172.5,175.46,310159.399,1748332799999,54038164.19593000,296610,161526.51600000,28144864.07674000,0
2025-05-27 08:00:00,175.47,177.17,175.01,176.8,325899.007,1748347199999,57361767.14930000,271044,172493.88200000,30362169.83472000,0
2025-05-27 12:00:00,176.8,179.41,175.02,178.44,784277.643,1748361599999,139350141.43257000,592083,386826.00800000,68753448.89380000,0
2025-05-27 16:00:00,178.45,179.3,177.43,177.5,421320.612,1748375999999,75214256.18179000,346917,204964.76700000,36603758.99725000,0
2025-05-27 20:00:00,177.51,178.64,175.42,176.71,283920.93,1748390399999,50221431.09172000,234641,123252.33800000,21803041.84677000,0
2025-05-28 00:00:00,176.72,177.45,174.22,175.12,378541.176,1748404799999,66409494.55171000,269462,194453.34200000,34103529.55245000,0
2025-05-28 04:00:00,175.13,175.33,173.7,173.89,241431.686,1748419199999,42117511.72539000,188850,104492.08400000,18234399.00611000,0
2025-05-28 08:00:00,173.9,174.53,172.86,174.51,324581.336,1748433599999,56412636.88454000,216292,155828.17600000,27094681.53866000,0
2025-05-28 12:00:00,174.52,175.13,168.92,169.7,873313.272,1748447999999,150046301.02591000,523114,404576.69700000,69534106.85159000,0
2025-05-28 16:00:00,169.71,172.03,169.13,169.42,468085.791,1748462399999,79831712.14869000,311853,225705.33000000,38527602.85851000,0
2025-05-28 20:00:00,169.42,172.66,169.23,172.21,248707.616,1748476799999,42561664.13999000,230138,143673.89700000,24598968.53661000,0
2025-05-29 00:00:00,172.22,175.34,171.35,173.7,553385.443,1748491199999,96005662.14374000,365487,290488.10300000,50407364.88656000,0
2025-05-29 04:00:00,173.69,173.95,170.12,172.23,326839.235,1748505599999,56235615.85104000,264230,153319.39300000,26386590.09482000,0
2025-05-29 08:00:00,172.23,173.46,171.64,172.88,251627.217,1748519999999,43470538.66062000,219407,115267.01400000,19913332.32139000,0
2025-05-29 12:00:00,172.87,172.92,169.03,169.75,598886.916,1748534399999,102203000.22140000,419958,253024.52000000,43173704.45343000,0
2025-05-29 16:00:00,169.76,170.3,166.03,166.84,638605.666,1748548799999,107408920.44326000,448488,266206.24600000,44767229.21081000,0
2025-05-29 20:00:00,166.83,168.55,165.96,166.71,272445.491,1748563199999,45579606.78676000,216027,133035.31800000,22258156.41961000,0
2025-05-30 00:00:00,166.71,167.51,160.13,165.16,870221.324,1748577599999,142493583.00140000,552171,392790.54100000,64366789.74854000,0
2025-05-30 04:00:00,165.15,165.86,162.57,162.68,449616.335,1748591999999,73849963.45784000,315943,206232.48700000,33897054.17884000,0
2025-05-30 08:00:00,162.68,164.16,161.48,163.83,471072.652,1748606399999,76766917.79086000,381634,225835.72600000,36806045.79368000,0
2025-05-30 12:00:00,163.83,163.96,160.1,161.23,615158.386,1748620799999,99503855.74266000,522384,268962.92700000,43507051.75151000,0
2025-05-30 16:00:00,161.23,161.77,156.01,160.81,854414.851,1748635199999,135817694.20474000,588626,404245.81600000,64280302.93560000,0
2025-05-30 20:00:00,160.81,161.03,155.22,156.2,509795.964,1748649599999,80644465.31334000,384231,233361.00200000,36969057.16051000,0
2025-05-31 00:00:00,156.2,157.24,152.14,154.16,765681.06,1748663999999,118212044.18500000,731382,362512.69600000,55973071.31697000,0
2025-05-31 04:00:00,154.15,155.86,153.03,154.84,240770.021,1748678399999,37251564.62995000,254526,124325.62300000,19233325.66829000,0
2025-05-31 08:00:00,154.85,155.26,152.62,152.92,320380.365,1748692799999,49297095.72869000,279960,142105.50800000,21876692.07182000,0
2025-05-31 12:00:00,152.92,156.77,152.57,155.63,468158.657,1748707199999,72686639.31990000,311863,258449.87800000,40130236.99329000,0
2025-05-31 16:00:00,155.64,157.97,155.19,157.52,332668.951,1748721599999,52097412.34672000,225137,177786.77500000,27850465.90612000,0
2025-05-31 20:00:00,157.53,158.01,156.31,156.45,224598.698,1748735999999,35340855.73123000,168608,102957.85000000,16199864.28358000,0
2025-06-01 00:00:00,156.45,156.73,153.4,154.72,317942.344,1748750399999,49296559.83165000,250567,151758.04000000,23523147.15391000,0
2025-06-01 04:00:00,154.72,155.94,154.14,154.45,192199.525,1748764799999,29821647.22384000,172633,99531.52700000,15446522.31688000,0
2025-06-01 08:00:00,154.45,154.64,150.59,152.05,453558.121,1748779199999,69002864.79155000,381894,197244.27300000,30001557.28746000,0
2025-06-01 12:00:00,152.05,154.57,150.66,154.17,309017.595,1748793599999,47205932.34657000,305299,165644.30100000,25316071.67358000,0
2025-06-01 16:00:00,154.18,156.73,153.47,155.89,510490.716,1748807999999,79312843.40919000,340541,239641.63800000,37238326.96522000,0
2025-06-01 20:00:00,155.88,157.92,155.18,157.68,258922.74,1748822399999,40576129.83204000,197656,130342.85500000,20429638.57224000,0
2025-06-02 00:00:00,157.68,158.93,155.36,155.46,379930.487,1748836799999,59739874.56415000,284864,177865.28100000,27980052.16138000,0
2025-06-02 04:00:00,155.46,156.73,154.66,155.55,284845.699,1748851199999,44332784.52164000,244287,129143.53500000,20109410.25978000,0
2025-06-02 08:00:00,155.54,156.55,152.95,153.45,492813.738,1748865599999,76000617.14898000,348611,233280.60500000,35982419.27004000,0
2025-06-02 12:00:00,153.44,154.5,151.67,153.16,577659.613,1748879999999,88460235.74446000,440168,280099.58100000,42898116.85327000,0
2025-06-02 16:00:00,153.16,155.13,151.77,152.95,389282.236,1748894399999,59596096.13814000,322178,192254.60900000,29441505.31826000,0
2025-06-02 20:00:00,152.96,157.24,152.92,156.83,377520.418,1748908799999,58712869.10867000,310389,194295.77800000,30205839.00224000,0
2025-06-03 00:00:00,156.83,162.38,156.39,159.44,768092.556,1748923199999,122784415.47596000,493553,361966.76200000,57867374.27828000,0
2025-06-03 04:00:00,159.45,160.2,158.22,159.82,261021.457,1748937599999,41589721.45740000,201421,126587.60000000,20176541.12520000,0
2025-06-03 08:00:00,159.83,161.65,158.28,160.56,374046.947,1748951999999,59815795.50190000,231091,195072.20100000,31206189.28325000,0
2025-06-03 12:00:00,160.56,163.64,159.44,162.2,594658.998,1748966399999,95989396.68383000,448776,308021.96900000,49753554.09938000,0
2025-06-03 16:00:00,162.21,162.41,159.98,160.56,328225.45,1748980799999,52845599.98953000,285210,163504.35500000,26328919.42947000,0
2025-06-03 20:00:00,160.56,160.59,154.14,155.19,523539.737,1748995199999,81979008.54880000,397649,239737.86000000,37518623.74615000,0
2025-06-04 00:00:00,155.19,157.63,154.18,156.56,418735.688,1749009599999,65439944.70864000,312806,190865.73600000,29815982.01177000,0
2025-06-04 04:00:00,156.57,157.02,155.72,156.42,178183.765,1749023999999,27880821.24479000,205610,91212.88700000,14273331.86698000,0
2025-06-04 08:00:00,156.42,157.92,155.72,155.92,245382.814,1749038399999,38470867.96957000,209066,123338.88800000,19343043.61685000,0
2025-06-04 12:00:00,155.92,157.97,154.58,157.13,401742.744,1749052799999,62772333.07557000,356370,192738.72300000,30128536.95312000,0
2025-06-04 16:00:00,157.13,157.57,155.28,155.37,239970.463,1749067199999,37518283.37696000,236569,108446.39000000,16959244.54296000,0
2025-06-04 20:00:00,155.36,155.59,152.94,153.26,506630.95,1749081599999,78192192.70398000,293062,260497.49700000,40210619.32241000,0
2025-06-05 00:00:00,153.27,154.61,153.0,153.83,320665.732,1749095999999,49317826.45750000,220970,173730.10700000,26725071.04572000,0
2025-06-05 04:00:00,153.84,154.15,151.9,152.44,761586.149,1749110399999,116444868.69436000,248955,370980.59200000,56701421.41706000,0
2025-06-05 08:00:00,152.44,153.04,151.28,152.37,322959.042,1749124799999,49164451.27290000,228556,130406.47300000,19854720.64540000,0
2025-06-05 12:00:00,152.38,154.41,148.54,150.9,833077.738,1749139199999,126052965.16041000,546170,381317.54900000,57774500.34180000,0
2025-06-05 16:00:00,150.9,151.11,144.15,146.2,985248.608,1749153599999,145416976.11883000,656805,428124.95200000,63219511.48021000,0
2025-06-05 20:00:00,146.2,146.6,141.53,144.29,1034503.806,1749167999999,148582750.13760000,698933,489061.54500000,70257310.40765000,0
2025-06-06 00:00:00,144.28,146.85,144.11,146.84,359753.145,1749182399999,52350035.73649000,277540,201557.15800000,29339542.25944000,0
2025-06-06 04:00:00,146.84,148.25,146.65,147.4,314776.104,1749196799999,46381190.29216000,218678,159762.69100000,23539541.81889000,0
2025-06-06 08:00:00,147.4,149.61,147.24,149.1,331158.082,1749211199999,49107384.77388000,202458,161643.35500000,23971122.63010000,0
2025-06-06 12:00:00,149.11,152.39,149.11,151.08,652005.603,1749225599999,98527574.20364000,413977,330507.27800000,49945091.31146000,0
2025-06-06 16:00:00,151.09,151.56,148.46,149.09,326373.539,1749239999999,48885228.87673000,265889,130839.31500000,19603092.84273000,0
2025-06-06 20:00:00,149.1,149.97,147.68,147.83,183724.641,1749254399999,27357390.13070000,139392,111303.72100000,16580253.61988000,0
2025-06-07 00:00:00,147.82,149.71,146.84,149.46,242735.582,1749268799999,35977575.00934000,204061,148371.61800000,21995404.01959000,0
2025-06-07 04:00:00,149.47,152.84,148.99,152.38,300726.678,1749283199999,45448354.74510000,206835,177069.80600000,26761424.92684000,0
2025-06-07 08:00:00,152.37,152.72,151.23,151.45,179152.49,1749297599999,27219119.55156000,150048,84656.21800000,12864828.20180000,0
2025-06-07 12:00:00,151.45,152.42,150.71,150.99,318207.437,1749311999999,48283239.55492000,200135,124745.77500000,18931586.83951000,0
2025-06-07 16:00:00,151.0,151.61,150.15,150.58,210222.573,1749326399999,31710198.77847000,167215,95670.97100000,14433659.48628000,0
2025-06-07 20:00:00,150.57,151.49,149.76,150.06,157159.855,1749340799999,23695352.13315000,113142,76147.47600000,11485420.11559000,0
2025-06-08 00:00:00,150.07,150.35,149.15,149.85,219074.514,1749355199999,32812716.14799000,136988,144852.57400000,21696415.51514000,0
2025-06-08 04:00:00,149.85,150.51,149.13,149.31,138677.605,1749369599999,20791031.19266000,108232,62906.22200000,9434858.27850000,0
2025-06-08 08:00:00,149.3,149.71,147.88,149.62,232937.473,1749383999999,34675658.53337000,162689,96397.03500000,14348095.93982000,0
2025-06-08 12:00:00,149.62,151.19,149.02,150.7,225287.801,1749398399999,33822043.34557000,189142,123477.79600000,18539241.05371000,0
2025-06-08 16:00:00,150.69,154.52,150.64,154.46,433260.695,1749412799999,66373865.15758000,266887,225611.55600000,34562085.06217000,0
2025-06-08 20:00:00,154.47,155.3,152.13,152.45,314762.278,1749427199999,48398817.45728000,209706,153859.79400000,23665222.05607000,0
2025-06-09 00:00:00,152.45,153.17,150.79,151.54,288776.062,1749441599999,43878544.72561000,237614,132515.89600000,20143246.00793000,0
2025-06-09 04:00:00,151.54,151.87,149.58,150.88,272080.358,1749455999999,40980778.32842000,180504,138806.69600000,20910191.60111000,0
2025-06-09 08:00:00,150.87,156.61,150.4,155.62,727822.673,1749470399999,112300297.64718000,404066,413471.19200000,63800349.30349000,0
2025-06-09 12:00:00,155.62,155.83,153.07,155.02,541305.262,1749484799999,83760946.20222000,334659,266151.15200000,41185150.30522000,0
2025-06-09 16:00:00,155.02,157.01,155.0,155.75,538679.122,1749499199999,84105638.30800000,279986,264171.78300000,41245962.21110000,0
2025-06-09 20:00:00,155.76,161.73,155.72,161.16,711064.788,1749513599999,113079766.51157000,416517,348814.55900000,55495624.34810000,0
2025-06-10 00:00:00,161.16,161.82,158.69,159.17,373703.071,1749527999999,59895099.62955000,307198,177110.63900000,28392613.20331000,0
2025-06-10 04:00:00,159.18,159.61,157.4,158.45,343045.127,1749542399999,54343060.53757000,254918,189620.70300000,30041515.71299000,0
2025-06-10 08:00:00,158.46,161.51,157.15,160.85,537599.279,1749556799999,85530461.55917000,371329,288763.83800000,45964936.13760000,0
2025-06-10 12:00:00,160.85,161.99,156.32,158.02,717430.019,1749571199999,114164232.33478000,585585,334462.36500000,53203836.55281000,0
2025-06-10 16:00:00,158.03,165.48,157.1,163.61,982700.13,1749585599999,159762362.82319000,597118,532703.32500000,86617582.70305000,0
2025-06-10 20:00:00,163.61,165.67,162.86,165.12,635081.537,1749599999999,104349822.42776000,510345,315270.63300000,51797833.92251000,0
2025-06-11 00:00:00,165.12,167.46,163.43,166.67,766347.637,1749614399999,126649970.35738000,498930,393943.28700000,65141095.09663000,0
2025-06-11 04:00:00,166.67,167.15,164.35,166.65,437800.647,1749628799999,72572706.63392000,333276,223599.56100000,37069687.75467000,0
2025-06-11 08:00:00,166.65,167.19,164.0,164.5,533461.191,1749643199999,88330219.94575000,351363,235038.74600000,38914294.97301000,0
2025-06-11 12:00:00,164.5,168.36,163.73,167.26,1038023.646,1749657599999,172868530.06677000,676279,592203.38000000,98668066.65456000,0
2025-06-11 16:00:00,167.27,167.44,162.39,162.64,656756.969,1749671999999,108124461.66112000,465772,326430.52800000,53753220.12087000,0
2025-06-11 20:00:00,162.64,163.86,159.21,160.97,587034.909,1749686399999,94674243.01794000,370912,266462.31600000,42968437.60839000,0
2025-06-12 00:00:00,160.98,161.28,159.28,159.87,426395.638,1749700799999,68322364.49005000,335304,177336.18200000,28418121.69045000,0
2025-06-12 04:00:00,159.87,160.56,158.28,158.8,328952.692,1749715199999,52418900.41273000,249352,135582.89500000,21616052.71527000,0
2025-06-12 08:00:00,158.8,159.92,157.42,157.72,455771.482,1749729599999,72367564.95337000,320826,225963.18400000,35906081.87767000,0
2025-06-12 12:00:00,157.72,160.64,156.44,157.02,613689.262,1749743999999,97304441.68978000,417366,310149.63300000,49162580.39925000,0
2025-06-12 16:00:00,157.02,160.46,154.5,154.84,487995.614,1749758399999,76947096.69326000,415003,222540.16900000,35126461.25132000,0
2025-06-12 20:00:00,154.84,155.47,152.02,152.32,570671.997,1749772799999,87490269.16758000,494934,257974.76000000,39556382.44747000,0
2025-06-13 00:00:00,152.32,152.59,140.21,144.76,2280448.408,1749787199999,330231653.64149000,1350710,1072413.77700000,155125644.03472000,0
2025-06-13 04:00:00,144.76,145.46,142.58,145.02,711498.216,1749801599999,102578848.39904000,427427,380682.58300000,54891379.80183000,0
2025-06-13 08:00:00,145.02,146.67,143.66,145.45,672915.64,1749815999999,97563858.84597000,429084,328424.60900000,47632929.61310000,0
2025-06-13 12:00:00,145.45,147.78,143.92,147.18,730693.916,1749830399999,106564386.02626000,597762,377296.70600000,55049372.41479000,0
2025-06-13 16:00:00,147.18,148.52,144.3,145.17,627940.565,1749844799999,91712963.50595000,458442,277064.04500000,40487948.82454000,0
2025-06-13 20:00:00,145.17,148.94,144.75,148.6,316286.038,1749859199999,46519402.90905000,240518,175781.34600000,25851111.97347000,0
2025-06-14 00:00:00,148.6,148.7,146.42,146.71,303413.942,1749873599999,44692522.07347000,193235,172770.53300000,25427473.93366000,0
2025-06-14 04:00:00,146.71,147.15,145.54,146.18,221756.179,1749887999999,32464528.40310000,146625,92869.40100000,13608811.97496000,0
2025-06-14 08:00:00,146.17,146.21,144.93,145.86,192168.769,1749902399999,27968444.39460000,148526,83249.95000000,12121247.62475000,0
2025-06-14 12:00:00,145.85,145.95,143.8,144.54,340759.98,1749916799999,49380823.18953000,236600,135656.70000000,19667211.90661000,0
2025-06-14 16:00:00,144.53,145.11,142.92,143.5,341155.243,1749931199999,49144876.90029000,274758,152685.46000000,21995717.42890000,0
2025-06-14 20:00:00,143.51,145.01,141.97,144.64,280740.638,1749945599999,40356321.55418000,221796,110900.47400000,15939958.15801000,0
2025-06-15 00:00:00,144.65,146.05,144.6,145.75,195420.068,1749959999999,28417385.92450000,151932,97420.63600000,14170563.95087000,0
2025-06-15 04:00:00,145.75,148.1,145.68,145.87,365597.827,1749974399999,53641601.10300000,179645,194183.90100000,28476921.13894000,0
2025-06-15 08:00:00,145.87,146.71,144.22,146.36,297480.129,1749988799999,43228944.95231000,197766,158054.37900000,22971945.37175000,0
2025-06-15 12:00:00,146.35,152.97,146.16,150.84,928987.126,1750003199999,139217608.66153000,507656,507566.38200000,76022867.28545000,0
2025-06-15 16:00:00,150.84,153.54,150.18,152.23,516532.463,1750017599999,78476359.46670000,340411,288169.89000000,43785119.68988000,0
2025-06-15 20:00:00,152.23,153.0,148.15,152.97,527982.003,1750031999999,79581612.57081000,391110,264618.45100000,39915264.61985000,0
2025-06-16 00:00:00,152.97,157.41,150.99,155.58,938467.777,1750046399999,145231565.24500000,491136,455118.27900000,70444515.02656000,0
2025-06-16 04:00:00,155.59,157.95,155.51,157.28,419157.505,1750060799999,65741485.20289000,272664,216709.62500000,33992195.20812000,0
2025-06-16 08:00:00,157.27,157.5,154.81,156.48,519194.024,1750075199999,81149166.32252000,232003,229551.55600000,35890011.08138000,0
2025-06-16 12:00:00,156.48,157.78,154.68,156.58,575446.561,1750089599999,89962773.89877000,436376,272212.80600000,42567110.18285000,0
2025-06-16 16:00:00,156.58,158.8,156.35,157.79,403163.621,1750103999999,63586345.82132000,296955,208065.36200000,32822295.02161000,0
2025-06-16 20:00:00,157.8,157.86,150.3,150.72,717767.297,1750118399999,110607063.57203000,477507,328756.36700000,50706739.68118000,0
2025-06-17 00:00:00,150.73,153.98,147.47,153.36,887864.701,1750132799999,133950893.88176000,608594,449006.59500000,67763580.27676000,0
2025-06-17 04:00:00,153.37,154.33,151.91,152.67,362748.302,1750147199999,55552820.21647000,301399,164402.60200000,25183936.41522000,0
2025-06-17 08:00:00,152.67,152.9,150.18,150.53,427122.512,1750161599999,64619256.02452000,280174,213992.23500000,32367765.24283000,0
2025-06-17 12:00:00,150.53,151.43,146.52,147.62,634730.455,1750175999999,94660420.10718000,456132,312625.32100000,46669960.67011000,0
2025-06-17 16:00:00,147.62,150.39,145.61,148.87,705640.21,1750190399999,104017245.23663000,519410,340763.39300000,50265890.89265000,0
2025-06-17 20:00:00,148.87,149.25,146.26,147.57,377542.679,1750204799999,55857511.75817000,286641,171703.48900000,25404233.88875000,0
2025-06-18 00:00:00,147.58,149.1,146.54,148.37,348215.558,1750219199999,51511355.38474000,247954,198319.09400000,29338164.09181000,0
2025-06-18 04:00:00,148.38,149.28,146.89,147.99,334984.172,1750233599999,49588943.46159000,196979,130527.08300000,19322797.84960000,0
2025-06-18 08:00:00,147.99,148.56,145.34,146.52,359523.159,1750247999999,52802239.86625000,279327,162486.61300000,23858952.96159000,0
2025-06-18 12:00:00,146.52,146.77,143.76,145.74,698361.506,1750262399999,101504932.83242000,495551,303547.47500000,44121022.16352000,0
2025-06-18 16:00:00,145.74,146.51,143.65,144.71,633743.727,1750276799999,91878599.69153000,483395,285920.38300000,41465580.51065000,0
2025-06-18 20:00:00,144.71,147.92,144.09,146.34,426080.858,1750291199999,62570122.48162000,272624,169474.93300000,24890908.97997000,0
2025-06-19 00:00:00,146.35,147.9,144.96,146.58,395349.138,1750305599999,57791126.49751000,266099,187042.11100000,27345682.91649000,0
2025-06-19 04:00:00,146.58,147.16,145.0,145.07,483704.797,1750319999999,70601132.49191000,205883,214009.71100000,31242424.40334000,0
2025-06-19 08:00:00,145.08,146.5,144.85,145.09,282924.398,1750334399999,41217896.78530000,182305,99836.40100000,14546782.56163000,0
2025-06-19 12:00:00,145.1,145.5,142.92,143.16,461435.515,1750348799999,66477910.97063000,282841,198940.10800000,28673978.22121000,0
2025-06-19 16:00:00,143.16,146.04,143.11,145.48,364892.127,1750363199999,52819306.04113000,262113,211197.53700000,30571976.17871000,0
2025-06-19 20:00:00,145.48,147.45,145.03,147.04,297029.754,1750377599999,43490302.51076000,203696,140345.37100000,20541823.17419000,0
2025-06-20 00:00:00,147.04,147.54,145.41,145.44,232426.675,1750391999999,34051887.39112000,165490,119639.80700000,17528559.48091000,0
2025-06-20 04:00:00,145.45,147.78,144.3,147.47,258030.337,1750406399999,37621357.14673000,200844,134117.48200000,19569195.10749000,0
2025-06-20 08:00:00,147.48,148.81,146.91,148.17,407145.424,1750420799999,60229964.33775000,241911,183951.52500000,27210226.81215000,0
2025-06-20 12:00:00,148.17,148.37,142.35,142.86,652353.824,1750435199999,94675526.94760000,449921,281828.89900000,40900762.25102000,0
2025-06-20 16:00:00,142.86,143.0,135.69,139.82,1542973.264,1750449599999,214488539.27832000,748965,748399.72700000,103997795.72298000,0
2025-06-20 20:00:00,139.81,141.71,138.67,140.11,300397.685,1750463999999,42099531.97479000,249695,151458.48600000,21234660.83714000,0
2025-06-21 00:00:00,140.11,141.34,139.54,140.76,259040.426,1750478399999,36366139.64424000,154998,128585.67800000,18054579.94369000,0
2025-06-21 04:00:00,140.75,140.98,139.85,140.64,158434.193,1750492799999,22225879.12801000,92850,91088.61600000,12776317.10792000,0
2025-06-21 08:00:00,140.64,142.6,140.29,142.08,366231.727,1750507199999,51966215.77991000,187092,136531.68900000,19372602.79921000,0
2025-06-21 12:00:00,142.08,142.46,139.15,140.3,444706.75,1750521599999,62635560.44824000,292510,155224.37400000,21860581.72845000,0
2025-06-21 16:00:00,140.29,141.05,137.22,137.28,542044.57,1750535999999,75244217.87536000,376682,265375.66800000,36840191.35193000,0
2025-06-21 20:00:00,137.29,138.9,130.9,135.43,1055966.477,1750550399999,141833786.77222000,654631,470613.09400000,63232763.01272000,0
2025-06-22 00:00:00,135.43,137.62,133.24,135.11,708682.132,1750564799999,95931848.41941000,566381,362333.38500000,49060928.90366000,0
2025-06-22 04:00:00,135.12,136.5,134.6,134.82,309529.393,1750579199999,42001790.61315000,255383,187364.07900000,25428819.08384000,0
2025-06-22 08:00:00,134.82,135.36,131.95,133.25,370187.075,1750593599999,49421160.56390000,359626,162679.68000000,21728202.77849000,0
2025-06-22 12:00:00,133.26,133.88,126.51,128.55,1524658.349,1750607999999,196761095.15341000,977437,704055.19300000,90782570.20298000,0
2025-06-22 16:00:00,128.56,131.48,128.29,129.06,462495.192,1750622399999,59939874.14734000,460347,248519.38200000,32209315.46615000,0
2025-06-22 20:00:00,129.07,132.56,126.0,131.71,876567.882,1750636799999,113801658.63953000,588613,492898.55200000,64086381.40765000,0
2025-06-23 00:00:00,131.71,133.53,131.53,132.67,452520.918,1750651199999,59938375.38952000,269438,211026.70600000,27953101.82085000,0
2025-06-23 04:00:00,132.67,135.01,132.35,134.38,358384.775,1750665599999,48021042.99425000,230838,184862.19100000,24770694.02702000,0
2025-06-23 08:00:00,134.38,134.88,133.25,134.09,260737.337,1750679999999,34935145.50050000,193503,114459.51700000,15340288.89696000,0
2025-06-23 12:00:00,134.1,137.5,132.91,133.43,939109.236,1750694399999,127078541.78855000,601063,460779.93400000,62416760.43518000,0
2025-06-23 16:00:00,133.44,140.27,130.68,139.79,1365362.733,1750708799999,185160576.04875000,869620,669593.98700000,90975752.63543000,0
2025-06-23 20:00:00,139.79,146.92,139.21,144.51,1197032.668,1750723199999,171945898.85551000,733127,667437.36800000,95882280.19738000,0
2025-06-24 00:00:00,144.51,144.77,142.31,143.24,411388.604,1750737599999,58983487.77790000,275252,181905.83500000,26083868.63348000,0
2025-06-24 04:00:00,143.23,146.77,142.84,144.01,550150.127,1750751999999,79720205.97827000,327625,275022.54500000,39857720.93881000,0
2025-06-24 08:00:00,144.01,145.81,143.02,144.57,468516.736,1750766399999,67540292.29407000,347120,221822.33000000,31995879.87151000,0
2025-06-24 12:00:00,144.56,145.7,143.44,144.31,550064.717,1750780799999,79497793.53887000,411516,263775.11600000,38137313.44540000,0
2025-06-24 16:00:00,144.31,146.62,142.84,143.61,481214.156,1750795199999,69591358.23621000,371927,250406.49100000,36230691.45509000,0
2025-06-24 20:00:00,143.61,145.96,143.19,145.92,280474.746,1750809599999,40647323.62510000,182176,145121.51900000,21035278.41766000,0
2025-06-25 00:00:00,145.93,146.9,145.02,145.52,285609.18,1750823999999,41704037.56817000,248376,156615.21100000,22868550.52416000,0
2025-06-25 04:00:00,145.51,147.49,144.88,147.01,294235.674,1750838399999,43019848.76884000,190063,139621.93000000,20422210.22453000,0
2025-06-25 08:00:00,147.01,147.13,145.03,146.26,347865.258,1750852799999,50724285.97335000,269100,163907.35500000,23897905.32680000,0
2025-06-25 12:00:00,146.26,147.95,143.12,143.69,717721.415,1750867199999,104513148.70315000,465764,337348.12100000,49168365.87162000,0
2025-06-25 16:00:00,143.7,144.74,142.82,144.74,339449.357,1750881599999,48800229.32294000,269075,158362.45400000,22772542.85563000,0
2025-06-25 20:00:00,144.74,145.61,142.25,143.57,248721.025,1750895999999,35771996.85927000,182563,108851.69000000,15675369.94579000,0
2025-06-26 00:00:00,143.57,148.0,143.43,145.9,391115.194,1750910399999,57048731.16290000,316016,206348.99300000,30104064.93311000,0
2025-06-26 04:00:00,145.91,146.07,144.02,145.15,313216.464,1750924799999,45411953.78830000,206884,162832.31500000,23611955.46632000,0
2025-06-26 08:00:00,145.16,145.81,143.2,143.65,310581.216,1750939199999,44740025.29491000,187641,129753.80800000,18699935.12773000,0
2025-06-26 12:00:00,143.65,143.96,141.41,143.0,569500.52,1750953599999,81268488.34245000,373871,266077.68800000,37964368.34540000,0
2025-06-26 16:00:00,143.0,143.24,140.89,142.29,359222.786,1750967999999,51026704.40867000,242860,184359.91900000,26192247.45886000,0
2025-06-26 20:00:00,142.28,143.96,138.62,139.06,578871.762,1750982399999,81493159.59389000,292476,305459.13800000,43032816.52860000,0
2025-06-27 00:00:00,139.05,141.58,137.14,141.36,486476.143,1750996799999,67649257.07620000,238660,268420.70100000,37331245.27888000,0
2025-06-27 04:00:00,141.37,142.22,140.18,140.33,272399.69,1751011199999,38406906.17381000,171222,110961.59400000,15651076.21508000,0
2025-06-27 08:00:00,140.33,142.8,140.32,142.15,332706.693,1751025599999,47177829.94513000,202098,144497.96700000,20498558.95906000,0
2025-06-27 12:00:00,142.15,143.85,141.15,143.47,456334.695,1751039999999,64978211.08121000,328959,213469.25700000,30413380.66101000,0
2025-06-27 16:00:00,143.47,144.85,140.12,141.78,525963.654,1751054399999,74968551.89787000,335181,257864.45000000,36814210.65285000,0
2025-06-27 20:00:00,141.77,143.36,141.63,142.09,397966.275,1751068799999,56762749.89105000,164915,240029.09500000,34234789.48812000,0
2025-06-28 00:00:00,142.09,143.55,141.13,143.4,295491.488,1751083199999,42038825.43328000,157213,190410.90300000,27086785.77236000,0
2025-06-28 04:00:00,143.39,146.81,143.08,146.57,417061.842,1751097599999,60358234.03097000,157666,254670.39500000,36844955.35453000,0
2025-06-28 08:00:00,146.56,147.62,145.61,147.15,673383.914,1751111999999,98939138.25354000,249403,337773.73300000,49643798.35598000,0
2025-06-28 12:00:00,147.14,148.67,145.87,148.17,356111.129,1751126399999,52359364.87107000,166447,164650.95700000,24229801.46508000,0
2025-06-28 16:00:00,148.16,152.7,148.1,150.67,729669.414,1751140799999,109634727.38993000,398132,389975.78300000,58611502.49035000,0
2025-06-28 20:00:00,150.67,151.37,150.04,150.72,186118.895,1751155199999,28043447.71175000,137371,103663.60900000,15621861.92196000,0
2025-06-29 00:00:00,150.73,151.08,149.42,149.47,321242.27,1751169599999,48237263.06572000,150522,184512.83700000,27712518.17169000,0
2025-06-29 04:00:00,149.47,150.33,149.36,150.32,168449.037,1751183999999,25235061.60551000,108470,94938.83300000,14223376.32442000,0
2025-06-29 08:00:00,150.33,152.24,149.93,151.68,318094.461,1751198399999,48103375.48613000,192022,162110.51400000,24521182.81050000,0
2025-06-29 12:00:00,151.68,152.55,150.72,150.75,353539.037,1751212799999,53580092.10392000,202572,166036.61100000,25170434.75306000,0
2025-06-29 16:00:00,150.76,152.24,149.72,151.18,291991.889,1751227199999,44083374.04880000,166281,108577.22100000,16399481.74789000,0
2025-06-29 20:00:00,151.19,154.77,150.35,153.32,696709.478,1751241599999,106695499.14073000,330875,353539.86400000,54175470.25315000,0
2025-06-30 00:00:00,153.32,154.08,151.26,151.77,451430.28,1751255999999,68874649.56259000,214265,200450.92600000,30578879.97320000,0
2025-06-30 04:00:00,151.77,152.02,149.7,150.64,349802.726,1751270399999,52781005.41414000,169615,168036.66500000,25357618.35781000,0
2025-06-30 08:00:00,150.63,151.07,149.45,150.38,307902.961,1751284799999,46276238.89002000,158297,136371.00600000,20494112.25993000,0
2025-06-30 12:00:00,150.38,159.99,149.67,157.83,1504747.342,1751299199999,233421681.71680000,706539,816233.17400000,126626224.58471000,0
2025-06-30 16:00:00,157.83,158.46,155.32,157.77,860505.414,1751313599999,135074089.61975000,451195,430634.46600000,67602365.25595000,0
2025-06-30 20:00:00,157.77,157.8,154.5,154.81,397001.612,1751327999999,61914994.17664000,221004,152096.38400000,23723590.06288000,0
2025-07-01 00:00:00,154.82,155.64,153.17,153.94,340192.158,1751342399999,52495046.88493000,203809,178674.29500000,27577056.69163000,0
2025-07-01 04:00:00,153.93,153.93,148.82,150.07,644254.074,1751356799999,97280456.68697000,262489,265390.95900000,40045220.03722000,0
2025-07-01 08:00:00,150.06,150.07,148.14,148.84,470324.364,1751371199999,70121666.03644000,232656,232202.43900000,34620943.08275000,0
2025-07-01 12:00:00,148.85,149.29,146.24,147.22,614792.649,1751385599999,90885177.41733000,387266,283131.55600000,41871866.41669000,0
2025-07-01 16:00:00,147.22,148.45,145.33,145.46,447403.103,1751399999999,65706668.25071000,281036,158124.24400000,23222093.11432000,0
2025-07-01 20:00:00,145.46,147.02,144.85,146.88,253895.826,1751414399999,37099487.48452000,162927,111373.46500000,16288508.11912000,0
2025-07-02 00:00:00,146.87,149.25,145.85,148.87,291945.51,1751428799999,43149011.04612000,176860,152815.41400000,22595710.63183000,0
2025-07-02 04:00:00,148.86,149.92,148.32,149.09,247056.613,1751443199999,36828022.15915000,168651,113420.41500000,16910398.55157000,0
2025-07-02 08:00:00,149.1,149.99,148.39,148.62,287353.961,1751457599999,42882112.20754000,158930,151955.07000000,22679927.11151000,0
2025-07-02 12:00:00,148.61,151.58,147.12,151.31,668722.473,1751471999999,100047777.31847000,387778,372548.26000000,55770828.75475000,0
2025-07-02 16:00:00,151.31,153.64,150.33,153.02,805466.996,1751486399999,122724549.50272000,528463,444477.05000000,67746695.20943000,0
2025-07-02 20:00:00,153.02,154.47,151.97,152.27,352028.726,1751500799999,53935385.35719000,227319,167820.14900000,25726525.50489000,0
2025-07-03 00:00:00,152.28,154.02,151.77,153.42,284069.238,1751515199999,43418484.46779000,211467,133657.09600000,20434458.82476000,0
2025-07-03 04:00:00,153.41,155.95,153.22,155.61,427649.297,1751529599999,66312575.51889000,244490,230457.62800000,35731905.24608000,0
2025-07-03 08:00:00,155.61,156.35,154.13,154.53,355566.232,1751543999999,55228982.03840000,220373,161992.23300000,25164627.42597000,0
2025-07-03 12:00:00,154.53,155.26,149.86,150.18,1053851.969,1751558399999,161142684.76867000,592290,524204.74500000,80220380.58603000,0
2025-07-03 16:00:00,150.18,152.04,149.91,151.81,331389.902,1751572799999,50068646.67886000,216730,169239.17700000,25575406.41474000,0
2025-07-03 20:00:00,151.81,153.26,151.81,152.36,233691.567,1751587199999,35685869.95948000,133851,123160.48500000,18810517.50663000,0
2025-07-04 00:00:00,152.35,153.16,150.9,151.69,219950.28,1751601599999,33454202.17317000,156977,92756.88200000,14115568.97456000,0
2025-07-04 04:00:00,151.7,153.88,150.27,150.48,442284.744,1751615999999,67245342.43678000,272683,174777.94900000,26577761.73106000,0
2025-07-04 08:00:00,150.48,150.98,149.02,150.21,336622.39,1751630399999,50567067.21875000,213553,164764.21600000,24759688.11701000,0
2025-07-04 12:00:00,150.22,151.25,146.29,146.57,618399.498,1751644799999,91715443.43624000,389371,275167.19400000,40801300.37775000,0
2025-07-04 16:00:00,146.56,147.0,145.22,146.72,427611.217,1751659199999,62496530.05332000,279796,256084.73900000,37434535.69727000,0
2025-07-04 20:00:00,146.73,148.37,146.37,147.7,263218.607,1751673599999,38822928.99111000,139512,147377.13200000,21736753.22226000,0
2025-07-05 00:00:00,147.69,148.56,147.2,147.75,162640.995,1751687999999,24080165.80682000,106275,87783.83300000,13000326.15903000,0
2025-07-05 04:00:00,147.76,148.52,146.72,147.86,231282.311,1751702399999,34163023.88104000,127914,97059.96200000,14334053.46227000,0
2025-07-05 08:00:00,147.85,148.55,146.81,148.18,216066.192,1751716799999,31912017.00795000,122067,93958.67600000,13875265.48333000,0
2025-07-05 12:00:00,148.19,148.7,147.05,147.12,186496.906,1751731199999,27583005.35811000,113139,89988.68100000,13304829.59140000,0
2025-07-05 16:00:00,147.11,147.26,145.9,146.89,261454.233,1751745599999,38321796.50742000,158684,138764.98500000,20341389.23927000,0
2025-07-05 20:00:00,146.89,148.02,146.47,147.55,116023.223,1751759999999,17092969.08820000,82379,61690.48800000,9086698.76176000,0
2025-07-06 00:00:00,147.55,147.65,146.85,147.35,132096.927,1751774399999,19446486.92525000,76208,66175.57900000,9740837.76898000,0
2025-07-06 04:00:00,147.35,148.5,147.08,147.9,191658.793,1751788799999,28321369.23228000,95188,121237.95900000,17911611.15365000,0
2025-07-06 08:00:00,147.89,148.04,146.78,147.98,147586.586,1751803199999,21750873.05412000,104671,78275.59000000,11537805.57724000,0
2025-07-06 12:00:00,147.99,152.09,147.86,151.53,978174.8,1751817599999,147368134.21555000,362109,480310.42800000,72352626.83777000,0
2025-07-06 16:00:00,151.53,153.2,150.68,151.27,643531.546,1751831999999,97837903.01358000,250753,344339.30500000,52360710.30328000,0
2025-07-06 20:00:00,151.28,153.89,151.23,151.86,393811.066,1751846399999,60029282.76035000,249396,232230.82100000,35399974.51101000,0
2025-07-07 00:00:00,151.86,152.9,150.24,151.86,261498.31,1751860799999,39611934.86317000,189898,137963.45700000,20898888.48480000,0
2025-07-07 04:00:00,151.86,152.45,150.89,152.38,252161.335,1751875199999,38260245.38339000,137494,155874.56900000,23658746.26102000,0
2025-07-07 08:00:00,152.37,153.6,151.65,152.78,263725.757,1751889599999,40247132.70267000,170035,138343.52400000,21119690.88531000,0
2025-07-07 12:00:00,152.79,153.43,151.02,151.07,420369.75,1751903999999,63930259.87088000,344111,185274.53800000,28180309.86939000,0
2025-07-07 16:00:00,151.07,151.59,148.63,148.97,561944.671,1751918399999,84330370.12191000,367442,267950.59800000,40213768.63205000,0
2025-07-07 20:00:00,148.96,148.96,147.7,148.88,415027.9,1751932799999,61574718.22028000,214418,196211.99600000,29119255.23926000,0
2025-07-08 00:00:00,148.89,150.1,147.85,148.64,291723.602,1751947199999,43433096.86603000,205505,157823.80300000,23498330.29588000,0
2025-07-08 04:00:00,148.64,149.75,148.2,149.66,195490.528,1751961599999,29140116.01936000,140024,105376.75300000,15704183.20836000,0
2025-07-08 08:00:00,149.65,151.67,149.54,151.31,485861.394,1751975999999,73245172.70522000,186189,195537.61600000,29492916.29964000,0
2025-07-08 12:00:00,151.31,152.88,149.77,149.83,606860.361,1751990399999,91981328.28943000,330692,253388.09700000,38389584.58425000,0
2025-07-08 16:00:00,149.84,152.83,149.03,151.63,610032.824,1752004799999,92222824.36911000,281422,306319.22100000,46334301.69815000,0
2025-07-08 20:00:00,151.63,151.94,150.0,151.67,522900.614,1752019199999,78841553.88526000,162916,304950.97200000,45946755.30971000,0
2025-07-09 00:00:00,151.68,152.34,151.06,151.29,203649.988,1752033599999,30877004.70384000,137347,88589.03500000,13437144.27397000,0
2025-07-09 04:00:00,151.29,153.88,150.53,153.01,568484.501,1752047999999,86709487.00901000,207115,305986.16900000,46629393.51518000,0
2025-07-09 08:00:00,153.01,154.43,152.33,153.73,301686.929,1752062399999,46192503.15651000,138998,133978.26300000,20522606.59714000,0
2025-07-09 12:00:00,153.74,155.53,152.87,153.97,744915.802,1752076799999,114777497.60606000,403051,367734.26500000,56679430.61149000,0
2025-07-09 16:00:00,153.98,157.86,153.23,157.27,623183.791,1752091199999,96844093.78337000,388977,330650.55400000,51404336.35563000,0
2025-07-09 20:00:00,157.26,157.93,155.46,157.05,465298.737,1752105599999,73017043.96631000,336009,231124.72500000,36272244.33843000,0
2025-07-10 00:00:00,157.06,159.34,155.93,157.35,337576.402,1752119999999,53193974.01615000,212011,183749.03400000,28960270.26671000,0
2025-07-10 04:00:00,157.35,158.63,156.67,157.89,307194.328,1752134399999,48417853.54256000,189280,155023.05400000,24441270.78498000,0
2025-07-10 08:00:00,157.9,159.17,157.16,157.65,242425.44,1752148799999,38333827.10658000,171272,119568.38400000,18915269.39344000,0
2025-07-10 12:00:00,157.66,158.37,155.64,156.43,522859.232,1752163199999,82075722.70935000,292298,262374.81800000,41196685.96047000,0
2025-07-10 16:00:00,156.44,161.18,156.16,159.34,1013216.636,1752177599999,161108674.77390000,532132,522953.71500000,83149138.60023000,0
2025-07-10 20:00:00,159.34,165.43,159.23,164.34,1005110.311,1752191999999,164175183.61794000,601922,528270.53900000,86294128.88167000,0
2025-07-11 00:00:00,164.33,165.4,161.94,165.22,518721.559,1752206399999,85120091.62131000,358925,263819.50200000,43313075.58553000,0
2025-07-11 04:00:00,165.22,166.8,163.14,163.27,756764.8,1752220799999,124755516.04488000,393041,373499.98500000,61611335.48980000,0
2025-07-11 08:00:00,163.28,165.38,163.28,163.87,412025.879,1752235199999,67709114.39986000,298904,203463.42800000,33440317.19196000,0
2025-07-11 12:00:00,163.88,168.2,161.78,162.34,1345966.159,1752249599999,222653914.01165000,796307,659396.01700000,109208856.34495000,0
2025-07-11 16:00:00,162.34,165.03,161.27,164.58,703844.235,1752263999999,114923280.19247000,468149,372121.80500000,60782179.83620000,0
2025-07-11 20:00:00,164.58,164.83,159.54,162.93,616857.081,1752278399999,99955000.16064000,432659,273811.06600000,44427235.14948000,0
2025-07-12 00:00:00,162.92,163.9,161.78,163.45,283317.854,1752292799999,46213283.81245000,198542,144268.21300000,23544257.28924000,0
2025-07-12 04:00:00,163.46,163.84,162.03,163.22,231949.412,1752307199999,37802331.43323000,177222,89739.88700000,14634843.71153000,0
2025-07-12 08:00:00,163.21,163.43,161.41,161.62,253373.539,1752321599999,41180741.15800000,194660,104956.45800000,17060921.77256000,0
2025-07-12 12:00:00,161.62,161.81,157.74,158.14,826526.974,1752335999999,131857330.21039000,480246,376993.69000000,60132551.66368000,0
2025-07-12 16:00:00,158.14,160.75,157.93,160.71,289431.522,1752350399999,46202311.47214000,192375,164185.69700000,26212218.63691000,0
2025-07-12 20:00:00,160.71,160.94,158.94,160.69,158612.641,1752364799999,25391417.63167000,140495,77353.02000000,12386340.69597000,0
2025-07-13 00:00:00,160.7,161.78,160.2,161.21,206427.796,1752379199999,33265367.24680000,158281,105576.87900000,17013167.75750000,0
2025-07-13 04:00:00,161.21,162.98,161.04,162.67,240939.832,1752393599999,39014478.37036000,149765,116207.94800000,18824622.90430000,0
2025-07-13 08:00:00,162.67,162.74,161.57,162.06,169802.196,1752407999999,27528055.36328000,128928,81920.25100000,13280422.42576000,0
2025-07-13 12:00:00,162.06,164.19,161.79,162.04,460783.798,1752422399999,75069946.74029000,315737,219543.09600000,35756366.83166000,0
2025-07-13 16:00:00,162.04,163.55,160.53,162.54,423197.452,1752436799999,68675224.21326000,252842,240380.61500000,38986669.95849000,0
2025-07-13 20:00:00,162.53,163.06,159.63,161.15,428594.777,1752451199999,69011971.66688000,247356,211585.82000000,34089143.02575000,0
2025-07-14 00:00:00,161.15,168.2,160.61,167.11,844220.103,1752465599999,139370605.95428000,409306,444247.29900000,73365385.50294000,0
2025-07-14 04:00:00,167.11,168.65,165.37,167.25,845339.49,1752479999999,141216900.66668000,418568,386319.76900000,64555619.30962000,0
2025-07-14 08:00:00,167.26,168.15,166.04,166.53,513407.239,1752494399999,85792415.72488000,354178,240136.23800000,40140517.95669000,0
2025-07-14 12:00:00,166.53,168.6,163.04,163.96,821594.129,1752508799999,136739655.88274000,568308,372652.87600000,62107175.63398000,0
2025-07-14 16:00:00,163.96,165.35,162.42,164.3,537141.034,1752523199999,88181056.83747000,368852,281883.63300000,46299465.19821000,0
2025-07-14 20:00:00,164.31,164.31,161.67,162.21,412004.538,1752537599999,66964591.54089000,249181,238305.40700000,38729965.99047000,0
2025-07-15 00:00:00,162.21,162.89,158.17,159.15,700903.11,1752551999999,112332127.67914000,507357,256956.94000000,41213119.73463000,0
2025-07-15 04:00:00,159.14,160.87,158.26,159.54,376259.668,1752566399999,60209298.12251000,239153,178422.30200000,28560598.78521000,0
2025-07-15 08:00:00,159.54,160.14,158.39,159.86,359129.829,1752580799999,57246664.36988000,218631,157401.03400000,25096171.99370000,0
2025-07-15 12:00:00,159.87,162.17,157.23,160.47,939668.527,1752595199999,150356838.39174000,558066,431028.54800000,68979155.54245000,0
2025-07-15 16:00:00,160.46,163.7,159.98,160.22,818422.085,1752609599999,132612959.47259000,448697,366605.26000000,59405520.62866000,0
2025-07-15 20:00:00,160.22,164.26,159.71,163.98,470912.534,1752623999999,76315971.86367000,273169,284183.38300000,46060567.22414000,0
2025-07-16 00:00:00,163.98,165.26,161.51,162.5,491283.404,1752638399999,80325005.17008000,257900,296310.60800000,48434694.87680000,0
2025-07-16 04:00:00,162.51,164.64,161.79,164.05,303621.479,1752652799999,49619006.07005000,187083,137553.13900000,22470200.00823000,0
2025-07-16 08:00:00,164.05,167.58,163.81,166.66,775699.801,1752667199999,129060103.27366000,301555,366102.24200000,60896881.35367000,0
2025-07-16 12:00:00,166.66,168.84,165.4,168.45,1075941.567,1752681599999,179948916.30081000,576691,471544.72200000,78908149.02974000,0
2025-07-16 16:00:00,168.45,174.7,168.4,174.16,1541209.535,1752695999999,265734518.39053000,785213,793859.80800000,136726416.67462000,0
2025-07-16 20:00:00,174.15,176.0,172.37,173.63,832532.337,1752710399999,145237350.91522000,465763,399223.71200000,69704695.69532000,0
2025-07-17 00:00:00,173.62,174.85,168.71,169.54,769849.322,1752724799999,131916260.68417000,525823,365671.45300000,62651735.51054000,0
2025-07-17 04:00:00,169.53,174.17,169.24,174.02,552386.659,1752739199999,95162073.16451000,373741,326912.64500000,56338811.86137000,0
2025-07-17 08:00:00,174.02,178.19,172.67,176.17,808987.943,1752753599999,142321927.51033000,535496,471024.79300000,82878718.18285000,0
2025-07-17 12:00:00,176.16,177.54,172.78,174.13,855184.444,1752767999999,149599136.51996000,599003,416055.24500000,72807738.15284000,0
2025-07-17 16:00:00,174.12,175.42,171.21,173.05,620916.809,1752782399999,107698509.70416000,439291,310829.35500000,53929111.28016000,0
2025-07-17 20:00:00,173.05,177.4,171.34,175.87,884230.55,1752796799999,154739314.38430000,550905,474983.72100000,83218521.76775000,0
2025-07-18 00:00:00,175.88,181.15,175.29,180.8,991006.965,1752811199999,177847161.32813000,533484,555272.43900000,99630631.31727000,0
2025-07-18 04:00:00,180.79,184.67,179.86,180.94,1288132.836,1752825599999,235623478.35075000,620694,644128.69400000,117842157.06142000,0
2025-07-18 08:00:00,180.93,181.97,177.1,178.46,660085.162,1752839999999,118421409.91161000,427009,301048.17800000,54001883.99578000,0
2025-07-18 12:00:00,178.45,182.02,174.86,177.02,1101371.576,1752854399999,196616481.62673000,610369,503577.84100000,90006326.16858000,0
2025-07-18 16:00:00,177.02,179.11,176.15,176.99,511602.663,1752868799999,90975088.91321000,375239,265084.22300000,47142661.38158000,0
2025-07-18 20:00:00,176.98,177.62,173.24,177.28,639653.966,1752883199999,112409462.24437000,381183,355831.48500000,62592968.69414000,0
2025-07-19 00:00:00,177.28,177.69,174.0,177.45,354342.522,1752897599999,62534674.11001000,262442,167950.88500000,29663618.72175000,0
2025-07-19 04:00:00,177.45,177.77,176.1,176.99,291461.055,1752911999999,51636472.15423000,199280,143060.55300000,25349984.75538000,0
2025-07-19 08:00:00,176.99,177.81,175.41,176.59,226657.409,1752926399999,40048577.09235000,210660,111565.54600000,19715730.86024000,0
2025-07-19 12:00:00,176.6,177.88,174.8,177.4,472760.528,1752940799999,83513400.63501000,305274,228767.50000000,40397628.57732000,0
2025-07-19 16:00:00,177.41,178.19,176.12,177.04,248145.005,1752955199999,43980718.06777000,239604,123594.43700000,21911042.11392000,0
2025-07-19 20:00:00,177.04,178.61,174.91,176.96,465948.489,1752969599999,82226241.01113000,258254,261884.39600000,46206249.01140000,0
2025-07-20 00:00:00,176.97,179.75,176.33,177.98,729412.703,1752983999999,130276837.77940000,404096,350307.01900000,62579743.97040000,0
2025-07-20 04:00:00,177.97,178.67,176.94,177.94,258410.01,1752998399999,45952148.46050000,192005,125494.38600000,22319963.86251000,0
2025-07-20 08:00:00,177.95,181.51,177.95,180.44,484114.255,1753012799999,87163867.64770000,323487,266876.79900000,48054295.00876000,0
2025-07-20 12:00:00,180.44,183.17,179.96,181.96,814946.359,1753027199999,148039123.45094000,424019,443877.65600000,80656886.27311000,0
2025-07-20 16:00:00,181.97,183.66,180.25,181.99,762318.509,1753041599999,138593183.31690000,502766,404674.42100000,73599401.01615000,0
2025-07-20 20:00:00,182.0,182.39,177.8,181.43,645653.079,1753055999999,116352093.24536000,468728,297932.34100000,53700258.01946000,0
2025-07-21 00:00:00,181.44,187.04,178.25,186.71,938605.848,1753070399999,171998218.73117000,580248,515467.33400000,94511066.97259000,0
2025-07-21 04:00:00,186.71,191.08,185.06,190.07,895269.545,1753084799999,168492808.39455000,513200,501015.43700000,94286034.52668000,0
2025-07-21 08:00:00,190.06,192.99,189.69,191.4,1168585.825,1753099199999,223524242.00096000,644752,510488.01500000,97642142.02380000,0
2025-07-21 12:00:00,191.39,199.28,190.22,196.79,1643494.924,1753113599999,320335385.33343000,906954,877459.94700000,171105275.93680000,0
2025-07-21 16:00:00,196.79,197.25,193.01,194.63,1305545.557,1753127999999,254557057.31770000,813286,717050.79800000,139856482.04119000,0
2025-07-21 20:00:00,194.64,197.78,193.64,195.72,544405.48,1753142399999,106581290.67793000,406567,312658.32000000,61217255.57898000,0
2025-07-22 00:00:00,195.72,204.67,193.75,200.09,2435412.987,1753156799999,487591984.04898000,1338600,1321572.10600000,264786567.70090000,0
2025-07-22 04:00:00,200.08,201.32,194.1,198.1,1542930.55,1753171199999,305430669.71253000,943198,778932.41800000,154302770.44209000,0
2025-07-22 08:00:00,198.1,200.15,194.05,199.91,1047292.012,1753185599999,206494408.71962000,673856,462421.33400000,91217405.14520000,0
2025-07-22 12:00:00,199.91,204.99,196.95,201.83,1916439.915,1753199999999,386147886.77457000,1088173,984519.83700000,198463676.25597000,0
2025-07-22 16:00:00,201.82,204.24,198.39,198.92,1020851.727,1753214399999,206334368.63897000,809470,503709.83500000,101875829.44986000,0
2025-07-22 20:00:00,198.91,206.3,198.39,205.7,672699.982,1753228799999,136386759.26686000,364786,384653.60300000,78009675.90606000,0
2025-07-23 00:00:00,205.7,205.75,200.99,201.39,641791.745,1753243199999,130479672.30446000,396342,272193.38900000,55356165.27462000,0
2025-07-23 04:00:00,201.4,202.26,198.88,199.46,446529.365,1753257599999,89667094.63371000,344873,175321.91000000,35236383.83950000,0
2025-07-23 08:00:00,199.47,200.0,195.86,197.42,573102.72,1753271999999,113378229.87660000,372120,239166.22800000,47323157.70888000,0
2025-07-23 12:00:00,197.41,197.57,187.61,192.72,1924581.79,1753286399999,368650336.51100000,1061237,834845.71200000,159836581.84329000,0
2025-07-23 16:00:00,192.72,192.75,186.01,188.08,1017136.74,1753300799999,192191750.41033000,716155,451908.57600000,85377555.13249000,0
2025-07-23 20:00:00,188.09,190.04,183.97,189.4,944995.139,1753315199999,176615124.72530000,621123,464295.92600000,86845514.54810000,0
2025-07-24 00:00:00,189.4,191.87,188.48,189.85,505356.649,1753329599999,96306557.73485000,332283,253755.07700000,48379717.58930000,0
2025-07-24 04:00:00,189.85,190.12,179.21,184.21,1272610.88,1753343999999,233474996.44708000,840601,553981.96600000,101643210.53296000,0
2025-07-24 08:00:00,184.2,186.92,182.92,186.4,679593.958,1753358399999,125899799.14150000,494937,350459.54300000,64956695.68757000,0
2025-07-24 12:00:00,186.41,191.76,183.36,188.53,1133457.461,1753372799999,212720335.25306000,796578,565426.47700000,106167538.25187000,0
2025-07-24 16:00:00,188.54,190.04,184.85,187.99,821896.496,1753387199999,154408315.58327000,610463,412508.39100000,77550274.46335000,0
2025-07-24 20:00:00,187.99,189.06,182.01,182.87,804149.427,1753401599999,148692030.02837000,445638,304578.63900000,56359997.61875000,0
2025-07-25 00:00:00,182.88,183.54,175.63,177.71,1090465.703,1753415999999,196378210.06035000,722854,497379.56900000,89647484.24007000,0
2025-07-25 04:00:00,177.72,179.78,175.91,177.51,749156.28,1753430399999,133313508.75308000,541929,416706.56600000,74167386.39775000,0
2025-07-25 08:00:00,177.51,182.08,176.86,181.12,818502.62,1753444799999,147129519.75623000,598026,423416.38800000,76122002.63360000,0
2025-07-25 12:00:00,181.12,181.89,176.24,178.2,796177.263,1753459199999,142352839.67300000,672781,377741.15300000,67566127.00535000,0
2025-07-25 16:00:00,178.19,182.84,177.47,182.17,618370.939,1753473599999,111690232.89834000,430955,319839.01100000,57739281.76917000,0
2025-07-25 20:00:00,182.16,186.85,182.08,186.76,408637.635,1753487999999,75545069.15709000,250711,217124.67300000,40132076.45554000,0
2025-07-26 00:00:00,186.75,186.93,184.48,185.97,351534.604,1753502399999,65345162.52571000,208321,179131.05700000,33303393.38992000,0
2025-07-26 04:00:00,185.97,187.14,185.63,186.43,210088.884,1753516799999,39141485.78790000,148975,92702.60100000,17276417.68545000,0
2025-07-26 08:00:00,186.43,189.78,186.42,187.74,426910.756,1753531199999,80375654.40092000,258182,228196.36600000,42968975.52295000,0
2025-07-26 12:00:00,187.75,188.48,186.05,187.52,307043.382,1753545599999,57524213.54725000,217757,146591.50200000,27477957.54187000,0
2025-07-26 16:00:00,187.53,187.8,185.06,186.45,232333.333,1753559999999,43284384.57278000,190124,100292.20300000,18688100.33414000,0
2025-07-26 20:00:00,186.44,186.76,184.29,184.88,245542.916,1753574399999,45564948.79736000,174237,82348.35700000,15289036.12520000,0
2025-07-27 00:00:00,184.89,187.59,184.53,187.19,210948.8,1753588799999,39308278.69342000,156065,104872.53700000,19536386.76772000,0
2025-07-27 04:00:00,187.19,188.33,186.62,187.22,230105.751,1753603199999,43140235.02812000,175924,112243.18000000,21045851.19925000,0
2025-07-27 08:00:00,187.22,188.57,186.18,187.01,268813.946,1753617599999,50370370.18253000,194114,124083.46100000,23258118.02478000,0
2025-07-27 12:00:00,187.02,187.34,184.9,186.47,381338.1,1753631999999,70959976.84012000,306510,193279.60300000,35966750.41406000,0
2025-07-27 16:00:00,186.48,189.76,185.95,186.92,648131.865,1753646399999,121808812.71120000,448221,330335.94100000,62093399.17195000,0
2025-07-27 20:00:00,186.92,190.7,186.44,188.64,493721.671,1753660799999,93032879.94992000,338384,271397.13600000,51126220.04976000,0
2025-07-28 00:00:00,188.64,193.82,187.66,193.35,644448.782,1753675199999,122937814.07604000,512238,334945.65800000,63928090.53337000,0
2025-07-28 04:00:00,193.34,195.26,191.64,192.37,661554.847,1753689599999,127954595.46862000,396298,306935.00500000,59390841.87691000,0
2025-07-28 08:00:00,192.36,193.36,190.63,192.0,362433.148,1753703999999,69660019.77526000,298173,173261.52800000,33311427.94029000,0
2025-07-28 12:00:00,192.0,193.52,186.55,187.18,1015953.296,1753718399999,192508145.11646000,663159,445327.83400000,84384812.69587000,0
2025-07-28 16:00:00,187.18,187.99,183.45,185.26,825859.995,1753732799999,153334661.44231000,535246,363120.71100000,67411075.48066000,0
2025-07-28 20:00:00,185.25,185.53,182.16,183.11,557622.059,1753747199999,102477843.75769000,383625,244009.15300000,44851554.45007000,0
2025-07-29 00:00:00,183.1,184.72,180.67,184.33,592652.608,1753761599999,108370613.53189000,412532,271004.16900000,49623214.62336000,0
2025-07-29 04:00:00,184.34,186.68,183.21,186.05,365000.509,1753775999999,67506654.60861000,252856,193732.33900000,35853764.81495000,0
2025-07-29 08:00:00,186.04,186.51,182.24,182.93,307758.3,1753790399999,56654738.55682000,279493,133878.51000000,24665566.13699000,0
2025-07-29 12:00:00,182.93,184.99,179.23,180.81,610963.148,1753804799999,110932961.84307000,583183,242221.03000000,44052019.72592000,0
2025-07-29 16:00:00,180.81,182.37,178.3,181.11,379320.935,1753819199999,68450045.53605000,377211,176466.71300000,31840082.05813000,0
2025-07-29 20:00:00,181.11,182.0,179.3,181.48,286216.536,1753833599999,51681636.63462000,254242,129742.60400000,23428182.93743000,0
2025-07-30 00:00:00,181.47,182.37,178.81,181.69,343986.519,1753847999999,62218306.43014000,279289,171309.77600000,30972507.04840000,0
2025-07-30 04:00:00,181.69,182.56,179.34,180.83,243801.365,1753862399999,44161743.08229000,251651,89789.21200000,16263809.03934000,0
2025-07-30 08:00:00,180.83,181.49,176.42,177.3,562755.281,1753876799999,100500709.96015000,412354,229503.88100000,41003463.46860000,0
2025-07-30 12:00:00,177.29,180.59,176.65,179.18,689632.126,1753891199999,123002824.91617000,544910,334666.43500000,59722176.61333000,0
2025-07-30 16:00:00,179.17,180.15,170.29,176.12,1115046.789,1753905599999,195730731.10182000,714354,490341.89800000,85934816.35612000,0
2025-07-30 20:00:00,176.12,178.09,174.76,177.77,342028.107,1753919999999,60368767.09606000,299923,194371.83700000,34315370.16018000,0
2025-07-31 00:00:00,177.77,180.55,177.62,180.31,287253.066,1753934399999,51539711.40980000,212001,151116.65600000,27116385.77528000,0
2025-07-31 04:00:00,180.31,181.62,179.81,181.24,314782.379,1753948799999,56894691.65752000,147961,139206.32500000,25164726.99768000,0
2025-07-31 08:00:00,181.24,182.7,180.24,180.74,283519.115,1753963199999,51492750.91278000,162646,142018.39900000,25805352.48929000,0
2025-07-31 12:00:00,180.75,180.89,175.25,177.35,679543.021,1753977599999,120507689.49431000,503512,332723.49700000,58993159.66343000,0
2025-07-31 16:00:00,177.34,179.77,174.75,175.32,538100.344,1753991999999,95337319.53129000,470897,262233.91300000,46453311.21767000,0
2025-07-31 20:00:00,175.31,175.74,171.44,172.22,521643.858,1754006399999,90633237.69576000,430327,249898.86100000,43454135.63532000,0
2025-08-01 00:00:00,172.22,172.26,167.42,171.14,1030707.548,1754020799999,175518495.98845000,620351,446601.88900000,76036113.36063000,0
2025-08-01 04:00:00,171.14,171.14,167.96,169.4,449244.623,1754035199999,76018063.49550000,453107,215681.95900000,36494223.99994000,0
2025-08-01 08:00:00,169.41,169.41,166.19,169.2,539365.528,1754049599999,90575940.06821000,451451,259249.86000000,43548188.98151000,0
2025-08-01 12:00:00,169.19,170.35,164.58,168.57,774051.491,1754063999999,129910976.36108000,708913,367722.05700000,61781146.55739000,0
2025-08-01 16:00:00,168.56,169.75,165.1,166.47,634786.471,1754078399999,105914399.10911000,507145,269640.87700000,45015695.28614000,0
2025-08-01 20:00:00,166.47,166.82,159.2,162.71,889373.654,1754092799999,144292371.84884000,607335,454826.13700000,73838454.67217000,0
2025-08-02 00:00:00,162.71,165.02,162.56,164.36,237465.758,1754107199999,38961824.91900000,201988,117853.08000000,19340531.64412000,0
2025-08-02 04:00:00,164.37,165.3,161.82,164.43,251898.353,1754121599999,41201185.00703000,220537,122816.92600000,20091901.98750000,0
2025-08-02 08:00:00,164.44,165.13,162.22,164.51,222570.066,1754135999999,36446449.92111000,184348,113110.71100000,18530977.28385000,0
2025-08-02 12:00:00,164.5,164.94,161.03,161.5,262590.495,1754150399999,42843363.32073000,219162,123293.49200000,20127734.57043000,0
2025-08-02 16:00:00,161.51,162.2,155.83,157.44,847412.892,1754164799999,134435754.08981000,473900,375388.10300000,59563307.73762000,0
2025-08-02 20:00:00,157.45,159.81,157.04,158.48,386237.511,1754179199999,61224431.58002000,337753,201343.29100000,31920138.84234000,0
2025-08-03 00:00:00,158.49,161.07,156.28,160.86,344099.038,1754193599999,54829454.02551000,282904,193532.00200000,30877896.71181000,0
2025-08-03 04:00:00,160.86,161.59,160.03,161.37,225275.137,1754207999999,36201516.21103000,105171,122890.16300000,19748767.32884000,0
2025-08-03 08:00:00,161.37,162.9,160.68,161.47,286152.309,1754222399999,46278413.19512000,120974,154164.67800000,24933067.29180000,0
2025-08-03 12:00:00,161.47,162.35,160.37,162.11,376515.511,1754236799999,60735135.91096000,201052,156539.97100000,25256669.03152000,0
2025-08-03 16:00:00,162.1,162.75,161.12,161.65,535750.889,1754251199999,86727351.15481000,174111,277361.46000000,44896493.85750000,0
2025-08-03 20:00:00,161.64,163.14,160.75,161.97,530116.427,1754265599999,85724495.33321000,196863,273094.87500000,44160193.39370000,0
2025-08-04 00:00:00,161.98,164.98,161.42,162.98,406904.188,1754279999999,66538990.35102000,246281,242986.78600000,39742846.74211000,0
2025-08-04 04:00:00,162.98,163.41,161.26,163.03,283658.722,1754294399999,46043595.45833000,190121,128991.68300000,20942866.15166000,0
2025-08-04 08:00:00,163.04,164.08,161.64,162.38,375487.921,1754308799999,61174560.06280000,265245,174556.20100000,28444412.61251000,0
2025-08-04 12:00:00,162.39,166.91,162.14,165.49,677494.665,1754323199999,111836269.86040000,481018,327180.74000000,54035255.42616000,0
2025-08-04 16:00:00,165.49,169.8,165.0,165.65,540242.329,1754337599999,90546573.59030000,416550,286948.01100000,48132239.93552000,0
2025-08-04 20:00:00,165.64,169.78,165.3,169.55,405166.333,1754351999999,68126455.06473000,306670,239062.05500000,40191368.57185000,0
2025-08-05 00:00:00,169.55,169.97,167.57,167.92,280719.371,1754366399999,47370295.11341000,229138,134687.12700000,22731735.08015000,0
2025-08-05 04:00:00,167.92,169.28,165.78,166.22,320599.334,1754380799999,53697930.04498000,203155,169977.79800000,28488299.03651000,0
2025-08-05 08:00:00,166.21,171.73,165.66,170.89,401901.212,1754395199999,68017472.55509000,281387,232404.78600000,39333112.70908000,0
2025-08-05 12:00:00,170.89,171.04,162.9,163.78,907980.606,1754409599999,150673262.59118000,754970,394035.48400000,65404014.05694000,0
2025-08-05 16:00:00,163.77,164.94,162.28,162.76,432796.162,1754423999999,70918992.32552000,399496,179356.00900000,29393056.63111000,0
2025-08-05 20:00:00,162.76,164.54,161.3,164.09,210961.324,1754438399999,34405089.27670000,242633,104299.99300000,17014256.59411000,0
2025-08-06 00:00:00,164.09,164.17,161.13,161.86,204645.359,1754452799999,33264573.29877000,255184,81446.58000000,13243571.81235000,0
2025-08-06 04:00:00,161.86,164.79,161.25,164.25,216024.256,1754467199999,35340302.07624000,216943,115008.78100000,18814699.87589000,0
2025-08-06 08:00:00,164.26,164.64,162.72,164.2,252055.091,1754481599999,41255362.79754000,216468,113850.31000000,18631722.61204000,0
2025-08-06 12:00:00,164.2,169.42,162.65,169.04,602980.618,1754495999999,100132270.09505000,513957,329151.51100000,54719442.78368000,0
2025-08-06 16:00:00,169.05,169.93,167.18,168.82,360608.53,1754510399999,60787159.26788000,300138,181443.94200000,30590051.02843000,0
2025-08-06 20:00:00,168.82,168.85,167.32,168.09,161177.575,1754524799999,27099935.52242000,129919,71996.71700000,12105575.60083000,0
2025-08-07 00:00:00,168.1,169.0,166.7,166.89,199853.998,1754539199999,33533113.31484000,168568,93464.51000000,15689073.87870000,0
2025-08-07 04:00:00,166.9,170.45,166.76,169.99,366454.602,1754553599999,61875981.19712000,201936,243422.13300000,41102703.15037000,0
2025-08-07 08:00:00,169.99,173.49,169.06,172.82,686547.098,1754567999999,117980159.67137000,382714,380422.98400000,65383018.95862000,0
2025-08-07 12:00:00,172.83,173.18,169.7,170.49,728069.885,1754582399999,124882889.16388000,397614,330893.09800000,56745657.34084000,0
2025-08-07 16:00:00,170.48,171.94,167.0,171.75,486405.746,1754596799999,82358651.40052000,348089,229934.43100000,38972758.44505000,0
2025-08-07 20:00:00,171.76,175.51,171.52,175.36,547331.666,1754611199999,95082132.98992000,330032,316634.69800000,54997925.42533000,0
2025-08-08 00:00:00,175.37,175.92,173.43,174.71,734440.62,1754625599999,128166022.72949000,550804,365062.16100000,63715802.25301000,0
2025-08-08 04:00:00,174.71,177.87,173.88,177.14,447839.862,1754639999999,78625058.73667000,243989,270393.21600000,47495978.23619000,0
2025-08-08 08:00:00,177.13,177.95,174.88,177.65,516005.681,1754654399999,91051510.57660000,286521,268122.99800000,47350522.29919000,0
2025-08-08 12:00:00,177.65,179.14,174.21,175.23,925795.327,1754668799999,163534262.05916000,604847,477836.43700000,84484229.38493000,0
2025-08-08 16:00:00,175.23,179.66,175.01,178.47,810991.136,1754683199999,144082500.60730000,451450,399171.55800000,70968441.49029000,0
2025-08-08 20:00:00,178.46,178.76,176.62,176.78,243718.029,1754697599999,43305508.92055000,183404,116715.08600000,20743166.38634000,0
2025-08-09 00:00:00,176.79,179.02,176.64,177.26,311928.364,1754711999999,55404571.73044000,178981,160987.94200000,28599263.95652000,0
2025-08-09 04:00:00,177.26,182.15,176.94,180.62,853393.777,1754726399999,153705777.92793000,397975,451500.10200000,81337877.94392000,0
2025-08-09 08:00:00,180.62,183.35,180.39,180.79,576042.364,1754740799999,104751088.22700000,325505,296478.04100000,53927204.53131000,0
2025-08-09 12:00:00,180.78,182.49,178.92,180.09,607724.28,1754755199999,109810780.23678000,350697,261877.04400000,47356473.47769000,0
2025-08-09 16:00:00,180.1,182.7,179.46,182.14,400314.358,1754769599999,72540317.56952000,277358,196720.66900000,35659576.49346000,0
2025-08-09 20:00:00,182.13,183.45,179.72,179.95,576101.244,1754783999999,104501166.25193000,296997,257063.61600000,46672205.93966000,0
2025-08-10 00:00:00,179.96,185.99,179.81,184.98,1105247.344,1754798399999,203298703.57155000,555147,604286.99900000,111176285.57171000,0
2025-08-10 04:00:00,184.98,186.18,177.66,178.94,913480.456,1754812799999,166267967.45232000,426819,383515.43600000,69850888.50421000,0
2025-08-10 08:00:00,178.94,181.05,177.51,179.97,655245.387,1754827199999,117783637.45184000,343618,296577.93300000,53316473.85738000,0
2025-08-10 12:00:00,179.98,182.4,178.52,181.54,521923.423,1754841599999,94228613.04610000,339649,243322.16400000,43941182.20078000,0
2025-08-10 16:00:00,181.54,183.3,181.21,182.8,330271.285,1754855999999,60188370.12648000,206696,173803.67000000,31676691.92007000,0
2025-08-10 20:00:00,182.8,183.94,181.27,182.66,671119.392,1754870399999,122720487.51470000,341487,353757.04700000,64706114.48603000,0
2025-08-11 00:00:00,182.67,185.8,181.27,185.14,754514.272,1754884799999,138966580.24175000,489570,369513.24300000,68052340.15045000,0
2025-08-11 04:00:00,185.13,186.8,182.79,182.97,680536.454,1754899199999,126101093.43476000,310438,296820.12100000,55015640.65287000,0
2025-08-11 08:00:00,182.97,184.67,178.35,179.08,614257.101,1754913599999,111561993.09034000,406474,280799.72700000,51025537.05958000,0
2025-08-11 12:00:00,179.07,180.52,177.23,180.19,790856.83,1754927999999,141463033.54348000,570978,407044.29000000,72844780.28946000,0
2025-08-11 16:00:00,180.19,181.77,175.54,176.62,610097.078,1754942399999,108826762.75277000,436158,290193.20500000,51830094.69058000,0
2025-08-11 20:00:00,176.62,176.88,173.43,174.84,510481.796,1754956799999,89377577.49448000,327204,214500.72900000,37568773.03897000,0
2025-08-12 00:00:00,174.83,176.74,174.64,175.53,293670.156,1754971199999,51605173.92020000,188967,165994.56900000,29168528.93629000,0
2025-08-12 04:00:00,175.53,176.64,173.6,175.9,381070.522,1754985599999,66799371.62057000,224793,171723.88700000,30114201.85496000,0
2025-08-12 08:00:00,175.9,176.51,173.72,175.23,401457.593,1754999999999,70272738.09533000,230111,225021.55400000,39397001.65898000,0
2025-08-12 12:00:00,175.23,182.1,174.73,181.7,1334137.609,1755014399999,238200208.39113000,710181,701752.55100000,125356371.50458000,0
2025-08-12 16:00:00,181.7,191.14,180.77,190.64,1637090.09,1755028799999,304817600.37890000,735608,909187.22400000,169209225.71713000,0
2025-08-12 20:00:00,190.65,193.76,189.59,191.78,1026922.187,1755043199999,196924292.14039000,544425,488845.21000000,93774511.24482000,0
2025-08-13 00:00:00,191.77,199.54,191.48,197.73,1713090.0,1755057599999,335670333.53214000,808730,903960.38900000,177155506.87107000,0
2025-08-13 04:00:00,197.74,200.1,195.18,198.74,1029526.368,1755071999999,203338440.75076000,522942,476621.29500000,94250471.46339000,0
2025-08-13 08:00:00,198.74,202.71,197.61,201.0,1090204.619,1755086399999,218694809.74056000,580345,546518.25500000,109634785.22373000,0
2025-08-13 12:00:00,201.0,204.96,194.15,197.44,1935714.892,1755100799999,386872373.85654000,1050971,902887.34100000,180588914.91017000,0
2025-08-13 16:00:00,197.43,202.2,197.01,202.08,843086.365,1755115199999,167976909.56198000,563963,436931.31800000,87103760.65416000,0
2025-08-13 20:00:00,202.09,203.33,199.83,201.51,537104.035,1755129599999,108093969.85789000,416975,266841.84600000,53716445.49491000,0
2025-08-14 00:00:00,201.51,209.04,200.59,207.94,1571108.834,1755143999999,321829399.24047000,935081,909418.81800000,186414450.16442000,0
2025-08-14 04:00:00,207.94,209.86,204.02,205.66,1258405.183,1755158399999,260707532.45021000,927305,594217.44800000,123219876.04081000,0
2025-08-14 08:00:00,205.67,205.85,201.77,203.62,1039760.828,1755172799999,211649903.07084000,763559,474117.07200000,96537625.66110000,0
2025-08-14 12:00:00,203.61,205.46,186.68,194.85,3492259.235,1755187199999,682791752.48437000,1999767,1542130.58300000,301685900.38132000,0
2025-08-14 16:00:00,194.86,195.51,190.25,192.91,907917.567,1755201599999,175306982.36918000,731353,399422.34600000,77164729.90788000,0
2025-08-14 20:00:00,192.91,193.24,187.32,192.47,696155.667,1755215999999,132794349.24257000,495305,336012.07300000,64154102.16938000,0
2025-08-15 00:00:00,192.46,195.6,191.94,195.15,517703.825,1755230399999,100270813.02698000,385824,267346.78600000,51817584.75583000,0
2025-08-15 04:00:00,195.14,198.07,194.44,196.95,603957.875,1755244799999,118565885.42785000,383810,374337.44000000,73490039.54778000,0
2025-08-15 08:00:00,196.95,197.59,193.63,194.32,439776.796,1755259199999,85978103.94055000,344460,192423.76800000,37664249.00842000,0
2025-08-15 12:00:00,194.32,196.19,184.36,185.55,1407910.532,1755273599999,266761056.73114000,1045928,635210.91400000,120448724.73177000,0
2025-08-15 16:00:00,185.55,186.9,183.3,183.89,855718.072,1755287999999,158253831.24031000,615261,439164.25100000,81229376.49460000,0
2025-08-15 20:00:00,183.88,188.26,183.37,185.72,535220.296,1755302399999,99276014.67258000,341773,307997.19800000,57137489.65454000,0
2025-08-16 00:00:00,185.71,188.36,185.34,187.1,451977.406,1755316799999,84674018.87770000,235543,231368.31000000,43354087.89272000,0
2025-08-16 04:00:00,187.09,189.65,186.11,189.12,347015.956,1755331199999,65134072.21847000,185960,187840.13600000,35282604.17402000,0
2025-08-16 08:00:00,189.12,189.23,185.39,185.74,441804.36,1755345599999,82711284.00485000,238919,169370.33600000,31691837.51199000,0
2025-08-16 12:00:00,185.75,189.47,185.2,188.79,461355.922,1755359999999,86649602.82543000,374447,253018.30500000,47550015.00771000,0
2025-08-16 16:00:00,188.78,189.36,187.08,188.69,208056.105,1755374399999,39166177.72494000,207983,121357.44900000,22849214.66798000,0
2025-08-16 20:00:00,188.68,190.06,187.94,189.6,189608.699,1755388799999,35824765.92369000,152142,120962.55800000,22862198.92680000,0
2025-08-17 00:00:00,189.61,191.94,187.35,191.61,362012.918,1755403199999,68731953.85823000,275993,188191.61300000,35748136.00752000,0
2025-08-17 04:00:00,191.61,193.55,191.33,191.88,372180.764,1755417599999,71670656.36787000,235620,187770.20700000,36171222.68644000,0
2025-08-17 08:00:00,191.89,193.87,191.53,193.58,435766.843,1755431999999,83991809.34280000,257739,243081.16300000,46858346.92725000,0
2025-08-17 12:00:00,193.58,195.49,191.91,195.47,370457.983,1755446399999,71753968.55694000,269223,194811.63600000,37756990.53198000,0
2025-08-17 16:00:00,195.48,195.89,189.94,191.18,450637.822,1755460799999,86869024.65406000,325579,198065.98500000,38191134.02615000,0
2025-08-17 20:00:00,191.17,193.44,190.88,190.99,270499.226,1755475199999,51863840.96438000,220706,157058.96900000,30104555.21561000,0
2025-08-18 00:00:00,191.0,191.33,181.82,182.67,1042225.73,1755489599999,193828873.67681000,629832,432771.57500000,80450113.57959000,0
2025-08-18 04:00:00,182.67,183.51,180.22,180.62,659547.289,1755503999999,119882046.12519000,403335,302338.60200000,55003655.12806000,0
2025-08-18 08:00:00,180.63,181.98,180.0,181.36,444806.83,1755518399999,80481013.40370000,309083,229477.32200000,41531278.88559000,0
2025-08-18 12:00:00,181.37,183.34,180.52,183.1,532070.614,1755532799999,96821051.89487000,430270,281099.98100000,51179324.92574000,0
2025-08-18 16:00:00,183.1,185.7,181.76,183.21,437847.077,1755547199999,80438742.98048000,390692,218680.78400000,40176793.49821000,0
2025-08-18 20:00:00,183.21,185.0,182.07,182.94,257577.157,1755561599999,47341092.81695000,176636,117868.22000000,21662808.24298000,0
2025-08-19 00:00:00,182.94,185.87,178.17,178.52,684011.058,1755575999999,124129395.67146000,445053,287312.19200000,52247256.59195000,0
2025-08-19 04:00:00,178.52,180.59,177.32,180.11,452831.951,1755590399999,81102343.17996000,366025,260138.34800000,46613248.84613000,0
2025-08-19 08:00:00,180.12,182.81,179.11,182.66,362969.525,1755604799999,65807190.53679000,266248,237124.44000000,43004675.58479000,0
2025-08-19 12:00:00,182.67,183.42,177.46,177.98,723498.931,1755619199999,130280510.73084000,635946,325923.90500000,58729300.32711000,0
2025-08-19 16:00:00,177.98,178.78,175.69,176.74,659672.426,1755633599999,117040486.36364000,543924,318596.32600000,56541686.68100000,0
2025-08-19 20:00:00,176.75,179.54,175.88,176.22,377106.068,1755647999999,67120485.67431000,296293,188744.33000000,33609292.19384000,0
2025-08-20 00:00:00,176.22,181.5,176.04,180.49,447004.324,1755662399999,80125027.15396000,411296,245791.93600000,44078441.01573000,0
2025-08-20 04:00:00,180.49,181.7,179.83,180.53,360924.936,1755676799999,65256626.74817000,234718,225787.23800000,40822562.84359000,0
2025-08-20 08:00:00,180.53,182.25,178.32,180.29,459582.274,1755691199999,83209277.27656000,285301,210633.22900000,38153838.89990000,0
2025-08-20 12:00:00,180.28,185.06,177.53,183.03,1056274.772,1755705599999,191393217.75954000,780722,467315.35600000,84831383.71680000,0
2025-08-20 16:00:00,183.02,187.97,182.59,187.59,762490.645,1755719999999,140771877.55324000,533066,403157.91000000,74470507.95654000,0
2025-08-20 20:00:00,187.6,187.95,185.78,187.94,378680.723,1755734399999,70812625.98704000,264321,173412.99100000,32434050.54622000,0
2025-08-21 00:00:00,187.95,190.1,185.51,188.43,847804.628,1755748799999,159329012.85374000,471260,431646.20300000,81139559.04570000,0
2025-08-21 04:00:00,188.43,188.7,185.89,186.98,358402.24,1755763199999,67163910.59628000,281195,177588.44100000,33296087.92691000,0
2025-08-21 08:00:00,186.99,187.04,183.48,184.03,417312.125,1755777599999,77143778.39149000,334702,203357.20700000,37586545.32739000,0
2025-08-21 12:00:00,184.03,186.42,181.44,181.65,653560.088,1755791999999,120302590.65072000,601053,354100.62000000,65194968.40745000,0
2025-08-21 16:00:00,181.65,182.93,179.85,180.15,419791.244,1755806399999,76082750.86981000,395896,220029.37400000,39896006.24724000,0
2025-08-21 20:00:00,180.15,181.86,179.43,180.29,217641.278,1755820799999,39320181.87534000,210146,102907.76200000,18596268.91590000,0
2025-08-22 00:00:00,180.3,183.5,180.0,181.76,357848.232,1755835199999,65183828.81069000,262964,181803.06600000,33117362.27573000,0
2025-08-22 04:00:00,181.76,184.36,181.75,183.98,306794.93,1755849599999,56256124.90192000,248281,144075.97100000,26416455.40388000,0
2025-08-22 08:00:00,183.97,185.1,179.6,179.63,476379.83,1755863999999,86979221.37693000,319822,239200.43500000,43709963.08893000,0
2025-08-22 12:00:00,179.63,195.42,177.27,193.47,3196497.746,1755878399999,601567088.72389000,1746571,1720733.55900000,323774589.29085000,0
2025-08-22 16:00:00,193.48,199.73,193.48,198.97,1365879.831,1755892799999,268682592.91628000,891131,705229.54200000,138784781.67444000,0
2025-08-22 20:00:00,198.97,202.4,198.38,200.69,890717.82,1755907199999,178217804.05798000,560155,453795.13200000,90835361.45418000,0
2025-08-23 00:00:00,200.69,200.82,195.26,198.16,735618.04,1755921599999,145563814.89420000,544524,343061.73900000,67877361.08612000,0
2025-08-23 04:00:00,198.15,208.62,198.1,205.18,2072364.143,1755935999999,425648147.78297000,970917,1235418.55900000,253575607.12577000,0
2025-08-23 08:00:00,205.18,205.66,201.53,201.98,875163.943,1755950399999,177994155.11355000,521241,321260.17800000,65344618.76125000,0
2025-08-23 12:00:00,201.99,203.8,200.58,202.58,625574.666,1755964799999,126615886.24520000,457499,282748.64600000,57237038.47272000,0
2025-08-23 16:00:00,202.57,204.57,202.2,204.09,297304.083,1755979199999,60500556.81070000,226425,147818.24700000,30085159.30283000,0
2025-08-23 20:00:00,204.08,204.86,202.8,204.14,182615.884,1755993599999,37214278.97290000,156929,95069.81200000,19378738.07873000,0
2025-08-24 00:00:00,204.15,211.99,204.14,209.05,1292167.1,1756007999999,269289613.48467000,801832,765204.25800000,159436244.47994000,0
2025-08-24 04:00:00,209.06,210.76,206.6,206.66,876390.499,1756022399999,182987557.47405000,491586,386872.54900000,80837848.71023000,0
2025-08-24 08:00:00,206.67,209.0,203.41,204.48,819520.01,1756036799999,168812189.30290000,468395,366977.95000000,75641342.46730000,0
2025-08-24 12:00:00,204.48,209.35,203.57,205.62,849870.407,1756051199999,175319288.27098000,539879,434336.76900000,89594915.62421000,0
2025-08-24 16:00:00,205.62,211.97,201.44,205.01,1969133.164,1756065599999,408171298.99255000,1105942,1012637.05400000,210167536.77496000,0
2025-08-24 20:00:00,205.01,207.15,201.09,205.98,1358568.058,1756079999999,277151985.32050000,880557,697638.29400000,142406098.76168000,0
2025-08-25 00:00:00,205.99,213.6,202.23,209.24,1525854.655,1756094399999,319034404.00752000,1034629,810604.27500000,169783834.04712000,0
2025-08-25 04:00:00,209.24,209.71,198.69,199.82,1543945.818,1756108799999,314954061.52419000,989540,644771.28700000,131518805.64942000,0
2025-08-25 08:00:00,199.81,200.8,195.0,197.55,1307567.256,1756123199999,258784455.05726000,791537,586479.99400000,116155386.26269000,0
2025-08-25 12:00:00,197.54,199.5,195.56,196.56,1163970.008,1756137599999,230137212.52208000,906717,582836.09700000,115317632.15327000,0
2025-08-25 16:00:00,196.57,198.36,190.98,191.47,921580.475,1756151999999,179400722.93491000,667542,401296.85200000,78267560.39005000,0
2025-08-25 20:00:00,191.47,192.12,185.33,187.2,1490182.541,1756166399999,280107839.39561000,987719,720279.84500000,135347454.91213000,0
2025-08-26 00:00:00,187.19,189.29,185.58,186.9,1032410.688,1756180799999,193653688.08153000,861572,438765.40100000,82307953.36171000,0
2025-08-26 04:00:00,186.9,189.92,186.9,188.92,595369.921,1756195199999,112197334.96201000,479761,308498.00500000,58177926.39899000,0
2025-08-26 08:00:00,188.92,190.37,186.67,187.97,594464.855,1756209599999,111983266.76375000,427459,286585.87000000,54008573.29652000,0
2025-08-26 12:00:00,187.98,192.55,187.18,190.77,1179204.886,1756223999999,224163121.38003000,1064244,609000.80000000,115799247.39615000,0
2025-08-26 16:00:00,190.76,197.51,190.58,197.43,753071.616,1756238399999,145987353.21674000,574803,414737.53200000,80418684.15095000,0
2025-08-26 20:00:00,197.43,198.1,195.37,195.86,579897.556,1756252799999,114027592.03270000,423595,324604.99900000,63855635.38192000,0
2025-08-27 00:00:00,195.85,202.81,193.78,201.92,909709.26,1756267199999,180211430.12961000,672010,490113.22200000,97210354.69971000,0
2025-08-27 04:00:00,201.91,205.7,200.81,202.43,1505812.552,1756281599999,306316168.49367000,870980,783096.61500000,159318086.16897000,0
2025-08-27 08:00:00,202.44,205.38,201.48,205.01,813548.353,1756295999999,165863324.80399000,566983,474083.05900000,96690579.05325000,0
2025-08-27 12:00:00,205.01,209.4,202.62,208.66,1438991.466,1756310399999,296414467.59115000,1089620,776657.99700000,160149256.10042000,0
2025-08-27 16:00:00,208.66,212.08,205.95,206.4,1446542.131,1756324799999,301966243.61414000,923994,792449.86100000,165543657.27700000,0
2025-08-27 20:00:00,206.4,209.49,202.57,202.95,1720536.392,1756339199999,353771985.65033000,1020147,816254.65500000,167978498.25694000,0
2025-08-28 00:00:00,202.95,208.35,201.72,208.15,848839.237,1756353599999,174094624.78857000,621862,452201.41300000,92861255.32982000,0
2025-08-28 04:00:00,208.16,213.33,207.47,213.11,1372623.202,1756367999999,289912374.84717000,705571,789333.91300000,166765766.18287000,0
2025-08-28 08:00:00,213.11,216.5,211.07,213.14,1507240.297,1756382399999,322309027.60741000,450666,801295.29500000,171503984.38647000,0
2025-08-28 12:00:00,213.15,216.89,210.2,211.06,1875626.856,1756396799999,401029003.20382000,1008487,937331.73400000,200539859.80957000,0
2025-08-28 16:00:00,211.06,214.0,207.17,209.94,979217.904,1756411199999,206320651.10813000,611143,477218.40200000,100613316.61244000,0
2025-08-28 20:00:00,209.95,215.73,209.64,214.43,663759.05,1756425599999,141748592.20236000,392759,382561.78100000,81705967.52244000,0
2025-08-29 00:00:00,214.43,217.97,212.0,216.86,1361416.3,1756439999999,293160623.85025000,714604,731219.47800000,157585206.79376000,0
2025-08-29 04:00:00,216.86,218.0,207.8,208.77,1869253.172,1756454399999,398977601.38312000,905762,894680.89300000,191264168.43058000,0
2025-08-29 08:00:00,208.78,210.07,205.34,207.62,1315206.12,1756468799999,273062149.07565000,702019,642981.03700000,133581896.59844000,0
2025-08-29 12:00:00,207.61,214.94,203.81,204.46,2207692.114,1756483199999,462915614.56422000,1316200,1084171.87600000,227488124.65371000,0
2025-08-29 16:00:00,204.46,205.5,201.34,202.95,1121270.227,1756497599999,228123540.26280000,637915,551092.43500000,112183166.35375000,0
2025-08-29 20:00:00,202.95,205.5,199.85,205.08,732648.664,1756511999999,148428720.87180000,379334,380775.45600000,77230870.93919000,0
2025-08-30 00:00:00,205.09,206.65,200.68,205.61,1016056.129,1756526399999,206926956.20345000,423043,519886.13500000,105906055.61547000,0
2025-08-30 04:00:00,205.61,207.06,204.37,205.14,636007.652,1756540799999,130870853.94534000,293382,306054.57400000,62988493.86770000,0
2025-08-30 08:00:00,205.13,205.56,201.65,202.64,568973.963,1756555199999,115577751.72271000,299583,231923.72700000,47103109.54006000,0
2025-08-30 12:00:00,202.64,202.67,197.52,201.05,1012487.733,1756569599999,202180768.84639000,504848,347926.29400000,69477708.07574000,0
2025-08-30 16:00:00,201.05,201.61,199.74,201.25,325752.107,1756583999999,65414224.23733000,268198,142798.74800000,28686030.46621000,0
2025-08-30 20:00:00,201.25,203.33,199.75,202.7,335298.531,1756598399999,67536922.65098000,182611,207046.86600000,41734470.02835000,0
2025-08-31 00:00:00,202.7,206.66,202.69,205.58,719938.555,1756612799999,147607003.15173000,334398,412430.59900000,84567799.97485000,0
2025-08-31 04:00:00,205.57,205.65,202.73,203.55,506583.734,1756627199999,103311823.55806000,194092,226510.93300000,46187899.88596000,0
2025-08-31 08:00:00,203.56,206.0,202.23,203.65,497006.579,1756641599999,101431349.30319000,256158,251122.31500000,51277120.82117000,0
2025-08-31 12:00:00,203.65,204.89,201.5,204.58,558733.153,1756655999999,113562450.88736000,303816,278570.36100000,56627611.14723000,0
2025-08-31 16:00:00,204.58,205.99,203.68,204.62,382702.553,1756670399999,78433162.83603000,188868,207868.59600000,42606401.99693000,0
2025-08-31 20:00:00,204.61,205.78,200.28,200.62,638259.374,1756684799999,129459202.13670000,265805,313963.68700000,63702953.64084000,0
2025-09-01 00:00:00,200.62,202.49,196.03,198.42,1095348.972,1756699199999,218134215.72288000,648171,441292.67300000,87948176.54471000,0
2025-09-01 04:00:00,198.41,202.93,196.61,202.92,723200.706,1756713599999,143906247.08268000,412221,330929.94500000,65936388.88560000,0
2025-09-01 08:00:00,202.92,204.58,198.36,199.4,796310.266,1756727999999,160576256.94164000,483368,309724.63300000,62526774.74797000,0
2025-09-01 12:00:00,199.41,201.13,197.67,198.37,628970.474,1756742399999,125550562.51142000,462206,263662.25500000,52637516.93317000,0
2025-09-01 16:00:00,198.36,200.16,197.27,200.16,430656.417,1756756799999,85506634.11442000,347823,198123.48200000,39328397.42058000,0
2025-09-01 20:00:00,200.16,200.17,194.19,197.32,790280.938,1756771199999,155100817.14201000,480155,348319.02800000,68349884.95520000,0
2025-09-02 00:00:00,197.32,203.36,196.77,201.85,683276.649,1756785599999,136678986.21719000,391985,377759.26700000,75556283.42225000,0
2025-09-02 04:00:00,201.86,204.45,201.39,202.12,573884.452,1756799999999,116592614.20029000,309017,320201.83300000,65061330.85983000,0
2025-09-02 08:00:00,202.12,204.45,201.67,201.98,485173.647,1756814399999,98676041.02113000,304891,231767.87400000,47153119.99213000,0
2025-09-02 12:00:00,201.97,205.15,197.37,200.3,1436972.942,1756828799999,290079301.05678000,880419,759204.06300000,153337813.73114000,0
2025-09-02 16:00:00,200.29,207.0,199.48,205.54,860842.502,1756843199999,175549042.49312000,567939,492219.11500000,100377271.94318000,0
2025-09-02 20:00:00,205.53,209.68,204.91,209.65,854487.357,1756857599999,177677313.25061000,399751,516322.73400000,107368270.90466000,0
2025-09-03 00:00:00,209.64,211.97,207.42,210.03,1074401.43,1756871999999,225459410.94639000,489814,585280.91200000,122834004.37473000,0
2025-09-03 04:00:00,210.02,210.48,207.94,209.36,565061.696,1756886399999,118045370.19934000,294881,317134.76200000,66250780.12489000,0
2025-09-03 08:00:00,209.36,211.34,208.15,210.38,572759.788,1756900799999,120162148.18802000,292683,320998.78700000,67366622.45996000,0
2025-09-03 12:00:00,210.37,213.02,208.69,211.37,1167373.022,1756915199999,246654016.22767000,547818,624338.40600000,131950437.30283000,0
2025-09-03 16:00:00,211.37,211.97,208.83,210.38,388604.335,1756929599999,81718373.98937000,297868,179064.57800000,37654307.34235000,0
2025-09-03 20:00:00,210.38,210.96,208.38,210.77,294991.412,1756943999999,61830073.15881000,181029,158889.69100000,33303859.73091000,0
2025-09-04 00:00:00,210.77,211.94,207.47,208.19,488986.062,1756958399999,102462696.56550000,272329,233734.45700000,48994814.49040000,0
2025-09-04 04:00:00,208.19,208.56,205.68,206.68,353396.148,1756972799999,73080319.77881000,223330,156833.34900000,32445561.21673000,0
2025-09-04 08:00:00,206.68,208.79,206.58,207.22,279470.32,1756987199999,58095404.15001000,181900,150502.50500000,31292435.90971000,0
2025-09-04 12:00:00,207.23,208.5,203.38,203.76,784895.444,1757001599999,161606562.02817000,501316,339690.09000000,69938635.29822000,0
2025-09-04 16:00:00,203.77,205.18,201.84,202.12,401437.473,1757015999999,81743860.11319000,265913,200867.95600000,40936686.42811000,0
2025-09-04 20:00:00,202.11,204.82,201.88,202.32,418593.83,1757030399999,85151857.82931000,240361,212661.42100000,43263091.70761000,0
2025-09-05 00:00:00,202.32,204.05,200.95,203.53,428152.722,1757044799999,86762544.22056000,277733,225641.74300000,45738715.09140000,0
2025-09-05 04:00:00,203.53,208.43,203.0,207.87,678134.358,1757059199999,139478613.42768000,267968,330865.47800000,68095491.62970000,0
2025-09-05 08:00:00,207.87,207.96,204.52,206.67,540095.09,1757073599999,111474738.07171000,252930,246615.32000000,50897546.71543000,0
2025-09-05 12:00:00,206.67,210.0,201.61,203.56,1639974.602,1757087999999,337810379.08809000,1024656,826997.45300000,170300961.50600000,0
2025-09-05 16:00:00,203.55,205.55,201.91,205.44,527852.482,1757102399999,107449794.63572000,354119,246507.88700000,50199506.10529000,0
2025-09-05 20:00:00,205.43,205.69,202.7,203.36,307186.001,1757116799999,62718140.51077000,221474,169761.49800000,34667163.31918000,0
2025-09-06 00:00:00,203.37,204.68,203.14,204.07,219743.501,1757131199999,44806974.59397000,126041,134229.43800000,27373583.18463000,0
2025-09-06 04:00:00,204.06,204.07,202.07,203.03,270340.564,1757145599999,54823901.10254000,108433,145654.67600000,29533511.23194000,0
2025-09-06 08:00:00,203.03,203.56,201.8,202.38,226912.717,1757159999999,46010442.72789000,113541,66174.06300000,13419408.26136000,0
2025-09-06 12:00:00,202.38,202.87,201.01,201.26,250379.867,1757174399999,50569485.10691000,146764,108821.58200000,21981625.35287000,0
2025-09-06 16:00:00,201.26,202.37,199.32,199.71,375364.512,1757188799999,75241747.46832000,201498,150130.46100000,30110282.21622000,0
2025-09-06 20:00:00,199.7,201.2,199.7,200.16,138759.836,1757203199999,27815553.12034000,97384,76154.52700000,15267394.60234000,0
2025-09-07 00:00:00,200.17,203.27,200.12,202.86,229169.683,1757217599999,46306410.78711000,129171,131230.32200000,26505408.17830000,0
2025-09-07 04:00:00,202.85,203.3,202.23,202.99,144615.751,1757231999999,29321134.01605000,78644,79956.72900000,16210724.17285000,0
2025-09-07 08:00:00,203.0,203.99,202.72,203.96,203095.962,1757246399999,41308344.61429000,102677,117945.07900000,23991770.10175000,0
2025-09-07 12:00:00,203.96,205.55,203.08,205.2,378157.51,1757260799999,77244112.50711000,147030,164439.49500000,33595323.41859000,0
2025-09-07 16:00:00,205.2,205.48,201.48,203.08,474253.21,1757275199999,96228285.82965000,171209,262185.91200000,53145075.93467000,0
2025-09-07 20:00:00,203.08,207.95,202.58,206.35,788218.647,1757289599999,162357952.51979000,262600,401156.27200000,82680063.54430000,0
2025-09-08 00:00:00,206.35,209.0,205.59,207.65,689936.433,1757303999999,143011641.93604000,315543,417430.73200000,86500699.38753000,0
2025-09-08 04:00:00,207.64,208.87,206.66,207.92,542588.067,1757318399999,112705333.96265000,248524,301033.62600000,62530496.76326000,0
2025-09-08 08:00:00,207.91,215.84,207.39,214.28,1598221.836,1757332799999,339397893.61644000,632249,986730.02400000,209430842.40026000,0
2025-09-08 12:00:00,214.28,216.83,212.8,215.04,1390691.079,1757347199999,298825433.17813000,544291,740702.62800000,159223701.88885000,0
2025-09-08 16:00:00,215.04,217.11,213.88,216.15,1009621.332,1757361599999,217725718.18473000,410952,575603.00200000,124168156.26057000,0
2025-09-08 20:00:00,216.16,216.22,213.55,214.11,498620.188,1757375999999,107089427.93122000,243416,229632.87200000,49325934.31746000,0
2025-09-09 00:00:00,214.11,214.91,210.79,214.63,736262.906,1757390399999,156576570.72795000,386885,352425.28100000,74962790.35316000,0
2025-09-09 04:00:00,214.62,219.79,213.96,219.23,1023258.594,1757404799999,222514861.70532000,437130,563310.46200000,122558269.03454000,0
2025-09-09 08:00:00,219.23,219.5,217.0,217.25,510642.02,1757419199999,111554123.28295000,236753,261942.54100000,57237178.19944000,0
2025-09-09 12:00:00,217.24,218.54,211.69,213.07,1508779.467,1757433599999,324554388.72009000,710892,740901.57900000,159406246.48394000,0
2025-09-09 16:00:00,213.07,216.99,213.0,216.34,721110.055,1757447999999,155389105.62119000,297650,371725.22200000,80087712.34235000,0
2025-09-09 20:00:00,216.35,217.8,215.01,217.21,479251.671,1757462399999,103763859.89750000,202620,230393.70800000,49885601.41328000,0
2025-09-10 00:00:00,217.22,219.65,215.09,219.2,784172.042,1757476799999,170539889.33927000,337991,435549.15300000,94706710.47791000,0
2025-09-10 04:00:00,219.2,222.89,217.82,222.25,832462.629,1757491199999,183434486.20440000,368728,488270.08200000,107614290.44626000,0
2025-09-10 08:00:00,222.25,222.45,218.77,220.25,695044.216,1757505599999,153264677.99136000,287943,306845.22200000,67679613.10156000,0
2025-09-10 12:00:00,220.24,226.0,219.74,223.17,1555217.137,1757519999999,347728021.83232000,742872,790713.13100000,176817515.38736000,0
2025-09-10 16:00:00,223.16,224.13,220.53,221.23,598543.573,1757534399999,133112078.40285000,355044,306257.53500000,68147526.84534000,0
2025-09-10 20:00:00,221.23,224.65,220.95,224.07,358745.615,1757548799999,80066454.43605000,199028,218839.12000000,48843572.70514000,0
2025-09-11 00:00:00,224.06,225.59,222.94,224.17,487255.101,1757563199999,109393013.62879000,264350,274326.06500000,61601864.62952000,0
2025-09-11 04:00:00,224.17,224.29,221.72,223.23,448845.177,1757577599999,100030518.34862000,300296,201586.40100000,44929490.63884000,0
2025-09-11 08:00:00,223.23,225.85,222.28,225.03,545294.32,1757591999999,122388389.06877000,274821,300038.83100000,67362569.46442000,0
2025-09-11 12:00:00,225.04,228.95,222.79,226.82,1631416.502,1757606399999,369521314.74246000,870677,912174.45100000,206713997.24070000,0
2025-09-11 16:00:00,226.82,228.37,225.3,226.71,620031.663,1757620799999,140645220.56187000,333987,332596.78400000,75462964.48120000,0
2025-09-11 20:00:00,226.69,228.94,225.47,228.73,619514.238,1757635199999,140846146.25271000,306225,348431.06400000,79223033.73679000,0
2025-09-12 00:00:00,228.73,235.81,228.11,235.09,1207675.905,1757649599999,280785899.34358000,629056,665374.98300000,154647962.82867000,0
2025-09-12 04:00:00,235.08,239.86,234.22,237.33,1376519.657,1757663999999,327201602.38874000,519671,697495.10500000,165798221.12395000,0
2025-09-12 08:00:00,237.33,239.55,236.72,239.18,491350.401,1757678399999,117096932.02959000,268835,251531.36400000,59957780.56309000,0
2025-09-12 12:00:00,239.18,241.84,237.56,239.31,1160771.078,1757692799999,278085662.94136000,529132,625386.77300000,149836278.80130000,0
2025-09-12 16:00:00,239.32,241.48,237.94,241.0,763911.375,1757707199999,183310166.84715000,373775,369264.32900000,88635864.08010000,0
2025-09-12 20:00:00,241.0,244.04,238.33,242.18,891425.515,1757721599999,215014318.73390000,423484,476644.21300000,115040269.40463000,0
2025-09-13 00:00:00,242.18,244.14,240.68,243.61,711408.504,1757735999999,172736092.21792000,312395,421090.71300000,102262096.62047000,0
2025-09-13 04:00:00,243.62,243.67,241.23,242.46,415512.041,1757750399999,100785666.85348000,200447,226971.77700000,55060952.96879000,0
2025-09-13 08:00:00,242.45,243.72,241.26,241.93,511414.931,1757764799999,124091960.53791000,195281,266505.54000000,64689205.45647000,0
2025-09-13 12:00:00,241.93,243.09,237.93,239.43,733910.291,1757779199999,176357045.84620000,377669,323925.03300000,77877480.63978000,0
2025-09-13 16:00:00,239.43,239.69,235.73,238.98,530973.647,1757793599999,126322091.27016000,361603,248381.21000000,59117967.14772000,0
2025-09-13 20:00:00,238.98,243.18,238.84,242.38,402441.851,1757807999999,97117896.58276000,215727,238653.60800000,57583843.88042000,0
2025-09-14 00:00:00,242.38,249.6,242.2,246.89,1039067.768,1757822399999,255519494.95338000,528588,575481.77600000,141526548.95907000,0
2025-09-14 04:00:00,246.89,248.4,244.5,246.39,540408.995,1757836799999,133375654.61375000,345035,263396.03500000,65037186.98308000,0
2025-09-14 08:00:00,246.4,248.09,245.58,246.09,377330.593,1757851199999,93180079.60141000,246364,183154.71800000,45241829.37194000,0
2025-09-14 12:00:00,246.1,246.77,241.53,243.81,859662.312,1757865599999,209709283.78720000,529908,402851.04300000,98329907.88152000,0
2025-09-14 16:00:00,243.81,248.45,242.13,242.51,757233.741,1757879999999,185893348.17745000,417000,394094.47600000,96773492.61837000,0
2025-09-14 20:00:00,242.5,244.72,239.23,239.76,591467.719,1757894399999,143182894.00510000,398781,275391.36700000,66721312.02739000,0
2025-09-15 00:00:00,239.75,243.41,239.15,242.64,445620.562,1757908799999,107641028.09427000,346474,233589.03800000,56424628.35391000,0
2025-09-15 04:00:00,242.65,244.0,236.17,237.98,711140.007,1757923199999,171051427.42754000,416760,315187.95400000,75846030.25427000,0
2025-09-15 08:00:00,237.98,238.11,231.55,236.45,1451753.3,1757937599999,341128294.20663000,651275,723518.72300000,170101658.36657000,0
2025-09-15 12:00:00,236.46,238.16,231.96,233.0,1120024.664,1757951999999,262787186.58421000,620378,536558.42600000,125995092.50228000,0
2025-09-15 16:00:00,233.0,234.67,230.15,233.0,679264.543,1757966399999,157877962.31350000,441017,365933.54900000,85085734.36637000,0
2025-09-15 20:00:00,232.99,235.37,232.78,234.31,325786.543,1757980799999,76310545.17906000,191553,193863.11300000,45412626.19160000,0
2025-09-16 00:00:00,234.32,235.8,232.87,235.08,406532.065,1757995199999,95395248.82559000,255657,242195.51200000,56853392.70694000,0
2025-09-16 04:00:00,235.09,237.03,232.97,235.77,439716.76,1758009599999,103512474.91849000,268550,240893.69500000,56719098.74103000,0
2025-09-16 08:00:00,235.77,236.93,234.77,235.37,357847.921,1758023999999,84361364.98700000,230250,180191.41200000,42486572.56248000,0
2025-09-16 12:00:00,235.36,238.09,231.26,237.79,804674.844,1758038399999,188473202.75000000,468997,408244.43400000,95648093.35696000,0
2025-09-16 16:00:00,237.79,240.95,236.24,237.82,843085.465,1758052799999,200905976.73892000,503420,475566.95800000,113345023.28682000,0
2025-09-16 20:00:00,237.82,239.03,236.44,236.96,329770.005,1758067199999,78438841.83172000,223643,159628.66000000,37978166.74557000,0
2025-09-17 00:00:00,236.96,237.85,233.84,234.07,442085.963,1758081599999,104360761.36691000,267574,209501.40000000,49471628.60336000,0
2025-09-17 04:00:00,234.07,238.09,233.2,237.69,574416.426,1758095999999,135197350.45733000,285384,276494.16600000,65084712.71285000,0
2025-09-17 08:00:00,237.69,237.73,233.66,234.17,425306.308,1758110399999,99984754.92404000,259899,223083.68800000,52429165.66070000,0
2025-09-17 12:00:00,234.18,235.99,233.56,233.9,442459.616,1758124799999,103829326.33556000,310966,220954.74400000,51850929.48118000,0
2025-09-17 16:00:00,233.9,239.1,232.23,238.74,1767201.407,1758139199999,416441044.72291000,1007222,909355.56800000,214299826.99930000,0
2025-09-17 20:00:00,238.74,246.62,236.01,244.84,1120059.773,1758153599999,271339273.23804000,564801,643626.68700000,155971168.91448000,0
2025-09-18 00:00:00,244.84,247.99,244.16,246.72,716898.945,1758167999999,176411242.84744000,377061,374161.82000000,92083004.90987000,0
2025-09-18 04:00:00,246.71,246.97,242.58,244.75,501792.035,1758182399999,122831499.73692000,271157,253068.36800000,61946382.64035000,0
2025-09-18 08:00:00,244.75,247.17,244.34,245.97,467499.978,1758196799999,115146905.90486000,265089,257495.03500000,63432634.23318000,0
2025-09-18 12:00:00,245.96,248.99,245.01,248.24,755572.778,1758211199999,186829004.36402000,447471,448770.40600000,110992233.18193000,0
2025-09-18 16:00:00,248.25,253.51,247.33,248.36,1081932.43,1758225599999,270971972.96077000,527826,617694.69200000,154746028.40913000,0
2025-09-18 20:00:00,248.36,249.22,245.88,247.5,393194.742,1758239999999,97357128.36696000,223813,208924.31700000,51765884.68601000,0
2025-09-19 00:00:00,247.5,248.57,244.66,245.0,486455.778,1758254399999,120103086.90148000,245808,252772.42000000,62457835.70005000,0
2025-09-19 04:00:00,245.0,245.73,242.83,243.82,591199.43,1758268799999,144459900.23013000,317144,273693.62500000,66890971.58887000,0
2025-09-19 08:00:00,243.81,244.83,240.0,240.91,521484.767,1758283199999,126335302.20414000,262884,227264.42900000,55033492.53370000,0
2025-09-19 12:00:00,240.92,242.71,235.81,237.54,964529.52,1758297599999,230636934.69192000,461720,470839.49300000,112573421.05935000,0
2025-09-19 16:00:00,237.54,238.87,235.12,235.98,552758.243,1758311999999,131134748.54151000,329309,242344.47000000,57521030.64020000,0
2025-09-19 20:00:00,235.98,238.85,235.98,238.53,268557.96,1758326399999,63802236.32104000,200367,134021.91200000,31846129.43152000,0
2025-09-20 00:00:00,238.53,239.96,237.36,238.09,292277.489,1758340799999,69759873.60079000,206557,129372.47200000,30889972.88097000,0
2025-09-20 04:00:00,238.09,239.78,237.73,239.78,188414.615,1758355199999,45042691.86223000,132211,105054.23500000,25119817.20135000,0
2025-09-20 08:00:00,239.77,239.78,236.91,238.14,198950.509,1758369599999,47346356.28730000,140201,82987.33800000,19750040.30693000,0
2025-09-20 12:00:00,238.14,241.22,237.05,240.1,470638.18,1758383999999,112631283.43278000,192176,257116.97100000,61527093.38207000,0
2025-09-20 16:00:00,240.11,241.1,237.97,238.64,230385.504,1758398399999,55166092.64802000,169255,127968.93900000,30650123.00402000,0
2025-09-20 20:00:00,238.64,240.31,238.44,239.48,169822.918,1758412799999,40683561.14303000,113735,97062.10900000,23251362.04170000,0
2025-09-21 00:00:00,239.48,241.79,238.96,241.78,256811.845,1758427199999,61777036.08325000,168338,141724.65200000,34102500.60127000,0
2025-09-21 04:00:00,241.78,241.82,239.45,239.87,212290.486,1758441599999,51060857.95520000,148651,84141.12600000,20237034.71410000,0
2025-09-21 08:00:00,239.87,240.09,237.1,238.64,216475.625,1758455999999,51599535.42149000,177209,93029.62000000,22181077.79506000,0
2025-09-21 12:00:00,238.64,240.28,237.7,237.91,196966.672,1758470399999,47095106.90628000,152857,90933.96900000,21752524.24711000,0
2025-09-21 16:00:00,237.91,238.41,236.08,237.99,249970.647,1758484799999,59300973.49665000,186839,114443.79200000,27153137.85842000,0
2025-09-21 20:00:00,237.99,238.11,235.32,236.16,259922.701,1758499199999,61516073.72714000,179088,124112.11100000,29368911.83251000,0
2025-09-22 00:00:00,236.16,236.96,230.5,232.81,1045277.527,1758513599999,243339908.30512000,586934,521567.63600000,121420260.27858000,0
2025-09-22 04:00:00,232.81,233.16,214.5,221.88,1920590.553,1758527999999,430005635.80958000,769920,880445.35300000,197065487.07375000,0
2025-09-22 08:00:00,221.88,222.78,219.32,221.49,828237.826,1758542399999,183124704.23965000,397283,423760.72800000,93716637.03206000,0
2025-09-22 12:00:00,221.49,224.03,219.91,220.73,772216.741,1758556799999,171408228.10491000,460851,431906.49700000,95916414.27954000,0
2025-09-22 16:00:00,220.73,221.53,216.56,217.1,909206.16,1758571199999,199602893.23268000,505220,428531.39000000,94131889.13685000,0
2025-09-22 20:00:00,217.1,221.1,216.45,220.38,361064.896,1758585599999,79220955.21285000,242539,213866.46600000,46930401.32785000,0
2025-09-23 00:00:00,220.39,221.41,212.34,216.94,909225.517,1758599999999,196726054.80603000,419591,396785.57300000,85937511.14614000,0
2025-09-23 04:00:00,216.94,220.26,214.02,219.0,606280.357,1758614399999,131843706.43286000,315112,309090.53500000,67265278.69967000,0
2025-09-23 08:00:00,219.0,220.86,217.87,219.34,376465.729,1758628799999,82544732.55633000,236904,211177.81900000,46319398.39506000,0
2025-09-23 12:00:00,219.33,220.65,216.97,219.28,495109.161,1758643199999,108509977.99988000,397682,271119.26700000,59437505.55474000,0
2025-09-23 16:00:00,219.27,221.71,214.35,214.52,667060.786,1758657599999,144969742.11350000,455119,309747.13500000,67430473.20976000,0
2025-09-23 20:00:00,214.51,216.68,212.96,213.3,394766.918,1758671999999,84800793.78759000,260301,173951.93200000,37380832.27790000,0
2025-09-24 00:00:00,213.29,216.45,207.41,208.51,1196430.768,1758686399999,253685428.09864000,567100,540903.98300000,114731064.44570000,0
2025-09-24 04:00:00,208.5,211.43,204.81,210.63,1465594.599,1758700799999,305192881.33347000,573189,848062.61700000,176723198.35396000,0
2025-09-24 08:00:00,210.63,212.6,209.83,212.35,424450.64,1758715199999,89597966.86628000,264831,261577.42200000,55221131.79380000,0
2025-09-24 12:00:00,212.36,216.24,211.41,213.61,706125.967,1758729599999,151041448.45603000,428219,371867.17400000,79548179.04661000,0
2025-09-24 16:00:00,213.6,215.51,212.41,213.18,339233.479,1758743999999,72579062.65567000,245863,187514.06000000,40129174.54037000,0
2025-09-24 20:00:00,213.18,213.24,210.72,211.6,295622.073,1758758399999,62627065.54979000,240459,134154.73700000,28415473.14214000,0
2025-09-25 00:00:00,211.61,212.44,206.02,207.3,848925.731,1758772799999,177457503.83782000,581746,407605.55900000,85209450.47709000,0
2025-09-25 04:00:00,207.3,207.63,202.76,204.19,967402.525,1758787199999,197810770.04412000,562638,477943.42600000,97740638.63163000,0
2025-09-25 08:00:00,204.19,205.91,200.69,201.35,729173.977,1758801599999,148032277.37241000,387039,337603.62400000,68608139.18551000,0
2025-09-25 12:00:00,201.34,204.06,197.03,201.15,1358179.897,1758815999999,272045987.45144000,723489,659896.62600000,132317059.38408000,0
2025-09-25 16:00:00,201.14,201.95,193.6,198.09,1824534.378,1758830399999,360110091.24597000,850405,749894.25100000,148091770.69286000,0
2025-09-25 20:00:00,198.09,198.7,191.32,192.74,1033040.783,1758844799999,201418186.69427000,467018,442576.86400000,86319959.54292000,0
2025-09-26 00:00:00,192.73,197.55,192.53,196.47,793835.75,1758859199999,155338368.40221000,496541,447457.78600000,87578706.07472000,0
2025-09-26 04:00:00,196.47,197.42,193.75,196.31,726413.597,1758873599999,142150332.12275000,413040,376609.26400000,73691976.53948000,0
2025-09-26 08:00:00,196.31,196.98,190.8,193.47,786834.274,1758887999999,152165025.69802000,452208,358778.55900000,69390611.26409000,0
2025-09-26 12:00:00,193.46,198.31,192.15,196.02,1577594.807,1758902399999,308445226.52138000,772796,837591.03000000,163820910.41474000,0
2025-09-26 16:00:00,196.02,202.66,195.81,200.68,1192444.925,1758916799999,238761009.52591000,544290,690111.03600000,138220990.89598000,0
2025-09-26 20:00:00,200.68,205.52,199.56,205.17,546079.521,1758931199999,110577597.37735000,270542,321799.18800000,65160037.50645000,0
2025-09-27 00:00:00,205.16,205.43,203.57,203.88,468318.03,1758945599999,95722555.36366000,248587,223503.63300000,45687916.89919000,0
2025-09-27 04:00:00,203.88,204.12,201.52,202.05,377609.353,1758959999999,76600502.89636000,172582,152486.25600000,30928972.99152000,0
2025-09-27 08:00:00,202.05,202.21,199.88,201.71,355448.756,1758974399999,71490225.34505000,183872,167626.23200000,33724690.56845000,0
2025-09-27 12:00:00,201.71,203.77,200.97,203.52,321632.965,1758988799999,65141438.68314000,184940,193394.80900000,39188339.22437000,0
2025-09-27 16:00:00,203.52,203.61,200.85,202.19,373010.573,1759003199999,75294308.02612000,207762,207585.73000000,41887302.54866000,0
2025-09-27 20:00:00,202.19,204.89,201.89,203.46,208913.738,1759017599999,42539331.16583000,145220,109248.99200000,22249173.95589000,0
2025-09-28 00:00:00,203.47,204.07,200.74,201.4,341292.836,1759031999999,69017185.23722000,215226,157243.15000000,31795088.24001000,0
2025-09-28 04:00:00,201.4,202.45,200.38,202.1,182680.133,1759046399999,36826141.10377000,121630,79637.91000000,16053257.51779000,0
2025-09-28 08:00:00,202.1,202.7,199.23,199.86,280341.152,1759060799999,56298207.19759000,184860,134462.50900000,27016523.28883000,0
2025-09-28 12:00:00,199.86,203.55,198.0,203.42,445496.91,1759075199999,89467168.35973000,255143,223935.52100000,45014301.09173000,0
2025-09-28 16:00:00,203.43,206.67,203.26,206.18,432486.691,1759089599999,88625056.54171000,244948,272761.47700000,55909906.90147000,0
2025-09-28 20:00:00,206.18,211.0,206.02,210.83,511962.352,1759103999999,106941482.26319000,279800,301466.62900000,62943999.75645000,0
2025-09-29 00:00:00,210.83,210.89,208.74,210.28,480507.93,1759118399999,100809761.11814000,249463,232196.88800000,48724047.24290000,0
2025-09-29 04:00:00,210.27,210.64,207.37,208.95,382478.561,1759132799999,79963567.03106000,231423,160288.45300000,33505628.56120000,0
2025-09-29 08:00:00,208.94,209.69,206.02,207.07,300697.236,1759147199999,62463034.39835000,211784,152589.25200000,31708735.16379000,0
2025-09-29 12:00:00,207.07,213.5,204.58,210.07,1124784.909,1759161599999,235990001.74831000,610666,623748.49600000,130952606.12816000,0
2025-09-29 16:00:00,210.07,213.5,207.67,212.93,565969.834,1759175999999,118944445.93510000,361829,343959.24400000,72317378.09918000,0
2025-09-29 20:00:00,212.93,214.74,212.43,212.75,358660.381,1759190399999,76622340.56084000,243566,187652.39400000,40097193.23480000,0
2025-09-30 00:00:00,212.74,213.67,209.83,210.71,502259.774,1759204799999,106125964.62579000,329723,223505.49500000,47243785.60250000,0
2025-09-30 04:00:00,210.71,211.72,208.55,209.0,333039.505,1759219199999,69996096.50682000,205819,143047.32300000,30076307.34012000,0
2025-09-30 08:00:00,208.99,209.0,205.53,207.08,508045.926,1759233599999,105178453.77162000,258284,268356.25900000,55562519.86403000,0
2025-09-30 12:00:00,207.07,209.64,204.65,206.0,651944.601,1759247999999,134833003.04864000,508109,334094.01100000,69143581.89941000,0
2025-09-30 16:00:00,205.99,209.21,204.29,208.92,769192.192,1759262399999,158739319.70140000,355163,421295.39400000,86945963.26889000,0
2025-09-30 20:00:00,208.92,210.98,207.42,208.68,500299.487,1759276799999,104774382.46497000,265188,238739.72200000,50002547.61988000,0
2025-10-01 00:00:00,208.68,210.9,206.43,206.69,605455.675,1759291199999,126363284.81580000,298893,313975.67500000,65530283.22100000,0
2025-10-01 04:00:00,206.68,210.34,206.31,210.18,408600.968,1759305599999,85378979.32357000,290894,199611.54800000,41711874.07406000,0
2025-10-01 08:00:00,210.18,217.95,209.86,217.75,1185581.059,1759319999999,255857254.87014000,552931,608996.95700000,131336410.67721000,0
2025-10-01 12:00:00,217.75,220.66,217.16,220.25,889129.102,1759334399999,194903809.38212000,485357,491427.30600000,107733386.02251000,0
2025-10-01 16:00:00,220.24,221.0,217.34,220.05,559762.071,1759348799999,122778199.22737000,288326,271772.41300000,59644472.95465000,0
2025-10-01 20:00:00,220.05,222.77,218.41,222.04,401732.046,1759363199999,88384527.36469000,202606,226716.86100000,49906082.36666000,0
2025-10-02 00:00:00,222.04,225.06,219.52,223.8,766557.324,1759377599999,170465740.43105000,447585,392480.20700000,87342563.59485000,0
2025-10-02 04:00:00,223.81,226.74,222.43,222.9,658529.904,1759391999999,147769372.52654000,353086,322721.31900000,72440793.11447000,0
2025-10-02 08:00:00,222.91,226.7,222.69,225.27,469729.472,1759406399999,105668355.10949000,244337,276965.07800000,62321273.82931000,0
2025-10-02 12:00:00,225.28,227.44,222.61,227.18,971047.694,1759420799999,219106374.30262000,575390,485772.13000000,109705410.94310000,0
2025-10-02 16:00:00,227.19,233.79,226.24,232.3,1156299.686,1759435199999,266246482.93798000,598340,646007.51900000,148833401.61380000,0
2025-10-02 20:00:00,232.29,234.99,230.81,234.74,568532.308,1759449599999,132487622.84380000,331778,306951.51900000,71564250.15832000,0
2025-10-03 00:00:00,234.74,234.84,230.56,232.26,497550.343,1759463999999,115674620.20245000,335034,207842.46700000,48371381.76524000,0
2025-10-03 04:00:00,232.26,233.23,227.68,229.41,512563.868,1759478399999,117964429.42032000,306754,212387.62900000,48886433.46278000,0
2025-10-03 08:00:00,229.42,231.79,227.76,230.78,584160.624,1759492799999,134628607.96914000,293218,293269.43900000,67626749.65024000,0
2025-10-03 12:00:00,230.79,234.98,227.13,234.79,907743.724,1759507199999,209077121.33021000,581444,446225.88600000,102924444.20654000,0
2025-10-03 16:00:00,234.79,237.0,228.33,233.17,1408277.101,1759521599999,328492157.46007000,885951,703108.20000000,164092433.10536000,0
2025-10-03 20:00:00,233.18,233.99,230.72,232.84,306315.954,1759535999999,71281811.70982000,230357,126612.93900000,29469021.01285000,0
2025-10-04 00:00:00,232.84,234.05,227.93,229.25,457226.914,1759550399999,105374463.69405000,307684,176977.32800000,40801166.60024000,0
2025-10-04 04:00:00,229.24,230.53,228.73,229.11,185493.857,1759564799999,42601132.98602000,172709,95725.84500000,21991293.25369000,0
2025-10-04 08:00:00,229.1,229.92,228.21,229.19,234320.616,1759579199999,53659937.50077000,188736,127744.88000000,29259007.19589000,0
2025-10-04 12:00:00,229.19,229.84,224.31,224.88,477348.863,1759593599999,108285656.80987000,301924,203795.77100000,46319803.16212000,0
2025-10-04 16:00:00,224.87,227.02,224.07,226.91,346747.192,1759607999999,78237263.29700000,208271,166697.97300000,37614148.75890000,0
2025-10-04 20:00:00,226.91,228.29,226.91,227.86,140273.163,1759622399999,31931213.80664000,113270,77065.77000000,17544209.28760000,0
2025-10-05 00:00:00,227.86,232.29,226.45,230.91,566636.333,1759636799999,130182654.42976000,375110,327553.80400000,75290908.52133000,0
2025-10-05 04:00:00,230.91,236.93,230.9,236.59,804163.627,1759651199999,188669063.77667000,437878,438550.54800000,102882895.84552000,0
2025-10-05 08:00:00,236.58,237.22,230.76,232.66,636400.946,1759665599999,148512948.42542000,450097,279797.49900000,65314218.22345000,0
2025-10-05 12:00:00,232.66,232.67,228.42,230.14,444581.037,1759679999999,102553745.48724000,278345,218042.44600000,50309083.46328000,0
2025-10-05 16:00:00,230.13,231.47,226.72,227.07,397313.916,1759694399999,90929532.85150000,292266,187124.75100000,42862571.50117000,0
2025-10-05 20:00:00,227.07,229.26,226.7,228.56,250537.667,1759708799999,57156078.25085000,201604,140238.80300000,31995072.26785000,0
2025-10-06 00:00:00,228.56,233.3,227.55,232.24,563967.157,1759723199999,130069727.22933000,410830,297669.29600000,68644020.54035000,0
2025-10-06 04:00:00,232.23,234.86,230.17,231.36,446108.941,1759737599999,103725313.90645000,290844,173587.88800000,40377538.23901000,0
2025-10-06 08:00:00,231.37,234.15,231.37,233.02,359815.261,1759751999999,83856360.54402000,258802,161329.16700000,37600280.38699000,0
2025-10-06 12:00:00,233.02,236.67,232.63,235.64,697496.689,1759766399999,163651795.13939000,524171,349150.33900000,81953748.53538000,0
2025-10-06 16:00:00,235.64,237.79,234.05,235.35,534512.908,1759780799999,126115550.69307000,418721,258464.64100000,61003427.03753000,0
2025-10-06 20:00:00,235.34,236.15,231.64,232.35,380027.419,1759795199999,88819182.79510000,282744,175284.85000000,40963780.02264000,0
2025-10-07 00:00:00,232.35,233.98,231.0,233.95,385311.776,1759809599999,89588337.83360000,289204,187487.34200000,43582080.51233000,0
2025-10-07 04:00:00,233.95,235.21,229.41,231.01,622703.027,1759823999999,144572063.95987000,352321,249115.70100000,57889258.35379000,0
2025-10-07 08:00:00,231.01,231.64,228.22,230.44,562991.52,1759838399999,129530170.30018000,322489,250674.07500000,57692135.61917000,0
2025-10-07 12:00:00,230.44,231.59,220.8,223.79,1619389.724,1759852799999,365627074.59234000,872025,663723.06300000,149695186.37459000,0
2025-10-07 16:00:00,223.79,225.31,220.71,221.69,773380.036,1759867199999,172527000.95883000,450098,347045.67000000,77456367.59026000,0
2025-10-07 20:00:00,221.7,224.28,219.7,219.97,437269.674,1759881599999,97228758.76136000,267559,185925.73800000,41405689.32161000,0
2025-10-08 00:00:00,219.98,222.78,217.91,218.31,631534.444,1759895999999,139119080.14617000,349920,257234.01500000,56734434.04251000,0
2025-10-08 04:00:00,218.3,220.98,217.3,220.95,395944.606,1759910399999,86887282.07079000,294635,176598.78600000,38769032.94355000,0
2025-10-08 08:00:00,220.95,222.64,220.65,221.2,364962.179,1759924799999,80884593.25794000,304736,188698.97900000,41829590.76789000,0
2025-10-08 12:00:00,221.2,224.18,218.78,221.19,611449.452,1759939199999,135457853.22949000,481847,338958.10200000,75122707.45686000,0
2025-10-08 16:00:00,221.2,229.67,220.71,229.34,752819.514,1759953599999,170471907.69790000,490719,419266.13600000,94893606.17370000,0
2025-10-08 20:00:00,229.34,229.72,227.42,229.02,347050.45,1759967999999,79348728.23895000,232863,140403.49300000,32118017.81906000,0
2025-10-09 00:00:00,229.03,229.69,223.84,226.19,569902.509,1759982399999,129169701.40269000,348494,241846.10200000,54852221.89878000,0
2025-10-09 04:00:00,226.19,228.87,224.14,224.5,447470.805,1759996799999,101419508.61182000,235952,229152.62100000,51962309.22792000,0
2025-10-09 08:00:00,224.49,224.81,219.32,223.14,587257.341,1760011199999,130308549.34645000,392297,267049.49100000,59300290.47957000,0
2025-10-09 12:00:00,223.14,226.32,218.62,219.11,781057.471,1760025599999,173486542.48678000,682000,362635.42900000,80578608.65332000,0
2025-10-09 16:00:00,219.11,220.14,216.53,218.29,631473.899,1760039999999,137866408.30347000,490885,304676.98000000,66546158.51826000,0
2025-10-09 20:00:00,218.29,221.64,217.56,220.93,255791.406,1760054399999,56192341.83323000,209423,150002.36000000,32954485.42358000,0
2025-10-10 00:00:00,220.93,222.87,219.5,221.65,346629.018,1760068799999,76681476.58680000,254968,146933.22300000,32527968.38924000,0
2025-10-10 04:00:00,221.64,222.9,217.92,218.12,414183.951,1760083199999,91308902.11087000,315079,162080.04400000,35717066.54152000,0
2025-10-10 08:00:00,218.13,221.56,217.4,221.14,407829.681,1760097599999,89574866.47758000,272725,219626.00200000,48236444.58909000,0
2025-10-10 12:00:00,221.15,224.46,209.01,210.7,1721621.409,1760111999999,372990319.07032000,1091587,735505.99700000,159358884.22232000,0
2025-10-10 16:00:00,210.69,213.06,203.43,205.32,1157612.956,1760126399999,241995189.50377000,872486,537839.65500000,112461279.83578000,0
2025-10-10 20:00:00,205.31,207.8,168.79,188.43,5574958.414,1760140799999,1061213393.95510000,3045398,2588757.01600000,493278817.08358000,0
2025-10-11 00:00:00,188.43,191.05,182.16,184.85,1967350.02,1760155199999,366712053.20069000,1927829,943383.24600000,175911398.43198000,0
2025-10-11 04:00:00,184.86,186.88,180.0,182.75,1267649.828,1760169599999,232916990.41659000,1035556,621614.59100000,114219536.91859000,0
2025-10-11 08:00:00,182.75,189.5,181.76,183.85,1201413.392,1760183999999,222293333.17854000,811581,608783.11500000,112791401.87347000,0
2025-10-11 12:00:00,183.85,185.05,180.77,183.71,975179.346,1760198399999,178601997.77874000,788334,449658.28800000,82384638.05316000,0
2025-10-11 16:00:00,183.71,184.64,176.6,177.57,950768.032,1760212799999,172278931.52588000,672385,385003.33300000,69872923.77993000,0
2025-10-11 20:00:00,177.57,178.78,172.58,177.62,930026.63,1760227199999,163871275.73633000,766040,458955.33400000,80892099.81868000,0
2025-10-12 00:00:00,177.63,178.5,173.0,177.06,778604.574,1760241599999,136621471.96397000,684939,430637.90700000,75600964.21173000,0
2025-10-12 04:00:00,177.06,182.97,176.61,182.55,907355.04,1760255999999,164343502.26204000,509023,487141.70200000,88241815.33244000,0
2025-10-12 08:00:00,182.54,182.8,180.33,180.96,571208.267,1760270399999,103697814.58941000,380973,257155.09200000,46683251.97501000,0
2025-10-12 12:00:00,180.96,191.8,178.2,191.23,1948392.285,1760284799999,362492047.21722000,1106673,1055898.33400000,196538757.27376000,0
2025-10-12 16:00:00,191.23,196.6,191.22,195.85,1429928.258,1760299199999,277609821.40853000,886354,761003.08800000,147784610.15942000,0
2025-10-12 20:00:00,195.86,199.0,193.12,197.0,851511.297,1760313599999,167268822.86092000,680065,434058.00600000,85315761.39024000,0
2025-10-13 00:00:00,196.99,199.99,194.34,194.81,859440.428,1760327999999,169157611.76766000,644617,411234.39000000,81000758.91316000,0
2025-10-13 04:00:00,194.82,199.5,192.91,196.81,697655.095,1760342399999,136870294.00572000,450390,376521.63400000,73898298.90550000,0
2025-10-13 08:00:00,196.8,198.68,190.02,192.56,901085.761,1760356799999,175671920.28615000,534260,451336.19200000,88033279.46087000,0
2025-10-13 12:00:00,192.56,197.66,191.31,196.42,1268838.45,1760371199999,246668131.64323000,806947,624926.34100000,121493489.57587000,0
2025-10-13 16:00:00,196.42,208.75,196.23,207.1,1914640.531,1760385599999,388039400.39362000,904861,1086230.21000000,220188390.24043000,0
2025-10-13 20:00:00,207.1,209.28,206.81,208.69,611501.246,1760399999999,127243572.40260000,251791,282308.19500000,58740764.53727000,0
2025-10-14 00:00:00,208.69,211.25,204.96,205.71,1130894.724,1760414399999,235112588.72247000,476383,535750.98700000,111470921.07928000,0
2025-10-14 04:00:00,205.72,205.95,192.0,194.47,1675002.569,1760428799999,332804177.97194000,953213,703207.06300000,139669945.47386000,0
2025-10-14 08:00:00,194.46,197.58,191.03,195.32,1092499.074,1760443199999,212656170.69034000,667614,566202.76500000,110330129.76922000,0
2025-10-14 12:00:00,195.33,202.64,191.5,202.22,1513523.547,1760457599999,296626375.34918000,883495,862071.04500000,169165946.38058000,0
2025-10-14 16:00:00,202.23,206.48,197.05,198.54,1546766.954,1760471999999,312591721.68875000,1002862,707850.76800000,143156764.30684000,0
2025-10-14 20:00:00,198.54,203.42,198.17,202.44,390481.007,1760486399999,78390549.86933000,282862,196656.28200000,39487803.98238000,0
2025-10-15 00:00:00,202.45,205.82,200.89,201.65,734513.941,1760500799999,149041363.83744000,457752,349285.26100000,70937443.22464000,0
2025-10-15 04:00:00,201.65,205.45,200.47,204.66,671527.243,1760515199999,136729144.62665000,430444,347828.46800000,70865419.90443000,0
2025-10-15 08:00:00,204.65,208.91,202.04,202.6,874064.113,1760529599999,179694053.41060000,569035,451876.90100000,93001178.41824000,0
2025-10-15 12:00:00,202.59,204.87,196.18,197.13,1536188.566,1760543999999,308426627.20052000,975920,718080.11100000,144346161.28902000,0
2025-10-15 16:00:00,197.14,198.73,194.18,194.81,860173.691,1760558399999,169225904.84109000,534401,404837.62300000,79679939.61938000,0
2025-10-15 20:00:00,194.81,196.62,192.04,193.84,692687.885,1760572799999,134342857.37550000,494694,287283.00700000,55742567.04454000,0
2025-10-16 00:00:00,193.84,196.19,193.17,193.63,425855.19,1760587199999,82914789.42021000,366338,206820.00400000,40287602.57343000,0
2025-10-16 04:00:00,193.64,195.6,191.38,192.93,653263.775,1760601599999,126293425.08862000,385789,293922.98500000,56832467.76299000,0
2025-10-16 08:00:00,192.93,197.16,186.37,196.81,1147608.123,1760615999999,221348942.04631000,664102,552335.62400000,106735020.49044000,0
2025-10-16 12:00:00,196.82,198.42,186.56,187.61,1249209.158,1760630399999,241530737.04757000,926373,579396.50400000,112160317.83846000,0
2025-10-16 16:00:00,187.61,192.33,183.56,185.04,1260560.744,1760644799999,236849578.61133000,1047102,614702.97500000,115638975.31725000,0
2025-10-16 20:00:00,185.05,186.11,182.03,184.85,668143.673,1760659199999,122969979.68706000,594881,340860.81500000,62761998.78338000,0
2025-10-17 00:00:00,184.84,187.55,184.27,187.09,501154.423,1760673599999,93260156.29705000,447815,280564.58900000,52226088.81499000,0
2025-10-17 04:00:00,187.09,187.46,177.34,177.75,1351548.603,1760687999999,245877172.98686000,952817,582273.21800000,105941746.28026000,0
2025-10-17 08:00:00,177.75,182.7,174.06,181.45,1749495.229,1760702399999,311310124.89865000,1416898,909267.18700000,161927034.18021000,0
2025-10-17 12:00:00,181.44,182.82,176.25,182.72,1229553.619,1760716799999,221305504.04123000,1143529,641356.99700000,115528727.45693000,0
2025-10-17 16:00:00,182.71,185.41,181.42,181.98,848007.258,1760731199999,155512682.25805000,709323,454234.78600000,83336827.25893000,0
2025-10-17 20:00:00,181.98,186.04,181.47,181.96,423149.745,1760745599999,77865739.23327000,319661,211935.02200000,39026923.01851000,0
2025-10-18 00:00:00,181.97,185.54,181.75,184.8,389074.412,1760759999999,71565384.45491000,317037,195463.52800000,35951984.91794000,0
2025-10-18 04:00:00,184.8,188.26,183.11,186.27,558790.528,1760774399999,103947539.89491000,362231,278816.61400000,51893194.66067000,0
2025-10-18 08:00:00,186.26,187.18,184.4,186.1,410950.833,1760788799999,76337257.01951000,295663,227882.02500000,42336110.81260000,0
2025-10-18 12:00:00,186.11,187.4,183.96,185.03,280702.452,1760803199999,52049213.88254000,297461,127272.30300000,23613922.51653000,0
2025-10-18 16:00:00,185.04,186.41,183.2,186.34,286323.985,1760817599999,52902610.83725000,226758,155735.70000000,28787561.40674000,0
2025-10-18 20:00:00,186.35,187.84,185.9,187.56,179998.885,1760831999999,33662624.71561000,172002,97592.93000000,18253158.49047000,0
2025-10-19 00:00:00,187.55,187.87,184.88,187.04,239032.315,1760846399999,44454631.12969000,215550,106662.46600000,19833128.35457000,0
2025-10-19 04:00:00,187.03,187.69,185.19,185.9,179804.387,1760860799999,33524471.05157000,175771,77089.77300000,14369900.80029000,0
2025-10-19 08:00:00,185.89,190.05,183.19,188.99,804874.713,1760875199999,150586128.27011000,619506,432125.94600000,80908110.94211000,0
2025-10-19 12:00:00,189.0,191.7,188.11,190.78,550649.01,1760889599999,104764590.50105000,409141,288373.00400000,54873528.40162000,0
2025-10-19 16:00:00,190.77,192.29,188.33,188.88,416711.876,1760903999999,79289483.69536000,277721,205231.22400000,39072992.51204000,0
2025-10-19 20:00:00,188.88,190.16,186.83,187.86,292892.299,1760918399999,55284047.11828000,226449,138994.45600000,26258820.67032000,0
2025-10-20 00:00:00,187.86,191.75,183.82,191.21,743331.871,1760932799999,138671364.56373000,538883,440920.45700000,82329164.28259000,0
2025-10-20 04:00:00,191.21,194.5,190.6,193.02,564222.729,1760947199999,108711665.05517000,392274,283330.26300000,54624575.60852000,0
2025-10-20 08:00:00,193.02,194.18,191.0,192.2,411838.944,1760961599999,79309287.34019000,351733,185748.08000000,35799117.98286000,0
2025-10-20 12:00:00,192.21,192.99,190.44,190.5,439754.017,1760975999999,84329866.25286000,414178,213915.49700000,41030946.49984000,0
2025-10-20 16:00:00,190.51,190.51,185.56,188.83,726870.7,1760990399999,136660923.66296000,509106,347145.63600000,65247030.59280000,0
2025-10-20 20:00:00,188.83,191.18,188.26,189.71,291983.238,1761004799999,55442132.40146000,227402,148162.09400000,28129008.34222000,0
2025-10-21 00:00:00,189.71,190.21,185.31,185.57,569706.431,1761019199999,106632576.76031000,318221,272332.62200000,51004033.15341000,0
2025-10-21 04:00:00,185.57,185.63,182.72,185.03,617599.587,1761033599999,113687759.35005000,443886,252936.61700000,46573791.30623000,0
2025-10-21 08:00:00,185.04,186.75,183.77,186.29,303743.764,1761047999999,56167523.72749000,220841,143950.61800000,26644819.87754000,0
2025-10-21 12:00:00,186.28,197.15,183.94,196.22,1269186.523,1761062399999,242294742.98829000,797641,625630.51000000,119555896.02096000,0
2025-10-21 16:00:00,196.22,197.71,192.11,193.96,1085050.944,1761076799999,211244464.43723000,676036,511307.47100000,99598692.41371000,0
2025-10-21 20:00:00,193.97,194.22,185.11,185.63,805795.372,1761091199999,152640699.86844000,537104,352364.22300000,66698076.27970000,0
2025-10-22 00:00:00,185.62,187.45,184.14,185.24,556653.945,1761105599999,103435883.15402000,377874,306438.60000000,56958960.97869000,0
2025-10-22 04:00:00,185.23,186.31,183.28,185.01,490383.589,1761119999999,90536093.31111000,281296,236884.77500000,43763680.96089000,0
2025-10-22 08:00:00,185.01,185.98,181.92,185.05,467384.919,1761134399999,86048078.20662000,356602,214990.13600000,39619796.32569000,0
2025-10-22 12:00:00,185.05,186.91,181.28,183.98,965788.671,1761148799999,178134334.02505000,775221,496858.81000000,91696608.51611000,0
2025-10-22 16:00:00,183.99,184.96,177.07,180.2,862504.568,1761163199999,156715416.53520000,631942,390757.50000000,71014934.07379000,0
2025-10-22 20:00:00,180.21,180.78,177.04,180.12,634289.023,1761177599999,113566331.37018000,526150,291533.69700000,52210715.95534000,0
2025-10-23 00:00:00,180.13,183.4,179.68,182.86,333221.726,1761191999999,60513158.60781000,237577,178848.39000000,32500344.94116000,0
2025-10-23 04:00:00,182.87,188.0,182.7,187.48,510146.209,1761206399999,94778965.89207000,291517,261704.95500000,48600513.69245000,0
2025-10-23 08:00:00,187.48,189.49,187.48,187.98,590289.765,1761220799999,111147812.05309000,299304,283417.88700000,53371869.50695000,0
2025-10-23 12:00:00,187.98,192.62,186.6,191.04,1084518.789,1761235199999,206181396.64124000,664283,536001.12000000,101940600.42372000,0
2025-10-23 16:00:00,191.04,193.45,190.1,191.15,566207.586,1761249599999,108550165.41913000,384496,273710.54700000,52487344.09121000,0
2025-10-23 20:00:00,191.14,191.51,188.31,191.35,417575.04,1761263999999,79304629.80727000,247671,203384.75300000,38633724.83453000,0
2025-10-24 00:00:00,191.36,193.85,190.85,191.31,420966.163,1761278399999,80959828.90121000,269240,220647.60900000,42448558.65648000,0
2025-10-24 04:00:00,191.31,194.6,190.82,192.15,504623.968,1761292799999,97442921.46652000,274291,267247.99200000,51619049.22385000,0
2025-10-24 08:00:00,192.15,193.45,190.58,192.13,321280.037,1761307199999,61741937.03450000,191868,151436.69100000,29109683.44204000,0
2025-10-24 12:00:00,192.13,197.0,188.83,189.45,1335784.418,1761321599999,256832969.72268000,654264,598131.23900000,115225825.59229000,0
2025-10-24 16:00:00,189.45,193.64,188.83,193.09,545332.865,1761335999999,104230569.34814000,228988,313385.60200000,59893221.58684000,0
2025-10-24 20:00:00,193.1,194.14,192.84,193.59,228775.175,1761350399999,44295853.33572000,134869,122357.78200000,23695591.74676000,0
2025-10-25 00:00:00,193.58,194.49,192.45,193.47,274729.892,1761364799999,53171924.44363000,144793,128570.89800000,24893850.22605000,0
2025-10-25 04:00:00,193.48,194.91,193.44,193.96,264835.24,1761379199999,51430812.97028000,124179,112651.76200000,21876563.98814000,0
2025-10-25 08:00:00,193.97,195.25,191.19,192.71,374620.98,1761393599999,72326333.59031000,187004,173163.98700000,33445981.11752000,0
2025-10-25 12:00:00,192.7,194.22,191.8,191.89,276863.497,1761407999999,53355907.32252000,159394,135682.18200000,26142525.28868000,0
2025-10-25 16:00:00,191.88,194.65,191.42,194.53,269735.279,1761422399999,52112982.13402000,141720,142334.83800000,27481779.67968000,0
2025-10-25 20:00:00,194.53,194.91,193.76,193.84,166054.05,1761436799999,32267680.41555000,117067,67223.68300000,13064695.57577000,0
2025-10-26 00:00:00,193.84,194.36,191.9,192.97,213438.623,1761451199999,41193189.68055000,145766,89777.35400000,17328337.22210000,0
2025-10-26 04:00:00,192.98,194.31,192.73,193.86,157441.909,1761465599999,30487898.21742000,80056,57881.58900000,11209663.87256000,0
2025-10-26 08:00:00,193.85,197.9,193.73,197.75,604768.068,1761479999999,118382927.68003000,280709,334088.96600000,65406268.23469000,0
2025-10-26 12:00:00,197.74,199.96,196.91,199.53,641967.496,1761494399999,127540983.06053000,325163,316325.65600000,62868202.31386000,0
2025-10-26 16:00:00,199.53,199.67,198.18,198.87,255182.972,1761508799999,50766899.30899000,154422,114736.76300000,22832360.97824000,0
2025-10-26 20:00:00,198.87,202.43,196.86,200.03,704951.062,1761523199999,140749382.48685000,365690,375425.58100000,75031343.26826000,0
2025-10-27 00:00:00,200.03,205.08,199.48,204.33,680006.801,1761537599999,138304561.89209000,327558,342838.85500000,69720400.54845000,0
2025-10-27 04:00:00,204.33,205.33,202.26,202.51,616446.009,1761551999999,125781835.37660000,298713,255059.52600000,52086038.34574000,0
2025-10-27 08:00:00,202.5,202.54,198.02,200.18,754944.259,1761566399999,151030528.57429000,440767,307676.48600000,61527734.13467000,0
2025-10-27 12:00:00,200.18,200.58,198.3,200.11,467154.625,1761580799999,93230540.47954000,427672,240857.51100000,48079924.54385000,0
2025-10-27 16:00:00,200.11,203.25,199.82,200.03,590812.625,1761595199999,119249284.58473000,400751,314254.11500000,63437703.61643000,0
2025-10-27 20:00:00,200.03,200.23,197.34,198.7,406245.068,1761609599999,80739824.50505000,289826,194490.55800000,38664638.55543000,0
2025-10-28 00:00:00,198.71,202.05,198.41,201.27,458190.136,1761623999999,91909898.22326000,325195,227246.15500000,45595069.94336000,0
2025-10-28 04:00:00,201.27,203.0,198.62,202.35,494348.088,1761638399999,99368725.66131000,328627,229358.99800000,46108858.23187000,0
2025-10-28 08:00:00,202.36,203.99,199.14,199.73,521805.505,1761652799999,105198336.03762000,275368,297404.65500000,59975690.80971000,0
2025-10-28 12:00:00,199.73,203.03,196.58,198.85,1138560.2,1761667199999,227697504.80353000,656272,540356.42300000,108134209.57845000,0
2025-10-28 16:00:00,198.86,201.28,194.48,195.35,707786.929,1761681599999,140278382.80022000,510955,296762.13900000,58903927.66316000,0
2025-10-28 20:00:00,195.34,195.36,190.22,194.15,1008479.103,1761695999999,195001391.84182000,623063,471140.66200000,91119194.16547000,0
2025-10-29 00:00:00,194.16,195.09,192.68,193.89,409753.254,1761710399999,79503472.09067000,271118,164560.38600000,31945874.79561000,0
2025-10-29 04:00:00,193.9,196.07,193.75,195.65,217468.131,1761724799999,42416935.11366000,167961,110551.09100000,21572424.16928000,0
2025-10-29 08:00:00,195.65,199.37,193.78,198.74,616444.316,1761739199999,121077462.90154000,327222,296223.23400000,58299849.25103000,0
2025-10-29 12:00:00,198.74,201.7,196.37,196.78,944043.823,1761753599999,188384956.69276000,620209,393547.47800000,78565609.81345000,0
2025-10-29 16:00:00,196.78,198.77,189.37,192.76,1903009.868,1761767999999,369640830.97618000,1301354,858558.53400000,166854374.86022000,0
2025-10-29 20:00:00,192.75,197.06,191.92,193.88,530168.437,1761782399999,103272562.59782000,395621,281521.25800000,54855929.73223000,0
2025-10-30 00:00:00,193.89,198.19,192.12,197.1,438846.06,1761796799999,85866124.54967000,385064,239398.77900000,46854907.71246000,0
2025-10-30 04:00:00,197.09,197.18,190.35,195.8,1052876.845,1761811199999,203941371.33598000,748845,508716.62600000,98634265.22024000,0
2025-10-30 08:00:00,195.79,196.11,191.01,191.85,533894.297,1761825599999,103062271.98399000,379724,207404.59600000,40036597.26769000,0
2025-10-30 12:00:00,191.85,192.06,184.49,185.02,1354983.198,1761839999999,253770486.64177000,997808,589567.65500000,110346553.39703000,0
2025-10-30 16:00:00,185.01,186.35,178.65,179.06,936802.787,1761854399999,170708578.36301000,704677,417491.01200000,76171203.78971000,0
2025-10-30 20:00:00,179.05,184.74,178.79,184.69,737135.076,1761868799999,134218540.49603000,465710,412586.98200000,75119461.88155000,0
2025-10-31 00:00:00,184.69,186.91,183.7,185.15,648608.894,1761883199999,120233602.72437000,372653,325789.49200000,60399528.63189000,0
2025-10-31 04:00:00,185.14,187.03,184.77,185.36,440672.765,1761897599999,81857151.90536000,264199,234038.42100000,43483740.49612000,0
2025-10-31 08:00:00,185.36,189.22,184.58,188.89,458602.915,1761911999999,85618234.07047000,279157,227660.64200000,42513618.32353000,0
2025-10-31 12:00:00,188.89,190.26,186.0,188.13,801559.511,1761926399999,150852865.32856000,542891,453975.47100000,85462791.84893000,0
2025-10-31 16:00:00,188.12,189.04,184.38,188.42,589384.971,1761940799999,109662837.74508000,480093,295457.09300000,54990545.75462000,0
2025-10-31 20:00:00,188.41,188.78,186.54,187.21,254564.784,1761955199999,47751046.90145000,198001,139998.50400000,26265916.88990000,0
2025-11-01 00:00:00,187.21,187.48,185.5,187.2,279684.527,1761969599999,52190735.88647000,171106,141404.72700000,26386261.13666000,0
2025-11-01 04:00:00,187.2,187.55,185.0,185.8,204620.722,1761983999999,38080393.97261000,144738,99820.67500000,18582190.32589000,0
2025-11-01 08:00:00,185.79,186.72,185.28,186.22,222733.555,1761998399999,41448022.59191000,137482,111704.89200000,20787731.31940000,0
2025-11-01 12:00:00,186.22,186.65,183.79,186.42,343727.969,1762012799999,63763724.49467000,214179,139475.59800000,25870709.92202000,0
2025-11-01 16:00:00,186.42,187.12,184.87,186.27,274011.508,1762027199999,50913481.89431000,183658,167096.67000000,31018182.53293000,0
2025-11-01 20:00:00,186.28,186.96,184.98,186.35,159726.939,1762041599999,29720380.39032000,126647,77543.23100000,14422243.71279000,0
2025-11-02 00:00:00,186.35,186.37,184.66,185.29,208954.786,1762055999999,38715397.83102000,135767,124953.97700000,23153028.89888000,0
2025-11-02 04:00:00,185.3,188.34,185.02,187.72,289882.073,1762070399999,54262832.72860000,178364,155150.48800000,29038112.47679000,0
2025-11-02 08:00:00,187.72,187.95,184.45,186.15,316944.044,1762084799999,58926587.83005000,223067,156206.37800000,29044880.91139000,0
2025-11-02 12:00:00,186.14,186.5,183.53,183.77,396484.887,1762099199999,73308638.84363000,283002,171416.77000000,31696077.06765000,0
2025-11-02 16:00:00,183.77,184.68,182.0,184.02,281296.922,1762113599999,51639657.56394000,228967,116359.30300000,21363295.95907000,0
2025-11-02 20:00:00,184.02,188.1,183.58,187.71,267734.845,1762127999999,49781199.53628000,196629,163190.92100000,30350765.13441000,0
2025-11-03 00:00:00,187.71,189.13,176.73,177.57,1094378.434,1762142399999,199908483.32194000,638248,468318.27000000,85748589.99974000,0
2025-11-03 04:00:00,177.56,178.75,174.22,176.5,863661.732,1762156799999,152567059.18392000,532987,395632.09900000,69949330.83110000,0
2025-11-03 08:00:00,176.51,176.92,173.0,175.32,1002707.728,1762171199999,175586206.50038000,456931,468202.89100000,82089482.28956000,0
2025-11-03 12:00:00,175.32,176.95,165.0,166.79,2334599.655,1762185599999,396383174.29337000,909487,1070514.19600000,182009703.60419000,0
2025-11-03 16:00:00,166.79,171.0,165.61,166.74,1203562.117,1762199999999,202688310.47843000,788412,530650.32800000,89359288.19031000,0
2025-11-03 20:00:00,166.75,167.24,163.15,166.06,828703.397,1762214399999,136916094.23920000,584518,404453.36800000,66842752.25410000,0
2025-11-04 00:00:00,166.06,168.42,164.18,167.66,456279.203,1762228799999,76153156.15657000,434375,255482.98400000,42655635.87202000,0
2025-11-04 04:00:00,167.66,168.13,155.87,157.07,1727235.108,1762243199999,276658941.61445000,1012445,768267.90500000,122935766.24203000,0
2025-11-04 08:00:00,157.07,162.25,156.41,161.71,878336.359,1762257599999,140374987.01522000,654529,494296.49500000,79048396.60079000,0
2025-11-04 12:00:00,161.71,165.27,159.32,161.5,1067811.866,1762271999999,173317844.15132000,812007,561604.31700000,91218959.37074000,0
2025-11-04 16:00:00,161.5,162.36,152.26,154.62,1758082.425,1762286399999,274658777.11870000,1314560,870840.05600000,136103725.76246000,0
2025-11-04 20:00:00,154.62,155.9,145.85,155.03,2400832.604,1762300799999,363624894.17264000,1345989,1155340.92500000,175279339.80347000,0
2025-11-05 00:00:00,155.04,157.42,147.29,156.93,1311505.522,1762315199999,200732278.80202000,1072956,669650.65800000,102662692.68056000,0
2025-11-05 04:00:00,156.93,158.62,155.66,156.47,618742.279,1762329599999,97204751.32759000,440555,326875.06900000,51369976.63442000,0
2025-11-05 08:00:00,156.47,157.63,153.67,157.48,688517.494,1762343999999,107236436.80823000,522870,333098.83100000,51938834.30316000,0
2025-11-05 12:00:00,157.48,160.57,156.77,160.5,848056.116,1762358399999,134556871.33020000,626231,453564.93500000,71974797.17135000,0
2025-11-05 16:00:00,160.5,163.93,158.57,162.53,793259.484,1762372799999,128452567.95944000,471023,417466.53600000,67634210.92634000,0
2025-11-05 20:00:00,162.53,163.97,161.12,162.37,390450.793,1762387199999,63387400.41593000,310448,195135.49200000,31682919.30064000,0
2025-11-06 00:00:00,162.37,162.91,159.7,162.45,646585.508,1762401599999,104167874.42279000,388569,310794.00900000,50092115.65103000,0
2025-11-06 04:00:00,162.46,162.75,158.25,158.84,375368.033,1762415999999,60018058.37776000,313920,146640.21800000,23457415.10512000,0
2025-11-06 08:00:00,158.84,159.9,157.66,158.85,462417.2,1762430399999,73522458.55756000,301683,255630.22800000,40658532.03195000,0
2025-11-06 12:00:00,158.85,161.51,155.4,155.92,933014.212,1762444799999,147690922.37781000,715634,450476.69200000,71338571.38304000,0
2025-11-06 16:00:00,155.92,158.67,153.8,156.89,768891.367,1762459199999,120039150.31190000,616662,342407.51600000,53464263.93470000,0
2025-11-06 20:00:00,156.89,157.82,153.45,155.28,390477.007,1762473599999,60692298.81336000,396017,194977.20800000,30305776.57489000,0
2025-11-07 00:00:00,155.27,158.62,154.22,156.85,516516.016,1762487999999,80904253.36172000,558092,260723.71600000,40846869.33095000,0
2025-11-07 04:00:00,156.86,158.28,155.24,157.79,343595.132,1762502399999,53918246.29371000,330605,165666.85200000,26003710.28918000,0
2025-11-07 08:00:00,157.79,158.21,151.67,153.85,557571.888,1762516799999,86054054.30146000,540631,257243.71900000,39731824.84484000,0
2025-11-07 12:00:00,153.86,156.27,149.82,155.42,1207437.006,1762531199999,184596809.95922000,1004188,687150.97200000,105138263.29425000,0
2025-11-07 16:00:00,155.42,164.48,154.4,164.17,1019600.496,1762545599999,163358273.69081000,867305,585581.64700000,93883397.02848000,0
2025-11-07 20:00:00,164.17,164.41,161.61,161.79,568357.434,1762559999999,92620005.97194000,361887,224601.18600000,36636332.48026000,0
2025-11-08 00:00:00,161.8,164.89,160.59,162.52,546395.306,1762574399999,88989437.59372000,420726,278769.17800000,45443151.16732000,0
2025-11-08 04:00:00,162.52,163.66,159.58,161.06,346943.276,1762588799999,56002069.80791000,298603,125056.71900000,20212887.95618000,0
2025-11-08 08:00:00,161.05,162.34,159.01,159.39,421708.497,1762603199999,67794903.36411000,271094,183573.26900000,29541105.77606000,0
2025-11-08 12:00:00,159.39,159.7,155.9,156.65,572620.926,1762617599999,90359819.61810000,399884,288467.49900000,45529687.52351000,0
2025-11-08 16:00:00,156.65,158.18,155.8,157.36,375927.994,1762631999999,59062347.12707000,304834,175825.20800000,27621086.91680000,0
2025-11-08 20:00:00,157.36,158.44,157.22,158.02,239331.241,1762646399999,37787725.65032000,146249,104950.67300000,16568341.43026000,0
2025-11-09 00:00:00,158.01,158.32,155.11,155.88,306080.487,1762660799999,47965199.44756000,233653,123264.63600000,19321370.54039000,0
2025-11-09 04:00:00,155.89,159.58,155.85,159.3,429866.591,1762675199999,67896746.13748000,210184,226378.20700000,35746085.83815000,0
2025-11-09 08:00:00,159.29,159.94,157.28,159.06,263577.165,1762689599999,41868942.09358000,251966,131088.05000000,20825089.27923000,0
2025-11-09 12:00:00,159.06,163.98,158.59,162.53,1151496.478,1762703999999,185458958.31987000,558976,652420.49400000,105153927.88242000,0
2025-11-09 16:00:00,162.53,166.31,161.23,166.15,628834.464,1762718399999,102851190.73410000,360056,378903.09000000,62004337.72140000,0
2025-11-09 20:00:00,166.16,166.57,163.93,164.53,451934.39,1762732799999,74667025.36290000,356027,214760.90200000,35495298.62088000,0
2025-11-10 00:00:00,164.53,168.76,163.42,168.12,756387.017,1762747199999,126429510.45740000,568590,400710.88700000,66996249.78006000,0
2025-11-10 04:00:00,168.13,168.92,166.38,167.38,429425.483,1762761599999,72003360.43019000,332268,195841.36600000,32847399.42631000,0
2025-11-10 08:00:00,167.38,169.81,166.11,168.33,504546.393,1762775999999,84812980.97943000,335307,235282.82700000,39584516.56255000,0
2025-11-10 12:00:00,168.32,170.48,165.2,166.26,940561.178,1762790399999,157511656.92489000,571165,356674.65700000,59814104.15208000,0
2025-11-10 16:00:00,166.26,168.49,165.25,167.19,599038.76,1762804799999,99774487.15096000,400649,306407.43700000,51077896.08469000,0
2025-11-10 20:00:00,167.19,168.41,164.81,167.31,399002.295,1762819199999,66579113.33549000,294601,166200.19100000,27749847.25289000,0
2025-11-11 00:00:00,167.31,171.94,166.0,169.97,753568.353,1762833599999,127609101.80880000,601226,420905.32800000,71340844.61086000,0
2025-11-11 04:00:00,169.97,170.11,163.57,163.98,922944.548,1762847999999,152933270.95791000,493260,334853.67300000,55499844.06227000,0
2025-11-11 08:00:00,163.98,164.97,162.7,163.69,576448.391,1762862399999,94386913.87683000,322110,281905.02100000,46133465.93186000,0
2025-11-11 12:00:00,163.69,164.37,160.0,160.89,1180837.363,1762876799999,191252696.31844000,511674,484890.69800000,78599933.48276000,0
2025-11-11 16:00:00,160.88,161.22,157.42,157.58,629419.687,1762891199999,100467563.72427000,380687,266862.09600000,42590591.35606000,0
2025-11-11 20:00:00,157.59,157.87,153.93,154.63,638885.871,1762905599999,99800378.86667000,368327,314283.47300000,49147959.31276000,0
2025-11-12 00:00:00,154.63,155.58,153.59,154.57,587229.658,1762919999999,90853016.71454000,419536,268559.01400000,41556437.48133000,0
2025-11-12 04:00:00,154.58,156.57,154.2,155.02,544393.301,1762934399999,84678480.74538000,242057,236680.68300000,36825326.29926000,0
2025-11-12 08:00:00,155.03,161.14,155.0,160.03,813653.125,1762948799999,129156074.87414000,367990,390728.13600000,61993424.87975000,0
2025-11-12 12:00:00,160.03,161.06,155.23,155.73,848259.406,1762963199999,134588062.14860000,536792,361352.16100000,57305754.03041000,0
2025-11-12 16:00:00,155.73,156.21,151.2,153.05,1010302.977,1762977599999,154809538.80390000,686030,463239.61700000,71009970.96993000,0
2025-11-12 20:00:00,153.04,154.68,152.54,153.42,335367.0,1762991999999,51483463.23224000,260214,170797.06600000,26228857.14918000,0
2025-11-13 00:00:00,153.43,155.78,150.42,154.33,674316.17,1763006399999,103336874.45729000,438127,377496.08300000,57949923.71871000,0
2025-11-13 04:00:00,154.33,157.2,153.4,155.31,660873.561,1763020799999,102790706.47740000,359706,377463.92900000,58681019.02005000,0
2025-11-13 08:00:00,155.3,156.5,153.86,156.3,417271.961,1763035199999,64904690.10848000,256521,176415.37100000,27444201.64167000,0
2025-11-13 12:00:00,156.3,156.96,152.26,153.13,862678.228,1763049599999,133390818.97836000,595895,373950.50800000,57800678.02804000,0
2025-11-13 16:00:00,153.12,153.41,142.04,142.73,1600894.008,1763063999999,235768283.04590000,960136,729978.76400000,107494261.56532000,0
2025-11-13 20:00:00,142.73,146.25,141.04,144.73,1202155.769,1763078399999,172354627.84580000,652113,634521.61300000,90986659.10705000,0
2025-11-14 00:00:00,144.74,145.68,142.8,144.28,689700.077,1763092799999,99426634.77319000,547736,290017.24000000,41828759.83331000,0
2025-11-14 04:00:00,144.27,144.48,138.71,142.85,1432639.09,1763107199999,203159828.18906000,922353,637055.09800000,90419375.53465000,0
2025-11-14 08:00:00,142.85,143.19,139.84,140.77,769504.935,1763121599999,108799438.83819000,538565,334958.69100000,47388045.82064000,0
2025-11-14 12:00:00,140.76,143.76,135.76,142.23,2107292.107,1763135999999,293191013.74821000,1439350,1100459.93700000,153191482.08708000,0
2025-11-14 16:00:00,142.23,144.22,140.57,143.14,685439.553,1763150399999,97709426.38966000,560560,353442.41300000,50418303.16083000,0
2025-11-14 20:00:00,143.14,143.24,137.2,138.92,491849.385,1763164799999,68889299.39289000,473038,238472.46600000,33428135.54821000,0
2025-11-15 00:00:00,138.93,143.35,138.75,142.53,485860.587,1763179199999,68920102.42366000,377210,263334.01900000,37344172.05226000,0
2025-11-15 04:00:00,142.54,143.59,141.81,142.76,321053.134,1763193599999,45822683.45096000,184710,164555.48000000,23492430.06542000,0
2025-11-15 08:00:00,142.75,142.84,139.97,140.22,358754.991,1763207999999,50616240.96775000,262225,176225.87900000,24858519.02083000,0
2025-11-15 12:00:00,140.21,142.26,139.98,141.72,345360.745,1763222399999,48800741.64854000,240474,200003.94300000,28265204.86498000,0
2025-11-15 16:00:00,141.72,144.69,140.81,141.77,451561.081,1763236799999,64413497.24712000,252186,205748.35700000,29380862.77019000,0
2025-11-15 20:00:00,141.78,141.96,138.61,139.61,388887.484,1763251199999,54419782.04522000,231316,205708.20800000,28778797.88742000,0
2025-11-16 00:00:00,139.6,141.52,137.39,141.43,409097.314,1763265599999,57068981.50648000,352281,200519.28500000,27960829.07913000,0
2025-11-16 04:00:00,141.43,142.46,140.73,142.31,249302.74,1763279999999,35318758.14184000,186377,114073.30400000,16165277.34244000,0
2025-11-16 08:00:00,142.31,143.38,139.5,139.92,436307.484,1763294399999,61823545.28514000,278203,238803.03500000,33833801.30758000,0
2025-11-16 12:00:00,139.91,140.85,137.15,137.48,500550.897,1763308799999,69789342.14334000,340841,224834.72300000,31403593.28431000,0
2025-11-16 16:00:00,137.47,138.51,134.42,136.83,1113334.674,1763323199999,151870778.75818000,744986,503987.94400000,68749423.31765000,0
2025-11-16 20:00:00,136.83,138.17,134.91,137.17,676841.175,1763337599999,92488280.82339000,567601,337110.66000000,46088725.12841000,0
2025-11-17 00:00:00,137.17,140.79,136.09,140.28,678176.064,1763351999999,94188508.56046000,481150,419732.24800000,58319394.21930000,0
2025-11-17 04:00:00,140.28,141.85,139.66,141.33,381720.702,1763366399999,53718557.79241000,258477,182464.85300000,25665147.38220000,0
2025-11-17 08:00:00,141.33,142.8,140.94,141.9,530510.527,1763380799999,75229277.85434000,248628,238189.29000000,33789711.19345000,0
2025-11-17 12:00:00,141.9,143.28,136.8,137.16,1374053.29,1763395199999,191963830.94996000,956376,691507.77800000,96582555.81228000,0
2025-11-17 16:00:00,137.16,137.21,129.37,129.65,1876713.067,1763409599999,249176270.70962000,1069846,871017.58300000,115665694.73273000,0
2025-11-17 20:00:00,129.64,131.97,128.82,130.99,783547.125,1763423999999,102236265.24184000,472424,453324.61000000,59174463.71992000,0
2025-11-18 00:00:00,131.0,135.23,129.0,134.51,1200360.695,1763438399999,158975993.76878000,770232,636240.23000000,84322970.26826000,0
2025-11-18 04:00:00,134.52,137.81,132.52,136.92,1476375.518,1763452799999,200431191.94336000,703417,733585.92000000,99607951.93640000,0
2025-11-18 08:00:00,136.93,139.12,136.47,137.88,708678.511,1763467199999,97603490.36125000,368310,374816.09900000,51625450.62237000,0
2025-11-18 12:00:00,137.88,142.17,136.84,139.7,1077764.638,1763481599999,149908459.02921000,718354,554381.63200000,77211661.33615000,0
2025-11-18 16:00:00,139.7,142.12,138.77,141.44,657471.269,1763495999999,92517737.49472000,470627,374292.09400000,52688227.07537000,0
2025-11-18 20:00:00,141.45,142.12,139.66,140.69,408198.179,1763510399999,57568427.94988000,263255,205377.84400000,28970542.70055000,0
2025-11-19 00:00:00,140.68,142.84,139.29,139.81,619607.706,1763524799999,87254834.03278000,408119,302918.07400000,42651587.03951000,0
2025-11-19 04:00:00,139.8,141.14,137.12,140.58,661015.288,1763539199999,91679056.12747000,385387,355350.34800000,49285175.24786000,0
2025-11-19 08:00:00,140.57,141.03,138.35,138.56,368670.991,1763553599999,51493071.59365000,250348,157855.10800000,22046276.09821000,0
2025-11-19 12:00:00,138.57,139.23,134.42,134.62,1000992.166,1763567999999,137014517.55797000,588127,410147.55100000,56198105.87507000,0
2025-11-19 16:00:00,134.61,135.45,130.53,131.74,844399.747,1763582399999,112044909.95842000,638651,392697.74600000,52129501.21993000,0
2025-11-19 20:00:00,131.74,137.06,131.36,137.06,773781.146,1763596799999,104225365.63321000,498138,406680.72600000,54772801.58021000,0
2025-11-20 00:00:00,137.06,144.46,136.38,143.18,1377106.515,1763611199999,195560937.10461000,498839,709778.08700000,100698774.69966000,0
2025-11-20 04:00:00,143.18,144.8,142.19,143.8,722228.139,1763625599999,103652522.51048000,293344,317946.24200000,45638137.88158000,0
2025-11-20 08:00:00,143.8,143.96,141.07,142.12,602504.635,1763639999999,85782951.86557000,255873,286516.02000000,40826758.71665000,0
2025-11-20 12:00:00,142.12,143.39,138.35,138.57,1002193.061,1763654399999,141187102.38321000,718748,492903.83200000,69468784.90772000,0
2025-11-20 16:00:00,138.56,138.74,131.11,133.92,2507134.344,1763668799999,334021594.06982000,1326386,1256466.30800000,167304917.61872000,0
2025-11-20 20:00:00,133.91,136.68,132.66,133.67,837087.53,1763683199999,112463302.86258000,451415,448402.23500000,60262552.22730000,0
2025-11-21 00:00:00,133.67,135.06,131.03,132.62,851377.991,1763697599999,113498927.40360000,621932,363498.70200000,48501240.20220000,0
2025-11-21 04:00:00,132.62,133.1,122.2,127.55,1943288.477,1763711999999,249294107.87766000,853545,839793.18600000,107844229.61909000,0
2025-11-21 08:00:00,127.55,129.45,123.79,124.32,1669518.962,1763726399999,211411583.17923000,966158,801803.89700000,101562749.70282000,0
2025-11-21 12:00:00,124.32,129.61,121.66,125.41,2087383.232,1763740799999,263541735.59646000,1247451,1055468.10300000,133330954.79923000,0
2025-11-21 16:00:00,125.4,130.62,123.58,128.12,1111016.931,1763755199999,141983420.14212000,869680,583969.77900000,74674470.42447000,0
2025-11-21 20:00:00,128.12,129.36,125.11,128.68,623300.1,1763769599999,79485001.54520000,539910,312275.53300000,39830977.32489000,0
2025-11-22 00:00:00,128.69,129.94,126.82,127.13,476869.742,1763783999999,61219162.49410000,361836,241749.99800000,31035190.88190000,0
2025-11-22 04:00:00,127.13,128.39,125.35,127.74,519649.141,1763798399999,65926410.94077000,396964,242541.10800000,30786859.13843000,0
2025-11-22 08:00:00,127.74,127.74,125.32,126.68,475095.143,1763812799999,60084883.80679000,338968,266742.23300000,33738974.02704000,0
2025-11-22 12:00:00,126.68,127.79,125.08,127.13,440628.354,1763827199999,55721830.54734000,344540,221316.07400000,27980889.05088000,0
2025-11-22 16:00:00,127.13,128.6,126.79,127.2,414704.394,1763841599999,52958608.34345000,235362,213775.63800000,27303528.61097000,0
2025-11-22 20:00:00,127.2,128.92,126.1,127.59,285541.085,1763855999999,36390252.96820000,216141,160995.43000000,20520574.32185000,0
2025-11-23 00:00:00,127.6,130.8,127.56,129.96,491028.466,1763870399999,63498853.74586000,299828,264563.48300000,34217370.75956000,0
2025-11-23 04:00:00,129.95,131.9,128.11,128.86,491253.734,1763884799999,63825837.33375000,241127,251610.27200000,32703462.24954000,0
2025-11-23 08:00:00,128.86,130.99,128.83,129.75,300116.288,1763899199999,38938012.90233000,216219,166594.62200000,21620909.06572000,0
2025-11-23 12:00:00,129.76,133.13,129.65,132.87,760576.743,1763913599999,100007790.81553000,349581,433736.49200000,57072142.60847000,0
2025-11-23 16:00:00,132.88,133.47,130.84,132.38,413285.315,1763927999999,54634600.58370000,308063,212301.99100000,28077631.34052000,0
2025-11-23 20:00:00,132.39,133.54,130.52,130.58,362454.644,1763942399999,47822161.06990000,271328,177820.82900000,23484266.36433000,0
2025-11-24 00:00:00,130.58,134.41,129.31,133.43,667217.445,1763956799999,88045102.41414000,498273,334140.56300000,44097373.36114000,0
2025-11-24 04:00:00,133.42,133.93,130.19,130.34,736429.477,1763971199999,97001399.11918000,460273,306800.51200000,40423535.52466000,0
2025-11-24 08:00:00,130.33,130.76,128.44,129.62,488160.134,1763985599999,63192838.90573000,325157,234657.12800000,30368214.71973000,0
2025-11-24 12:00:00,129.61,132.6,128.54,131.94,865454.321,1763999999999,112839305.96749000,517109,447704.10400000,58394308.74512000,0
2025-11-24 16:00:00,131.93,138.0,131.82,137.24,1171221.116,1764014399999,158563622.58454000,577206,594519.00100000,80448723.28987000,0
2025-11-24 20:00:00,137.24,139.87,137.24,138.44,816374.553,1764028799999,113227587.70978000,281920,358313.98700000,49718368.25168000,0
2025-11-25 00:00:00,138.43,138.99,137.25,137.8,339660.447,1764043199999,46903165.83017000,272009,160314.25600000,22144527.02735000,0
2025-11-25 04:00:00,137.8,138.97,136.3,136.33,283357.024,1764057599999,39044300.27070000,222428,132461.47200000,18266897.41242000,0
2025-11-25 08:00:00,136.33,136.84,134.73,136.29,516734.358,1764071999999,70270790.85835000,294414,225525.70000000,30679514.35998000,0
2025-11-25 12:00:00,136.29,136.98,133.13,134.86,773169.974,1764086399999,104546424.28811000,553803,382019.26300000,51685015.69089000,0
2025-11-25 16:00:00,134.86,138.02,134.24,136.72,571150.898,1764100799999,77823859.06334000,423552,246887.75600000,33672317.64824000,0
2025-11-25 20:00:00,136.73,140.5,135.98,138.96,510747.152,1764115199999,70637783.01977000,344238,272828.57000000,37793529.28510000,0
2025-11-26 00:00:00,138.96,140.68,137.92,138.15,466628.933,1764129599999,64989862.16288000,259822,207590.22100000,28939755.80414000,0
2025-11-26 04:00:00,138.15,139.95,137.72,139.89,422753.327,1764143999999,58754327.46299000,207296,138591.55400000,19248093.81938000,0
2025-11-26 08:00:00,139.88,139.93,136.21,136.87,482180.089,1764158399999,66287844.07334000,257819,183537.88900000,25193707.19221000,0
2025-11-26 12:00:00,136.86,138.29,135.5,136.66,888185.7,1764172799999,121255129.99910000,533465,500648.89000000,68353116.58516000,0
2025-11-26 16:00:00,136.67,144.75,136.46,143.99,1267639.711,1764187199999,179942918.03522000,593270,616530.08900000,87364917.83474000,0
2025-11-26 20:00:00,143.99,144.23,142.51,143.02,494474.91,1764201599999,70864455.49199000,248520,239696.98100000,34350681.08009000,0
2025-11-27 00:00:00,143.01,144.14,142.07,142.52,427643.815,1764215999999,61193328.13765000,261989,195385.72800000,27966530.29057000,0
2025-11-27 04:00:00,142.52,144.29,142.33,143.77,335308.642,1764230399999,48062252.72628000,180562,163402.14100000,23421673.99917000,0
2025-11-27 08:00:00,143.77,143.9,141.51,142.08,325361.224,1764244799999,46301433.67889000,172737,159928.84700000,22754693.74136000,0
2025-11-27 12:00:00,142.08,142.54,140.67,142.15,407380.925,1764259199999,57618403.86663000,215781,237912.94600000,33654631.32010000,0
2025-11-27 16:00:00,142.15,143.15,141.43,142.73,548532.704,1764273599999,77960885.97440000,215025,269646.45700000,38317457.32345000,0
2025-11-27 20:00:00,142.73,142.91,140.47,140.85,287445.879,1764287999999,40781777.34764000,172617,131983.54300000,18729380.24936000,0
2025-11-28 00:00:00,140.85,141.45,138.59,139.68,414090.873,1764302399999,57843256.41126000,246509,183309.43700000,25601688.13086000,0
2025-11-28 04:00:00,139.68,140.6,138.97,138.97,337429.517,1764316799999,47235128.32521000,162581,141824.01900000,19853717.74512000,0
2025-11-28 08:00:00,138.98,142.64,138.95,140.99,614761.359,1764331199999,86901163.25753000,274695,346134.54800000,48927429.95938000,0
2025-11-28 12:00:00,140.99,143.6,140.43,141.61,937180.174,1764345599999,133276015.85094000,380397,504426.09700000,71786971.50086000,0
2025-11-28 16:00:00,141.62,141.65,136.01,137.53,896752.777,1764359999999,123802970.13548000,393746,407020.00500000,56173814.44516000,0
2025-11-28 20:00:00,137.54,138.3,136.59,137.33,302295.331,1764374399999,41540162.90321000,156150,131862.79000000,18120058.35261000,0
2025-11-29 00:00:00,137.33,137.89,136.7,136.83,246755.399,1764388799999,33883423.48174000,114612,97529.92300000,13396383.64264000,0
2025-11-29 04:00:00,136.84,137.72,136.22,137.28,316477.661,1764403199999,43395262.66521000,109326,126528.57600000,17347886.05500000,0
2025-11-29 08:00:00,137.28,137.48,136.39,137.33,265128.876,1764417599999,36302176.48577000,108170,83914.84600000,11491595.80999000,0
2025-11-29 12:00:00,137.33,137.66,136.5,137.58,234356.046,1764431999999,32123199.69896000,117088,121532.20900000,16654575.21490000,0
2025-11-29 16:00:00,137.58,138.1,134.76,135.68,526704.726,1764446399999,71807802.47267000,183438,270329.97000000,36851688.40038000,0
2025-11-29 20:00:00,135.67,136.52,135.33,135.91,269898.463,1764460799999,36661260.82416000,116458,115186.88400000,15652965.69041000,0
2025-11-30 00:00:00,135.92,136.8,135.25,136.4,431086.668,1764475199999,58683124.34052000,136669,139443.05800000,18973151.46692000,0
2025-11-30 04:00:00,136.41,136.95,135.52,136.53,237426.821,1764489599999,32345783.12141000,97687,120306.83600000,16385592.30690000,0
2025-11-30 08:00:00,136.52,137.1,136.12,136.42,254052.047,1764503999999,34726284.95430000,133790,112548.39800000,15385079.75794000,0
2025-11-30 12:00:00,136.43,140.19,136.2,138.33,701970.735,1764518399999,97240155.41823000,247072,317134.53000000,43926080.90118000,0
2025-11-30 16:00:00,138.34,139.82,137.37,137.63,426964.132,1764532799999,59164627.42114000,163272,223602.10700000,30968312.35897000,0
2025-11-30 20:00:00,137.62,137.93,133.26,133.48,556664.926,1764547199999,75722249.41683000,213062,257632.64200000,35091595.91630000,0
2025-12-01 00:00:00,133.48,133.74,126.53,126.97,1614647.797,1764561599999,208972790.00535000,804639,737766.53400000,95410255.41058000,0
2025-12-01 04:00:00,126.97,127.47,125.81,127.42,509645.046,1764575999999,64506004.90244000,263634,268036.34600000,33929323.94800000,0
2025-12-01 08:00:00,127.41,128.09,126.86,127.12,381155.306,1764590399999,48521571.14887000,180931,188591.79700000,24011338.64498000,0
2025-12-01 12:00:00,127.12,127.72,123.11,125.11,1064958.117,1764604799999,133750732.74802000,588481,499550.84700000,62775639.36828000,0
2025-12-01 16:00:00,125.11,125.34,123.27,123.86,828331.629,1764619199999,102891328.09189000,404607,400400.69500000,49734303.47155000,0
2025-12-01 20:00:00,123.86,127.43,123.83,126.66,608766.162,1764633599999,76556402.47697000,296720,319941.48900000,40251070.17933000,0
2025-12-02 00:00:00,126.66,128.54,126.02,127.23,442656.697,1764647999999,56300979.35647000,297733,233174.74900000,29658063.90428000,0
2025-12-02 04:00:00,127.23,127.85,126.44,127.26,303815.075,1764662399999,38620771.98364000,169077,185836.44900000,23627005.99477000,0
2025-12-02 08:00:00,127.26,128.84,126.01,128.31,388778.098,1764676799999,49518060.63999000,225930,192554.15000000,24538054.27676000,0
2025-12-02 12:00:00,128.32,139.87,128.2,137.84,1918984.282,1764691199999,256536914.84193000,743142,1042110.85100000,139119713.51978000,0
2025-12-02 16:00:00,137.83,140.88,137.38,140.25,1232076.53,1764705599999,171684192.29863000,678666,581990.19200000,81091829.50521000,0
2025-12-02 20:00:00,140.26,140.38,138.2,138.68,736546.065,1764719999999,102445912.73273000,388144,306440.06800000,42628244.40733000,0
2025-12-03 00:00:00,138.67,140.65,137.76,140.33,591646.275,1764734399999,82272042.99464000,283379,316777.91400000,44090276.90766000,0
2025-12-03 04:00:00,140.33,144.26,140.18,141.88,755059.692,1764748799999,107453677.28064000,332292,427477.65700000,60802154.75603000,0
2025-12-03 08:00:00,141.89,142.67,140.75,141.72,338898.158,1764763199999,48044674.71662000,199208,154949.55700000,21974901.50463000,0
2025-12-03 12:00:00,141.72,143.59,138.78,141.0,747077.707,1764777599999,105443362.35402000,556937,345149.90100000,48760119.23286000,0
2025-12-03 16:00:00,141.0,142.39,139.87,141.28,633714.55,1764791999999,89521325.69004000,323331,300481.99300000,42451567.30271000,0
2025-12-03 20:00:00,141.27,146.08,140.74,144.67,887748.423,1764806399999,127776258.36410000,445747,514597.51100000,74097529.27277000,0
2025-12-04 00:00:00,144.67,146.91,143.64,144.67,440212.323,1764820799999,63875403.38702000,355977,225198.30100000,32680473.86275000,0
2025-12-04 04:00:00,144.68,144.9,142.64,143.47,358054.306,1764835199999,51418490.94389000,199340,139808.80200000,20086638.85019000,0
2025-12-04 08:00:00,143.47,144.2,142.7,143.06,281400.1,1764849599999,40344937.02301000,201195,135409.84000000,19418740.54618000,0
2025-12-04 12:00:00,143.05,144.26,141.44,143.21,633420.385,1764863999999,90369433.74061000,427121,315990.04900000,45117022.25835000,0
2025-12-04 16:00:00,143.2,143.85,137.8,139.67,637344.565,1764878399999,89655116.56620000,414172,293861.82500000,41338038.29280000,0
2025-12-04 20:00:00,139.66,140.5,138.5,139.01,343810.562,1764892799999,47965840.27740000,221642,178122.50000000,24839544.51471000,0
2025-12-05 00:00:00,139.01,140.2,138.3,138.56,357991.819,1764907199999,49929520.91010000,196664,161088.05100000,22469244.22196000,0
2025-12-05 04:00:00,138.55,140.75,137.77,139.68,413520.051,1764921599999,57481502.57118000,184154,222547.92700000,30945082.98675000,0
2025-12-05 08:00:00,139.67,139.67,136.13,137.02,613358.33,1764935999999,84293410.62529000,268976,326251.81000000,44819445.41320000,0
2025-12-05 12:00:00,137.01,137.2,134.41,135.05,801747.685,1764950399999,109032480.74526000,473236,366507.41600000,49861041.05010000,0
2025-12-05 16:00:00,135.04,135.2,130.73,132.5,883797.163,1764964799999,117056534.29516000,589317,479815.45000000,63558647.03031000,0
2025-12-05 20:00:00,132.49,133.43,131.96,133.29,296944.095,1764979199999,39378577.97909000,192560,153867.98100000,20408193.00334000,0
2025-12-06 00:00:00,133.29,134.13,132.8,133.74,194365.776,1764993599999,25943636.56865000,149035,98970.43000000,13214770.37073000,0
2025-12-06 04:00:00,133.73,133.75,132.56,132.72,144527.272,1765007999999,19244326.11755000,117997,58448.32600000,7783885.41947000,0
2025-12-06 08:00:00,132.73,133.29,131.88,133.22,184726.431,1765022399999,24494344.55034000,139773,71177.36400000,9438926.26463000,0
2025-12-06 12:00:00,133.23,133.99,132.21,132.87,278722.107,1765036799999,37128239.82661000,177602,130716.87100000,17413583.02918000,0
2025-12-06 16:00:00,132.88,133.54,131.78,132.06,360865.546,1765051199999,47899466.73553000,165518,231277.30200000,30702652.80250000,0
2025-12-06 20:00:00,132.07,132.93,131.28,132.19,178388.299,1765065599999,23566596.16392000,143127,77736.60200000,10272623.38423000,0
2025-12-07 00:00:00,132.2,133.59,131.93,133.5,186402.891,1765079999999,24765759.88447000,120710,75028.56900000,9964095.09615000,0
2025-12-07 04:00:00,133.5,133.54,131.91,132.08,160470.239,1765094399999,21302437.17357000,94276,80200.27400000,10639090.74210000,0
2025-12-07 08:00:00,132.09,132.59,131.53,132.44,199293.589,1765108799999,26306969.81339000,122326,107442.29100000,14182930.84439000,0
2025-12-07 12:00:00,132.43,133.07,127.7,132.03,1062856.34,1765123199999,138352624.28980000,573349,497253.19100000,64710154.39704000,0
2025-12-07 16:00:00,132.03,136.29,130.49,135.72,933154.236,1765137599999,124912818.88011000,478896,485887.48300000,65038602.76996000,0
2025-12-07 20:00:00,135.73,136.35,129.8,132.24,589627.196,1765151999999,78156506.32547000,424534,264743.70900000,35078333.26408000,0
2025-12-08 00:00:00,132.25,134.71,131.52,134.32,358010.639,1765166399999,47699105.91410000,295574,193876.91900000,25807042.04187000,0
2025-12-08 04:00:00,134.32,136.0,134.07,135.85,370405.378,1765180799999,50087267.18601000,202387,197506.04800000,26710052.58454000,0
2025-12-08 08:00:00,135.85,139.36,135.65,138.37,542414.345,1765195199999,74826940.25260000,308298,276150.43000000,38084226.35399000,0
2025-12-08 12:00:00,138.37,139.32,135.24,135.55,770614.772,1765209599999,105848660.94697000,490548,356050.81400000,48941045.80146000,0
2025-12-08 16:00:00,135.54,136.54,133.02,133.67,655059.641,1765223999999,88445096.71587000,450168,306817.51400000,41440849.05952000,0
2025-12-08 20:00:00,133.66,134.94,132.45,133.25,548610.651,1765238399999,73358567.91282000,295917,336180.75200000,44942469.80134000,0
2025-12-09 00:00:00,133.24,134.42,132.47,134.18,370817.475,1765252799999,49385651.80089000,228000,196518.92100000,26181411.41851000,0
2025-12-09 04:00:00,134.18,134.26,131.77,133.2,383953.547,1765267199999,50931068.12822000,184753,173927.44200000,23074774.81785000,0
2025-12-09 08:00:00,133.21,133.42,132.01,132.95,213047.581,1765281599999,28268899.35658000,142637,89086.28900000,11821070.51147000,0
2025-12-09 12:00:00,132.95,138.5,131.62,138.45,889986.691,1765295999999,119964831.96491000,482990,453575.05200000,61128888.33147000,0
2025-12-09 16:00:00,138.46,144.93,138.45,142.1,1856643.017,1765310399999,264459700.84778000,936613,919021.63200000,130822299.17952000,0
2025-12-09 20:00:00,142.11,142.34,136.71,137.88,794073.723,1765324799999,110523538.69042000,447606,379631.40700000,52851259.27433000,0
2025-12-10 00:00:00,137.87,138.61,137.19,138.15,660905.384,1765339199999,91087688.40632000,252744,331550.32900000,45696459.28489000,0
2025-12-10 04:00:00,138.15,140.22,138.05,139.2,371289.473,1765353599999,51644897.73212000,198193,200395.59500000,27877273.39466000,0
2025-12-10 08:00:00,139.2,139.88,136.33,137.24,512812.667,1765367999999,70764410.22075000,288819,268626.49500000,37097823.00703000,0
2025-12-10 12:00:00,137.23,138.16,135.71,136.17,485961.302,1765382399999,66591519.66308000,330345,241011.97000000,33041910.13028000,0
2025-12-10 16:00:00,136.16,139.64,135.73,138.67,1261516.677,1765396799999,173647924.52418000,831200,625747.75100000,86133611.10653000,0
2025-12-10 20:00:00,138.67,142.57,135.39,136.26,1227744.773,1765411199999,170809565.48079000,716043,620315.08600000,86371712.06171000,0
2025-12-11 00:00:00,136.26,136.43,129.0,129.39,1248018.99,1765425599999,164594488.24366000,601889,563241.63100000,74283634.13896000,0
2025-12-11 04:00:00,129.39,131.52,129.04,131.03,542883.636,1765439999999,70919227.39204000,302668,277652.98700000,36272743.59558000,0
2025-12-11 08:00:00,131.03,131.41,130.15,130.93,321975.149,1765454399999,42146018.22993000,172203,146368.65500000,19160781.60317000,0
2025-12-11 12:00:00,130.93,132.82,129.84,131.18,566748.181,1765468799999,74357944.73474000,395429,275475.11800000,36164047.67358000,0
2025-12-11 16:00:00,131.17,135.58,130.12,133.91,856553.78,1765483199999,114400332.38936000,441095,407262.39600000,54385611.34565000,0
2025-12-11 20:00:00,133.9,137.79,133.82,136.41,841517.3,1765497599999,114844357.20552000,440058,391904.65900000,53482567.94101000,0
2025-12-12 00:00:00,136.41,137.95,135.35,137.08,459234.105,1765511999999,62832505.87962000,281437,260500.00100000,35638900.97637000,0
2025-12-12 04:00:00,137.08,140.12,136.52,139.09,578561.574,1765526399999,80158111.60739000,272724,333579.90700000,46196906.53048000,0
2025-12-12 08:00:00,139.09,139.15,137.19,138.71,429778.284,1765540799999,59349433.92595000,220603,194301.01400000,26844919.79052000,0
2025-12-12 12:00:00,138.72,139.86,132.85,133.49,1072554.749,1765555199999,146731220.77427000,545214,509849.25200000,69791616.50038000,0
2025-12-12 16:00:00,133.48,133.95,130.35,131.27,1096274.013,1765569599999,145077796.84896000,672185,528539.33300000,69980560.63195000,0
2025-12-12 20:00:00,131.27,133.07,131.0,132.27,369205.537,1765583999999,48765497.15321000,207936,183562.05800000,24238885.73853000,0
2025-12-13 00:00:00,132.28,133.0,132.28,132.88,226995.391,1765598399999,30116899.82233000,96843,91953.51100000,12201312.90606000,0
2025-12-13 04:00:00,132.88,133.02,132.33,132.93,148161.676,1765612799999,19664626.40781000,62473,72782.41200000,9663929.24101000,0
2025-12-13 08:00:00,132.94,134.28,132.93,133.32,341456.626,1765627199999,45664393.05024000,143471,143496.93900000,19187886.63204000,0
2025-12-13 12:00:00,133.31,133.68,132.61,133.31,230235.882,1765641599999,30657996.60766000,135661,95195.89500000,12677284.23365000,0
2025-12-13 16:00:00,133.3,133.82,132.11,132.72,306223.432,1765655999999,40598718.87241000,126530,195980.72800000,25975091.28091000,0
2025-12-13 20:00:00,132.73,133.27,131.6,133.14,219410.728,1765670399999,29087930.14743000,102067,94637.63300000,12538086.48195000,0
2025-12-14 00:00:00,133.13,133.66,132.71,132.95,180565.013,1765684799999,24056794.31573000,83185,85471.16300000,11384117.90291000,0
2025-12-14 04:00:00,132.95,133.39,132.08,133.29,166985.072,1765699199999,22142024.20561000,72302,97069.89400000,12866928.81073000,0
2025-12-14 08:00:00,133.28,133.5,130.14,131.47,483157.35,1765713599999,63704156.82015000,213874,207869.29000000,27403343.73148000,0
2025-12-14 12:00:00,131.46,131.9,130.33,130.67,237483.44,1765727999999,31148450.84376000,183517,109511.30500000,14367786.56034000,0
2025-12-14 16:00:00,130.67,131.6,129.4,130.31,292036.324,1765742399999,38041407.28996000,183312,134505.03400000,17525341.28851000,0
2025-12-14 20:00:00,130.3,130.8,127.98,129.4,371387.438,1765756799999,48079971.02634000,225435,162393.01200000,21043122.94425000,0
2025-12-15 00:00:00,129.39,133.25,129.29,131.16,436829.082,1765771199999,57393030.17218000,283590,221029.44200000,29013225.86674000,0
2025-12-15 04:00:00,131.17,132.71,130.88,132.34,278768.459,1765785599999,36786026.05934000,114865,127019.84300000,16758312.68259000,0
2025-12-15 08:00:00,132.34,133.03,132.06,132.26,255593.536,1765799999999,33867379.57539000,121182,117701.81200000,15596470.17468000,0
2025-12-15 12:00:00,132.25,135.43,126.45,126.89,1435432.876,1765814399999,187134915.23735000,773398,730439.30600000,95182843.29066000,0
2025-12-15 16:00:00,126.89,127.3,123.63,125.02,995885.893,1765828799999,125059028.03955000,582916,532724.73700000,66911761.86010000,0
2025-12-15 20:00:00,125.01,127.87,123.88,127.81,519921.154,1765843199999,65332040.19081000,261278,256098.00100000,32208397.77069000,0
2025-12-16 00:00:00,127.81,128.03,124.94,126.51,378647.204,1765857599999,47928973.23588000,273164,185145.47600000,23444093.77286000,0
2025-12-16 04:00:00,126.5,127.48,124.87,125.57,313403.327,1765871999999,39572314.56247000,189467,120130.71300000,15172945.13674000,0
2025-12-16 08:00:00,125.57,129.04,125.43,128.63,442177.138,1765886399999,56309554.74056000,262597,217865.43900000,27773048.26203000,0
2025-12-16 12:00:00,128.62,130.14,126.11,129.75,964353.121,1765900799999,123738784.37095000,621274,450517.16800000,57851979.24059000,0
2025-12-16 16:00:00,129.75,129.85,126.77,127.73,490608.453,1765915199999,62804303.95056000,330248,270242.06900000,34591953.43491000,0
2025-12-16 20:00:00,127.72,129.52,127.43,129.15,295594.755,1765929599999,37964684.30971000,166834,155765.14900000,20001336.19799000,0
2025-12-17 00:00:00,129.15,129.82,128.21,128.24,274681.225,1765943999999,35419019.13195000,165048,140960.78700000,18173772.86540000,0
2025-12-17 04:00:00,128.25,128.57,127.02,128.27,212978.941,1765958399999,27228472.96654000,143035,111259.08200000,14227185.96672000,0
2025-12-17 08:00:00,128.26,128.26,125.96,127.62,348417.329,1765972799999,44275415.76438000,149954,162016.91300000,20580843.41517000,0
2025-12-17 12:00:00,127.62,133.99,126.58,126.77,1751793.852,1765987199999,227884428.95216000,829682,843526.94900000,109771882.57053000,0
2025-12-17 16:00:00,126.76,127.98,121.36,122.39,1509621.617,1766001599999,186873250.69346000,846602,736731.33800000,91158430.20847000,0
2025-12-17 20:00:00,122.39,123.76,121.95,123.27,428087.252,1766015999999,52631986.88263000,223533,258429.99300000,31771907.59209000,0
2025-12-18 00:00:00,123.28,124.16,122.98,123.65,269021.744,1766030399999,33224507.57534000,169799,136942.95900000,16914114.91439000,0
2025-12-18 04:00:00,123.64,124.13,122.21,122.83,274154.785,1766044799999,33735067.21116000,138465,136956.20500000,16855017.51075000,0
2025-12-18 08:00:00,122.83,124.15,122.46,124.07,308080.361,1766059199999,38044530.79606000,163965,149849.94000000,18501531.74240000,0
2025-12-18 12:00:00,124.07,129.05,123.65,127.4,1416724.357,1766073599999,179082890.65472000,735413,743139.17300000,93970513.75143000,0
2025-12-18 16:00:00,127.41,127.5,117.44,117.56,1725114.044,1766087999999,210483992.67390000,820505,826300.74100000,100881601.44713000,0
2025-12-18 20:00:00,117.55,120.2,116.88,119.6,797699.717,1766102399999,94705525.06445000,391470,462544.49600000,54926869.09997000,0
2025-12-19 00:00:00,119.6,122.54,117.61,121.59,620548.236,1766116799999,74434413.50677000,403858,319859.00300000,38371534.57568000,0
2025-12-19 04:00:00,121.58,125.34,121.35,124.44,766760.883,1766131199999,94387781.34053000,349333,408239.37100000,50287704.57918000,0
2025-12-19 08:00:00,124.43,125.74,123.86,125.36,429965.695,1766145599999,53686362.60644000,219913,247424.63600000,30894723.14420000,0
2025-12-19 12:00:00,125.36,127.66,124.68,125.09,1032574.73,1766159999999,129935551.75233000,514559,438607.64400000,55234164.32829000,0
2025-12-19 16:00:00,125.09,126.97,123.59,126.25,787628.9,1766174399999,98711838.26478000,394892,417345.86200000,52326037.97275000,0
2025-12-19 20:00:00,126.25,127.87,126.08,126.27,453070.148,1766188799999,57468645.74759000,199516,236080.38400000,29952029.16332000,0
2025-12-20 00:00:00,126.27,126.49,125.3,126.21,211468.403,1766203199999,26615978.68167000,97165,113366.67200000,14268061.17736000,0
2025-12-20 04:00:00,126.21,126.69,125.87,126.17,171149.665,1766217599999,21609795.59171000,83405,96079.89500000,12133215.64122000,0
2025-12-20 08:00:00,126.18,126.89,125.87,126.47,185508.42,1766231999999,23448185.07527000,79176,80529.43900000,10180081.45596000,0
2025-12-20 12:00:00,126.47,126.67,125.45,126.58,299054.266,1766246399999,37710238.07485000,93683,99049.06200000,12490673.35146000,0
2025-12-20 16:00:00,126.59,126.71,125.75,126.05,171313.72,1766260799999,21610834.46603000,68637,93981.17200000,11851834.66598000,0
2025-12-20 20:00:00,126.05,126.55,125.63,125.81,190859.112,1766275199999,24075581.17586000,66140,87919.35400000,11084503.68258000,0
2025-12-21 00:00:00,125.8,126.11,124.68,125.22,302141.19,1766289599999,37869503.13631000,94994,175437.64000000,21993917.45526000,0
2025-12-21 04:00:00,125.22,125.54,125.07,125.3,88267.393,1766303999999,11061630.47389000,49096,42884.64400000,5374077.56254000,0
2025-12-21 08:00:00,125.29,126.62,124.8,125.48,338562.937,1766318399999,42588352.95367000,142650,189939.34300000,23887712.73119000,0
2025-12-21 12:00:00,125.47,126.06,123.4,125.05,489203.858,1766332799999,60950596.94197000,280058,225598.78500000,28105185.80516000,0
2025-12-21 16:00:00,125.05,126.35,124.37,125.67,392876.601,1766347199999,49281716.94911000,153936,164312.97400000,20608836.07988000,0
2025-12-21 20:00:00,125.67,126.3,124.7,126.03,201051.21,1766361599999,25257525.10887000,118830,90777.86500000,11400152.14368000,0
2025-12-22 00:00:00,126.03,128.56,124.5,126.02,633482.79,1766375999999,80071518.98145000,348886,344825.00400000,43575925.52237000,0
2025-12-22 04:00:00,126.02,126.73,125.56,126.31,210045.452,1766390399999,26520846.59488000,92934,108652.21400000,13717057.46531000,0
2025-12-22 08:00:00,126.3,127.46,125.49,127.01,323742.174,1766404799999,40957003.94421000,127362,169515.91200000,21440633.63653000,0
2025-12-22 12:00:00,127.0,128.78,126.32,128.07,599849.007,1766419199999,76377852.40899000,284423,294112.45700000,37450207.46387000,0
2025-12-22 16:00:00,128.07,128.37,124.64,124.66,544203.633,1766433599999,68874391.13914000,230999,295986.93400000,37453382.94105000,0
2025-12-22 20:00:00,124.66,126.03,124.2,125.93,356266.09,1766447999999,44555372.54777000,197459,177681.74600000,22224598.73647000,0
2025-12-23 00:00:00,125.93,126.93,124.9,125.63,273669.618,1766462399999,34486070.34997000,167122,138625.81300000,17467603.71199000,0
2025-12-23 04:00:00,125.62,126.08,123.77,124.19,334611.578,1766476799999,41690733.10107000,169590,181162.06200000,22568194.25409000,0
2025-12-23 08:00:00,124.19,125.23,123.93,124.86,238892.953,1766491199999,29744889.56260000,100458,115269.05600000,14352538.98207000,0
2025-12-23 12:00:00,124.85,124.93,122.16,123.37,625019.38,1766505599999,77060437.12984000,350399,284282.13700000,35057163.49971000,0
2025-12-23 16:00:00,123.36,124.94,122.78,123.99,591863.216,1766519999999,73437945.31873000,245131,247862.86300000,30746206.29144000,0
2025-12-23 20:00:00,123.99,125.65,123.46,124.01,375974.127,1766534399999,46738614.53823000,181638,205697.52100000,25562229.02177000,0
2025-12-24 00:00:00,124.02,124.3,121.76,122.72,288504.2,1766548799999,35436336.64092000,159669,144291.93600000,17731018.21887000,0
2025-12-24 04:00:00,122.71,123.06,120.63,121.31,296196.669,1766563199999,36023750.59145000,164714,139832.89400000,17010411.00826000,0
2025-12-24 08:00:00,121.32,122.23,121.11,122.04,223635.016,1766577599999,27221198.04871000,116646,128971.67300000,15701114.00156000,0
2025-12-24 12:00:00,122.04,122.94,120.7,122.73,334516.136,1766591999999,40799228.33257000,204815,180330.05600000,22003208.19492000,0
2025-12-24 16:00:00,122.73,123.46,121.77,122.86,282750.284,1766606399999,34675986.43091000,165846,152173.03200000,18660124.56394000,0
2025-12-24 20:00:00,122.86,123.4,122.47,122.53,179848.193,1766620799999,22109834.84455000,79529,78472.64600000,9649062.72032000,0
2025-12-25 00:00:00,122.52,123.15,122.09,122.7,124534.623,1766635199999,15275244.99166000,61502,73520.36000000,9018449.45497000,0
2025-12-25 04:00:00,122.7,122.86,122.1,122.27,192052.356,1766649599999,23500006.36441000,54313,117462.84400000,14371347.19438000,0
2025-12-25 08:00:00,122.27,122.65,121.31,121.65,221848.711,1766663999999,27038303.99729000,89186,105862.88500000,12902422.08439000,0
2025-12-25 12:00:00,121.65,124.1,121.58,123.68,304384.618,1766678399999,37402937.59866000,117262,143786.17500000,17654861.89950000,0
2025-12-25 16:00:00,123.68,124.46,122.8,123.47,456622.365,1766692799999,56515302.51071000,130916,201924.94700000,24986308.67071000,0
2025-12-25 20:00:00,123.47,123.52,119.71,120.06,518882.475,1766707199999,62934217.93337000,167584,246754.64900000,29940317.72453000,0
2025-12-26 00:00:00,120.05,124.39,119.24,122.67,1039854.911,1766721599999,127173284.17623000,306158,479661.04900000,58619457.01864000,0
2025-12-26 04:00:00,122.67,123.99,121.8,122.72,385175.709,1766735999999,47407525.19395000,138709,229621.13900000,28256097.98239000,0
2025-12-26 08:00:00,122.71,124.13,122.29,123.84,447196.921,1766750399999,55123643.92118000,132061,291371.38100000,35899496.14212000,0
2025-12-26 12:00:00,123.83,125.14,120.45,121.55,920653.675,1766764799999,112950676.45400000,408113,491411.20400000,60274841.13901000,0
2025-12-26 16:00:00,121.55,122.4,121.17,122.15,340435.318,1766779199999,41514267.68770000,173028,134544.61900000,16405030.71588000,0
2025-12-26 20:00:00,122.16,122.67,121.82,122.26,193200.028,1766793599999,23624392.16774000,84726,83311.91800000,10187925.22406000,0
2025-12-27 00:00:00,122.27,123.8,121.86,123.67,340920.475,1766807999999,41806552.78400000,72076,193580.30600000,23723868.36649000,0
2025-12-27 04:00:00,123.67,123.74,122.77,123.16,158392.772,1766822399999,19505715.74061000,63137,78298.88400000,9640725.00261000,0
2025-12-27 08:00:00,123.15,123.34,122.51,122.99,130349.401,1766836799999,16031438.21191000,70453,74851.09800000,9206788.42937000,0
2025-12-27 12:00:00,122.98,123.66,122.74,123.31,128455.593,1766851199999,15820143.12060000,73126,62004.37400000,7637287.31906000,0
2025-12-27 16:00:00,123.32,123.45,122.76,123.28,201980.957,1766865599999,24867407.89235000,72572,114844.57800000,14131476.10997000,0
2025-12-27 20:00:00,123.27,125.08,123.27,124.73,397702.914,1766879999999,49396377.89704000,107250,181835.82000000,22589918.64715000,0
2025-12-28 00:00:00,124.74,124.9,123.9,124.13,188257.144,1766894399999,23392082.77614000,76420,109111.08600000,13555669.72564000,0
2025-12-28 04:00:00,124.12,124.34,123.61,124.23,132623.897,1766908799999,16450541.49108000,59589,53925.47000000,6688354.05801000,0
2025-12-28 08:00:00,124.23,124.84,124.0,124.65,210645.397,1766923199999,26214190.67056000,72954,101156.41300000,12588512.95490000,0
2025-12-28 12:00:00,124.65,125.03,124.3,124.44,246329.397,1766937599999,30711039.11572000,86960,129346.04400000,16129986.42475000,0
2025-12-28 16:00:00,124.44,124.77,123.08,123.3,527227.822,1766951999999,65225149.32860000,122335,344720.49100000,42637696.42365000,0
2025-12-28 20:00:00,123.3,125.64,123.1,125.27,523876.794,1766966399999,65056717.54018000,101035,262894.13000000,32650063.59849000,0
2025-12-29 00:00:00,125.27,130.16,125.01,128.58,1570857.086,1766980799999,201295623.71138000,465026,815172.01300000,104410061.12487000,0
2025-12-29 04:00:00,128.58,129.15,127.2,127.88,540783.503,1766995199999,69312869.97861000,164700,255498.29700000,32749649.52244000,0
2025-12-29 08:00:00,127.88,128.47,125.01,125.08,644155.681,1767009599999,81452883.20962000,208931,327689.82300000,41430582.93297000,0
2025-12-29 12:00:00,125.08,125.41,122.36,123.44,961859.699,1767023999999,118921139.15025000,406549,466210.69400000,57636716.90771000,0
2025-12-29 16:00:00,123.43,123.98,122.63,123.06,366732.972,1767038399999,45220683.31094000,182632,190925.44500000,23544295.83267000,0
2025-12-29 20:00:00,123.07,123.62,122.86,123.28,223206.164,1767052799999,27520105.14825000,97437,115242.44400000,14208244.68498000,0
2025-12-30 00:00:00,123.28,123.93,122.58,123.8,212290.371,1767067199999,26149466.12632000,110172,108434.63900000,13359144.70505000,0
2025-12-30 04:00:00,123.79,124.35,123.2,124.02,292747.345,1767081599999,36279457.14843000,95497,114783.89100000,14220354.36501000,0
2025-12-30 08:00:00,124.02,125.15,124.0,124.3,399345.688,1767095999999,49778285.82730000,146985,209933.92300000,26155635.28548000,0
2025-12-30 12:00:00,124.29,125.35,123.54,125.16,561575.424,1767110399999,69881078.39371000,255439,323522.47800000,40257198.94576000,0
2025-12-30 16:00:00,125.16,126.52,123.78,124.71,695920.332,1767124799999,87020374.14522000,237550,371697.72300000,46418736.64513000,0
2025-12-30 20:00:00,124.71,125.14,123.5,125.01,318752.356,1767139199999,39622115.84164000,110062,153770.58700000,19099200.35075000,0
2025-12-31 00:00:00,125.02,126.09,124.41,125.82,385546.726,1767153599999,48335889.02357000,154447,143805.52800000,18039016.40862000,0
2025-12-31 04:00:00,125.81,126.1,125.38,125.99,204182.586,1767167999999,25681577.59180000,81575,76037.75500000,9562717.92327000,0
2025-12-31 08:00:00,125.99,126.85,125.44,126.73,254276.093,1767182399999,32078458.22865000,99708,118539.01600000,14955840.38403000,0
2025-12-31 12:00:00,126.73,127.44,125.01,125.59,484377.049,1767196799999,60987203.64410000,216339,256988.01400000,32357427.05767000,0
2025-12-31 16:00:00,125.58,125.74,124.31,124.39,323537.14,1767211199999,40423429.85507000,161775,168932.63000000,21107515.62016000,0
2025-12-31 20:00:00,124.38,132.75,122.99,124.65,1289724.064,1767225599999,160987036.35065000,252868,747188.32500000,93619851.36404000,0
2026-01-01 00:00:00,124.64,125.8,124.6,125.21,245926.338,1767239999999,30792108.70020000,86575,103201.29600000,12919025.55921000,0
2026-01-01 04:00:00,125.22,125.32,124.22,124.24,156389.379,1767254399999,19530531.04779000,58019,79393.65400000,9910199.10046000,0
2026-01-01 08:00:00,124.24,125.29,124.15,125.22,343252.977,1767268799999,42883081.07871000,72509,118749.11400000,14819778.43478000,0
2026-01-01 12:00:00,125.23,125.28,124.39,124.96,310752.549,1767283199999,38785419.51889000,83844,198539.43000000,24769356.11007000,0
2026-01-01 16:00:00,124.96,125.79,124.28,125.76,384537.993,1767297599999,48096471.97363000,107081,187577.10300000,23447440.57518000,0
2026-01-01 20:00:00,125.76,127.25,125.31,126.9,292805.742,1767311999999,36981335.83693000,107229,165511.49500000,20896486.76008000,0
2026-01-02 00:00:00,126.91,127.99,125.84,127.53,380568.162,1767326399999,48243816.90087000,170511,211855.87500000,26854025.76045000,0
2026-01-02 04:00:00,127.53,127.72,126.75,127.13,180338.215,1767340799999,22948909.89399000,98586,82668.16900000,10520936.69615000,0
2026-01-02 08:00:00,127.14,129.99,127.13,128.22,625544.285,1767355199999,80602494.89769000,209640,319956.53800000,41237516.41928000,0
2026-01-02 12:00:00,128.21,129.65,126.82,128.98,627670.56,1767369599999,80549779.62521000,314979,315601.76100000,40511934.98763000,0
2026-01-02 16:00:00,128.98,132.3,128.68,131.63,745970.82,1767383999999,97717009.71115000,381645,388735.58500000,50911651.58913000,0
2026-01-02 20:00:00,131.63,133.25,130.83,132.29,364135.33,1767398399999,48151176.55226000,173593,203923.40300000,26975189.30845000,0
2026-01-03 00:00:00,132.28,133.17,132.06,132.83,270844.665,1767412799999,35911237.78781000,117584,125651.63300000,16657933.52519000,0
2026-01-03 04:00:00,132.83,132.93,129.6,130.1,368318.036,1767427199999,48320396.72866000,149792,144342.12800000,18932849.31941000,0
2026-01-03 08:00:00,130.09,131.44,129.8,130.71,253605.01,1767441599999,33170785.96602000,109597,129306.16200000,16912380.43703000,0
2026-01-03 12:00:00,130.71,132.18,130.5,131.47,238562.337,1767455999999,31340211.09128000,91706,144111.90400000,18931805.00334000,0
2026-01-03 16:00:00,131.48,132.12,131.47,131.78,150725.729,1767470399999,19872908.18459000,63126,77775.47300000,10255505.74929000,0
2026-01-03 20:00:00,131.78,133.99,131.35,133.37,238567.722,1767484799999,31680381.79928000,105235,129454.49500000,17194982.65751000,0
2026-01-04 00:00:00,133.37,134.97,133.31,134.62,397085.181,1767499199999,53272337.79869000,209361,200096.43300000,26851648.32828000,0
2026-01-04 04:00:00,134.62,135.0,133.66,133.8,302385.366,1767513599999,40602557.97371000,126575,142868.44500000,19188192.30468000,0
2026-01-04 08:00:00,133.8,134.88,133.2,134.39,263179.193,1767527999999,35308006.93274000,126359,119531.99300000,16041760.53449000,0
2026-01-04 12:00:00,134.39,135.35,133.75,134.91,350770.216,1767542399999,47230596.71699000,141649,172998.35500000,23295827.32595000,0
2026-01-04 16:00:00,134.91,135.54,133.12,133.56,339599.217,1767556799999,45615561.60960000,168253,169336.55000000,22741323.27706000,0
2026-01-04 20:00:00,133.55,134.86,133.4,134.12,156249.94,1767571199999,20956108.51935000,120662,86186.53900000,11559518.15259000,0
2026-01-05 00:00:00,134.12,137.75,134.01,136.64,651880.993,1767585599999,88725072.38784000,314876,326555.71200000,44460420.06627000,0
2026-01-05 04:00:00,136.64,136.79,134.63,135.45,328811.125,1767599999999,44568740.82590000,157944,140602.28600000,19060149.75153000,0
2026-01-05 08:00:00,135.45,136.06,134.75,135.77,342758.224,1767614399999,46426692.77805000,155829,172308.89100000,23344067.37173000,0
2026-01-05 12:00:00,135.77,136.47,133.18,136.13,798861.983,1767628799999,107585173.11454000,404665,418523.03200000,56379794.07018000,0
2026-01-05 16:00:00,136.13,138.82,134.31,138.23,765477.737,1767643199999,104640690.39478000,355141,421029.24500000,57554025.79210000,0
2026-01-05 20:00:00,138.23,139.87,137.72,137.9,439777.422,1767657599999,60964714.76301000,244690,233582.39000000,32388408.52009000,0
2026-01-06 00:00:00,137.91,138.63,136.89,138.38,341713.209,1767671999999,47069579.97733000,235351,169243.75000000,23319195.50985000,0
2026-01-06 04:00:00,138.38,140.08,137.35,137.61,507045.105,1767686399999,70367859.92932000,231975,260440.74600000,36166183.09081000,0
2026-01-06 08:00:00,137.6,139.7,137.4,139.5,416041.928,1767700799999,57541435.46761000,193028,215356.95400000,29792849.30889000,0
2026-01-06 12:00:00,139.5,143.48,138.72,141.6,1164131.173,1767715199999,164801700.92356000,498785,597248.73400000,84570468.00731000,0
2026-01-06 16:00:00,141.59,141.95,136.19,137.53,841636.852,1767729599999,116454819.35992000,443458,375110.30700000,51881283.60252000,0
2026-01-06 20:00:00,137.53,141.99,137.51,141.08,501226.85,1767743999999,70255836.32246000,274803,262275.37700000,36733160.14918000,0
2026-01-07 00:00:00,141.08,141.4,138.52,139.58,365641.21,1767758399999,51093986.13480000,246316,176304.27200000,24643655.29908000,0
2026-01-07 04:00:00,139.59,139.72,138.15,139.39,254909.392,1767772799999,35416290.57593000,132956,115426.86900000,16036253.74647000,0
2026-01-07 08:00:00,139.39,139.8,136.56,137.93,475525.662,1767787199999,65538390.50280000,253728,225064.65200000,31013255.60404000,0
2026-01-07 12:00:00,137.93,138.51,135.25,135.7,569355.221,1767801599999,77942220.63185000,365830,273971.92800000,37524090.71246000,0
2026-01-07 16:00:00,135.7,136.68,134.41,135.76,401993.748,1767815999999,54507491.42299000,263479,201052.05800000,27265489.43105000,0
2026-01-07 20:00:00,135.76,137.05,135.0,136.39,254216.945,1767830399999,34642070.53741000,162355,143104.04100000,19512034.71247000,0
2026-01-08 00:00:00,136.39,138.32,136.0,136.75,382004.008,1767844799999,52423006.61014000,203648,203608.30800000,27952254.83765000,0
2026-01-08 04:00:00,136.74,138.33,133.79,135.9,493314.371,1767859199999,67082791.27567000,258413,216966.55000000,29520339.68243000,0
2026-01-08 08:00:00,135.9,136.22,133.92,134.79,323607.294,1767873599999,43657144.00294000,172941,160925.48600000,21711394.65508000,0
2026-01-08 12:00:00,134.8,136.55,132.67,136.41,663928.576,1767887999999,89170193.22861000,351395,317384.42500000,42638873.78672000,0
2026-01-08 16:00:00,136.41,139.06,136.25,137.53,635387.085,1767902399999,87589046.65627000,343653,339899.13400000,46869302.44555000,0
2026-01-08 20:00:00,137.53,140.07,136.52,138.37,615196.501,1767916799999,85289691.28988000,225613,331514.70500000,45974834.02659000,0
2026-01-09 00:00:00,138.37,141.17,137.74,140.81,657548.768,1767931199999,91636975.09729000,214429,326052.09700000,45457029.20338000,0
2026-01-09 04:00:00,140.81,141.08,139.46,139.54,371513.458,1767945599999,52087555.99697000,150957,173295.15400000,24292126.46979000,0
2026-01-09 08:00:00,139.55,139.68,137.04,138.28,621265.565,1767959999999,86061808.99436000,211942,329712.35900000,45672029.29573000,0
2026-01-09 12:00:00,138.27,140.89,136.13,138.82,965343.639,1767974399999,133386684.53295000,462609,526865.86800000,72822315.65600000,0
2026-01-09 16:00:00,138.82,140.25,135.44,135.81,776742.657,1767988799999,107055990.01914000,334133,387963.56200000,53543199.47719000,0
2026-01-09 20:00:00,135.8,136.45,134.98,135.97,386133.909,1768003199999,52441148.09880000,185357,172064.74200000,23368664.45292000,0
2026-01-10 00:00:00,135.96,136.69,135.68,136.15,206284.98,1768017599999,28085714.01417000,81124,100773.00300000,13724875.93046000,0
2026-01-10 04:00:00,136.15,136.34,135.75,136.09,127461.094,1768031999999,17334673.85025000,67939,48554.74200000,6603527.69088000,0
2026-01-10 08:00:00,136.09,137.05,136.0,136.58,203467.601,1768046399999,27782637.24753000,74865,115664.73300000,15798299.51859000,0
2026-01-10 12:00:00,136.58,137.04,136.01,136.42,180816.347,1768060799999,24666020.11098000,77024,85455.51900000,11656788.07312000,0
2026-01-10 16:00:00,136.42,136.71,135.85,136.22,163655.47,1768075199999,22291662.44222000,59343,85652.75000000,11667737.32665000,0
2026-01-10 20:00:00,136.22,136.27,135.37,135.84,119151.512,1768089599999,16185623.13286000,59333,59650.11300000,8104264.33707000,0
2026-01-11 00:00:00,135.85,136.47,135.75,136.26,140444.874,1768103999999,19121817.61066000,60408,84302.94400000,11477447.54692000,0
2026-01-11 04:00:00,136.26,136.43,135.88,136.2,118593.443,1768118399999,16150568.70725000,47642,63946.89400000,8709136.48838000,0
2026-01-11 08:00:00,136.2,136.91,136.1,136.58,197166.958,1768132799999,26933504.90662000,69769,97066.91800000,13260168.98157000,0
2026-01-11 12:00:00,136.58,139.55,136.52,138.43,474319.406,1768147199999,65493580.44937000,152685,253352.88500000,34952844.22653000,0
2026-01-11 16:00:00,138.44,141.6,138.43,139.43,775597.184,1768161599999,108676774.54759000,270441,432751.52500000,60627053.66324000,0
2026-01-11 20:00:00,139.42,139.77,137.49,139.7,503791.341,1768175999999,69809160.53696000,256887,280240.20500000,38816532.15486000,0
2026-01-12 00:00:00,139.69,144.4,138.92,142.54,1277457.951,1768190399999,180829474.04419000,458631,619377.52800000,87737645.22368000,0
2026-01-12 04:00:00,142.54,143.35,141.36,141.41,430457.211,1768204799999,61294728.76858000,176043,205197.39500000,29223624.58633000,0
2026-01-12 08:00:00,141.42,142.05,139.04,140.03,524699.387,1768219199999,73469912.09312000,231733,278885.56400000,39061623.95172000,0
2026-01-12 12:00:00,140.02,142.74,138.69,142.58,532621.648,1768233599999,74804722.98133000,323824,268726.27800000,37746340.06484000,0
2026-01-12 16:00:00,142.58,144.33,140.58,140.99,859921.736,1768247999999,122552456.78202000,415790,416466.18100000,59341291.68498000,0
2026-01-12 20:00:00,141.0,141.86,138.34,139.22,534962.158,1768262399999,74608415.37136000,209364,274805.55600000,38315880.25281000,0
2026-01-13 00:00:00,139.21,139.58,137.82,138.74,538089.341,1768276799999,74663475.42661000,162856,303367.82600000,42094060.24801000,0
2026-01-13 04:00:00,138.75,140.76,138.39,139.97,420710.949,1768291199999,58878781.71497000,187133,188288.12100000,26342576.15610000,0
2026-01-13 08:00:00,139.97,143.12,139.97,141.84,676254.562,1768305599999,95980782.05155000,218107,342224.74400000,48561885.33486000,0
2026-01-13 12:00:00,141.84,143.84,141.21,143.51,907770.282,1768319999999,129358794.05667000,404139,420470.78500000,59940301.73030000,0
2026-01-13 16:00:00,143.51,144.55,142.43,144.24,533027.793,1768334399999,76492388.28073000,302375,279202.19900000,40085842.38321000,0
2026-01-13 20:00:00,144.24,148.74,143.0,145.51,1119229.541,1768348799999,163338927.85493000,506431,609615.87500000,88994239.65872000,0
2026-01-14 00:00:00,145.52,146.6,144.33,146.29,640347.025,1768363199999,93185625.47519000,261948,350524.39700000,51014180.62910000,0
2026-01-14 04:00:00,146.28,146.46,143.92,144.86,540588.653,1768377599999,78237164.45942000,164572,262988.88400000,38067108.82021000,0
2026-01-14 08:00:00,144.85,145.76,143.53,143.77,379406.477,1768391999999,54951338.19921000,152326,150835.48700000,21841471.00596000,0
2026-01-14 12:00:00,143.76,147.56,143.37,147.07,925906.865,1768406399999,134989798.16043000,364607,479676.55300000,69962420.78206000,0
2026-01-14 16:00:00,147.07,148.44,145.32,146.8,852900.589,1768420799999,125464385.70114000,345137,379691.59000000,55834639.42910000,0
2026-01-14 20:00:00,146.8,147.73,145.84,146.69,355927.769,1768435199999,52259885.86223000,192773,178271.82600000,26179934.12258000,0
2026-01-15 00:00:00,146.7,146.73,143.21,143.49,481901.961,1768449599999,69775357.09190000,202157,194360.41800000,28136667.94663000,0
2026-01-15 04:00:00,143.49,145.29,143.28,144.99,279031.191,1768463999999,40282425.00269000,124471,154948.78700000,22356950.15275000,0
2026-01-15 08:00:00,145.0,146.0,144.02,144.86,293200.656,1768478399999,42550327.76455000,130893,146653.96600000,21284165.40309000,0
2026-01-15 12:00:00,144.85,145.65,141.78,143.48,759898.546,1768492799999,109316346.02642000,382251,347665.46500000,50044395.58192000,0
2026-01-15 16:00:00,143.48,144.2,140.9,141.53,449424.795,1768507199999,64037948.56097000,316088,227645.60900000,32466894.18554000,0
2026-01-15 20:00:00,141.53,142.66,141.02,142.4,198685.99,1768521599999,28187321.29910000,145440,89587.89700000,12711611.82022000,0
2026-01-16 00:00:00,142.41,142.82,141.68,141.97,188314.507,1768535999999,26784468.72736000,122389,83542.53200000,11884882.78320000,0
2026-01-16 04:00:00,141.97,143.63,141.39,142.95,358079.428,1768550399999,51016505.56841000,133585,179202.21900000,25545807.99261000,0
2026-01-16 08:00:00,142.95,143.55,142.71,143.14,220271.618,1768564799999,31526774.64138000,124123,112913.89400000,16160338.94946000,0
2026-01-16 12:00:00,143.14,143.86,140.26,140.78,444575.491,1768579199999,63356540.90989000,278563,211474.77700000,30183741.75954000,0
2026-01-16 16:00:00,140.77,144.52,140.65,144.18,389096.314,1768593599999,55546124.25015000,225699,186378.94900000,26609616.66541000,0
2026-01-16 20:00:00,144.17,145.55,143.49,144.89,300541.668,1768607999999,43528535.48496000,130065,146384.88100000,21201739.36604000,0
2026-01-17 00:00:00,144.9,144.99,144.2,144.37,183972.751,1768622399999,26595302.91622000,71252,72127.28100000,10426071.41477000,0
2026-01-17 04:00:00,144.36,144.5,143.64,143.64,87054.038,1768636799999,12541310.15417000,48560,43861.14600000,6319478.12132000,0
2026-01-17 08:00:00,143.64,144.65,143.32,144.0,162784.035,1768651199999,23454019.49926000,62609,80814.16100000,11643377.22924000,0
2026-01-17 12:00:00,144.0,144.35,143.6,144.33,152306.381,1768665599999,21921582.94360000,77737,84283.24400000,12131352.59445000,0
2026-01-17 16:00:00,144.33,144.55,143.64,144.27,136850.607,1768679999999,19714143.96786000,67442,77841.69500000,11213265.56070000,0
2026-01-17 20:00:00,144.26,144.58,143.51,143.72,112186.949,1768694399999,16164085.64794000,64489,53487.11500000,7702569.30166000,0
2026-01-18 00:00:00,143.73,144.0,141.95,142.83,350824.74,1768708799999,50070768.47695000,126203,149869.10200000,21393222.56574000,0
2026-01-18 04:00:00,142.82,143.04,142.03,142.11,235941.502,1768723199999,33663047.31838000,73460,111196.96200000,15868875.85734000,0
2026-01-18 08:00:00,142.12,142.65,141.93,142.39,161988.896,1768737599999,23051317.79382000,73637,77925.93600000,11089831.40293000,0
2026-01-18 12:00:00,142.39,142.73,141.5,142.0,235486.159,1768751999999,33480958.53702000,94992,100528.15900000,14294020.88656000,0
2026-01-18 16:00:00,141.99,143.25,141.75,142.27,326847.273,1768766399999,46577813.78340000,99834,149205.26200000,21266589.84558000,0
2026-01-18 20:00:00,142.28,143.04,137.74,137.87,566350.128,1768780799999,79573105.31150000,244845,248484.08600000,34953197.18367000,0
2026-01-19 00:00:00,137.87,137.87,130.0,133.94,1659939.961,1768795199999,222211068.78370000,560837,844017.75700000,112966413.78344000,0
2026-01-19 04:00:00,133.93,134.09,132.71,133.47,356148.558,1768809599999,47534152.04848000,112502,174951.93000000,23352346.46100000,0
2026-01-19 08:00:00,133.47,134.37,133.28,134.13,319123.004,1768823999999,42692171.02288000,108742,151353.75000000,20247176.63610000,0
2026-01-19 12:00:00,134.12,134.19,133.27,133.55,237599.599,1768838399999,31777798.76376000,105833,124425.59600000,16640548.05926000,0
2026-01-19 16:00:00,133.55,134.71,133.48,134.45,180405.16,1768852799999,24204621.28382000,98157,89586.25400000,12019703.24569000,0
2026-01-19 20:00:00,134.46,135.16,132.74,133.44,219308.488,1768867199999,29346202.20358000,127464,98997.19900000,13252956.37479000,0
2026-01-20 00:00:00,133.44,134.63,133.07,134.24,246904.288,1768881599999,33044232.83359000,131146,133645.01400000,17888785.47554000,0
2026-01-20 04:00:00,134.25,134.27,130.56,130.62,620942.691,1768895999999,82040929.54169000,302471,257517.50300000,34027047.36276000,0
2026-01-20 08:00:00,130.62,130.8,128.36,128.81,861902.149,1768910399999,111349363.36848000,303490,380873.62800000,49205293.02624000,0
2026-01-20 12:00:00,128.81,129.77,127.24,127.86,681240.951,1768924799999,87554352.36757000,405567,317803.58000000,40856366.72716000,0
2026-01-20 16:00:00,127.86,128.59,126.3,127.25,604031.57,1768939199999,76865067.76936000,307379,303856.86000000,38675045.65738000,0
2026-01-20 20:00:00,127.24,128.08,124.68,125.8,517402.231,1768953599999,65346414.31343000,215197,200356.20300000,25313545.22898000,0
2026-01-21 00:00:00,125.81,127.86,125.75,127.61,281091.101,1768967999999,35732783.80557000,148126,148868.29200000,18940279.55984000,0
2026-01-21 04:00:00,127.61,128.75,127.45,127.62,261374.286,1768982399999,33507858.81455000,102152,156802.65200000,20110826.08610000,0
2026-01-21 08:00:00,127.61,128.19,126.8,126.94,264176.038,1768996799999,33682981.96984000,129791,124753.17900000,15908294.25050000,0
2026-01-21 12:00:00,126.94,131.18,126.17,130.43,921029.372,1769011199999,118696860.69034000,401310,509706.57000000,65744614.67048000,0
2026-01-21 16:00:00,130.43,131.68,125.26,131.5,958735.821,1769025599999,122915783.56392000,562549,497188.54600000,63797336.89479000,0
2026-01-21 20:00:00,131.49,132.17,129.16,129.54,475329.742,1769039999999,62191387.47719000,224074,220291.68100000,28831187.78841000,0
2026-01-22 00:00:00,129.53,130.62,129.53,129.86,193930.579,1769054399999,25233792.62248000,121455,109026.09000000,14189156.09373000,0
2026-01-22 04:00:00,129.85,130.5,129.75,129.81,159631.228,1769068799999,20779888.97147000,89475,99675.93900000,12978693.82720000,0
2026-01-22 08:00:00,129.8,130.35,129.35,130.11,193470.625,1769083199999,25137099.34970000,106056,95009.29800000,12344311.49365000,0
2026-01-22 12:00:00,130.11,130.94,126.73,127.41,623936.658,1769097599999,80237965.43826000,322478,289597.47800000,37269287.28620000,0
2026-01-22 16:00:00,127.42,129.37,126.92,129.26,398309.713,1769111999999,51011552.77135000,242952,197722.57000000,25319304.41115000,0
2026-01-22 20:00:00,129.26,129.76,128.02,128.47,242307.659,1769126399999,31170388.67009000,134333,113985.66700000,14660623.82424000,0
2026-01-23 00:00:00,128.47,128.98,128.08,128.76,182007.469,1769140799999,23402720.29351000,103034,92553.24700000,11901741.29638000,0
2026-01-23 04:00:00,128.76,129.29,127.23,127.93,218313.976,1769155199999,28025308.57669000,107790,99582.53000000,12785161.08384000,0
2026-01-23 08:00:00,127.93,128.0,126.94,127.54,190897.481,1769169599999,24310056.98600000,103732,88340.22700000,11250274.81494000,0
2026-01-23 12:00:00,127.54,128.1,125.28,127.9,536316.127,1769183999999,67885869.89371000,232559,283485.64800000,35884791.11967000,0
2026-01-23 16:00:00,127.9,130.2,127.46,128.08,641698.867,1769198399999,82610088.26151000,344191,365485.26900000,47064692.22140000,0
2026-01-23 20:00:00,128.08,128.26,126.54,127.43,274829.157,1769212799999,35009899.96999000,177287,144931.43600000,18463589.60231000,0
2026-01-24 00:00:00,127.43,128.12,127.29,127.91,114727.901,1769227199999,14645366.53472000,75472,58031.50800000,7408227.99357000,0
2026-01-24 04:00:00,127.91,128.11,126.89,127.11,180692.089,1769241599999,23032539.83681000,56070,59468.85300000,7586316.34506000,0
2026-01-24 08:00:00,127.12,127.4,126.93,127.17,120056.338,1769255999999,15266079.43661000,45622,64099.08300000,8150350.29704000,0
2026-01-24 12:00:00,127.17,127.41,126.8,126.85,137033.224,1769270399999,17421714.05529000,53319,57361.10800000,7292809.26588000,0
2026-01-24 16:00:00,126.85,127.51,126.64,127.3,142790.201,1769284799999,18160318.52366000,57125,69024.12900000,8780683.79707000,0
2026-01-24 20:00:00,127.3,127.76,127.1,127.21,112120.242,1769299199999,14278889.94970000,44288,60001.46500000,7639730.64332000,0
2026-01-25 00:00:00,127.22,127.46,126.35,126.64,162322.356,1769313599999,20615845.48710000,59004,70680.56900000,8977682.64293000,0
2026-01-25 04:00:00,126.64,127.0,126.35,126.47,118525.085,1769327999999,15013125.57572000,47075,67241.81600000,8516855.21095000,0
2026-01-25 08:00:00,126.47,127.2,125.98,126.77,197673.019,1769342399999,25022072.98600000,71405,100372.67000000,12707814.10574000,0
2026-01-25 12:00:00,126.77,127.12,125.48,125.59,225134.285,1769356799999,28434592.03318000,102885,106381.26100000,13442130.97072000,0
2026-01-25 16:00:00,125.58,125.58,117.15,117.96,2305430.152,1769371199999,279031992.80659000,596512,1135632.62700000,137068293.29419000,0
2026-01-25 20:00:00,117.96,119.45,117.38,118.85,1531794.552,1769385599999,181046901.20172000,355510,923678.38800000,109155609.84122000,0
2026-01-26 00:00:00,118.85,122.77,118.53,121.57,478950.112,1769399999999,57899745.99397000,252698,263445.62500000,31810867.37517000,0
2026-01-26 04:00:00,121.58,123.62,121.57,122.89,249077.029,1769414399999,30547528.10071000,148993,122820.07800000,15064136.47747000,0
2026-01-26 08:00:00,122.9,123.59,121.76,122.5,295031.127,1769428799999,36155596.86690000,125467,121615.52400000,14906318.17965000,0
2026-01-26 12:00:00,122.51,125.2,122.35,123.53,594653.174,1769443199999,73443712.48962000,278649,278103.10100000,34370453.66998000,0
2026-01-26 16:00:00,123.53,125.6,123.03,124.31,472340.453,1769457599999,58710657.98618000,246769,244781.68100000,30441157.00327000,0
2026-01-26 20:00:00,124.31,124.88,123.42,124.24,265699.468,1769471999999,33010414.95663000,135313,128505.54600000,15971962.15171000,0
2026-01-27 00:00:00,124.24,125.17,123.73,124.51,222042.734,1769486399999,27647267.89652000,106422,125007.11600000,15565073.13696000,0
2026-01-27 04:00:00,124.51,125.15,124.0,124.52,197767.215,1769500799999,24607473.32537000,82356,93337.20700000,11618140.75146000,0
2026-01-27 08:00:00,124.52,124.79,123.57,124.12,224263.439,1769515199999,27812657.36057000,98743,101550.73600000,12597502.69210000,0
2026-01-27 12:00:00,124.12,125.06,123.12,125.01,297484.055,1769529599999,36880164.66065000,196752,153782.01100000,19073397.80322000,0
2026-01-27 16:00:00,125.01,126.79,123.55,125.85,635375.613,1769543999999,79663476.60449000,342028,315031.86300000,39512135.45564000,0
2026-01-27 20:00:00,125.84,127.84,125.73,127.19,459575.986,1769558399999,58436786.53215000,179778,223371.74700000,28403554.04274000,0
2026-01-28 00:00:00,127.18,127.52,126.65,126.96,197099.29,1769572799999,25038656.12519000,123377,83776.99800000,10642408.27706000,0
2026-01-28 04:00:00,126.96,127.54,126.45,127.1,190954.093,1769587199999,24241718.62257000,105493,93027.60500000,11806990.27126000,0
2026-01-28 08:00:00,127.09,128.34,125.97,128.17,352797.501,1769601599999,44894909.82502000,165867,167027.94400000,21268943.58908000,0
2026-01-28 12:00:00,128.16,128.25,125.52,126.07,516333.673,1769615999999,65532348.69270000,251044,266175.30600000,33785131.80214000,0
2026-01-28 16:00:00,126.06,127.04,125.26,126.01,434021.822,1769630399999,54712505.75297000,259849,224631.78800000,28316337.09424000,0
2026-01-28 20:00:00,126.0,126.68,124.78,125.35,306657.149,1769644799999,38513520.84442000,159655,155656.63200000,19551345.33979000,0
2026-01-29 00:00:00,125.34,125.51,122.7,123.07,379002.267,1769659199999,46986606.92902000,205281,177356.28900000,21986210.69867000,0
2026-01-29 04:00:00,123.07,123.98,122.5,123.78,182453.497,1769673599999,22519362.33139000,86271,93129.37300000,11493743.35206000,0
2026-01-29 08:00:00,123.78,123.93,122.66,122.76,204252.171,1769687999999,25156049.92591000,94040,93663.34100000,11536260.20563000,0
2026-01-29 12:00:00,122.76,123.34,116.12,117.69,1150715.435,1769702399999,137092018.24609000,450347,583353.10000000,69446631.33339000,0
2026-01-29 16:00:00,117.69,119.96,115.39,116.84,1351851.927,1769716799999,158632003.62384000,462318,685683.55600000,80461564.02290000,0
2026-01-29 20:00:00,116.84,117.91,116.56,117.82,462338.176,1769731199999,54211564.39887000,145944,229943.17500000,26958494.64143000,0
2026-01-30 00:00:00,117.82,118.14,112.14,114.43,1234004.18,1769745599999,141328901.14206000,445212,565896.88500000,64781781.63448000,0
2026-01-30 04:00:00,114.44,116.13,113.01,115.78,715888.113,1769759999999,82349702.55082000,209406,394704.29600000,45404691.32199000,0
2026-01-30 08:00:00,115.78,117.28,114.67,117.08,534204.7,1769774399999,61795348.83661000,219384,258150.67000000,29884310.22101000,0
2026-01-30 12:00:00,117.08,117.64,114.58,116.8,718933.599,1769788799999,83621095.93052000,380273,367466.39700000,42752257.59742000,0
2026-01-30 16:00:00,116.8,119.12,114.34,118.3,1049347.959,1769803199999,123175011.30086000,495159,577495.76500000,67825524.17984000,0
2026-01-30 20:00:00,118.29,118.43,116.52,117.59,508628.191,1769817599999,59753427.37200000,241784,264452.25300000,31074981.25237000,0
2026-01-31 00:00:00,117.6,118.66,117.39,118.39,320657.229,1769831999999,37856513.27633000,124002,166120.32200000,19614684.10409000,0
2026-01-31 04:00:00,118.39,118.85,117.2,117.37,436088.984,1769846399999,51559652.87326000,129609,214407.79500000,25349610.66689000,0
2026-01-31 08:00:00,117.38,117.53,114.29,116.05,868789.917,1769860799999,100581101.11045000,272400,369789.98300000,42780273.53291000,0
2026-01-31 12:00:00,116.06,116.19,108.23,108.65,1790442.231,1769875199999,199018879.10869000,698498,844113.06100000,93651487.68888000,0
2026-01-31 16:00:00,108.65,109.83,96.4,101.78,4226686.938,1769889599999,436095550.09780000,1509421,2006504.13700000,206953949.20743000,0
2026-01-31 20:00:00,101.77,106.55,100.4,105.58,924733.027,1769903999999,95470378.83448000,514670,491994.02900000,50798652.96345000,0
2026-02-01 00:00:00,105.58,106.43,104.23,104.97,421440.566,1769918399999,44369084.98666000,247683,207870.93400000,21889704.04862000,0
2026-02-01 04:00:00,104.97,106.02,103.96,105.2,396862.046,1769932799999,41704742.47151000,190792,218891.18800000,23013954.71464000,0
2026-02-01 08:00:00,105.2,106.06,103.59,105.05,462122.883,1769947199999,48504464.06236000,245293,211432.27800000,22203860.07487000,0
2026-02-01 12:00:00,105.06,106.69,100.21,101.69,1033943.978,1769961599999,106848578.34018000,508113,463915.77500000,47997971.04801000,0
2026-02-01 16:00:00,101.7,104.27,100.93,101.94,674420.783,1769975999999,69124803.20358000,409024,349689.69400000,35863318.48948000,0
2026-02-01 20:00:00,101.94,102.88,98.02,100.79,1215465.795,1769990399999,122287889.19016000,601308,600475.26700000,60396807.30646000,0
2026-02-02 00:00:00,100.78,103.14,95.95,100.07,1510943.504,1770004799999,151035671.01726000,759854,696859.22000000,69751222.44838000,0
2026-02-02 04:00:00,100.08,102.43,97.07,101.43,1575814.215,1770019199999,157364900.36586000,737477,744468.88400000,74381595.68888000,0
2026-02-02 08:00:00,101.42,103.45,101.36,102.78,791326.614,1770033599999,81079262.40242000,354231,393367.40900000,40309630.70741000,0
2026-02-02 12:00:00,102.78,106.12,102.39,104.7,886338.746,1770047999999,92423995.27483000,518505,445112.53700000,46421876.76055000,0
2026-02-02 16:00:00,104.69,105.78,103.51,103.89,515713.965,1770062399999,54038542.09404000,311841,229358.47500000,24038309.65355000,0
2026-02-02 20:00:00,103.88,105.2,103.32,104.55,293895.637,1770076799999,30666670.78007000,175071,153857.37700000,16058530.34433000,0
2026-02-03 00:00:00,104.54,104.67,102.18,104.16,412975.486,1770091199999,42733863.72747000,246313,201351.91000000,20842477.45634000,0
2026-02-03 04:00:00,104.17,105.1,102.96,104.7,302547.584,1770105599999,31490637.84876000,166510,155071.83900000,16145228.04007000,0
2026-02-03 08:00:00,104.7,105.04,102.5,103.01,425554.138,1770119999999,44028346.99196000,213207,201579.66600000,20857458.92039000,0
2026-02-03 12:00:00,103.01,103.65,100.41,102.56,816223.896,1770134399999,83424051.90360000,420305,405413.58200000,41430176.23447000,0
2026-02-03 16:00:00,102.56,102.56,96.64,99.02,1469216.052,1770148799999,145564527.36156000,648949,677947.74300000,67173829.75421000,0
2026-02-03 20:00:00,99.01,102.07,97.21,97.89,1087500.959,1770163199999,108623740.39319000,440353,586248.58500000,58595375.96591000,0
2026-02-04 00:00:00,97.89,99.67,97.17,99.13,645253.047,1770177599999,63694110.25907000,301852,328224.39700000,32411232.82613000,0
2026-02-04 04:00:00,99.12,99.35,96.46,97.9,561956.452,1770191999999,54994490.33125000,244304,262039.41400000,25645439.67904000,0
2026-02-04 08:00:00,97.91,97.96,94.71,96.11,1023805.846,1770206399999,98739507.77641000,333939,437973.60100000,42259322.00888000,0
2026-02-04 12:00:00,96.12,96.73,91.31,92.79,1307738.609,1770220799999,122864653.55758000,722073,625068.70300000,58738053.72732000,0
2026-02-04 16:00:00,92.8,94.71,90.0,94.38,1621367.878,1770235199999,149322272.73336000,797283,882316.10300000,81307790.43807000,0
2026-02-04 20:00:00,94.38,94.5,89.3,92.12,1091337.539,1770249599999,100248805.24466000,540558,560316.99800000,51491702.80630000,0
2026-02-05 00:00:00,92.11,92.89,90.24,91.15,850851.31,1770263999999,77958108.86410000,543481,382834.35500000,35091970.08083000,0
2026-02-05 04:00:00,91.14,92.11,89.68,90.54,1143660.878,1770278399999,103892139.36098000,511323,590426.42400000,53632950.54310000,0
2026-02-05 08:00:00,90.55,93.43,88.66,89.98,1061546.234,1770292799999,96676878.75938000,397208,500992.66600000,45711696.49629000,0
2026-02-05 12:00:00,89.98,91.43,83.44,84.61,2217771.524,1770307199999,193505575.41846000,1070246,1046279.03200000,91425823.93054000,0
2026-02-05 16:00:00,84.61,86.2,81.21,81.68,1963466.057,1770321599999,163857327.76857000,1082913,929616.42400000,77596882.41360000,0
2026-02-05 20:00:00,81.68,82.3,77.6,78.35,3006059.477,1770335999999,238898953.33978000,1266400,1386590.02000000,110178026.76227000,0
2026-02-06 00:00:00,78.34,80.3,67.5,76.71,4857838.166,1770350399999,362408918.28016000,1564804,2348540.44100000,175455909.92946000,0
2026-02-06 04:00:00,76.71,81.65,76.22,79.59,1318254.13,1770364799999,104620385.98604000,449789,653413.55100000,51854329.86709000,0
2026-02-06 08:00:00,79.6,82.04,78.67,81.36,1054296.776,1770379199999,84781901.41971000,343962,492157.82100000,39644945.55395000,0
2026-02-06 12:00:00,81.36,85.19,80.85,84.49,1705060.251,1770393599999,142051945.09324000,661640,872714.22000000,72774688.91160000,0
2026-02-06 16:00:00,84.48,88.72,83.66,87.09,1733549.251,1770407999999,149891724.05415000,624540,849908.33100000,73492446.61831000,0
2026-02-06 20:00:00,87.09,89.84,86.6,87.46,1142097.192,1770422399999,100553250.48872000,335869,556420.42100000,49029090.37478000,0
2026-02-07 00:00:00,87.45,88.39,85.91,88.1,818660.407,1770436799999,71182862.46229000,322216,385291.40900000,33539837.78182000,0
2026-02-07 04:00:00,88.09,89.04,84.16,85.29,975611.031,1770451199999,84532640.66743000,376439,464930.72500000,40340500.62272000,0
2026-02-07 08:00:00,85.29,85.74,84.51,84.91,448696.289,1770465599999,38186698.92973000,197534,232397.10500000,19786426.04780000,0
2026-02-07 12:00:00,84.9,87.2,84.85,86.57,569529.976,1770479999999,49079884.00987000,265416,295254.84300000,25445814.24649000,0
2026-02-07 16:00:00,86.56,89.19,86.17,88.3,1331970.845,1770494399999,116413691.16188000,430509,663592.50800000,58004035.11182000,0
2026-02-07 20:00:00,88.3,89.2,86.86,87.59,342180.932,1770508799999,30179419.03138000,153927,146710.46100000,12941016.01062000,0
2026-02-08 00:00:00,87.59,88.22,86.7,86.82,222639.846,1770523199999,19469192.58248000,113767,109256.05000000,9558758.15189000,0
2026-02-08 04:00:00,86.82,87.56,86.63,87.42,226616.219,1770537599999,19748407.79193000,92534,111732.14400000,9737691.79970000,0
2026-02-08 08:00:00,87.41,88.99,86.44,88.25,569978.386,1770551999999,50011991.49578000,222397,321382.47400000,28205338.96081000,0
2026-02-08 12:00:00,88.25,88.89,87.35,87.77,517939.822,1770566399999,45687705.46403000,166810,283721.46300000,25032154.84911000,0
2026-02-08 16:00:00,87.78,88.61,85.77,88.41,482648.823,1770580799999,42146852.92891000,173645,235482.70100000,20582755.91360000,0
2026-02-08 20:00:00,88.41,89.08,86.06,86.99,515175.587,1770595199999,45043505.84365000,271697,250737.76100000,21932475.50317000,0
2026-02-09 00:00:00,86.99,87.98,85.75,87.67,527305.418,1770609599999,45839658.29839000,301104,243422.73400000,21169033.47805000,0
2026-02-09 04:00:00,87.67,87.72,85.19,85.5,493099.359,1770623999999,42633035.77424000,189262,237676.88700000,20555127.23259000,0
2026-02-09 08:00:00,85.5,85.64,82.86,83.47,774366.769,1770638399999,65101613.19736000,253954,381136.56500000,32034848.40623000,0
2026-02-09 12:00:00,83.48,85.8,83.45,85.28,637293.722,1770652799999,53826435.01217000,311263,327294.73100000,27643914.78713000,0
2026-02-09 16:00:00,85.28,88.69,84.81,87.97,853076.189,1770667199999,74401730.37246000,403592,395650.35700000,34470701.21241000,0
2026-02-09 20:00:00,87.96,88.31,86.53,86.77,382510.959,1770681599999,33409390.92875000,182078,145308.80700000,12687211.74258000,0
2026-02-10 00:00:00,86.77,87.49,85.26,85.87,402093.534,1770695999999,34764753.46885000,155273,171847.83000000,14866653.80508000,0
2026-02-10 04:00:00,85.86,86.67,84.3,84.63,497685.532,1770710399999,42493032.40506000,147315,235316.13300000,20086874.99656000,0
2026-02-10 08:00:00,84.64,85.09,83.77,83.85,455095.703,1770724799999,38434613.29628000,141127,219176.78900000,18512538.74727000,0
2026-02-10 12:00:00,83.85,85.24,83.2,84.3,798245.638,1770739199999,67137263.72757000,303699,372939.76700000,31391645.84773000,0
2026-02-10 16:00:00,84.3,85.14,82.44,83.08,486935.392,1770753599999,40805349.14122000,233357,233353.46700000,19557735.19215000,0
2026-02-10 20:00:00,83.08,83.23,81.91,82.99,335156.306,1770767999999,27682951.75065000,137231,166115.38600000,13718248.79150000,0
2026-02-11 00:00:00,82.99,84.39,82.59,83.34,317157.796,1770782399999,26494029.28427000,136220,144931.40300000,12105404.43297000,0
2026-02-11 04:00:00,83.34,83.54,80.28,81.0,549886.454,1770796799999,44834408.08757000,213694,247161.52800000,20144732.55718000,0
2026-02-11 08:00:00,81.0,81.47,80.38,81.26,369689.127,1770811199999,29922452.00850000,142670,193439.44500000,15659808.89840000,0
2026-02-11 12:00:00,81.25,83.17,78.56,79.72,1281109.036,1770825599999,103636624.01864000,477452,664106.35300000,53738985.15674000,0
2026-02-11 16:00:00,79.72,80.94,78.04,79.72,711553.118,1770839999999,56567381.97545000,339972,360221.86900000,28647779.80092000,0
2026-02-11 20:00:00,79.72,81.11,78.8,79.3,585517.789,1770854399999,46750515.89022000,209953,300000.79700000,23969546.16201000,0
2026-02-12 00:00:00,79.31,80.79,79.26,80.62,286003.683,1770868799999,22938997.68660000,140919,144114.73500000,11556691.92525000,0
2026-02-12 04:00:00,80.63,80.99,79.5,80.77,278474.154,1770883199999,22415447.70060000,119867,152080.77300000,12244524.17550000,0
2026-02-12 08:00:00,80.77,82.25,80.32,81.87,426871.075,1770897599999,34802905.20744000,142538,204283.02300000,16654905.97139000,0
2026-02-12 12:00:00,81.87,82.13,80.1,80.12,655744.329,1770911999999,53214971.53092000,276116,324956.32200000,26374697.01286000,0
2026-02-12 16:00:00,80.13,80.22,77.03,77.62,927205.54,1770926399999,72586025.92944000,435759,488475.53900000,38242482.18956000,0
2026-02-12 20:00:00,77.62,78.52,76.6,78.4,621931.336,1770940799999,48187371.72185000,209237,308359.55600000,23909361.79232000,0
2026-02-13 00:00:00,78.39,79.48,77.53,79.05,370604.061,1770955199999,29128033.59705000,158739,198184.04400000,15582000.99808000,0
2026-02-13 04:00:00,79.05,79.27,77.85,78.99,343878.437,1770969599999,27027069.22589000,121550,151216.15800000,11886695.18740000,0
2026-02-13 08:00:00,78.99,80.62,78.86,80.31,453099.44,1770983999999,36194174.27355000,149798,228743.35200000,18272369.03472000,0
2026-02-13 12:00:00,80.31,84.34,79.73,83.2,994476.772,1770998399999,81286393.16762000,379686,476337.06400000,38981634.71585000,0
2026-02-13 16:00:00,83.2,85.63,82.92,84.66,834107.956,1771012799999,70475468.90418000,304032,401331.59400000,33901374.44424000,0
2026-02-13 20:00:00,84.65,85.19,84.12,84.33,374223.606,1771027199999,31673302.28403000,131739,196047.50100000,16597478.03302000,0
2026-02-14 00:00:00,84.34,85.3,84.21,85.06,289428.397,1771041599999,24566871.82195000,81583,164193.22100000,13937496.70791000,0
2026-02-14 04:00:00,85.07,85.27,84.35,85.19,156035.425,1771055999999,13244993.33285000,54952,72814.03300000,6181094.57031000,0
2026-02-14 08:00:00,85.19,87.33,85.16,87.29,581740.68,1771070399999,50158074.42334000,173527,324350.60900000,27966965.33523000,0
2026-02-14 12:00:00,87.29,87.69,86.0,87.44,570822.943,1771084799999,49612994.18860000,168154,299750.00100000,26066355.86465000,0
2026-02-14 16:00:00,87.44,88.47,86.99,88.2,665986.607,1771099199999,58461982.56068000,158510,301020.04200000,26435442.28039000,0
2026-02-14 20:00:00,88.21,88.9,87.29,88.06,434593.163,1771113599999,38325626.78166000,135144,216484.17300000,19101684.78793000,0
2026-02-15 00:00:00,88.06,88.78,87.31,88.61,477493.402,1771127999999,42031523.88782000,163413,228511.28300000,20126028.35085000,0
2026-02-15 04:00:00,88.6,90.98,88.35,90.74,806233.048,1771142399999,72154132.06980000,236034,439834.77600000,39378085.42088000,0
2026-02-15 08:00:00,90.74,91.26,89.01,89.17,713517.754,1771156799999,64183646.48003000,191707,341360.89600000,30710394.19767000,0
2026-02-15 12:00:00,89.18,89.63,86.66,87.42,766136.528,1771171199999,67307500.86263000,250004,359316.82700000,31546126.58769000,0
2026-02-15 16:00:00,87.41,87.88,85.2,85.34,714921.002,1771185599999,61867110.63988000,227135,287679.93800000,24901991.33941000,0
2026-02-15 20:00:00,85.35,86.7,84.89,86.16,450783.666,1771199999999,38706787.83995000,141827,224051.85400000,19244241.74086000,0
2026-02-16 00:00:00,86.15,86.63,84.79,85.14,667949.308,1771214399999,57242129.40260000,141641,336705.80600000,28834549.81402000,0
2026-02-16 04:00:00,85.15,85.91,84.47,85.06,346888.912,1771228799999,29502581.15865000,101582,160975.27600000,13690275.86557000,0
2026-02-16 08:00:00,85.07,86.26,84.49,85.52,431369.74,1771243199999,36917542.96556000,133847,189080.92000000,16180238.76215000,0
2026-02-16 12:00:00,85.52,86.93,82.55,83.21,1202171.279,1771257599999,101758706.25604000,402725,640706.22300000,54260315.34100000,0
2026-02-16 16:00:00,83.21,85.16,83.1,84.61,631216.887,1771271999999,53110521.67247000,180855,321196.56600000,27046788.60040000,0
2026-02-16 20:00:00,84.62,86.66,84.5,86.45,280155.685,1771286399999,24015146.08879000,137098,158703.62200000,13600927.27216000,0
2026-02-17 00:00:00,86.45,87.69,85.76,86.37,299751.05,1771300799999,26009823.10069000,150212,162064.41800000,14069508.53465000,0
2026-02-17 04:00:00,86.37,86.8,85.45,86.49,271821.33,1771315199999,23455272.23790000,103786,127744.01600000,11024163.34555000,0
2026-02-17 08:00:00,86.48,86.77,84.75,85.1,286692.036,1771329599999,24526380.02400000,118922,121209.73700000,10371876.25218000,0
2026-02-17 12:00:00,85.11,85.58,82.92,83.81,918074.82,1771343999999,77098715.13490000,296269,483651.68300000,40623292.16051000,0
2026-02-17 16:00:00,83.8,85.76,83.13,84.87,672706.801,1771358399999,56868336.29467000,272791,357264.45400000,30207104.50690000,0
2026-02-17 20:00:00,84.86,85.44,84.53,85.08,325609.828,1771372799999,27714967.61112000,122359,133622.85700000,11369749.86009000,0
2026-02-18 00:00:00,85.09,85.49,83.92,85.33,469767.043,1771387199999,39820449.63186000,117803,214329.13000000,18159803.12068000,0
2026-02-18 04:00:00,85.34,85.54,84.68,85.28,191825.649,1771401599999,16330788.90424000,79151,95691.32600000,8145963.45350000,0
2026-02-18 08:00:00,85.28,86.09,82.83,82.86,707916.188,1771415999999,59738986.64407000,161952,363288.91800000,30636534.07793000,0
2026-02-18 12:00:00,82.87,84.01,81.72,83.01,893829.759,1771430399999,74026491.20866000,310976,456012.28500000,37782767.78910000,0
2026-02-18 16:00:00,83.0,83.09,80.48,80.93,615426.553,1771444799999,50329141.83680000,248624,282914.84500000,23154646.14396000,0
2026-02-18 20:00:00,80.93,81.64,80.85,81.61,258838.778,1771459199999,21043973.46017000,108393,137597.56700000,11187843.24297000,0
2026-02-19 00:00:00,81.61,82.07,81.25,81.77,164987.112,1771473599999,13477380.44664000,82970,95590.10900000,7809681.39930000,0
2026-02-19 04:00:00,81.77,82.67,81.38,82.41,578429.861,1771487999999,47324739.31704000,98387,229915.47200000,18832222.05352000,0
2026-02-19 08:00:00,82.4,82.42,80.91,81.24,312028.085,1771502399999,25475121.81537000,117141,141021.40300000,11508199.67220000,0
2026-02-19 12:00:00,81.24,81.32,79.61,80.64,871083.315,1771516799999,69986947.02929000,277256,486363.62800000,39061864.73330000,0
2026-02-19 16:00:00,80.63,82.2,79.92,81.95,569169.832,1771531199999,46165389.99419000,243261,298140.03500000,24196166.54288000,0
2026-02-19 20:00:00,81.94,82.57,81.68,82.5,352579.285,1771545599999,28956200.37374000,127090,190016.81400000,15607830.67456000,0
2026-02-20 00:00:00,82.5,83.54,82.33,83.04,484575.741,1771559999999,40247874.05866000,127231,229825.86600000,19080158.39042000,0
2026-02-20 04:00:00,83.05,83.93,82.38,83.46,352315.371,1771574399999,29336850.22768000,105448,163784.24300000,13641946.14461000,0
2026-02-20 08:00:00,83.45,84.84,83.3,83.58,667959.132,1771588799999,56158745.65983000,156568,285082.05200000,23973586.14059000,0
2026-02-20 12:00:00,83.58,84.78,81.77,84.38,1113123.094,1771603199999,92637353.84053000,338698,546190.70400000,45460907.20961000,0
2026-02-20 16:00:00,84.38,85.49,82.82,84.75,839756.204,1771617599999,70874826.57936000,338674,414323.91100000,34968548.40655000,0
2026-02-20 20:00:00,84.75,85.23,84.12,84.67,296827.217,1771631999999,25096078.11034000,118268,153538.69700000,12981955.43580000,0
2026-02-21 00:00:00,84.68,85.03,84.24,84.35,244834.547,1771646399999,20702587.24820000,67247,121720.92500000,10290853.00861000,0
2026-02-21 04:00:00,84.35,84.78,83.97,84.24,191204.992,1771660799999,16117632.77228000,56339,75597.60300000,6372272.40625000,0
2026-02-21 08:00:00,84.24,85.7,84.19,85.4,253890.125,1771675199999,21584114.94376000,76314,116586.19000000,9915685.55197000,0
2026-02-21 12:00:00,85.4,86.72,85.0,86.58,560131.305,1771689599999,48189928.41728000,124413,297010.13500000,25550938.61596000,0
2026-02-21 16:00:00,86.59,86.72,85.82,86.22,273165.296,1771703999999,23557033.05200000,90207,125214.18600000,10800370.34564000,0
2026-02-21 20:00:00,86.21,86.21,85.12,85.17,257522.597,1771718399999,22039425.56864000,86680,117492.86200000,10054931.62954000,0
2026-02-22 00:00:00,85.17,85.6,84.73,85.08,373587.245,1771732799999,31784559.12575000,81008,192214.42100000,16355518.76870000,0
2026-02-22 04:00:00,85.08,85.58,84.81,85.24,156836.219,1771747199999,13361882.68489000,48521,81926.46100000,6978769.35134000,0
2026-02-22 08:00:00,85.25,85.47,84.87,85.27,189820.253,1771761599999,16169660.27782000,52648,75366.53400000,6418303.16788000,0
2026-02-22 12:00:00,85.28,85.33,82.98,83.5,605586.526,1771775999999,50742371.46248000,131377,293805.03000000,24593678.05779000,0
2026-02-22 16:00:00,83.49,83.63,82.82,83.3,206105.59,1771790399999,17146035.32256000,68651,101417.60700000,8436533.92993000,0
2026-02-22 20:00:00,83.3,83.71,82.48,82.79,266916.763,1771804799999,22188425.06626000,95812,139630.57600000,11606949.85414000,0
2026-02-23 00:00:00,82.8,82.85,77.28,77.66,1532442.0,1771819199999,120696564.69379000,486837,734965.18600000,57854089.80992000,0
2026-02-23 04:00:00,77.66,79.69,77.15,79.4,782254.487,1771833599999,61280226.93726000,185049,415333.14500000,32554949.31111000,0
2026-02-23 08:00:00,79.4,80.69,78.53,80.05,565368.231,1771847999999,45067861.58295000,141787,303488.72400000,24172784.07959000,0
2026-02-23 12:00:00,80.06,81.13,79.2,79.4,789672.182,1771862399999,63449787.07546000,271745,356184.53000000,28607956.25121000,0
2026-02-23 16:00:00,79.39,79.8,77.27,78.29,1029792.145,1771876799999,81046897.26001000,282348,510267.93500000,40140965.54520000,0
2026-02-23 20:00:00,78.28,78.92,77.63,77.9,463844.338,1771891199999,36342998.15524000,140669,246298.13400000,19296544.81161000,0
2026-02-24 00:00:00,77.91,78.53,75.74,76.87,803680.301,1771905599999,62180660.12370000,270838,378935.80000000,29348240.62451000,0
2026-02-24 04:00:00,76.88,77.36,76.11,76.84,639815.22,1771919999999,49101427.16702000,184846,324971.20500000,24938893.26398000,0
2026-02-24 08:00:00,76.85,77.2,76.0,76.77,350066.337,1771934399999,26851737.63341000,131224,176477.72700000,13543550.22602000,0
2026-02-24 12:00:00,76.78,77.49,75.63,77.3,738812.029,1771948799999,56676428.64140000,296263,373843.03300000,28702022.80304000,0
2026-02-24 16:00:00,77.3,78.51,77.23,78.38,555440.053,1771963199999,43357227.89308000,204226,285144.95400000,22259064.47754000,0
2026-02-24 20:00:00,78.38,79.62,78.12,78.99,505014.436,1771977599999,39835509.49299000,144738,252632.80500000,19932969.73093000,0
2026-02-25 00:00:00,78.99,82.99,78.73,81.75,1007253.967,1771991999999,82202871.92578000,372919,511596.10300000,41758854.80102000,0
2026-02-25 04:00:00,81.75,82.43,80.98,82.19,522305.824,1772006399999,42719320.19400000,170483,268258.61800000,21943958.01016000,0
2026-02-25 08:00:00,82.19,83.42,81.93,83.39,430794.95,1772020799999,35598200.08465000,161217,231060.70300000,19101989.50715000,0
2026-02-25 12:00:00,83.38,86.46,82.89,85.98,1251514.679,1772035199999,105937631.11706000,443954,672837.14200000,56957777.18601000,0
2026-02-25 16:00:00,85.98,89.65,85.97,89.43,1161364.348,1772049599999,102264867.46126000,447388,623152.25700000,54887611.86553000,0
2026-02-25 20:00:00,89.43,92.1,87.07,88.06,1259515.647,1772063999999,112710378.42154000,480252,651437.40900000,58325570.58223000,0
2026-02-26 00:00:00,88.05,89.27,87.53,87.95,809196.666,1772078399999,71513047.16259000,276475,453602.29500000,40086385.76699000,0
2026-02-26 04:00:00,87.95,89.05,87.22,87.24,460862.95,1772092799999,40462226.28461000,176400,180874.87900000,15888787.95295000,0
2026-02-26 08:00:00,87.24,88.71,86.6,86.82,466378.44,1772107199999,40847611.97051000,163808,227370.60500000,19923125.71948000,0
2026-02-26 12:00:00,86.82,88.26,85.27,86.56,621958.742,1772121599999,53986482.59890000,340532,301681.11300000,26186282.15323000,0
2026-02-26 16:00:00,86.57,86.75,84.34,86.47,737319.89,1772135999999,62960947.22969000,308671,376839.65700000,32191747.80970000,0
2026-02-26 20:00:00,86.47,86.87,85.73,85.91,261174.291,1772150399999,22501043.69619000,115155,132576.32200000,11423978.74981000,0
2026-02-27 00:00:00,85.91,87.82,85.19,87.63,331556.019,1772164799999,28593563.41293000,153430,175843.78500000,15171289.60830000,0
2026-02-27 04:00:00,87.63,88.29,86.81,87.31,371654.863,1772179199999,32510658.19266000,145906,169511.81400000,14836816.26845000,0
2026-02-27 08:00:00,87.31,87.93,83.35,83.59,631826.713,1772193599999,54098543.42302000,226746,284629.28200000,24404873.60056000,0
2026-02-27 12:00:00,83.59,83.76,81.95,82.7,917546.351,1772207999999,75997127.35638000,364359,461496.47100000,38233034.36072000,0
2026-02-27 16:00:00,82.7,82.7,81.11,81.57,655568.69,1772222399999,53531382.93133000,259242,295689.73900000,24140732.85903000,0
2026-02-27 20:00:00,81.57,82.11,80.32,81.85,462346.723,1772236799999,37641123.99873000,141153,220918.44600000,17997600.21006000,0
2026-02-28 00:00:00,81.84,82.27,81.55,81.74,195519.451,1772251199999,16024415.00142000,90677,97633.28900000,8002083.37468000,0
2026-02-28 04:00:00,81.75,81.9,77.12,78.71,1158965.034,1772265599999,91553419.67012000,445790,561454.09900000,44290980.72308000,0
2026-02-28 08:00:00,78.7,79.6,77.74,78.78,1076217.7,1772279999999,84641490.23964000,249762,478274.57900000,37597985.09881000,0
2026-02-28 12:00:00,78.78,81.51,78.59,80.92,972036.663,1772294399999,77955591.78861000,327832,495707.14100000,39773233.89800000,0
2026-02-28 16:00:00,80.91,82.91,80.5,82.21,612172.335,1772308799999,49998879.09128000,224548,325416.72700000,26589087.06353000,0
2026-02-28 20:00:00,82.22,85.65,81.97,84.35,722788.696,1772323199999,60844307.52081000,313814,358457.83400000,30167901.22805000,0
2026-03-01 00:00:00,84.35,88.9,84.25,88.02,1243291.938,1772337599999,108276864.81679000,425371,600288.42300000,52256439.05628000,0
2026-03-01 04:00:00,88.02,88.26,86.16,86.63,577621.131,1772351999999,50340161.44297000,213116,255245.55000000,22251667.97736000,0
2026-03-01 08:00:00,86.63,86.83,84.71,85.18,563401.528,1772366399999,48115602.56965000,187210,268001.21900000,22877133.09898000,0
2026-03-01 12:00:00,85.18,86.98,84.51,85.67,647556.015,1772380799999,55637851.35896000,268752,336539.51700000,28918739.30974000,0
2026-03-01 16:00:00,85.67,86.1,83.03,83.23,723186.569,1772395199999,60957518.07414000,271738,349245.04300000,29442297.34360000,0
2026-03-01 20:00:00,83.23,84.12,81.69,83.6,680137.041,1772409599999,56376575.63456000,272918,334122.46500000,27714162.75862000,0
2026-03-02 00:00:00,83.61,86.18,83.46,84.78,654789.29,1772423999999,55414850.27225000,287333,344978.76500000,29211428.90225000,0
2026-03-02 04:00:00,84.78,84.84,82.38,82.95,490483.056,1772438399999,41014166.48698000,190564,203733.62700000,17032533.69639000,0
2026-03-02 08:00:00,82.96,84.29,82.37,83.89,580427.612,1772452799999,48490449.20353000,214808,278098.40400000,23240348.38212000,0
2026-03-02 12:00:00,83.88,88.98,82.78,88.77,1522735.295,1772467199999,131505022.40311000,550292,818526.94100000,70778329.89159000,0
2026-03-02 16:00:00,88.77,90.29,86.39,87.65,1223343.144,1772481599999,108058595.04907000,514517,606876.31900000,53639706.18688000,0
2026-03-02 20:00:00,87.65,88.25,86.35,86.64,651654.863,1772495999999,56982991.86028000,254936,305792.54800000,26738195.42304000,0
2026-03-03 00:00:00,86.65,87.32,85.23,86.31,536255.51,1772510399999,46296790.70209000,217662,259950.54500000,22445814.66150000,0
2026-03-03 04:00:00,86.31,86.82,85.38,85.58,339964.675,1772524799999,29211226.21000000,156804,155852.04800000,13392878.74147000,0
2026-03-03 08:00:00,85.58,85.77,83.7,84.21,747390.113,1772539199999,63049886.51993000,289783,364295.34300000,30736897.13518000,0
2026-03-03 12:00:00,84.22,85.37,82.5,85.04,907184.577,1772553599999,76241660.14210000,505306,460819.43200000,38747298.56472000,0
2026-03-03 16:00:00,85.03,87.34,84.15,85.08,1018149.72,1772567999999,87010614.78054000,488710,546913.36300000,46760978.62399000,0
2026-03-03 20:00:00,85.08,87.46,84.17,86.97,587798.15,1772582399999,50597804.32907000,241458,300598.91900000,25890378.99974000,0
2026-03-04 00:00:00,86.98,88.08,85.18,85.77,729459.902,1772596799999,63317223.27697000,322757,339618.72600000,29501534.05815000,0
2026-03-04 04:00:00,85.77,87.52,84.78,87.43,656759.196,1772611199999,56269971.33071000,223132,322842.27000000,27679317.44070000,0
2026-03-04 08:00:00,87.43,91.48,86.98,89.76,1680856.748,1772625599999,150972638.55028000,529516,901121.10900000,80955911.57060000,0
2026-03-04 12:00:00,89.76,93.12,88.69,92.94,1507049.042,1772639999999,136700169.59402000,559322,819317.34800000,74402754.32075000,0
2026-03-04 16:00:00,92.94,94.05,90.66,93.19,1058973.473,1772654399999,97630345.06400000,427488,558677.74500000,51545915.42567000,0
2026-03-04 20:00:00,93.19,93.76,90.29,90.85,696833.022,1772668799999,64205455.75999000,249721,263147.12000000,24285172.29303000,0
2026-03-05 00:00:00,90.86,91.42,89.61,90.03,547049.008,1772683199999,49449442.40556000,225237,250830.32900000,22680820.47276000,0
2026-03-05 04:00:00,90.03,91.32,89.7,90.16,403516.555,1772697599999,36471145.73720000,169621,208471.54200000,18848366.31005000,0
2026-03-05 08:00:00,90.16,92.96,89.66,91.84,704543.868,1772711999999,64397532.50957000,286180,345715.43100000,31635058.49409000,0
2026-03-05 12:00:00,91.84,92.22,88.8,89.62,1029533.684,1772726399999,93192743.35135000,469168,470258.87400000,42582203.16479000,0
2026-03-05 16:00:00,89.61,89.63,87.91,88.73,747026.381,1772740799999,66160291.67567000,287793,381381.52700000,33779181.24778000,0
2026-03-05 20:00:00,88.72,89.85,88.54,88.77,322041.112,1772755199999,28709870.92368000,122360,169932.12800000,15153462.96257000,0
2026-03-06 00:00:00,88.78,89.31,88.02,88.41,424326.71,1772769599999,37613819.76795000,140876,200715.25200000,17792647.08102000,0
2026-03-06 04:00:00,88.4,88.92,87.51,88.7,305640.223,1772783999999,26930422.62553000,115154,155998.46400000,13747519.49614000,0
2026-03-06 08:00:00,88.7,88.7,87.1,87.26,362070.476,1772798399999,31772219.95250000,127835,160639.98000000,14096932.98452000,0
2026-03-06 12:00:00,87.25,87.27,83.96,84.65,1218389.068,1772812799999,104219750.57629000,396757,540240.24200000,46192461.87746000,0
2026-03-06 16:00:00,84.65,85.9,83.64,85.21,582148.305,1772827199999,49308629.53838000,215393,247461.87900000,20986798.74023000,0
2026-03-06 20:00:00,85.21,85.47,84.44,84.7,242749.86,1772841599999,20597518.50228000,78600,126009.20800000,10691480.58510000,0
2026-03-07 00:00:00,84.69,85.07,84.32,84.52,227206.854,1772855999999,19237165.80624000,56931,122839.43800000,10402349.49007000,0
2026-03-07 04:00:00,84.53,84.56,83.9,84.32,234003.859,1772870399999,19700445.99200000,66689,104810.98500000,8826352.80689000,0
2026-03-07 08:00:00,84.33,84.91,84.12,84.66,213056.237,1772884799999,18014396.06971000,56141,109265.05000000,9237207.56575000,0
2026-03-07 12:00:00,84.66,84.78,83.42,83.75,272791.659,1772899199999,22935309.21558000,94540,129522.36400000,10892079.02364000,0
2026-03-07 16:00:00,83.75,84.08,82.28,82.53,362868.503,1772913599999,30179201.99069000,105456,169218.46100000,14088381.05883000,0
2026-03-07 20:00:00,82.52,83.32,82.51,83.22,155354.609,1772927999999,12897279.79394000,69458,81426.16400000,6760168.13963000,0
2026-03-08 00:00:00,83.22,83.49,82.11,82.34,256730.791,1772942399999,21246395.50629000,96456,111844.22300000,9260393.69446000,0
2026-03-08 04:00:00,82.34,83.1,81.74,82.95,262761.984,1772956799999,21686319.58585000,96164,155274.11000000,12824935.92777000,0
2026-03-08 08:00:00,82.95,84.13,82.51,82.81,340229.954,1772971199999,28328113.60856000,120897,197401.01900000,16444326.86366000,0
2026-03-08 12:00:00,82.81,83.01,81.18,82.06,444407.118,1772985599999,36463739.03579000,185498,214431.21700000,17595872.00884000,0
2026-03-08 16:00:00,82.06,82.65,81.31,82.49,243031.142,1772999999999,19895905.98595000,118279,118187.87700000,9680725.41754000,0
2026-03-08 20:00:00,82.48,82.96,80.26,81.59,555804.698,1773014399999,45375725.09063000,257267,263510.15200000,21529964.91211000,0
2026-03-09 00:00:00,81.6,84.5,81.54,83.16,588325.344,1773028799999,48761034.65192000,313677,316112.91100000,26217048.68235000,0
2026-03-09 04:00:00,83.16,84.61,82.33,83.18,470418.806,1773043199999,39312766.50855000,202401,241773.08300000,20216478.28975000,0
2026-03-09 08:00:00,83.18,84.6,82.94,83.59,501694.054,1773057599999,42090732.15363000,183081,262663.58200000,22044972.89796000,0
2026-03-09 12:00:00,83.58,85.75,83.41,85.05,740176.324,1773071999999,62862536.43804000,305799,377703.44000000,32064184.31958000,0
2026-03-09 16:00:00,85.05,87.06,84.26,85.97,726667.975,1773086399999,62170466.45032000,285187,361776.83100000,30966095.87223000,0
2026-03-09 20:00:00,85.97,86.36,84.84,84.96,566774.786,1773100799999,48565445.21187000,145793,282732.11300000,24224209.98091000,0
2026-03-10 00:00:00,84.95,86.91,84.83,85.55,537148.656,1773115199999,46166255.42062000,168821,278031.89100000,23904067.97141000,0
2026-03-10 04:00:00,85.56,86.99,85.41,86.7,471249.533,1773129599999,40719801.78337000,136805,237495.72000000,20526270.70658000,0
2026-03-10 08:00:00,86.71,87.67,86.58,86.79,532840.809,1773143999999,46392975.65822000,161999,276639.39900000,24088968.13557000,0
2026-03-10 12:00:00,86.8,88.61,84.91,88.33,987019.813,1773158399999,85697725.07219000,413079,490943.83600000,42678322.89767000,0
2026-03-10 16:00:00,88.34,88.8,85.66,86.02,702767.198,1773172799999,61398991.49608000,329956,322978.66000000,28221418.75464000,0
2026-03-10 20:00:00,86.01,86.44,85.01,85.88,412869.125,1773187199999,35371877.82907000,134761,198269.28900000,16988531.99591000,0
2026-03-11 00:00:00,85.88,86.28,85.48,85.63,286257.991,1773201599999,24580490.12391000,105255,153511.99200000,13182385.04315000,0
2026-03-11 04:00:00,85.63,86.88,85.14,85.45,376050.498,1773215999999,32353357.53219000,114937,201776.97800000,17370953.13884000,0
2026-03-11 08:00:00,85.44,85.61,84.39,84.55,403509.896,1773230399999,34325819.56176000,131356,190389.90100000,16196918.84841000,0
2026-03-11 12:00:00,84.54,87.4,84.36,85.4,997150.052,1773244799999,85754173.25725000,397470,517393.63200000,44484978.58991000,0
2026-03-11 16:00:00,85.41,88.09,85.3,87.29,833058.365,1773259199999,72624433.38729000,293881,441232.77600000,38466483.61015000,0
2026-03-11 20:00:00,87.28,87.94,86.46,86.58,286148.937,1773273599999,24945748.44429000,117184,138424.32500000,12072560.48951000,0
2026-03-12 00:00:00,86.58,86.78,84.72,85.01,357699.785,1773287999999,30668335.91994000,123080,154019.18600000,13212385.31320000,0
2026-03-12 04:00:00,85.02,85.9,84.89,85.82,319771.496,1773302399999,27271316.25596000,91895,199884.45600000,17047354.93557000,0
2026-03-12 08:00:00,85.82,87.13,85.39,86.79,448496.154,1773316799999,38729418.26552000,141075,256606.13000000,22159875.42580000,0
2026-03-12 12:00:00,86.8,87.69,85.12,86.58,987466.441,1773331199999,85542513.21805000,329142,478134.71400000,41444633.62996000,0
2026-03-12 16:00:00,86.57,87.09,85.68,86.8,507906.054,1773345599999,43932654.54504000,218726,270755.41600000,23425464.33865000,0
2026-03-12 20:00:00,86.79,87.23,85.96,86.84,292341.218,1773359999999,25317352.34196000,107326,155274.86000000,13445906.62584000,0
2026-03-13 00:00:00,86.83,91.14,86.71,89.69,1419913.112,1773374399999,127460763.13854000,460249,693897.77900000,62230683.55535000,0
2026-03-13 04:00:00,89.7,89.74,88.15,88.68,486847.852,1773388799999,43262966.14964000,133325,235718.11900000,20946178.12146000,0
2026-03-13 08:00:00,88.68,90.45,88.32,90.33,589014.79,1773403199999,52807575.80543000,175850,287690.87000000,25773729.98415000,0
2026-03-13 12:00:00,90.32,92.98,89.3,89.49,1453108.688,1773417599999,132756013.69632000,450384,754041.35300000,68906408.29220000,0
2026-03-13 16:00:00,89.49,90.15,88.37,88.92,611464.125,1773431999999,54496148.98880000,235873,300527.77300000,26797042.74047000,0
2026-03-13 20:00:00,88.91,89.16,87.73,88.18,380030.05,1773446399999,33599394.56862000,117808,189415.06300000,16752518.96381000,0
2026-03-14 00:00:00,88.17,88.62,87.79,88.4,276797.775,1773460799999,24403525.29481000,86057,119060.80800000,10501961.51488000,0
2026-03-14 04:00:00,88.4,88.71,86.92,87.33,331874.026,1773475199999,29127035.40167000,89206,151272.31100000,13276173.66966000,0
2026-03-14 08:00:00,87.32,87.55,86.51,86.96,283476.778,1773489599999,24656713.29095000,77126,161509.08800000,14043864.20990000,0
2026-03-14 12:00:00,86.95,87.36,86.63,86.72,244066.447,1773503999999,21221995.92132000,74436,122352.62900000,10639901.98063000,0
2026-03-14 16:00:00,86.72,87.13,86.62,87.0,122777.32,1773518399999,10675146.12815000,44508,69238.54000000,6019701.10815000,0
2026-03-14 20:00:00,87.01,88.16,86.87,88.03,239150.693,1773532799999,20938634.46756000,81457,129529.68200000,11338383.34803000,0
2026-03-15 00:00:00,88.04,88.65,87.58,87.86,272238.602,1773547199999,23962627.90716000,105093,126603.17400000,11144191.85705000,0
2026-03-15 04:00:00,87.86,88.66,87.85,88.22,284899.88,1773561599999,25166448.52455000,77305,159378.59100000,14077877.20928000,0
2026-03-15 08:00:00,88.22,88.88,88.14,88.55,190655.217,1773575999999,16872440.33245000,67397,99143.77800000,8773584.74097000,0
2026-03-15 12:00:00,88.56,88.56,87.36,87.9,258089.751,1773590399999,22679818.38073000,114381,126277.23100000,11095380.80093000,0
2026-03-15 16:00:00,87.9,88.8,87.45,88.19,265335.37,1773604799999,23394309.43503000,106561,132019.48900000,11635864.45133000,0
2026-03-15 20:00:00,88.19,93.23,87.98,92.3,1343328.285,1773619199999,122691843.92509000,413788,782446.26100000,71394434.80690000,0
2026-03-16 00:00:00,92.31,94.0,91.18,93.16,1014325.143,1773633599999,93879021.74231000,379604,542783.38100000,50251373.82935000,0
2026-03-16 04:00:00,93.17,94.32,92.94,93.56,975084.337,1773647999999,91300997.00749000,278407,550513.95300000,51556550.82204000,0
2026-03-16 08:00:00,93.56,94.02,92.57,93.75,452990.408,1773662399999,42296827.20951000,164742,241575.14500000,22567425.99210000,0
2026-03-16 12:00:00,93.75,95.13,92.37,93.2,1523871.554,1773676799999,142864671.02536000,387288,678676.33200000,63676381.20092000,0
2026-03-16 16:00:00,93.2,95.48,93.13,95.21,833015.474,1773691199999,78587613.62568000,248854,470394.70100000,44378976.45037000,0
2026-03-16 20:00:00,95.21,97.68,95.06,96.2,822363.705,1773705599999,79121003.53144000,254196,455916.83200000,43877481.34777000,0
2026-03-17 00:00:00,96.19,96.95,93.71,94.07,824181.768,1773719999999,78582220.13056000,271151,408916.27900000,39046696.49194000,0
2026-03-17 04:00:00,94.07,94.66,93.2,94.44,389934.678,1773734399999,36626046.30118000,133933,176308.00300000,16572115.45735000,0
2026-03-17 08:00:00,94.43,95.09,93.25,93.66,414284.95,1773748799999,39010823.17322000,148624,202704.21300000,19091279.59935000,0
2026-03-17 12:00:00,93.67,95.13,93.15,93.82,523337.729,1773763199999,49184711.34596000,273516,259730.44700000,24421952.00297000,0
2026-03-17 16:00:00,93.82,95.59,93.72,94.67,396165.869,1773777599999,37549668.19710000,172774,198187.54400000,18787979.75316000,0
2026-03-17 20:00:00,94.66,95.62,94.41,94.62,285652.592,1773791999999,27148245.80650000,112615,130075.83600000,12365749.80325000,0
2026-03-18 00:00:00,94.61,95.65,94.1,95.05,254699.64,1773806399999,24143315.31250000,124298,136807.02400000,12975487.95426000,0
2026-03-18 04:00:00,95.06,95.12,93.72,93.95,325950.604,1773820799999,30705544.56422000,109518,147682.23300000,13907114.39530000,0
2026-03-18 08:00:00,93.95,94.44,91.82,92.0,645779.016,1773835199999,60095899.49711000,214407,293336.38200000,27255489.74357000,0
2026-03-18 12:00:00,92.0,92.03,88.55,89.37,1121595.202,1773849599999,101008707.28640000,422433,527947.85900000,47509517.34075000,0
2026-03-18 16:00:00,89.36,90.86,88.61,89.71,634508.742,1773863999999,56954196.92364000,275918,315234.64300000,28306619.00363000,0
2026-03-18 20:00:00,89.7,90.62,88.99,90.08,311328.354,1773878399999,28009741.80139000,106270,184369.75200000,16589796.63870000,0
2026-03-19 00:00:00,90.07,91.41,89.79,90.74,271818.87,1773892799999,24607529.89821000,111168,151554.40000000,13725175.62164000,0
2026-03-19 04:00:00,90.74,90.74,88.63,89.42,447543.098,1773907199999,40153231.81624000,152659,192735.03600000,17300917.91743000,0
2026-03-19 08:00:00,89.41,90.48,89.09,89.62,348118.639,1773921599999,31254520.06047000,128139,194893.64900000,17504539.28739000,0
2026-03-19 12:00:00,89.62,89.62,87.15,87.63,769220.355,1773935999999,67832755.14635000,294307,371777.85500000,32770944.17112000,0
2026-03-19 16:00:00,87.63,89.26,87.0,88.72,521449.916,1773950399999,45894328.46834000,196401,279065.73000000,24558575.69846000,0
2026-03-19 20:00:00,88.71,89.32,88.37,88.89,251392.046,1773964799999,22357339.49031000,87027,130161.36700000,11577097.98948000,0
2026-03-20 00:00:00,88.9,89.8,88.87,89.57,325453.515,1773979199999,29081569.96569000,93823,165826.57200000,14819531.40304000,0
2026-03-20 04:00:00,89.57,89.75,88.5,89.37,281203.173,1773993599999,25075851.66853000,105697,143249.19900000,12780614.92749000,0
2026-03-20 08:00:00,89.38,90.45,88.61,89.15,528038.845,1774007999999,47222099.84606000,159383,281960.72600000,25228699.50922000,0
2026-03-20 12:00:00,89.15,89.73,88.51,88.94,539218.064,1774022399999,48010767.61524000,229842,301353.17700000,26835500.75573000,0
2026-03-20 16:00:00,88.94,89.23,88.13,88.99,258041.825,1774036799999,22887983.48830000,145355,125353.95200000,11120091.49535000,0
2026-03-20 20:00:00,88.99,90.26,88.65,89.84,269456.116,1774051199999,24142797.45885000,95867,123405.08000000,11057461.96427000,0
2026-03-21 00:00:00,89.85,90.65,89.73,90.45,161696.72,1774065599999,14580894.51119000,61353,87945.94400000,7933799.35960000,0
2026-03-21 04:00:00,90.45,90.81,89.91,90.12,243992.038,1774079999999,22019899.27920000,61941,127648.54200000,11519305.64371000,0
2026-03-21 08:00:00,90.12,90.4,89.81,89.94,153713.834,1774094399999,13842195.51993000,52921,65796.31000000,5925667.43759000,0
2026-03-21 12:00:00,89.95,90.42,89.39,89.82,175297.226,1774108799999,15770048.81988000,81096,72060.83900000,6482317.30139000,0
2026-03-21 16:00:00,89.83,90.0,89.41,89.79,113940.456,1774123199999,10220786.72394000,51736,64394.55100000,5775882.04755000,0
2026-03-21 20:00:00,89.8,90.29,87.14,87.56,393204.951,1774137599999,34822267.47379000,121459,171558.71800000,15186174.59552000,0
2026-03-22 00:00:00,87.55,89.17,86.26,88.68,697228.294,1774151999999,61027809.71202000,241521,362930.40500000,31783094.94660000,0
2026-03-22 04:00:00,88.67,89.2,87.67,87.7,270478.481,1774166399999,23951737.58654000,105360,128813.79600000,11404997.56585000,0
2026-03-22 08:00:00,87.7,87.74,86.84,86.85,303964.7,1774180799999,26532560.36544000,102926,144657.28300000,12627276.91196000,0
2026-03-22 12:00:00,86.84,87.74,86.82,87.57,205979.156,1774195199999,17978982.52940000,81246,121636.29800000,10618688.95349000,0
2026-03-22 16:00:00,87.58,87.71,86.51,86.86,197027.511,1774209599999,17165185.09847000,76566,85310.19800000,7433709.82499000,0
2026-03-22 20:00:00,86.87,87.19,85.14,86.2,463408.989,1774223999999,39903803.77886000,185368,221659.58200000,19099783.42291000,0
2026-03-23 00:00:00,86.21,87.22,85.47,86.4,318814.595,1774238399999,27539434.22070000,162136,171562.72600000,14830829.88848000,0
2026-03-23 04:00:00,86.39,87.33,85.11,85.99,494882.939,1774252799999,42734309.79334000,172601,250462.23100000,21632664.82719000,0
2026-03-23 08:00:00,86.0,91.93,85.19,88.78,1467214.378,1774267199999,131179214.52231000,489146,741297.19900000,66273634.17391000,0
2026-03-23 12:00:00,88.78,92.26,88.33,89.95,1147241.977,1774281599999,104027673.72749000,469654,594789.74400000,53966047.08798000,0
2026-03-23 16:00:00,89.96,91.9,89.4,91.39,802182.925,1774295999999,72847558.65556000,259189,441417.57200000,40097064.95666000,0
2026-03-23 20:00:00,91.38,92.02,90.98,91.43,331369.574,1774310399999,30340521.06499000,113877,188607.97000000,17271247.89101000,0
2026-03-24 00:00:00,91.44,91.68,89.96,90.35,323535.987,1774324799999,29322771.94037000,138908,169689.35900000,15381205.64819000,0
2026-03-24 04:00:00,90.34,91.89,89.99,91.72,371099.482,1774339199999,33630539.72067000,128524,203734.90700000,18469653.17050000,0
2026-03-24 08:00:00,91.71,92.22,91.12,91.77,507240.51,1774353599999,46541086.07824000,145243,294246.70800000,27004065.73064000,0
2026-03-24 12:00:00,91.78,91.86,88.7,89.74,986008.491,1774367999999,88940397.76802000,297063,451691.47000000,40731549.97672000,0
2026-03-24 16:00:00,89.74,89.98,88.42,88.52,451039.88,1774382399999,40201827.00384000,162854,205380.70100000,18309443.81528000,0
2026-03-24 20:00:00,88.53,91.13,88.51,90.8,447118.176,1774396799999,40322928.78040000,148251,248471.39300000,22404367.87407000,0
2026-03-25 00:00:00,90.8,91.95,90.71,91.69,372289.689,1774411199999,33973735.64033000,122034,197326.46900000,18010665.41118000,0
2026-03-25 04:00:00,91.69,92.96,91.59,91.81,636566.52,1774425599999,58795297.13520000,126452,391803.47100000,36191041.12564000,0
2026-03-25 08:00:00,91.82,93.47,91.82,92.99,511796.134,1774439999999,47384344.81173000,139030,249260.13300000,23081307.51432000,0
2026-03-25 12:00:00,92.99,93.43,91.0,91.77,567696.94,1774454399999,52445544.16635000,225597,238206.88700000,22013754.96321000,0
2026-03-25 16:00:00,91.77,92.73,91.4,91.75,320002.539,1774468799999,29441108.60005000,149408,172352.51300000,15857235.64002000,0
2026-03-25 20:00:00,91.76,91.96,91.03,91.7,244182.976,1774483199999,22333279.76571000,82207,136582.41800000,12494572.86636000,0
2026-03-26 00:00:00,91.7,91.98,90.61,91.07,238387.623,1774497599999,21756783.96769000,91448,113570.21600000,10369144.75346000,0
2026-03-26 04:00:00,91.07,91.08,88.81,89.1,823846.485,1774511999999,73683828.24502000,165594,310187.59700000,27747258.18051000,0
2026-03-26 08:00:00,89.1,89.11,87.45,87.58,622106.806,1774526399999,54889432.77630000,147198,252256.02400000,22273918.41029000,0
2026-03-26 12:00:00,87.58,88.24,86.73,87.54,607964.695,1774540799999,53242764.22496000,181510,306293.47200000,26836850.33783000,0
2026-03-26 16:00:00,87.53,87.73,85.45,85.48,570992.644,1774555199999,49393733.36191000,133747,278619.86200000,24110035.19779000,0
2026-03-26 20:00:00,85.48,87.14,85.45,86.53,702894.483,1774569599999,60882178.19452000,145367,367365.94200000,31810775.69783000,0
2026-03-27 00:00:00,86.52,87.04,86.19,86.42,234021.696,1774583999999,20263750.34125000,77370,106594.80400000,9229290.47875000,0
2026-03-27 04:00:00,86.42,86.75,85.69,85.92,436318.572,1774598399999,37558215.88419000,98816,165422.96100000,14241493.12202000,0
2026-03-27 08:00:00,85.92,86.14,82.63,83.39,940535.152,1774612799999,79304293.96294000,243873,418534.99000000,35254724.34338000,0
2026-03-27 12:00:00,83.39,84.03,82.5,83.35,600075.642,1774627199999,49916877.08251000,183996,344748.22500000,28684631.77719000,0
2026-03-27 16:00:00,83.36,83.44,81.86,82.81,428188.403,1774641599999,35379869.86393000,147169,219675.91400000,18158164.24166000,0
2026-03-27 20:00:00,82.81,83.14,82.38,83.11,201422.605,1774655999999,16674147.13243000,66072,119916.77200000,9930831.79221000,0
2026-03-28 00:00:00,83.11,83.11,82.25,82.6,167036.242,1774670399999,13813585.05951000,55337,84332.85200000,6975031.94959000,0
2026-03-28 04:00:00,82.6,83.67,82.38,83.62,226948.916,1774684799999,18823203.52213000,60795,128498.72700000,10661440.47620000,0
2026-03-28 08:00:00,83.62,83.73,82.69,82.94,293830.464,1774699199999,24438490.76615000,68939,134571.34500000,11195216.21609000,0
2026-03-28 12:00:00,82.94,84.29,82.6,83.83,587986.457,1774713599999,49034877.85998000,136237,312367.41400000,26053047.81955000,0
2026-03-28 16:00:00,83.84,83.95,83.04,83.28,158735.499,1774727999999,13256443.20581000,51844,72332.39200000,6039607.41547000,0
2026-03-28 20:00:00,83.28,83.52,81.69,82.09,232472.521,1774742399999,19219752.85004000,78706,107302.80800000,8877817.69778000,0
2026-03-29 00:00:00,82.09,83.24,81.87,83.0,181670.454,1774756799999,14985167.73406000,62820,99020.61000000,8171559.07286000,0
2026-03-29 04:00:00,83.01,83.04,82.23,82.45,208371.618,1774771199999,17219957.59573000,52639,84310.39500000,6966631.26186000,0
2026-03-29 08:00:00,82.45,82.84,81.98,82.58,188587.206,1774785599999,15526599.09903000,58667,101452.10500000,8350267.31225000,0
2026-03-29 12:00:00,82.59,82.65,81.36,81.81,242466.942,1774799999999,19871971.96197000,82231,111438.94800000,9133014.81907000,0
2026-03-29 16:00:00,81.82,82.12,81.12,81.62,159921.606,1774814399999,13055539.40127000,58161,81818.34700000,6681382.11925000,0
2026-03-29 20:00:00,81.62,82.23,78.96,81.44,643655.649,1774828799999,51960021.90488000,208592,297461.10000000,24051515.48138000,0
2026-03-30 00:00:00,81.45,83.94,81.15,83.27,697702.3,1774843199999,57747301.15667000,226157,388540.26100000,32155970.30511000,0
2026-03-30 04:00:00,83.27,84.26,83.26,84.02,448198.483,1774857599999,37515091.72448000,116661,237462.31500000,19879422.50893000,0
2026-03-30 08:00:00,84.01,84.88,83.55,84.24,513690.869,1774871999999,43283668.96778000,122865,270912.86600000,22831513.87821000,0
2026-03-30 12:00:00,84.25,84.99,83.65,84.51,511038.502,1774886399999,43098784.49749000,175775,239353.35000000,20192263.22991000,0
2026-03-30 16:00:00,84.5,84.55,81.96,82.39,511840.073,1774900799999,42493613.13739000,145674,229764.78500000,19059620.89036000,0
2026-03-30 20:00:00,82.38,83.68,82.14,82.54,343384.46,1774915199999,28466516.97452000,100007,198630.16500000,16470397.56530000,0
2026-03-31 00:00:00,82.55,84.62,82.15,83.6,444423.076,1774929599999,37062999.05446000,157883,244071.96500000,20341843.79008000,0
2026-03-31 04:00:00,83.6,83.91,82.68,83.1,414755.16,1774943999999,34549872.79626000,106470,193108.22300000,16097532.18767000,0
2026-03-31 08:00:00,83.1,83.35,80.08,80.85,1334193.196,1774958399999,107958004.80145000,224697,694963.00000000,56195645.04002000,0
2026-03-31 12:00:00,80.85,82.59,80.4,80.86,929630.909,1774972799999,75559208.27998000,272329,442679.73000000,35984638.50260000,0
2026-03-31 16:00:00,80.87,83.47,80.87,82.7,774479.722,1774987199999,63947670.58980000,286477,386528.86100000,31912703.38218000,0
2026-03-31 20:00:00,82.7,83.4,82.33,83.2,375085.363,1775001599999,31090844.74016000,109937,203239.12900000,16853073.93657000,0
2026-04-01 00:00:00,83.19,83.58,82.48,83.43,401305.617,1775015999999,33332568.65985000,147782,185742.58500000,15437336.98963000,0
2026-04-01 04:00:00,83.44,84.74,83.26,83.84,578648.401,1775030399999,48673129.24335000,157688,297756.46600000,25050773.52548000,0
2026-04-01 08:00:00,83.84,84.06,83.07,83.37,412603.121,1775044799999,34448254.74563000,107634,192010.09600000,16033124.04839000,0
2026-04-01 12:00:00,83.37,83.88,82.4,83.63,694205.461,1775059199999,57719439.75210000,234043,348930.00300000,29016731.63122000,0
2026-04-01 16:00:00,83.62,86.65,83.08,83.82,1336245.808,1775073599999,113440807.64913000,333705,669007.66500000,56833702.00338000,0
2026-04-01 20:00:00,83.83,83.88,80.77,81.18,1253727.712,1775087999999,102761300.88040000,240846,640084.62800000,52425504.48151000,0
2026-04-02 00:00:00,81.19,81.77,78.3,79.01,1419298.545,1775102399999,113231684.53102000,388048,699072.80900000,55813390.11806000,0
2026-04-02 04:00:00,79.01,79.67,78.62,79.65,516514.988,1775116799999,40854411.27947000,117410,312936.20300000,24754814.00611000,0
2026-04-02 08:00:00,79.64,79.64,78.2,78.31,411747.946,1775131199999,32508055.87303000,95286,204357.02400000,16134510.34153000,0
2026-04-02 12:00:00,78.32,79.73,76.7,79.03,1100370.689,1775145599999,86006580.17945000,309423,612074.18200000,47846074.98035000,0
2026-04-02 16:00:00,79.03,79.88,78.43,78.98,499900.651,1775159999999,39559249.76597000,156529,253149.52800000,20039444.84217000,0
2026-04-02 20:00:00,78.99,79.37,78.63,78.94,262191.444,1775174399999,20717142.96119000,83064,137293.66400000,10849319.71397000,0
2026-04-03 00:00:00,78.95,79.79,78.85,79.0,367179.718,1775188799999,29091823.96444000,109621,182365.47600000,14452947.29605000,0
2026-04-03 04:00:00,79.0,80.16,78.99,79.96,358252.999,1775203199999,28493204.56908000,93418,215193.77500000,17128391.23613000,0
2026-04-03 08:00:00,79.96,80.47,79.64,80.18,386244.728,1775217599999,30889132.42036000,90021,190084.63000000,15206917.88677000,0
2026-04-03 12:00:00,80.18,80.91,79.17,80.33,501254.565,1775231999999,40089326.38688000,140390,271710.83400000,21738310.54942000,0
2026-04-03 16:00:00,80.33,80.67,79.87,80.21,353827.74,1775246399999,28405233.27057000,87342,209470.28400000,16816455.25046000,0
2026-04-03 20:00:00,80.21,80.73,79.92,80.4,264079.99,1775260799999,21211286.07226000,64473,172784.84300000,13880772.70475000,0
2026-04-04 00:00:00,80.39,80.42,80.06,80.18,206139.619,1775275199999,16532511.43158000,41911,131953.17000000,10582237.95646000,0
2026-04-04 04:00:00,80.18,80.54,80.11,80.32,130479.24,1775289599999,10470192.22452000,32596,54316.23000000,4359158.90516000,0
2026-04-04 08:00:00,80.32,80.4,79.92,80.21,146135.046,1775303999999,11708956.75893000,44669,67116.36400000,5376790.08297000,0
2026-04-04 12:00:00,80.2,81.61,79.57,81.1,445163.652,1775318399999,35930486.06737000,94348,216971.34700000,17511713.21699000,0
2026-04-04 16:00:00,81.1,81.35,80.61,80.85,331318.144,1775332799999,26821160.69325000,72654,157162.15600000,12723572.76568000,0
2026-04-04 20:00:00,80.86,81.06,80.62,80.83,303695.066,1775347199999,24561506.96415000,53403,151385.35800000,12241767.80234000,0
2026-04-05 00:00:00,80.84,80.85,80.37,80.55,122141.938,1775361599999,9842907.63865000,38637,49772.85900000,4011596.32970000,0
2026-04-05 04:00:00,80.55,80.58,79.41,79.6,317730.245,1775375999999,25396048.59656000,74693,155212.33400000,12413107.13550000,0
2026-04-05 08:00:00,79.59,80.24,79.54,79.9,158236.781,1775390399999,12626923.02804000,37128,82666.70100000,6597421.22424000,0
2026-04-05 12:00:00,79.91,80.33,78.52,79.6,389250.698,1775404799999,30889321.33590000,120077,198209.36000000,15724897.72402000,0
2026-04-05 16:00:00,79.59,80.23,79.37,79.83,205479.261,1775419199999,16399027.75782000,83405,88610.70700000,7072096.02542000,0
2026-04-05 20:00:00,79.83,82.13,79.1,81.89,539599.635,1775433599999,43589962.51543000,176728,283258.99800000,22894303.34616000,0
2026-04-06 00:00:00,81.89,82.97,81.66,82.11,683999.279,1775447999999,56312856.81888000,218665,331234.53300000,27278058.81595000,0
2026-04-06 04:00:00,82.11,82.34,80.97,81.82,343134.992,1775462399999,28037541.91622000,95586,165803.74500000,13554072.49650000,0
2026-04-06 08:00:00,81.83,83.2,81.71,82.45,497756.751,1775476799999,41045672.31882000,114770,264116.09700000,21777617.32273000,0
2026-04-06 12:00:00,82.44,82.81,81.73,82.27,427565.337,1775491199999,35178900.57417000,168200,212007.96800000,17447332.80735000,0
2026-04-06 16:00:00,82.28,82.48,81.19,81.9,348382.08,1775505599999,28493471.34636000,118144,178745.00100000,14623622.25261000,0
2026-04-06 20:00:00,81.91,82.15,79.6,80.03,429532.125,1775519999999,34650415.18192000,120947,201022.50900000,16208775.32453000,0
2026-04-07 00:00:00,80.03,80.23,79.38,79.8,361044.768,1775534399999,28818211.97926000,122158,170881.87600000,13639830.88745000,0
2026-04-07 04:00:00,79.8,80.17,79.31,79.87,303809.312,1775548799999,24206711.45126000,69218,153270.06000000,12215822.77764000,0
2026-04-07 08:00:00,79.87,80.59,78.95,79.21,497100.401,1775563199999,39668077.78418000,126801,258823.50900000,20656120.20643000,0
2026-04-07 12:00:00,79.22,79.39,78.38,78.86,531566.964,1775577599999,41940113.97690000,154256,266383.62200000,21024322.63748000,0
2026-04-07 16:00:00,78.86,81.83,78.65,81.63,851596.331,1775591999999,68335125.40271000,220707,439828.20500000,35287682.79583000,0
2026-04-07 20:00:00,81.63,87.02,81.63,85.56,1767480.744,1775606399999,149050996.19032000,627817,907426.51600000,76502950.59033000,0
2026-04-08 00:00:00,85.56,85.9,84.26,84.56,580400.661,1775620799999,49225694.13918000,199678,243867.03300000,20687036.48908000,0
2026-04-08 04:00:00,84.56,85.03,83.89,84.5,451678.961,1775635199999,38192162.10633000,118785,225851.88100000,19101644.88532000,0
2026-04-08 08:00:00,84.51,84.98,84.11,84.45,393181.293,1775649599999,33252347.91582000,95430,204266.77700000,17275034.36965000,0
2026-04-08 12:00:00,84.46,84.98,82.51,83.34,873601.939,1775663999999,73135734.59378000,252099,450781.74100000,37741148.32619000,0
2026-04-08 16:00:00,83.33,84.18,82.77,83.19,341350.333,1775678399999,28468122.02481000,133204,181715.60800000,15156325.17197000,0
2026-04-08 20:00:00,83.19,83.61,82.24,82.57,312545.361,1775692799999,25902716.75570000,111258,127237.92300000,10551378.47413000,0
2026-04-09 00:00:00,82.56,82.67,81.7,82.03,466965.456,1775707199999,38350798.09900000,114791,201843.96600000,16579051.75692000,0
2026-04-09 04:00:00,82.02,82.48,81.74,82.29,236036.434,1775721599999,19376565.12537000,70571,115714.79500000,9499965.49975000,0
2026-04-09 08:00:00,82.29,82.71,82.03,82.18,228031.465,1775735999999,18792628.26552000,79907,108943.12200000,8979836.93415000,0
2026-04-09 12:00:00,82.18,83.94,81.4,83.75,526295.677,1775750399999,43491829.69087000,190063,317311.93700000,26265581.38482000,0
2026-04-09 16:00:00,83.75,84.7,82.92,84.17,744217.355,1775764799999,62506433.48803000,246472,393549.31300000,33066271.38378000,0
2026-04-09 20:00:00,84.16,85.95,83.15,83.33,574381.242,1775779199999,48504927.39142000,198434,313438.94200000,26482006.76030000,0
2026-04-10 00:00:00,83.33,83.79,82.62,82.9,336956.631,1775793599999,28015799.89521000,119066,180014.36300000,14970003.08988000,0
2026-04-10 04:00:00,82.89,83.59,82.86,82.95,251334.434,1775807999999,20921464.66809000,70436,130777.71900000,10885800.62631000,0
2026-04-10 08:00:00,82.95,83.74,82.7,83.52,432782.004,1775822399999,36047855.96945000,94086,252083.79500000,20994818.58695000,0
2026-04-10 12:00:00,83.52,85.58,83.36,84.24,693351.471,1775836799999,58541036.16613000,218571,359084.07700000,30321446.46919000,0
2026-04-10 16:00:00,84.25,85.47,84.14,85.44,255382.959,1775851199999,21658346.40896000,105969,128717.33900000,10917590.73212000,0
2026-04-10 20:00:00,85.45,85.67,84.65,84.83,216270.844,1775865599999,18401988.31718000,76553,86426.32500000,7357179.95766000,0
2026-04-11 00:00:00,84.83,84.93,84.31,84.4,151906.978,1775879999999,12856843.19036000,50341,73994.65700000,6263949.66089000,0
2026-04-11 04:00:00,84.4,84.62,83.87,84.28,195743.598,1775894399999,16483357.88697000,61711,105546.51000000,8888358.07893000,0
2026-04-11 08:00:00,84.27,84.8,83.8,84.24,206226.416,1775908799999,17380037.66390000,60826,113958.06100000,9604802.35349000,0
2026-04-11 12:00:00,84.24,84.88,83.84,84.66,308568.982,1775923199999,26031482.99829000,85980,138938.87700000,11724960.19829000,0
2026-04-11 16:00:00,84.67,86.26,84.6,86.01,413520.982,1775937599999,35314411.08716000,126360,234893.28500000,20070314.31451000,0
2026-04-11 20:00:00,86.01,86.19,84.52,84.93,294934.927,1775951999999,25184401.16991000,94579,143948.88600000,12294215.38099000,0
2026-04-12 00:00:00,84.94,85.0,81.84,82.33,630649.642,1775966399999,52355343.50806000,202460,279217.67700000,23167947.52546000,0
2026-04-12 04:00:00,82.32,82.5,82.06,82.27,232256.931,1775980799999,19117982.72883000,67144,118455.16000000,9750962.15725000,0
2026-04-12 08:00:00,82.28,82.41,81.92,82.22,260332.784,1775995199999,21390929.86769000,53310,127645.08100000,10492018.06374000,0
2026-04-12 12:00:00,82.21,82.56,81.27,81.59,518788.007,1776009599999,42468898.19968000,119679,246380.53000000,20178654.06672000,0
2026-04-12 16:00:00,81.59,82.32,81.53,81.99,166707.057,1776023999999,13668899.64317000,54770,93410.43900000,7659489.53159000,0
2026-04-12 20:00:00,81.98,82.88,81.27,81.53,366057.445,1776038399999,30046042.77553000,142444,170528.33100000,14009474.21042000,0
2026-04-13 00:00:00,81.54,82.44,81.4,81.91,244773.3,1776052799999,20071290.29309000,96967,119124.79700000,9768755.53438000,0
2026-04-13 04:00:00,81.9,82.6,81.54,82.17,216328.764,1776067199999,17761473.47351000,73977,108860.14300000,8942265.29477000,0
2026-04-13 08:00:00,82.17,82.32,81.64,81.86,291426.641,1776081599999,23881489.08109000,96396,152956.93100000,12537111.65777000,0
2026-04-13 12:00:00,81.86,83.82,81.82,82.65,681567.622,1776095999999,56533947.51005000,230534,371766.75600000,30840141.48968000,0
2026-04-13 16:00:00,82.66,84.25,82.34,84.09,492483.876,1776110399999,41067657.60609000,207988,275828.00900000,23004790.71087000,0
2026-04-13 20:00:00,84.09,86.81,83.81,86.51,1023810.212,1776124799999,87565185.45024000,332307,538453.71600000,46058917.91058000,0
2026-04-14 00:00:00,86.51,86.75,85.37,86.05,677256.664,1776139199999,58333168.62562000,176769,310213.14900000,26729691.50626000,0
2026-04-14 04:00:00,86.05,86.2,85.43,85.88,365505.31,1776153599999,31379019.03869000,94363,176208.14500000,15128016.87625000,0
2026-04-14 08:00:00,85.88,86.56,85.6,85.78,454441.147,1776167999999,39099787.84619000,97033,246949.04900000,21250844.79515000,0
2026-04-14 12:00:00,85.78,87.67,85.25,85.95,992259.414,1776182399999,85809926.59891000,278102,538999.61600000,46629158.03883000,0
2026-04-14 16:00:00,85.95,86.17,83.71,83.95,570744.162,1776196799999,48404670.14737000,186109,252050.55200000,21378995.38109000,0
2026-04-14 20:00:00,83.94,84.14,83.3,83.72,472777.995,1776211199999,39556597.00171000,117307,226579.62300000,18958561.09907000,0
2026-04-15 00:00:00,83.72,84.06,83.13,83.45,493483.224,1776225599999,41290779.37477000,134939,254757.91000000,21317799.30128000,0
2026-04-15 04:00:00,83.45,83.79,82.65,82.92,363848.672,1776239999999,30239857.09716000,115524,169498.32700000,14090197.77355000,0
2026-04-15 08:00:00,82.92,83.68,82.71,83.61,346599.964,1776254399999,28833320.76747000,114168,186603.15800000,15525737.43382000,0
2026-04-15 12:00:00,83.6,84.49,83.21,84.0,520359.073,1776268799999,43613897.64840000,189780,272109.63800000,22813452.74108000,0
2026-04-15 16:00:00,84.0,85.83,83.9,85.51,487544.423,1776283199999,41391911.48952000,176935,254772.75000000,21633008.86365000,0
2026-04-15 20:00:00,85.51,85.59,84.18,84.9,390613.237,1776297599999,33148692.16286000,135221,175809.47600000,14920012.36938000,0
2026-04-16 00:00:00,84.9,85.58,84.45,85.28,269928.529,1776311999999,22955183.06024000,119519,129727.60900000,11034606.50405000,0
2026-04-16 04:00:00,85.29,85.71,84.99,85.21,242302.556,1776326399999,20690391.21267000,95035,118487.70500000,10117374.21658000,0
2026-04-16 08:00:00,85.21,85.51,84.64,85.07,357699.712,1776340799999,30451585.95483000,94251,176793.75200000,15052760.05265000,0
2026-04-16 12:00:00,85.07,87.13,83.8,86.62,1057312.109,1776355199999,90524606.48323000,328440,561044.48000000,48052093.05107000,0
2026-04-16 16:00:00,86.62,90.16,85.63,90.1,1361241.194,1776369599999,119639119.67647000,360037,800325.86200000,70467462.75859000,0
2026-04-16 20:00:00,90.1,90.53,88.72,89.05,651807.241,1776383999999,58278035.33310000,191213,318090.91000000,28455197.28747000,0
2026-04-17 00:00:00,89.06,89.19,87.48,87.72,366515.357,1776398399999,32333168.35849000,108299,136646.18200000,12060456.63594000,0
2026-04-17 04:00:00,87.73,88.47,87.36,88.12,351013.876,1776412799999,30855730.21714000,97094,157027.57900000,13801326.57692000,0
2026-04-17 08:00:00,88.13,89.53,87.34,88.21,651630.781,1776427199999,57572480.85107000,175374,341761.32400000,30206522.15798000,0
2026-04-17 12:00:00,88.22,90.73,87.91,89.95,2089964.551,1776441599999,186963783.17119000,480660,1268566.94400000,113379010.10386000,0
2026-04-17 16:00:00,89.95,90.59,88.88,89.23,489309.488,1776455999999,43885203.09250000,206451,249794.06800000,22408832.17735000,0
2026-04-17 20:00:00,89.24,89.47,88.5,88.76,288774.335,1776470399999,25696917.10760000,109177,121284.50300000,10795569.82043000,0
2026-04-18 00:00:00,88.77,89.16,88.23,88.33,197626.431,1776484799999,17547567.36124000,86624,87955.37500000,7814868.66397000,0
2026-04-18 04:00:00,88.34,88.64,88.16,88.45,306769.028,1776499199999,27118910.16919000,76124,142306.02000000,12582148.16043000,0
2026-04-18 08:00:00,88.45,88.5,86.28,86.53,630736.902,1776513599999,55029749.64804000,159629,268458.77700000,23419083.79614000,0
2026-04-18 12:00:00,86.54,86.98,86.41,86.75,295960.577,1776527999999,25675400.54613000,91118,155494.28800000,13491371.45397000,0
2026-04-18 16:00:00,86.75,86.98,85.78,86.13,278680.98,1776542399999,24071275.31375000,86550,110834.78100000,9573703.01804000,0
2026-04-18 20:00:00,86.12,86.46,85.92,86.16,183416.625,1776556799999,15806322.50034000,60026,98686.85800000,8505487.79445000,0
2026-04-19 00:00:00,86.15,86.38,85.24,85.6,230818.522,1776571199999,19790370.00393000,79463,93288.34400000,8000044.34281000,0
2026-04-19 04:00:00,85.6,85.96,84.43,84.88,430382.114,1776585599999,36653453.66821000,107708,197158.50400000,16787159.63448000,0
2026-04-19 08:00:00,84.88,85.71,84.44,85.6,456198.773,1776599999999,38764048.82116000,101933,260291.49800000,22127592.53179000,0
2026-04-19 12:00:00,85.61,87.12,85.55,86.36,552970.961,1776614399999,47723502.08352000,159988,321273.85300000,27734070.46703000,0
2026-04-19 16:00:00,86.35,86.5,84.88,85.33,349741.831,1776628799999,29898829.73113000,137861,138598.52200000,11854699.19919000,0
2026-04-19 20:00:00,85.33,85.35,82.94,83.47,574736.864,1776643199999,48275218.69531000,182724,259908.13300000,21836674.68413000,0
2026-04-20 00:00:00,83.47,84.62,83.34,84.59,328650.349,1776657599999,27618358.69805000,100509,168300.67400000,14140807.45362000,0
2026-04-20 04:00:00,84.59,85.76,83.75,84.73,386047.821,1776671999999,32662164.14040000,111208,221805.30100000,18770427.44643000,0
2026-04-20 08:00:00,84.74,85.4,84.57,85.07,305061.638,1776686399999,25933237.84340000,98740,164369.00200000,13974998.59683000,0
2026-04-20 12:00:00,85.06,85.88,84.42,85.86,624252.687,1776700799999,53225438.51728000,230755,340357.81600000,29038246.15510000,0
2026-04-20 16:00:00,85.86,86.22,85.25,85.8,374667.838,1776715199999,32174063.01852000,132036,181788.07400000,15614472.06642000,0
2026-04-20 20:00:00,85.8,86.21,85.21,85.28,281666.417,1776729599999,24134442.90952000,82528,123042.63900000,10550169.99195000,0
2026-04-21 00:00:00,85.29,85.83,85.0,85.17,255983.805,1776743999999,21853103.69894000,86805,140606.25700000,12007442.16021000,0
2026-04-21 04:00:00,85.17,85.98,85.02,85.71,318885.851,1776758399999,27281835.42819000,90274,150095.16700000,12843464.33571000,0
2026-04-21 08:00:00,85.71,86.38,85.52,85.85,256797.071,1776772799999,22072937.90243000,91002,137301.87500000,11805223.95007000,0
2026-04-21 12:00:00,85.85,86.89,85.17,86.05,449581.749,1776787199999,38606844.28620000,203157,240351.40900000,20643906.89754000,0
2026-04-21 16:00:00,86.05,86.3,84.31,84.57,441499.185,1776801599999,37671661.19143000,198444,209099.01900000,17851954.84425000,0
2026-04-21 20:00:00,84.57,86.13,84.43,86.03,388839.608,1776815999999,33203502.67758000,119355,216828.54700000,18518126.08912000,0
2026-04-22 00:00:00,86.04,87.87,86.01,87.24,584800.391,1776830399999,50830997.91431000,177104,344385.36300000,29940732.45112000,0
2026-04-22 04:00:00,87.25,88.33,86.97,88.05,615570.181,1776844799999,54089549.82487000,132985,353814.73200000,31101982.82319000,0
2026-04-22 08:00:00,88.06,88.88,87.6,88.31,408342.684,1776859199999,36029015.99412000,106259,231793.70700000,20454735.72440000,0
2026-04-22 12:00:00,88.31,89.32,87.99,88.18,829572.544,1776873599999,73557274.06600000,206947,420788.36700000,37321271.00203000,0
2026-04-22 16:00:00,88.19,88.46,87.09,87.37,500634.794,1776887999999,43967937.08157000,124301,272746.01900000,23956005.40143000,0
2026-04-22 20:00:00,87.38,87.72,86.81,86.87,215951.241,1776902399999,18838193.60799000,66873,107415.23800000,9369957.11112000,0
2026-04-23 00:00:00,86.86,87.18,85.48,85.79,443314.671,1776916799999,38267225.50971000,126660,219339.42000000,18946784.87299000,0
2026-04-23 04:00:00,85.78,86.24,85.51,85.9,308456.365,1776931199999,26515307.88244000,79437,171996.95000000,14787132.11087000,0
2026-04-23 08:00:00,85.91,85.94,85.2,85.81,329245.385,1776945599999,28176456.15745000,86273,167847.50200000,14366001.57896000,0
2026-04-23 12:00:00,85.82,86.66,85.55,86.35,587798.057,1776959999999,50582768.38231000,138663,330616.09800000,28446086.49766000,0
2026-04-23 16:00:00,86.36,86.42,84.48,85.3,892045.766,1776974399999,76184111.35953000,257128,479091.19400000,40922015.64118000,0
2026-04-23 20:00:00,85.3,86.25,85.29,86.12,333802.995,1776988799999,28655478.08828000,101439,182665.95000000,15674976.12748000,0
2026-04-24 00:00:00,86.12,86.36,85.4,85.69,224668.287,1777003199999,19306460.57421000,78457,113158.54000000,9726171.14803000,0
2026-04-24 04:00:00,85.69,85.82,85.14,85.51,287361.387,1777017599999,24554837.51696000,70939,164930.41100000,14093278.06894000,0
2026-04-24 08:00:00,85.5,86.28,84.92,86.19,401616.795,1777031999999,34390205.98924000,94364,217302.82100000,18611516.21805000,0
2026-04-24 12:00:00,86.2,86.79,85.53,86.52,469577.266,1777046399999,40486185.44381000,154550,216588.64900000,18675639.19765000,0
2026-04-24 16:00:00,86.52,86.58,85.95,86.33,210273.129,1777060799999,18153663.28693000,83804,98772.02200000,8528455.28494000,0
2026-04-24 20:00:00,86.32,86.94,86.1,86.18,225077.799,1777075199999,19468898.86180000,63822,108140.53800000,9356858.02166000,0
2026-04-25 00:00:00,86.18,86.5,86.03,86.46,96838.828,1777089599999,8352586.57716000,27893,50304.68000000,4339975.59236000,0
2026-04-25 04:00:00,86.46,86.66,86.11,86.36,159702.551,1777103999999,13788267.57899000,44678,83659.39600000,7221658.91388000,0
2026-04-25 08:00:00,86.36,86.8,86.25,86.36,180595.867,1777118399999,15632993.47695000,57526,88846.79700000,7689331.99785000,0
2026-04-25 12:00:00,86.36,86.67,86.1,86.22,134518.908,1777132799999,11632438.49457000,50142,54371.27200000,4700537.54558000,0
2026-04-25 16:00:00,86.22,86.33,85.53,85.68,335731.115,1777147199999,28795776.02770000,68355,185385.22200000,15901283.42970000,0
2026-04-25 20:00:00,85.68,86.2,85.61,86.18,126545.167,1777161599999,10881688.96730000,51481,51144.22800000,4398078.11848000,0
2026-04-26 00:00:00,86.19,86.46,85.84,85.99,162593.658,1777175999999,14004639.68074000,38724,76051.26100000,6550039.53388000,0
2026-04-26 04:00:00,85.99,86.73,85.92,86.62,283104.75,1777190399999,24477882.34046000,65000,154252.28800000,13335368.55405000,0
2026-04-26 08:00:00,86.63,86.76,86.42,86.48,122739.187,1777204799999,10623240.41102000,38608,60592.78500000,5244046.06422000,0
2026-04-26 12:00:00,86.49,86.59,85.9,86.56,324280.069,1777219199999,27967676.45457000,76057,158528.07500000,13671927.24494000,0
2026-04-26 16:00:00,86.55,87.2,86.27,86.88,206047.958,1777233599999,17874848.99549000,56600,105452.83300000,9150038.20114000,0
2026-04-26 20:00:00,86.89,87.32,86.19,86.93,354735.83,1777247999999,30779082.51289000,105668,180288.26500000,15641324.09132000,0
2026-04-27 00:00:00,86.93,88.08,86.53,87.72,801807.898,1777262399999,69954596.39799000,143286,518221.39100000,45156250.66753000,0
2026-04-27 04:00:00,87.72,87.84,85.26,85.27,659179.202,1777276799999,56783515.17814000,151830,314689.52300000,27085555.13493000,0
2026-04-27 08:00:00,85.27,85.63,85.05,85.26,450659.713,1777291199999,38453041.23225000,98472,232594.21900000,19844942.24329000,0
2026-04-27 12:00:00,85.26,85.83,83.63,84.17,611500.311,1777305599999,51830356.09304000,198098,274486.33300000,23270185.63937000,0
2026-04-27 16:00:00,84.17,84.7,83.83,84.19,295300.312,1777319999999,24897286.27019000,90999,137624.61600000,11606789.78566000,0
2026-04-27 20:00:00,84.18,84.9,84.11,84.82,190654.255,1777334399999,16100392.21513000,54834,105815.27600000,8936731.61378000,0
2026-04-28 00:00:00,84.82,84.93,83.9,84.17,182077.197,1777348799999,15370689.54457000,59197,83918.73900000,7087551.37890000,0
2026-04-28 04:00:00,84.18,84.43,83.65,84.02,528349.021,1777363199999,44394882.45942000,75757,320212.69500000,26900469.01792000,0
2026-04-28 08:00:00,84.01,84.19,83.3,83.42,185635.257,1777377599999,15538854.72562000,55688,83643.38800000,7002504.21548000,0
2026-04-28 12:00:00,83.42,84.0,82.98,83.46,371084.657,1777391999999,30938585.58985000,106548,188226.94700000,15697449.24705000,0
2026-04-28 16:00:00,83.46,84.02,83.32,83.89,175320.709,1777406399999,14664928.20066000,56469,105361.15200000,8813990.07134000,0
2026-04-28 20:00:00,83.89,84.15,83.58,84.06,221927.602,1777420799999,18607321.81147000,44224,122528.04700000,10273531.39268000,0
2026-04-29 00:00:00,84.06,84.74,83.81,84.59,237688.436,1777435199999,19998929.80578000,56327,125323.07500000,10547306.04925000,0
2026-04-29 04:00:00,84.6,85.06,84.45,84.71,276091.585,1777449599999,23406505.23433000,57385,135190.31500000,11462201.44219000,0
2026-04-29 08:00:00,84.71,85.56,83.2,84.91,577117.692,1777463999999,49088547.90980000,94259,242888.79600000,20667440.15882000,0
2026-04-29 12:00:00,84.91,84.92,83.0,83.26,566495.94,1777478399999,47472406.87161000,136392,218380.98800000,18300454.03475000,0
2026-04-29 16:00:00,83.25,83.65,81.4,82.19,684401.482,1777492799999,56349873.73474000,172227,327261.62400000,26941840.50148000,0
2026-04-29 20:00:00,82.2,83.22,82.17,83.04,234268.461,1777507199999,19386629.41446000,64715,132957.07100000,11003416.20541000,0
2026-04-30 00:00:00,83.05,84.01,82.7,83.06,318849.929,1777521599999,26610069.03044000,106743,178934.23300000,14933854.39065000,0
2026-04-30 04:00:00,83.06,83.39,82.16,83.35,258316.215,1777535999999,21395067.08746000,78206,127445.19700000,10556311.26409000,0
2026-04-30 08:00:00,83.35,83.55,82.79,83.01,211178.166,1777550399999,17564487.79522000,61584,108018.02500000,8986626.29265000,0
2026-04-30 12:00:00,83.01,83.83,82.69,83.36,287914.246,1777564799999,23965375.67850000,104611,144145.05400000,12000817.23939000,0
2026-04-30 16:00:00,83.36,83.43,82.87,83.04,171900.668,1777579199999,14284590.12434000,72910,106156.68000000,8820857.66319000,0
2026-04-30 20:00:00,83.04,83.19,82.78,83.09,124432.387,1777593599999,10327509.49606000,57476,70738.49000000,5871443.23094000,0
2026-05-01 00:00:00,83.09,84.38,83.08,83.89,263561.957,1777607999999,22051118.75131000,81687,122960.19500000,10290314.32189000,0
2026-05-01 04:00:00,83.9,84.23,83.67,83.96,289752.932,1777622399999,24316933.70721000,54926,146920.46300000,12331328.34642000,0
2026-05-01 08:00:00,83.96,84.3,83.69,84.01,214484.023,1777636799999,18016140.87572000,51593,110008.85300000,9241512.26918000,0
2026-05-01 12:00:00,84.01,84.86,83.89,84.47,517696.742,1777651199999,43674873.08920000,113755,276240.90800000,23308159.49158000,0
2026-05-01 16:00:00,84.46,84.63,83.79,83.9,265797.069,1777665599999,22362384.39784000,73066,137393.21900000,11558840.79574000,0
2026-05-01 20:00:00,83.9,83.93,83.33,83.76,246775.236,1777679999999,20652102.52179000,57395,129314.04300000,10822939.99526000,0
2026-05-02 00:00:00,83.76,84.18,83.44,83.82,166608.571,1777694399999,13964525.76290000,41266,87999.72100000,7374331.28693000,0
2026-05-02 04:00:00,83.82,83.86,83.54,83.74,111014.495,1777708799999,9291747.76271000,38136,49928.53700000,4178749.06650000,0
2026-05-02 08:00:00,83.73,84.17,83.52,83.7,165721.905,1777723199999,13900217.61276000,46741,67675.72500000,5674986.79671000,0
2026-05-02 12:00:00,83.7,84.11,83.67,84.04,183447.034,1777737599999,15400141.52019000,48833,94114.16100000,7900676.64983000,0
2026-05-02 16:00:00,84.04,84.31,83.95,84.22,130231.211,1777751999999,10954728.91415000,42312,74921.98200000,6301914.93697000,0
2026-05-02 20:00:00,84.23,84.97,84.07,84.26,270736.283,1777766399999,22860064.40447000,65735,147961.99200000,12493820.11413000,0
2026-05-03 00:00:00,84.26,84.31,83.58,83.67,246902.036,1777780799999,20704983.83439000,62607,130617.89800000,10957247.62327000,0
2026-05-03 04:00:00,83.66,84.02,83.58,83.88,138015.6,1777795199999,11568738.39234000,40931,71606.07900000,6001144.10612000,0
2026-05-03 08:00:00,83.88,84.2,83.75,83.96,163338.071,1777809599999,13716857.75333000,45948,82559.61900000,6933438.75482000,0
2026-05-03 12:00:00,83.96,84.45,83.95,84.16,199468.678,1777823999999,16797708.67086000,58559,100845.84000000,8492064.75964000,0
2026-05-03 16:00:00,84.16,84.5,84.0,84.38,120424.175,1777838399999,10142278.90491000,42265,59912.60300000,5045660.85251000,0
2026-05-03 20:00:00,84.37,84.97,83.87,83.91,400498.962,1777852799999,33810291.63967000,91083,201349.23600000,16996426.73732000,0
2026-05-04 00:00:00,83.91,85.67,83.35,85.41,948697.547,1777867199999,80384829.55096000,185047,495318.47300000,41958335.65433000,0
2026-05-04 04:00:00,85.4,85.9,84.51,84.87,571740.248,1777881599999,48779934.93865000,95614,250162.75800000,21344145.67236000,0
2026-05-04 08:00:00,84.87,85.2,83.23,83.95,651310.681,1777895999999,54737829.17784000,147230,305459.87200000,25681703.97511000,0
2026-05-04 12:00:00,83.96,85.32,83.59,84.47,705720.66,1777910399999,59630021.33154000,171797,350001.14200000,29572605.92374000,0
2026-05-04 16:00:00,84.47,85.19,83.98,84.44,394682.413,1777924799999,33416549.74548000,111542,185525.81200000,15712696.36473000,0
2026-05-04 20:00:00,84.45,84.56,84.02,84.1,197155.669,1777939199999,16611910.55406000,46710,101910.71100000,8587961.81466000,0
2026-05-05 00:00:00,84.11,84.97,84.04,84.78,257970.468,1777953599999,21801612.07293000,58259,144160.02700000,12183944.20965000,0
2026-05-05 04:00:00,84.77,85.12,84.54,84.87,465709.895,1777967999999,39523152.53990000,68668,236000.77200000,20028222.79035000,0
2026-05-05 08:00:00,84.88,85.01,84.43,84.97,235571.03,1777982399999,19961158.33424000,51598,129228.95200000,10950182.73246000,0
2026-05-05 12:00:00,84.97,86.1,84.9,85.5,663678.586,1777996799999,56820554.18867000,141723,371194.09000000,31786514.95702000,0
2026-05-05 16:00:00,85.5,85.82,85.0,85.63,189996.724,1778011199999,16230512.28446000,48894,87766.25500000,7502258.04601000,0
