timestamp,open,high,low,close,volume,close_time,quote_volume,trades,taker_buy_base,taker_buy_quote,ignore
2025-05-06 00:00:00,146.72,146.83,143.8,145.28,571760.385,1746518399999,83039335.59522000,354812,301150.39800000,43757271.69557000,0
2025-05-06 08:00:00,145.27,145.28,141.41,143.18,886572.261,1746547199999,126871759.55698000,560841,412885.98800000,59086031.47164000,0
2025-05-06 16:00:00,143.18,147.23,142.42,146.88,893978.289,1746575999999,129546940.17049000,520320,486169.55300000,70456233.22951000,0
2025-05-07 00:00:00,146.89,149.54,145.43,147.27,774637.172,1746604799999,114261417.85210000,445276,378565.60600000,55847202.04239000,0
2025-05-07 08:00:00,147.27,148.29,145.43,145.75,655914.997,1746633599999,96498660.30177000,397055,387598.61800000,57029230.90181000,0
2025-05-07 16:00:00,145.75,148.35,144.68,147.32,1010014.115,1746662399999,148149910.70700000,545907,567209.95500000,83185079.60551000,0
2025-05-08 00:00:00,147.32,151.97,147.08,151.57,1372625.206,1746691199999,206293299.10093000,604823,675529.95500000,101558129.98774000,0
2025-05-08 08:00:00,151.57,163.18,151.53,160.24,2499020.183,1746719999999,392402629.24017000,1080765,1425794.16500000,224114534.91223000,0
2025-05-08 16:00:00,160.23,164.6,158.52,164.46,2168977.229,1746748799999,348690401.64534000,994635,1113026.11900000,178822630.24184000,0
2025-05-09 00:00:00,164.46,166.91,161.07,165.08,1471382.102,1746777599999,240552076.90959000,815892,799770.26200000,130817416.63668000,0
2025-05-09 08:00:00,165.08,176.15,164.3,170.75,3795912.383,1746806399999,645631503.69592000,2094770,1919128.51300000,326443848.27810000,0
2025-05-09 16:00:00,170.76,173.81,168.59,172.78,1051280.164,1746835199999,180252249.42076000,654635,565539.75000000,96972508.77122000,0
2025-05-10 00:00:00,172.77,175.19,169.76,172.32,836760.079,1746863999999,143860851.29985000,708904,429242.72300000,73838399.25883000,0
2025-05-10 08:00:00,172.32,173.4,168.72,171.07,1086093.085,1746892799999,185882143.66591000,748319,504557.15900000,86407768.40527000,0
2025-05-10 16:00:00,171.07,178.98,170.86,177.89,1416848.015,1746921599999,246803712.47996000,839329,785379.46800000,136897549.24941000,0
2025-05-11 00:00:00,177.89,180.26,172.29,172.6,1627694.898,1746950399999,287751332.72714000,1256554,795860.78200000,140899544.06710000,0
2025-05-11 08:00:00,172.61,175.22,169.35,170.48,903769.812,1746979199999,156218426.23076000,693514,418450.65800000,72409304.60094000,0
2025-05-11 16:00:00,170.48,173.85,169.4,173.19,679264.81,1747007999999,116784767.17170000,591230,363857.68200000,62584112.43399000,0
2025-05-12 00:00:00,173.2,179.79,171.74,176.09,2096703.861,1747036799999,369538387.70867000,1307995,1009857.27600000,178058968.59334000,0
2025-05-12 08:00:00,176.08,181.46,173.64,174.4,2632941.516,1747065599999,465393568.57921000,1593353,1361449.64400000,240856137.36150000,0
2025-05-12 16:00:00,174.39,176.67,168.31,174.22,1516087.6,1747094399999,261818827.97414000,968914,824213.00000000,142524614.97862000,0
2025-05-13 00:00:00,174.22,174.38,166.18,171.49,1257144.513,1747123199999,213764401.14620000,963774,604901.90500000,102914732.10000000,0
2025-05-13 08:00:00,171.49,176.31,170.93,176.09,1412977.066,1747151999999,245887478.67538000,992226,737321.54100000,128373834.10395000,0
2025-05-13 16:00:00,176.08,184.83,175.72,183.75,1916921.819,1747180799999,346325276.87114000,1180625,1050747.63600000,189919123.03812000,0
2025-05-14 00:00:00,183.75,184.88,179.11,181.72,1429364.227,1747209599999,260019519.89318000,987312,733087.46700000,133357537.60605000,0
2025-05-14 08:00:00,181.73,182.62,175.6,177.35,1474227.205,1747238399999,264256025.54144000,1115627,671848.20800000,120459760.01689000,0
2025-05-14 16:00:00,177.34,177.69,173.23,176.64,715563.821,1747267199999,126026260.99636000,612354,336788.10600000,59347987.39986000,0
2025-05-15 00:00:00,176.63,178.33,169.76,170.4,941713.305,1747295999999,164045172.35842000,814486,405621.25900000,70789113.30750000,0
2025-05-15 08:00:00,170.4,173.06,166.98,172.23,1458871.231,1747324799999,248386532.71500000,1085505,756188.07300000,128817581.67999000,0
2025-05-15 16:00:00,172.23,174.49,166.7,169.16,1145453.188,1747353599999,195144264.61140000,856724,560470.53900000,95504881.03874000,0
2025-05-16 00:00:00,169.16,173.68,168.69,172.13,927424.564,1747382399999,159291026.06419000,766296,465354.93500000,79921444.19034000,0
2025-05-16 08:00:00,172.13,174.21,169.35,172.08,1042933.687,1747411199999,179747223.24408000,696192,536434.83500000,92486503.96715000,0
2025-05-16 16:00:00,172.09,172.72,166.36,167.4,796028.42,1747439999999,134885384.26431000,570759,374212.66700000,63419184.50306000,0
2025-05-17 00:00:00,167.4,169.99,164.01,168.55,1027194.307,1747468799999,171307970.50569000,748679,474922.17200000,79253691.53607000,0
2025-05-17 08:00:00,168.55,169.38,165.82,167.31,555667.951,1747497599999,93185408.92578000,533590,273724.17000000,45913646.29846000,0
2025-05-17 16:00:00,167.31,167.93,164.36,165.94,679259.448,1747526399999,112745796.25971000,537390,331561.96300000,55037925.69949000,0
2025-05-18 00:00:00,165.94,170.72,165.85,170.68,548854.084,1747555199999,92288265.38395000,425232,281509.85700000,47314656.62050000,0
2025-05-18 08:00:00,170.68,176.67,170.2,176.26,838232.063,1747583999999,144882092.07027000,605919,417851.05900000,72290816.90406000,0
2025-05-18 16:00:00,176.26,176.77,164.54,173.3,1807524.789,1747612799999,307340197.17387000,1220063,862983.35900000,146677774.99614000,0
2025-05-19 00:00:00,173.3,173.94,159.44,161.89,1903775.299,1747641599999,314662117.55290000,1316044,898407.01600000,148647750.14023000,0
2025-05-19 08:00:00,161.9,164.76,160.16,164.21,1155010.378,1747670399999,187464321.36726000,820905,545695.14500000,88600983.91136000,0
2025-05-19 16:00:00,164.2,167.8,162.78,166.86,1017567.067,1747699199999,168557026.72648000,641234,553494.44900000,91722375.56134000,0
2025-05-20 00:00:00,166.87,173.11,166.78,167.34,1378277.658,1747727999999,233646740.92394000,893230,745513.47100000,126458988.70557000,0
2025-05-20 08:00:00,167.35,168.14,164.51,166.64,878493.127,1747756799999,146111082.27073000,685789,455799.04200000,75818703.51874000,0
2025-05-20 16:00:00,166.63,169.38,164.56,168.59,878649.641,1747785599999,146942333.64851000,787146,430485.47900000,72010629.69846000,0
2025-05-21 00:00:00,168.59,171.76,166.78,168.85,1152508.036,1747814399999,195510151.28245000,885036,574015.79900000,97432719.99219000,0
2025-05-21 08:00:00,168.85,173.65,167.35,172.17,1175219.016,1747843199999,200479186.48709000,853204,641620.12200000,109449029.82890000,0
2025-05-21 16:00:00,172.17,175.99,165.51,173.53,2072883.348,1747871999999,353199471.60977000,1473002,1021412.58500000,174148849.49869000,0
2025-05-22 00:00:00,173.54,178.79,172.59,178.49,1487904.911,1747900799999,261316184.50791000,1061746,774164.52300000,136024453.76436000,0
2025-05-22 08:00:00,178.49,180.87,176.94,179.02,1419596.435,1747929599999,253795843.44070000,1107981,726360.16700000,129911065.99517000,0
2025-05-22 16:00:00,179.03,180.36,177.31,179.68,700721.516,1747958399999,125312750.46869000,590638,360735.59900000,64532664.69446000,0
2025-05-23 00:00:00,179.68,185.4,179.28,182.55,1693149.198,1747987199999,309156697.72013000,1085862,888905.26500000,162397959.77039000,0
2025-05-23 08:00:00,182.56,187.71,173.29,180.66,3090385.484,1748015999999,557821808.43112000,2039556,1518316.24900000,274087470.19416000,0
2025-05-23 16:00:00,180.67,182.25,173.23,174.01,1329376.094,1748044799999,237051537.41061000,956337,606867.69600000,108264505.59674000,0
2025-05-24 00:00:00,174.0,176.39,172.5,173.92,963883.131,1748073599999,168317540.32493000,685234,479724.81700000,83783900.65550000,0
2025-05-24 08:00:00,173.93,178.33,173.24,176.31,827742.122,1748102399999,145862919.62500000,598808,429168.76700000,75649493.97500000,0
2025-05-24 16:00:00,176.32,177.91,175.31,175.87,526339.768,1748131199999,92970535.35300000,423894,238671.85200000,42158498.76797000,0
2025-05-25 00:00:00,175.87,176.88,170.36,172.34,906944.311,1748159999999,156855213.58494000,709603,428310.63100000,74078477.49895000,0
2025-05-25 08:00:00,172.35,172.66,169.14,170.29,963357.499,1748188799999,164998485.33690000,654097,398694.05000000,68305714.95603000,0
2025-05-25 16:00:00,170.29,175.91,169.18,175.74,660062.049,1748217599999,113854100.31226000,507117,330702.41800000,57126593.62408000,0
2025-05-26 00:00:00,175.75,179.02,175.04,178.16,939067.104,1748246399999,166261875.60721000,559987,480867.53000000,85150641.21717000,0
2025-05-26 08:00:00,178.15,178.8,175.89,177.49,696207.128,1748275199999,123483200.05994000,590540,329797.37100000,58509548.10377000,0
2025-05-26 16:00:00,177.49,178.06,173.48,174.91,579450.564,1748303999999,101397536.78936000,570001,291875.38300000,51068026.04914000,0
2025-05-27 00:00:00,174.92,175.9,171.24,175.46,753091.176,1748332799999,130591363.69023000,699735,381005.60800000,66076298.96215000,0
2025-05-27 08:00:00,175.47,179.41,175.01,178.44,1110176.65,1748361599999,196711908.58187000,863127,559319.89000000,99115618.72852000,0
2025-05-27 16:00:00,178.45,179.3,175.42,176.71,705241.542,1748390399999,125435687.27351000,581558,328217.10500000,58406800.84402000,0
2025-05-28 00:00:00,176.72,177.45,173.7,173.89,619972.862,1748419199999,108527006.27710000,458312,298945.42600000,52337928.55856000,0
2025-05-28 08:00:00,173.9,175.13,168.92,169.7,1197894.608,1748447999999,206458937.91045000,739406,560404.87300000,96628788.39025000,0
2025-05-28 16:00:00,169.71,172.66,169.13,172.21,716793.407,1748476799999,122393376.28868000,541991,369379.22700000,63126571.39512000,0
2025-05-29 00:00:00,172.22,175.34,170.12,172.23,880224.678,1748505599999,152241277.99478000,629717,443807.49600000,76793954.98138000,0
2025-05-29 08:00:00,172.23,173.46,169.03,169.75,850514.133,1748534399999,145673538.88202000,639365,368291.53400000,63087036.77482000,0
2025-05-29 16:00:00,169.76,170.3,165.96,166.71,911051.157,1748563199999,152988527.23002000,664515,399241.56400000,67025385.63042000,0
2025-05-30 00:00:00,166.71,167.51,160.13,162.68,1319837.659,1748591999999,216343546.45924000,868114,599023.02800000,98263843.92738000,0
2025-05-30 08:00:00,162.68,164.16,160.1,161.23,1086231.038,1748620799999,176270773.53352000,904018,494798.65300000,80313097.54519000,0
2025-05-30 16:00:00,161.23,161.77,155.22,156.2,1364210.815,1748649599999,216462159.51808000,972857,637606.81800000,101249360.09611000,0
2025-05-31 00:00:00,156.2,157.24,152.14,154.84,1006451.081,1748678399999,155463608.81495000,985908,486838.31900000,75206396.98526000,0
2025-05-31 08:00:00,154.85,156.77,152.57,155.63,788539.022,1748707199999,121983735.04859000,591823,400555.38600000,62006929.06511000,0
2025-05-31 16:00:00,155.64,158.01,155.19,156.45,557267.649,1748735999999,87438268.07795000,393745,280744.62500000,44050330.18970000,0
2025-06-01 00:00:00,156.45,156.73,153.4,154.45,510141.869,1748764799999,79118207.05549000,423200,251289.56700000,38969669.47079000,0
2025-06-01 08:00:00,154.45,154.64,150.59,154.17,762575.716,1748793599999,116208797.13812000,687193,362888.57400000,55317628.96104000,0
2025-06-01 16:00:00,154.18,157.92,153.47,157.68,769413.456,1748822399999,119888973.24123000,538197,369984.49300000,57667965.53746000,0
2025-06-02 00:00:00,157.68,158.93,154.66,155.55,664776.186,1748851199999,104072659.08579000,529151,307008.81600000,48089462.42116000,0
2025-06-02 08:00:00,155.54,156.55,151.67,153.16,1070473.351,1748879999999,164460852.89344000,788779,513380.18600000,78880536.12331000,0
2025-06-02 16:00:00,153.16,157.24,151.77,156.83,766802.654,1748908799999,118308965.24681000,632567,386550.38700000,59647344.32050000,0
2025-06-03 00:00:00,156.83,162.38,156.39,159.82,1029114.013,1748937599999,164374136.93336000,694974,488554.36200000,78043915.40348000,0
2025-06-03 08:00:00,159.83,163.64,158.28,162.2,968705.945,1748966399999,155805192.18573000,679867,503094.17000000,80959743.38263000,0
2025-06-03 16:00:00,162.21,162.41,154.14,155.19,851765.187,1748995199999,134824608.53833000,682859,403242.21500000,63847543.17562000,0
2025-06-04 00:00:00,155.19,157.63,154.18,156.42,596919.453,1749023999999,93320765.95343000,518416,282078.62300000,44089313.87875000,0
2025-06-04 08:00:00,156.42,157.97,154.58,157.13,647125.558,1749052799999,101243201.04514000,565436,316077.61100000,49471580.56997000,0
2025-06-04 16:00:00,157.13,157.57,152.94,153.26,746601.413,1749081599999,115710476.08094000,529631,368943.88700000,57169863.86537000,0
2025-06-05 00:00:00,153.27,154.61,151.9,152.44,1082251.881,1749110399999,165762695.15186000,469925,544710.69900000,83426492.46278000,0
2025-06-05 08:00:00,152.44,154.41,148.54,150.9,1156036.78,1749139199999,175217416.43331000,774726,511724.02200000,77629220.98720000,0
2025-06-05 16:00:00,150.9,151.11,141.53,144.29,2019752.414,1749167999999,293999726.25643000,1355738,917186.49700000,133476821.88786000,0
2025-06-06 00:00:00,144.28,148.25,144.11,147.4,674529.249,1749196799999,98731226.02865000,496218,361319.84900000,52879084.07833000,0
2025-06-06 08:00:00,147.4,152.39,147.24,151.08,983163.685,1749225599999,147634958.97752000,616435,492150.63300000,73916213.94156000,0
2025-06-06 16:00:00,151.09,151.56,147.68,147.83,510098.18,1749254399999,76242619.00743000,405281,242143.03600000,36183346.46261000,0
2025-06-07 00:00:00,147.82,152.84,146.84,152.38,543462.26,1749283199999,81425929.75444000,410896,325441.42400000,48756828.94643000,0
2025-06-07 08:00:00,152.37,152.72,150.71,150.99,497359.927,1749311999999,75502359.10648000,350183,209401.99300000,31796415.04131000,0
2025-06-07 16:00:00,151.0,151.61,149.76,150.06,367382.428,1749340799999,55405550.91162000,280357,171818.44700000,25919079.60187000,0
2025-06-08 00:00:00,150.07,150.51,149.13,149.31,357752.119,1749369599999,53603747.34065000,245220,207758.79600000,31131273.79364000,0
2025-06-08 08:00:00,149.3,151.19,147.88,150.7,458225.274,1749398399999,68497701.87894000,351831,219874.83100000,32887336.99353000,0
2025-06-08 16:00:00,150.69,155.3,150.64,152.45,748022.973,1749427199999,114772682.61486000,476593,379471.35000000,58227307.11824000,0
2025-06-09 00:00:00,152.45,153.17,149.58,150.88,560856.42,1749455999999,84859323.05403000,418118,271322.59200000,41053437.60904000,0
2025-06-09 08:00:00,150.87,156.61,150.4,155.02,1269127.935,1749484799999,196061243.84940000,738725,679622.34400000,104985499.60871000,0
2025-06-09 16:00:00,155.02,161.73,155.0,161.16,1249743.91,1749513599999,197185404.81957000,696503,612986.34200000,96741586.55920000,0
2025-06-10 00:00:00,161.16,161.82,157.4,158.45,716748.198,1749542399999,114238160.16712000,562116,366731.34200000,58434128.91630000,0
2025-06-10 08:00:00,158.46,161.99,156.32,158.02,1255029.298,1749571199999,199694693.89395000,956914,623226.20300000,99168772.69041000,0
2025-06-10 16:00:00,158.03,165.67,157.1,165.12,1617781.667,1749599999999,264112185.25095000,1107463,847973.95800000,138415416.62556000,0
2025-06-11 00:00:00,165.12,167.46,163.43,166.65,1204148.284,1749628799999,199222676.99130000,832206,617542.84800000,102210782.85130000,0
2025-06-11 08:00:00,166.65,168.36,163.73,167.26,1571484.837,1749657599999,261198750.01252000,1027642,827242.12600000,137582361.62757000,0
2025-06-11 16:00:00,167.27,167.44,159.21,160.97,1243791.878,1749686399999,202798704.67906000,836684,592892.84400000,96721657.72926000,0
2025-06-12 00:00:00,160.98,161.28,158.28,158.8,755348.33,1749715199999,120741264.90278000,584656,312919.07700000,50034174.40572000,0
2025-06-12 08:00:00,158.8,160.64,156.44,157.02,1069460.744,1749743999999,169672006.64315000,738192,536112.81700000,85068662.27692000,0
2025-06-12 16:00:00,157.02,160.46,152.02,152.32,1058667.611,1749772799999,164437365.86084000,909937,480514.92900000,74682843.69879000,0
2025-06-13 00:00:00,152.32,152.59,140.21,145.02,2991946.624,1749801599999,432810502.04053000,1778137,1453096.36000000,210017023.83655000,0
2025-06-13 08:00:00,145.02,147.78,143.66,147.18,1403609.556,1749830399999,204128244.87223000,1026846,705721.31500000,102682302.02789000,0
2025-06-13 16:00:00,147.18,148.94,144.3,148.6,944226.603,1749859199999,138232366.41500000,698960,452845.39100000,66339060.79801000,0
2025-06-14 00:00:00,148.6,148.7,145.54,146.18,525170.121,1749887999999,77157050.47657000,339860,265639.93400000,39036285.90862000,0
2025-06-14 08:00:00,146.17,146.21,143.8,144.54,532928.749,1749916799999,77349267.58413000,385126,218906.65000000,31788459.53136000,0
2025-06-14 16:00:00,144.53,145.11,141.97,144.64,621895.881,1749945599999,89501198.45447000,496554,263585.93400000,37935675.58691000,0
2025-06-15 00:00:00,144.65,148.1,144.6,145.87,561017.895,1749974399999,82058987.02750000,331577,291604.53700000,42647485.08981000,0
2025-06-15 08:00:00,145.87,152.97,144.22,150.84,1226467.255,1750003199999,182446553.61384000,705422,665620.76100000,98994812.65720000,0
2025-06-15 16:00:00,150.84,153.54,148.15,152.97,1044514.466,1750031999999,158057972.03751000,731521,552788.34100000,83700384.30973000,0
2025-06-16 00:00:00,152.97,157.95,150.99,157.28,1357625.282,1750060799999,210973050.44789000,763800,671827.90400000,104436710.23468000,0
2025-06-16 08:00:00,157.27,157.78,154.68,156.58,1094640.585,1750089599999,171111940.22129000,668379,501764.36200000,78457121.26423000,0
2025-06-16 16:00:00,156.58,158.8,150.3,150.72,1120930.918,1750118399999,174193409.39335000,774462,536821.72900000,83529034.70279000,0
2025-06-17 00:00:00,150.73,154.33,147.47,152.67,1250613.003,1750147199999,189503714.09823000,909993,613409.19700000,92947516.69198000,0
2025-06-17 08:00:00,152.67,152.9,146.52,147.62,1061852.967,1750175999999,159279676.13170000,736306,526617.55600000,79037725.91294000,0
2025-06-17 16:00:00,147.62,150.39,145.61,147.57,1083182.889,1750204799999,159874756.99480000,806051,512466.88200000,75670124.78140000,0
2025-06-18 00:00:00,147.58,149.28,146.54,147.99,683199.73,1750233599999,101100298.84633000,444933,328846.17700000,48660961.94141000,0
2025-06-18 08:00:00,147.99,148.56,143.76,145.74,1057884.665,1750262399999,154307172.69867000,774878,466034.08800000,67979975.12511000,0
2025-06-18 16:00:00,145.74,147.92,143.65,146.34,1059824.585,1750291199999,154448722.17315000,756019,455395.31600000,66356489.49062000,0
2025-06-19 00:00:00,146.35,147.9,144.96,145.07,879053.935,1750319999999,128392258.98942000,471982,401051.82200000,58588107.31983000,0
2025-06-19 08:00:00,145.08,146.5,142.92,143.16,744359.913,1750348799999,107695807.75593000,465146,298776.50900000,43220760.78284000,0
2025-06-19 16:00:00,143.16,147.45,143.11,147.04,661921.881,1750377599999,96309608.55189000,465809,351542.90800000,51113799.35290000,0
2025-06-20 00:00:00,147.04,147.78,144.3,147.47,490457.012,1750406399999,71673244.53785000,366334,253757.28900000,37097754.58840000,0
2025-06-20 08:00:00,147.48,148.81,142.35,142.86,1059499.248,1750435199999,154905491.28535000,691832,465780.42400000,68110989.06317000,0
2025-06-20 16:00:00,142.86,143.0,135.69,140.11,1843370.949,1750463999999,256588071.25311000,998660,899858.21300000,125232456.56012000,0
2025-06-21 00:00:00,140.11,141.34,139.54,140.64,417474.619,1750492799999,58592018.77225000,247848,219674.29400000,30830897.05161000,0
2025-06-21 08:00:00,140.64,142.6,139.15,140.3,810938.477,1750521599999,114601776.22815000,479602,291756.06300000,41233184.52766000,0
2025-06-21 16:00:00,140.29,141.05,130.9,135.43,1598011.047,1750550399999,217078004.64758000,1031313,735988.76200000,100072954.36465000,0
2025-06-22 00:00:00,135.43,137.62,133.24,134.82,1018211.525,1750579199999,137933639.03256000,821764,549697.46400000,74489747.98750000,0
2025-06-22 08:00:00,134.82,135.36,126.51,128.55,1894845.424,1750607999999,246182255.71731000,1337063,866734.87300000,112510772.98147000,0
2025-06-22 16:00:00,128.56,132.56,126.0,131.71,1339063.074,1750636799999,173741532.78687000,1048960,741417.93400000,96295696.87380000,0
2025-06-23 00:00:00,131.71,135.01,131.53,134.38,810905.693,1750665599999,107959418.38377000,500276,395888.89700000,52723795.84787000,0
2025-06-23 08:00:00,134.38,137.5,132.91,133.43,1199846.573,1750694399999,162013687.28905000,794566,575239.45100000,77757049.33214000,0
2025-06-23 16:00:00,133.44,146.92,130.68,144.51,2562395.401,1750723199999,357106474.90426000,1602747,1337031.35500000,186858032.83281000,0
2025-06-24 00:00:00,144.51,146.77,142.31,144.01,961538.731,1750751999999,138703693.75617000,602877,456928.38000000,65941589.57229000,0
2025-06-24 08:00:00,144.01,145.81,143.02,144.31,1018581.453,1750780799999,147038085.83294000,758636,485597.44600000,70133193.31691000,0
2025-06-24 16:00:00,144.31,146.62,142.84,145.92,761688.902,1750809599999,110238681.86131000,554103,395528.01000000,57265969.87275000,0
2025-06-25 00:00:00,145.93,147.49,144.88,147.01,579844.854,1750838399999,84723886.33701000,438439,296237.14100000,43290760.74869000,0
2025-06-25 08:00:00,147.01,147.95,143.12,143.69,1065586.673,1750867199999,155237434.67650000,734864,501255.47600000,73066271.19842000,0
2025-06-25 16:00:00,143.7,145.61,142.25,143.57,588170.382,1750895999999,84572226.18221000,451638,267214.14400000,38447912.80142000,0
2025-06-26 00:00:00,143.57,148.0,143.43,145.15,704331.658,1750924799999,102460684.95120000,522900,369181.30800000,53716020.39943000,0
2025-06-26 08:00:00,145.16,145.81,141.41,143.0,880081.736,1750953599999,126008513.63736000,561512,395831.49600000,56664303.47313000,0
2025-06-26 16:00:00,143.0,143.96,138.62,139.06,938094.548,1750982399999,132519864.00256000,535336,489819.05700000,69225063.98746000,0
2025-06-27 00:00:00,139.05,142.22,137.14,140.33,758875.833,1751011199999,106056163.25001000,409882,379382.29500000,52982321.49396000,0
2025-06-27 08:00:00,140.33,143.85,140.32,143.47,789041.388,1751039999999,112156041.02634000,531057,357967.22400000,50911939.62007000,0
2025-06-27 16:00:00,143.47,144.85,140.12,142.09,923929.929,1751068799999,131731301.78892000,500096,497893.54500000,71049000.14097000,0
2025-06-28 00:00:00,142.09,146.81,141.13,146.57,712553.33,1751097599999,102397059.46425000,314879,445081.29800000,63931741.12689000,0
2025-06-28 08:00:00,146.56,148.67,145.61,148.17,1029495.043,1751126399999,151298503.12461000,415850,502424.69000000,73873599.82106000,0
2025-06-28 16:00:00,148.16,152.7,148.1,150.72,915788.309,1751155199999,137678175.10168000,535503,493639.39200000,74233364.41231000,0
2025-06-29 00:00:00,150.73,151.08,149.36,150.32,489691.307,1751183999999,73472324.67123000,258992,279451.67000000,41935894.49611000,0
2025-06-29 08:00:00,150.33,152.55,149.93,150.75,671633.498,1751212799999,101683467.59005000,394594,328147.12500000,49691617.56356000,0
2025-06-29 16:00:00,150.76,154.77,149.72,153.32,988701.367,1751241599999,150778873.18953000,497156,462117.08500000,70574952.00104000,0
2025-06-30 00:00:00,153.32,154.08,149.7,150.64,801233.006,1751270399999,121655654.97673000,383880,368487.59100000,55936498.33101000,0
2025-06-30 08:00:00,150.63,159.99,149.45,157.83,1812650.303,1751299199999,279697920.60682000,864836,952604.18000000,147120336.84464000,0
2025-06-30 16:00:00,157.83,158.46,154.5,154.81,1257507.026,1751327999999,196989083.79639000,672199,582730.85000000,91325955.31883000,0
2025-07-01 00:00:00,154.82,155.64,148.82,150.07,984446.232,1751356799999,149775503.57190000,466298,444065.25400000,67622276.72885000,0
2025-07-01 08:00:00,150.06,150.07,146.24,147.22,1085117.013,1751385599999,161006843.45377000,619922,515333.99500000,76492809.49944000,0
2025-07-01 16:00:00,147.22,148.45,144.85,146.88,701298.929,1751414399999,102806155.73523000,443963,269497.70900000,39510601.23344000,0
2025-07-02 00:00:00,146.87,149.92,145.85,149.09,539002.123,1751443199999,79977033.20527000,345511,266235.82900000,39506109.18340000,0
2025-07-02 08:00:00,149.1,151.58,147.12,151.31,956076.434,1751471999999,142929889.52601000,546708,524503.33000000,78450755.86626000,0
2025-07-02 16:00:00,151.31,154.47,150.33,152.27,1157495.722,1751500799999,176659934.85991000,755782,612297.19900000,93473220.71432000,0
2025-07-03 00:00:00,152.28,155.95,151.77,155.61,711718.535,1751529599999,109731059.98668000,455957,364114.72400000,56166364.07084000,0
2025-07-03 08:00:00,155.61,156.35,149.86,150.18,1409418.201,1751558399999,216371666.80707000,812663,686196.97800000,105385008.01200000,0
2025-07-03 16:00:00,150.18,153.26,149.91,152.36,565081.469,1751587199999,85754516.63834000,350581,292399.66200000,44385923.92137000,0
2025-07-04 00:00:00,152.35,153.88,150.27,150.48,662235.024,1751615999999,100699544.60995000,429660,267534.83100000,40693330.70562000,0
2025-07-04 08:00:00,150.48,151.25,146.29,146.57,955021.888,1751644799999,142282510.65499000,602924,439931.41000000,65560988.49476000,0
2025-07-04 16:00:00,146.56,148.37,145.22,147.7,690829.824,1751673599999,101319459.04443000,419308,403461.87100000,59171288.91953000,0
2025-07-05 00:00:00,147.69,148.56,146.72,147.86,393923.306,1751702399999,58243189.68786000,234189,184843.79500000,27334379.62130000,0
2025-07-05 08:00:00,147.85,148.7,146.81,147.12,402563.098,1751731199999,59495022.36606000,235206,183947.35700000,27180095.07473000,0
2025-07-05 16:00:00,147.11,148.02,145.9,147.55,377477.456,1751759999999,55414765.59562000,241063,200455.47300000,29428088.00103000,0
2025-07-06 00:00:00,147.55,148.5,146.85,147.9,323755.72,1751788799999,47767856.15753000,171396,187413.53800000,27652448.92263000,0
2025-07-06 08:00:00,147.89,152.09,146.78,151.53,1125761.386,1751817599999,169119007.26967000,466780,558586.01800000,83890432.41501000,0
2025-07-06 16:00:00,151.53,153.89,150.68,151.86,1037342.612,1751846399999,157867185.77393000,500149,576570.12600000,87760684.81429000,0
2025-07-07 00:00:00,151.86,152.9,150.24,152.38,513659.645,1751875199999,77872180.24656000,327392,293838.02600000,44557634.74582000,0
2025-07-07 08:00:00,152.37,153.6,151.02,151.07,684095.507,1751903999999,104177392.57355000,514146,323618.06200000,49300000.75470000,0
2025-07-07 16:00:00,151.07,151.59,147.7,148.88,976972.571,1751932799999,145905088.34219000,581860,464162.59400000,69333023.87131000,0
2025-07-08 00:00:00,148.89,150.1,147.85,149.66,487214.13,1751961599999,72573212.88539000,345529,263200.55600000,39202513.50424000,0
2025-07-08 08:00:00,149.65,152.88,149.54,149.83,1092721.755,1751990399999,165226500.99465000,516881,448925.71300000,67882500.88389000,0
2025-07-08 16:00:00,149.84,152.83,149.03,151.67,1132933.438,1752019199999,171064378.25437000,444338,611270.19300000,92281057.00786000,0
2025-07-09 00:00:00,151.68,153.88,150.53,153.01,772134.489,1752047999999,117586491.71285000,344462,394575.20400000,60066537.78915000,0
2025-07-09 08:00:00,153.01,155.53,152.33,153.97,1046602.731,1752076799999,160970000.76257000,542049,501712.52800000,77202037.20863000,0
2025-07-09 16:00:00,153.98,157.93,153.23,157.05,1088482.528,1752105599999,169861137.74968000,724986,561775.27900000,87676580.69406000,0
2025-07-10 00:00:00,157.06,159.34,155.93,157.89,644770.73,1752134399999,101611827.55871000,401291,338772.08800000,53401541.05169000,0
2025-07-10 08:00:00,157.9,159.17,155.64,156.43,765284.672,1752163199999,120409549.81593000,463570,381943.20200000,60111955.35391000,0
2025-07-10 16:00:00,156.44,165.43,156.16,164.34,2018326.947,1752191999999,325283858.39184000,1134054,1051224.25400000,169443267.48190000,0
2025-07-11 00:00:00,164.33,166.8,161.94,163.27,1275486.359,1752220799999,209875607.66619000,751966,637319.48700000,104924411.07533000,0
2025-07-11 08:00:00,163.28,168.2,161.78,162.34,1757992.038,1752249599999,290363028.41151000,1095211,862859.44500000,142649173.53691000,0
2025-07-11 16:00:00,162.34,165.03,159.54,162.93,1320701.316,1752278399999,214878280.35311000,900808,645932.87100000,105209414.98568000,0
2025-07-12 00:00:00,162.92,163.9,161.78,163.22,515267.266,1752307199999,84015615.24568000,375764,234008.10000000,38179101.00077000,0
2025-07-12 08:00:00,163.21,163.43,157.74,158.14,1079900.513,1752335999999,173038071.36839000,674906,481950.14800000,77193473.43624000,0
2025-07-12 16:00:00,158.14,160.94,157.93,160.69,448044.163,1752364799999,71593729.10381000,332870,241538.71700000,38598559.33288000,0
2025-07-13 00:00:00,160.7,162.98,160.2,162.67,447367.628,1752393599999,72279845.61716000,308046,221784.82700000,35837790.66180000,0
2025-07-13 08:00:00,162.67,164.19,161.57,162.04,630585.994,1752422399999,102598002.10357000,444665,301463.34700000,49036789.25742000,0
2025-07-13 16:00:00,162.04,163.55,159.63,161.15,851792.229,1752451199999,137687195.88014000,500198,451966.43500000,73075812.98424000,0
2025-07-14 00:00:00,161.15,168.65,160.61,167.25,1689559.593,1752479999999,280587506.62096000,827874,830567.06800000,137921004.81256000,0
2025-07-14 08:00:00,167.26,168.6,163.04,163.96,1335001.368,1752508799999,222532071.60762000,922486,612789.11400000,102247693.59067000,0
2025-07-14 16:00:00,163.96,165.35,161.67,162.21,949145.572,1752537599999,155145648.37836000,618033,520189.04000000,85029431.18868000,0
2025-07-15 00:00:00,162.21,162.89,158.17,159.54,1077162.778,1752566399999,172541425.80165000,746510,435379.24200000,69773718.51984000,0
2025-07-15 08:00:00,159.54,162.17,157.23,160.47,1298798.356,1752595199999,207603502.76162000,776697,588429.58200000,94075327.53615000,0
2025-07-15 16:00:00,160.46,164.26,159.71,163.98,1289334.619,1752623999999,208928931.33626000,721866,650788.64300000,105466087.85280000,0
2025-07-16 00:00:00,163.98,165.26,161.51,164.05,794904.883,1752652799999,129944011.24013000,444983,433863.74700000,70904894.88503000,0
2025-07-16 08:00:00,164.05,168.84,163.81,168.45,1851641.368,1752681599999,309009019.57447000,878246,837646.96400000,139805030.38341000,0
2025-07-16 16:00:00,168.45,176.0,168.4,173.63,2373741.872,1752710399999,410971869.30575000,1250976,1193083.52000000,206431112.36994000,0
2025-07-17 00:00:00,173.62,174.85,168.71,174.02,1322235.981,1752739199999,227078333.84868000,899564,692584.09800000,118990547.37191000,0
2025-07-17 08:00:00,174.02,178.19,172.67,174.13,1664172.387,1752767999999,291921064.03029000,1134499,887080.03800000,155686456.33569000,0
2025-07-17 16:00:00,174.12,177.4,171.21,175.87,1505147.359,1752796799999,262437824.08846000,990196,785813.07600000,137147633.04791000,0
2025-07-18 00:00:00,175.88,184.67,175.29,180.94,2279139.801,1752825599999,413470639.67888000,1154178,1199401.13300000,217472788.37869000,0
2025-07-18 08:00:00,180.93,182.02,174.86,177.02,1761456.738,1752854399999,315037891.53834000,1037378,804626.01900000,144008210.16436000,0
2025-07-18 16:00:00,177.02,179.11,173.24,177.28,1151256.629,1752883199999,203384551.15758000,756422,620915.70800000,109735630.07572000,0
2025-07-19 00:00:00,177.28,177.77,174.0,176.99,645803.577,1752911999999,114171146.26424000,461722,311011.43800000,55013603.47713000,0
2025-07-19 08:00:00,176.99,177.88,174.8,177.4,699417.937,1752940799999,123561977.72736000,515934,340333.04600000,60113359.43756000,0
2025-07-19 16:00:00,177.41,178.61,174.91,176.96,714093.494,1752969599999,126206959.07890000,497858,385478.83300000,68117291.12532000,0
2025-07-20 00:00:00,176.97,179.75,176.33,177.94,987822.713,1752998399999,176228986.23990000,596101,475801.40500000,84899707.83291000,0
2025-07-20 08:00:00,177.95,183.17,177.95,181.96,1299060.614,1753027199999,235202991.09864000,747506,710754.45500000,128711181.28187000,0
2025-07-20 16:00:00,181.97,183.66,177.8,181.43,1407971.588,1753055999999,254945276.56226000,971494,702606.76200000,127299659.03561000,0
2025-07-21 00:00:00,181.44,191.08,178.25,190.07,1833875.393,1753084799999,340491027.12572000,1093448,1016482.77100000,188797101.49927000,0
2025-07-21 08:00:00,190.06,199.28,189.69,196.79,2812080.749,1753113599999,543859627.33439000,1551706,1387947.96200000,268747417.96060000,0
2025-07-21 16:00:00,196.79,197.78,193.01,195.72,1849951.037,1753142399999,361138347.99563000,1219853,1029709.11800000,201073737.62017000,0
2025-07-22 00:00:00,195.72,204.67,193.75,198.1,3978343.537,1753171199999,793022653.76151000,2281798,2100504.52400000,419089338.14299000,0
2025-07-22 08:00:00,198.1,204.99,194.05,201.83,2963731.927,1753199999999,592642295.49419000,1762029,1446941.17100000,289681081.40117000,0
2025-07-22 16:00:00,201.82,206.3,198.39,205.7,1693551.709,1753228799999,342721127.90583000,1174256,888363.43800000,179885505.35592000,0
2025-07-23 00:00:00,205.7,205.75,198.88,199.46,1088321.11,1753257599999,220146766.93817000,741215,447515.29900000,90592549.11412000,0
2025-07-23 08:00:00,199.47,200.0,187.61,192.72,2497684.51,1753286399999,482028566.38760000,1433357,1074011.94000000,207159739.55217000,0
2025-07-23 16:00:00,192.72,192.75,183.97,189.4,1962131.879,1753315199999,368806875.13563000,1337278,916204.50200000,172223069.68059000,0
2025-07-24 00:00:00,189.4,191.87,179.21,184.21,1777967.529,1753343999999,329781554.18193000,1172884,807737.04300000,150022928.12226000,0
2025-07-24 08:00:00,184.2,191.76,182.92,188.53,1813051.419,1753372799999,338620134.39456000,1291515,915886.02000000,171124233.93944000,0
2025-07-24 16:00:00,188.54,190.04,182.01,182.87,1626045.923,1753401599999,303100345.61164000,1056101,717087.03000000,133910272.08210000,0
2025-07-25 00:00:00,182.88,183.54,175.63,177.51,1839621.983,1753430399999,329691718.81343000,1264783,914086.13500000,163814870.63782000,0
2025-07-25 08:00:00,177.51,182.08,176.24,178.2,1614679.883,1753459199999,289482359.42923000,1270807,801157.54100000,143688129.63895000,0
2025-07-25 16:00:00,178.19,186.85,177.47,186.76,1027008.574,1753487999999,187235302.05543000,681666,536963.68400000,97871358.22471000,0
2025-07-26 00:00:00,186.75,187.14,184.48,186.43,561623.488,1753516799999,104486648.31361000,357296,271833.65800000,50579811.07537000,0
2025-07-26 08:00:00,186.43,189.78,186.05,187.52,733954.138,1753545599999,137899867.94817000,475939,374787.86800000,70446933.06482000,0
2025-07-26 16:00:00,187.53,187.8,184.29,184.88,477876.249,1753574399999,88849333.37014000,364361,182640.56000000,33977136.45934000,0
2025-07-27 00:00:00,184.89,188.33,184.53,187.22,441054.551,1753603199999,82448513.72154000,331989,217115.71700000,40582237.96697000,0
2025-07-27 08:00:00,187.22,188.57,184.9,186.47,650152.046,1753631999999,121330347.02265000,500624,317363.06400000,59224868.43884000,0
2025-07-27 16:00:00,186.48,190.7,185.95,188.64,1141853.536,1753660799999,214841692.66112000,786605,601733.07700000,113219619.22171000,0
2025-07-28 00:00:00,188.64,195.26,187.66,192.37,1306003.629,1753689599999,250892409.54466000,908536,641880.66300000,123318932.41028000,0
2025-07-28 08:00:00,192.36,193.52,186.55,187.18,1378386.444,1753718399999,262168164.89172000,961332,618589.36200000,117696240.63616000,0
2025-07-28 16:00:00,187.18,187.99,182.16,183.11,1383482.054,1753747199999,255812505.20000000,918871,607129.86400000,112262629.93073000,0
2025-07-29 00:00:00,183.1,186.68,180.67,186.05,957653.117,1753775999999,175877268.14050000,665388,464736.50800000,85476979.43831000,0
2025-07-29 08:00:00,186.04,186.51,179.23,180.81,918721.448,1753804799999,167587700.39989000,862676,376099.54000000,68717585.86291000,0
2025-07-29 16:00:00,180.81,182.37,178.3,181.48,665537.471,1753833599999,120131682.17067000,631453,306209.31700000,55268264.99556000,0
2025-07-30 00:00:00,181.47,182.56,178.81,180.83,587787.884,1753862399999,106380049.51243000,530940,261098.98800000,47236316.08774000,0
2025-07-30 08:00:00,180.83,181.49,176.42,179.18,1252387.407,1753891199999,223503534.87632000,957264,564170.31600000,100725640.08193000,0
2025-07-30 16:00:00,179.17,180.15,170.29,177.77,1457074.896,1753919999999,256099498.19788000,1014277,684713.73500000,120250186.51630000,0
2025-07-31 00:00:00,177.77,181.62,177.62,181.24,602035.445,1753948799999,108434403.06732000,359962,290322.98100000,52281112.77296000,0
2025-07-31 08:00:00,181.24,182.7,175.25,177.35,963062.136,1753977599999,172000440.40709000,666158,474741.89600000,84798512.15272000,0
2025-07-31 16:00:00,177.34,179.77,171.44,172.22,1059744.202,1754006399999,185970557.22705000,901224,512132.77400000,89907446.85299000,0
2025-08-01 00:00:00,172.22,172.26,167.42,169.4,1479952.171,1754035199999,251536559.48395000,1073458,662283.84800000,112530337.36057000,0
2025-08-01 08:00:00,169.41,170.35,164.58,168.57,1313417.019,1754063999999,220486916.42929000,1160364,626971.91700000,105329335.53890000,0
2025-08-01 16:00:00,168.56,169.75,159.2,162.71,1524160.125,1754092799999,250206770.95795000,1114480,724467.01400000,118854149.95831000,0
2025-08-02 00:00:00,162.71,165.3,161.82,164.43,489364.111,1754121599999,80163009.92603000,422525,240670.00600000,39432433.63162000,0
2025-08-02 08:00:00,164.44,165.13,161.03,161.5,485160.561,1754150399999,79289813.24184000,403510,236404.20300000,38658711.85428000,0
2025-08-02 16:00:00,161.51,162.2,155.83,158.48,1233650.403,1754179199999,195660185.66983000,811653,576731.39400000,91483446.57996000,0
2025-08-03 00:00:00,158.49,161.59,156.28,161.37,569374.175,1754207999999,91030970.23654000,388075,316422.16500000,50626664.04065000,0
2025-08-03 08:00:00,161.37,162.9,160.37,162.11,662667.82,1754236799999,107013549.10608000,322026,310704.64900000,50189736.32332000,0
2025-08-03 16:00:00,162.1,163.14,160.75,161.97,1065867.316,1754265599999,172451846.48802000,370974,550456.33500000,89056687.25120000,0
2025-08-04 00:00:00,161.98,164.98,161.26,163.03,690562.91,1754294399999,112582585.80935000,436402,371978.46900000,60685712.89377000,0
2025-08-04 08:00:00,163.04,166.91,161.64,165.49,1052982.586,1754323199999,173010829.92320000,746263,501736.94100000,82479668.03867000,0
2025-08-04 16:00:00,165.49,169.8,165.0,169.55,945408.662,1754351999999,158673028.65503000,723220,526010.06600000,88323608.50737000,0
2025-08-05 00:00:00,169.55,169.97,165.78,166.22,601318.705,1754380799999,101068225.15839000,432293,304664.92500000,51220034.11666000,0
2025-08-05 08:00:00,166.21,171.73,162.9,163.78,1309881.818,1754409599999,218690735.14627000,1036357,626440.27000000,104737126.76602000,0
2025-08-05 16:00:00,163.77,164.94,161.3,164.09,643757.486,1754438399999,105324081.60222000,642129,283656.00200000,46407313.22522000,0
2025-08-06 00:00:00,164.09,164.79,161.13,164.25,420669.615,1754467199999,68604875.37501000,472127,196455.36100000,32058271.68824000,0
2025-08-06 08:00:00,164.26,169.42,162.65,169.04,855035.709,1754495999999,141387632.89259000,730425,443001.82100000,73351165.39572000,0
2025-08-06 16:00:00,169.05,169.93,167.18,168.09,521786.105,1754524799999,87887094.79030000,430057,253440.65900000,42695626.62926000,0
2025-08-07 00:00:00,168.1,170.45,166.7,169.99,566308.6,1754553599999,95409094.51196000,370504,336886.64300000,56791777.02907000,0
2025-08-07 08:00:00,169.99,173.49,169.06,170.49,1414616.983,1754582399999,242863048.83525000,780328,711316.08200000,122128676.29946000,0
2025-08-07 16:00:00,170.48,175.51,167.0,175.36,1033737.412,1754611199999,177440784.39044000,678121,546569.12900000,93970683.87038000,0
2025-08-08 00:00:00,175.37,177.87,173.43,177.14,1182280.482,1754639999999,206791081.46616000,794793,635455.37700000,111211780.48920000,0
2025-08-08 08:00:00,177.13,179.14,174.21,175.23,1441801.008,1754668799999,254585772.63576000,891368,745959.43500000,131834751.68412000,0
2025-08-08 16:00:00,175.23,179.66,175.01,176.78,1054709.165,1754697599999,187388009.52785000,634854,515886.64400000,91711607.87663000,0
2025-08-09 00:00:00,176.79,182.15,176.64,180.62,1165322.141,1754726399999,209110349.65837000,576956,612488.04400000,109937141.90044000,0
2025-08-09 08:00:00,180.62,183.35,178.92,180.09,1183766.644,1754755199999,214561868.46378000,676202,558355.08500000,101283678.00900000,0
2025-08-09 16:00:00,180.1,183.45,179.46,179.95,976415.602,1754783999999,177041483.82145000,574355,453784.28500000,82331782.43312000,0
2025-08-10 00:00:00,179.96,186.18,177.66,178.94,2018727.8,1754812799999,369566671.02387000,981966,987802.43500000,181027174.07592000,0
2025-08-10 08:00:00,178.94,182.4,177.51,181.54,1177168.81,1754841599999,212012250.49794000,683267,539900.09700000,97257656.05816000,0
2025-08-10 16:00:00,181.54,183.94,181.21,182.66,1001390.677,1754870399999,182908857.64118000,548183,527560.71700000,96382806.40610000,0
2025-08-11 00:00:00,182.67,186.8,181.27,182.97,1435050.726,1754899199999,265067673.67651000,800008,666333.36400000,123067980.80332000,0
2025-08-11 08:00:00,182.97,184.67,177.23,180.19,1405113.931,1754927999999,253025026.63382000,977452,687844.01700000,123870317.34904000,0
2025-08-11 16:00:00,180.19,181.77,173.43,174.84,1120578.874,1754956799999,198204340.24725000,763362,504693.93400000,89398867.72955000,0
2025-08-12 00:00:00,174.83,176.74,173.6,175.9,674740.678,1754985599999,118404545.54077000,413760,337718.45600000,59282730.79125000,0
2025-08-12 08:00:00,175.9,182.1,173.72,181.7,1735595.202,1755014399999,308472946.48646000,940292,926774.10500000,164753373.16356000,0
2025-08-12 16:00:00,181.7,193.76,180.77,191.78,2664012.277,1755043199999,501741892.51929000,1280033,1398032.43400000,262983736.96195000,0
2025-08-13 00:00:00,191.77,200.1,191.48,198.74,2742616.368,1755071999999,539008774.28290000,1331672,1380581.68400000,271405978.33446000,0
2025-08-13 08:00:00,198.74,204.96,194.15,197.44,3025919.511,1755100799999,605567183.59710000,1631316,1449405.59600000,290223700.13390000,0
2025-08-13 16:00:00,197.43,203.33,197.01,201.51,1380190.4,1755129599999,276070879.41987000,980938,703773.16400000,140820206.14907000,0
2025-08-14 00:00:00,201.51,209.86,200.59,205.66,2829514.017,1755158399999,582536931.69068000,1862386,1503636.26600000,309634326.20523000,0
2025-08-14 08:00:00,205.67,205.85,186.68,194.85,4532020.063,1755187199999,894441655.55521000,2763326,2016247.65500000,398223526.04242000,0
2025-08-14 16:00:00,194.86,195.51,187.32,192.47,1604073.234,1755215999999,308101331.61175000,1226658,735434.41900000,141318832.07726000,0
2025-08-15 00:00:00,192.46,198.07,191.94,196.95,1121661.7,1755244799999,218836698.45483000,769634,641684.22600000,125307624.30361000,0
2025-08-15 08:00:00,196.95,197.59,184.36,185.55,1847687.328,1755273599999,352739160.67169000,1390388,827634.68200000,158112973.74019000,0
2025-08-15 16:00:00,185.55,188.26,183.3,185.72,1390938.368,1755302399999,257529845.91289000,957034,747161.44900000,138366866.14914000,0
2025-08-16 00:00:00,185.71,189.65,185.34,189.12,798993.362,1755331199999,149808091.09617000,421503,419208.44600000,78636692.06674000,0
2025-08-16 08:00:00,189.12,189.47,185.2,188.79,903160.282,1755359999999,169360886.83028000,613366,422388.64100000,79241852.51970000,0
2025-08-16 16:00:00,188.78,190.06,187.08,189.6,397664.804,1755388799999,74990943.64863000,360125,242320.00700000,45711413.59478000,0
2025-08-17 00:00:00,189.61,193.55,187.35,191.88,734193.682,1755417599999,140402610.22610000,511613,375961.82000000,71919358.69396000,0
2025-08-17 08:00:00,191.89,195.49,191.53,195.47,806224.826,1755446399999,155745777.89974000,526962,437892.79900000,84615337.45923000,0
2025-08-17 16:00:00,195.48,195.89,189.94,190.99,721137.048,1755475199999,138732865.61844000,546285,355124.95400000,68295689.24176000,0
2025-08-18 00:00:00,191.0,191.33,180.22,180.62,1701773.019,1755503999999,313710919.80200000,1033167,735110.17700000,135453768.70765000,0
2025-08-18 08:00:00,180.63,183.34,180.0,183.1,976877.444,1755532799999,177302065.29857000,739353,510577.30300000,92710603.81133000,0
2025-08-18 16:00:00,183.1,185.7,181.76,182.94,695424.234,1755561599999,127779835.79743000,567328,336549.00400000,61839601.74119000,0
2025-08-19 00:00:00,182.94,185.87,177.32,180.11,1136843.009,1755590399999,205231738.85142000,811078,547450.54000000,98860505.43808000,0
2025-08-19 08:00:00,180.12,183.42,177.46,177.98,1086468.456,1755619199999,196087701.26763000,902194,563048.34500000,101733975.91190000,0
2025-08-19 16:00:00,177.98,179.54,175.69,176.22,1036778.494,1755647999999,184160972.03795000,840217,507340.65600000,90150978.87484000,0
2025-08-20 00:00:00,176.22,181.7,176.04,180.53,807929.26,1755676799999,145381653.90213000,646014,471579.17400000,84901003.85932000,0
2025-08-20 08:00:00,180.53,185.06,177.53,183.03,1515857.046,1755705599999,274602495.03610000,1066023,677948.58500000,122985222.61670000,0
2025-08-20 16:00:00,183.02,187.97,182.59,187.94,1141171.368,1755734399999,211584503.54028000,797387,576570.90100000,106904558.50276000,0
2025-08-21 00:00:00,187.95,190.1,185.51,186.98,1206206.868,1755763199999,226492923.45002000,752455,609234.64400000,114435646.97261000,0
2025-08-21 08:00:00,186.99,187.04,181.44,181.65,1070872.213,1755791999999,197446369.04221000,935755,557457.82700000,102781513.73484000,0
2025-08-21 16:00:00,181.65,182.93,179.43,180.29,637432.522,1755820799999,115402932.74515000,606042,322937.13600000,58492275.16314000,0
2025-08-22 00:00:00,180.3,184.36,180.0,183.98,664643.162,1755849599999,121439953.71261000,511245,325879.03700000,59533817.67961000,0
2025-08-22 08:00:00,183.97,195.42,177.27,193.47,3672877.576,1755878399999,688546310.10082000,2066393,1959933.99400000,367484552.37978000,0
2025-08-22 16:00:00,193.48,202.4,193.48,200.69,2256597.651,1755907199999,446900396.97426000,1451286,1159024.67400000,229620143.12862000,0
2025-08-23 00:00:00,200.69,208.62,195.26,205.18,2807982.183,1755935999999,571211962.67717000,1515441,1578480.29800000,321452968.21189000,0
2025-08-23 08:00:00,205.18,205.66,200.58,202.58,1500738.609,1755964799999,304610041.35875000,978740,604008.82400000,122581657.23397000,0
2025-08-23 16:00:00,202.57,204.86,202.2,204.14,479919.967,1755993599999,97714835.78360000,383354,242888.05900000,49463897.38156000,0
2025-08-24 00:00:00,204.15,211.99,204.14,206.66,2168557.599,1756022399999,452277170.95872000,1293418,1152076.80700000,240274093.19017000,0
2025-08-24 08:00:00,206.67,209.35,203.41,205.62,1669390.417,1756051199999,344131477.57388000,1008274,801314.71900000,165236258.09151000,0
2025-08-24 16:00:00,205.62,211.97,201.09,205.98,3327701.222,1756079999999,685323284.31305000,1986499,1710275.34800000,352573635.53664000,0
2025-08-25 00:00:00,205.99,213.6,198.69,199.82,3069800.473,1756108799999,633988465.53171000,2024169,1455375.56200000,301302639.69654000,0
2025-08-25 08:00:00,199.81,200.8,195.0,196.56,2471537.264,1756137599999,488921667.57934000,1698254,1169316.09100000,231473018.41596000,0
2025-08-25 16:00:00,196.57,198.36,185.33,187.2,2411763.016,1756166399999,459508562.33052000,1655261,1121576.69700000,213615015.30218000,0
2025-08-26 00:00:00,187.19,189.92,185.58,188.92,1627780.609,1756195199999,305851023.04354000,1341333,747263.40600000,140485879.76070000,0
2025-08-26 08:00:00,188.92,192.55,186.67,190.77,1773669.741,1756223999999,336146388.14378000,1491703,895586.67000000,169807820.69267000,0
2025-08-26 16:00:00,190.76,198.1,190.58,195.86,1332969.172,1756252799999,260014945.24944000,998398,739342.53100000,144274319.53287000,0
2025-08-27 00:00:00,195.85,205.7,193.78,202.43,2415521.812,1756281599999,486527598.62328000,1542990,1273209.83700000,256528440.86868000,0
2025-08-27 08:00:00,202.44,209.4,201.48,208.66,2252539.819,1756310399999,462277792.39514000,1656603,1250741.05600000,256839835.15367000,0
2025-08-27 16:00:00,208.66,212.08,202.57,202.95,3167078.523,1756339199999,655738229.26447000,1944141,1608704.51600000,333522155.53394000,0
2025-08-28 00:00:00,202.95,213.33,201.72,213.11,2221462.439,1756367999999,464006999.63574000,1327433,1241535.32600000,259627021.51269000,0
2025-08-28 08:00:00,213.11,216.89,210.2,211.06,3382867.153,1756396799999,723338030.81123000,1459153,1738627.02900000,372043844.19604000,0
2025-08-28 16:00:00,211.06,215.73,207.17,214.43,1642976.954,1756425599999,348069243.31049000,1003902,859780.18300000,182319284.13488000,0
2025-08-29 00:00:00,214.43,218.0,207.8,208.77,3230669.472,1756454399999,692138225.23337000,1620366,1625900.37100000,348849375.22434000,0
2025-08-29 08:00:00,208.78,214.94,203.81,204.46,3522898.234,1756483199999,735977763.63987000,2018219,1727152.91300000,361070021.25215000,0
2025-08-29 16:00:00,204.46,205.5,199.85,205.08,1853918.891,1756511999999,376552261.13460000,1017249,931867.89100000,189414037.29294000,0
2025-08-30 00:00:00,205.09,207.06,200.68,205.14,1652063.781,1756540799999,337797810.14879000,716425,825940.70900000,168894549.48317000,0
2025-08-30 08:00:00,205.13,205.56,197.52,201.05,1581461.696,1756569599999,317758520.56910000,804431,579850.02100000,116580817.61580000,0
2025-08-30 16:00:00,201.05,203.33,199.74,202.7,661050.638,1756598399999,132951146.88831000,450809,349845.61400000,70420500.49456000,0
2025-08-31 00:00:00,202.7,206.66,202.69,203.55,1226522.289,1756627199999,250918826.70979000,528490,638941.53200000,130755699.86081000,0
2025-08-31 08:00:00,203.56,206.0,201.5,204.58,1055739.732,1756655999999,214993800.19055000,559974,529692.67600000,107904731.96840000,0
2025-08-31 16:00:00,204.58,205.99,200.28,200.62,1020961.927,1756684799999,207892364.97273000,454673,521832.28300000,106309355.63777000,0
2025-09-01 00:00:00,200.62,202.93,196.03,202.92,1818549.678,1756713599999,362040462.80556000,1060392,772222.61800000,153884565.43031000,0
2025-09-01 08:00:00,202.92,204.58,197.67,198.37,1425280.74,1756742399999,286126819.45306000,945574,573386.88800000,115164291.68114000,0
2025-09-01 16:00:00,198.36,200.17,194.19,197.32,1220937.355,1756771199999,240607451.25643000,827978,546442.51000000,107678282.37578000,0
2025-09-02 00:00:00,197.32,204.45,196.77,202.12,1257161.101,1756799999999,253271600.41748000,701002,697961.10000000,140617614.28208000,0
2025-09-02 08:00:00,202.12,205.15,197.37,200.3,1922146.589,1756828799999,388755342.07791000,1185310,990971.93700000,200490933.72327000,0
2025-09-02 16:00:00,200.29,209.68,199.48,209.65,1715329.859,1756857599999,353226355.74373000,967690,1008541.84900000,207745542.84784000,0
2025-09-03 00:00:00,209.64,211.97,207.42,209.36,1639463.126,1756886399999,343504781.14573000,784695,902415.67400000,189084784.49962000,0
2025-09-03 08:00:00,209.36,213.02,208.15,211.37,1740132.81,1756915199999,366816164.41569000,840501,945337.19300000,199317059.76279000,0
2025-09-03 16:00:00,211.37,211.97,208.38,210.77,683595.747,1756943999999,143548447.14818000,478897,337954.26900000,70958167.07326000,0
2025-09-04 00:00:00,210.77,211.94,205.68,206.68,842382.21,1756972799999,175543016.34431000,495659,390567.80600000,81440375.70713000,0
2025-09-04 08:00:00,206.68,208.79,203.38,203.76,1064365.764,1757001599999,219701966.17818000,683216,490192.59500000,101231071.20793000,0
2025-09-04 16:00:00,203.77,205.18,201.84,202.32,820031.303,1757030399999,166895717.94250000,506274,413529.37700000,84199778.13572000,0
2025-09-05 00:00:00,202.32,208.43,200.95,207.87,1106287.08,1757059199999,226241157.64824000,545701,556507.22100000,113834206.72110000,0
2025-09-05 08:00:00,207.87,210.0,201.61,203.56,2180069.692,1757087999999,449285117.15980000,1277586,1073612.77300000,221198508.22143000,0
2025-09-05 16:00:00,203.55,205.69,201.91,203.36,835038.483,1757116799999,170167935.14649000,575593,416269.38500000,84866669.42447000,0
2025-09-06 00:00:00,203.37,204.68,202.07,203.03,490084.065,1757145599999,99630875.69651000,234474,279884.11400000,56907094.41657000,0
2025-09-06 08:00:00,203.03,203.56,201.01,201.26,477292.584,1757174399999,96579927.83480000,260305,174995.64500000,35401033.61423000,0
2025-09-06 16:00:00,201.26,202.37,199.32,200.16,514124.348,1757203199999,103057300.58866000,298882,226284.98800000,45377676.81856000,0
2025-09-07 00:00:00,200.17,203.3,200.12,202.99,373785.434,1757231999999,75627544.80316000,207815,211187.05100000,42716132.35115000,0
2025-09-07 08:00:00,203.0,205.55,202.72,205.2,581253.472,1757260799999,118552457.12140000,249707,282384.57400000,57587093.52034000,0
2025-09-07 16:00:00,205.2,207.95,201.48,206.35,1262471.857,1757289599999,258586238.34944000,433809,663342.18400000,135825139.47897000,0
2025-09-08 00:00:00,206.35,209.0,205.59,207.92,1232524.5,1757318399999,255716975.89869000,564067,718464.35800000,149031196.15079000,0
2025-09-08 08:00:00,207.91,216.83,207.39,215.04,2988912.915,1757347199999,638223326.79457000,1176540,1727432.65200000,368654544.28911000,0
2025-09-08 16:00:00,215.04,217.11,213.55,214.11,1508241.52,1757375999999,324815146.11595000,654368,805235.87400000,173494090.57803000,0
2025-09-09 00:00:00,214.11,219.79,210.79,219.23,1759521.5,1757404799999,379091432.43327000,824015,915735.74300000,197521059.38770000,0
2025-09-09 08:00:00,219.23,219.5,211.69,213.07,2019421.487,1757433599999,436108512.00304000,947645,1002844.12000000,216643424.68338000,0
2025-09-09 16:00:00,213.07,217.8,213.0,217.21,1200361.726,1757462399999,259152965.51869000,500270,602118.93000000,129973313.75563000,0
2025-09-10 00:00:00,217.22,222.89,215.09,222.25,1616634.671,1757491199999,353974375.54367000,706719,923819.23500000,202321000.92417000,0
2025-09-10 08:00:00,222.25,226.0,218.77,223.17,2250261.353,1757519999999,500992699.82368000,1030815,1097558.35300000,244497128.48892000,0
2025-09-10 16:00:00,223.16,224.65,220.53,224.07,957289.188,1757548799999,213178532.83890000,554072,525096.65500000,116991099.55048000,0
2025-09-11 00:00:00,224.06,225.59,221.72,223.23,936100.278,1757577599999,209423531.97741000,564646,475912.46600000,106531355.26836000,0
2025-09-11 08:00:00,223.23,228.95,222.28,226.82,2176710.822,1757606399999,491909703.81123000,1145498,1212213.28200000,274076566.70512000,0
2025-09-11 16:00:00,226.82,228.94,225.3,228.73,1239545.901,1757635199999,281491366.81458000,640212,681027.84800000,154685998.21799000,0
2025-09-12 00:00:00,228.73,239.86,228.11,237.33,2584195.562,1757663999999,607987501.73232000,1148727,1362870.08800000,320446183.95262000,0
2025-09-12 08:00:00,237.33,241.84,236.72,239.31,1652121.479,1757692799999,395182594.97095000,797967,876918.13700000,209794059.36439000,0
2025-09-12 16:00:00,239.32,244.04,237.94,242.18,1655336.89,1757721599999,398324485.58105000,797259,845908.54200000,203676133.48473000,0
2025-09-13 00:00:00,242.18,244.14,240.68,242.46,1126920.545,1757750399999,273521759.07140000,512842,648062.49000000,157323049.58926000,0
2025-09-13 08:00:00,242.45,243.72,237.93,239.43,1245325.222,1757779199999,300449006.38411000,572950,590430.57300000,142566686.09625000,0
2025-09-13 16:00:00,239.43,243.18,235.73,242.38,933415.498,1757807999999,223439987.85292000,577330,487034.81800000,116701811.02814000,0
2025-09-14 00:00:00,242.38,249.6,242.2,246.39,1579476.763,1757836799999,388895149.56713000,873623,838877.81100000,206563735.94215000,0
2025-09-14 08:00:00,246.4,248.09,241.53,243.81,1236992.905,1757865599999,302889363.38861000,776272,586005.76100000,143571737.25346000,0
2025-09-14 16:00:00,243.81,248.45,239.23,239.76,1348701.46,1757894399999,329076242.18255000,815781,669485.84300000,163494804.64576000,0
2025-09-15 00:00:00,239.75,244.0,236.17,237.98,1156760.569,1757923199999,278692455.52181000,763234,548776.99200000,132270658.60818000,0
2025-09-15 08:00:00,237.98,238.16,231.55,233.0,2571777.964,1757951999999,603915480.79084000,1271653,1260077.14900000,296096750.86885000,0
2025-09-15 16:00:00,233.0,235.37,230.15,234.31,1005051.086,1757980799999,234188507.49256000,632570,559796.66200000,130498360.55797000,0
2025-09-16 00:00:00,234.32,237.03,232.87,235.77,846248.825,1758009599999,198907723.74408000,524207,483089.20700000,113572491.44797000,0
2025-09-16 08:00:00,235.77,238.09,231.26,237.79,1162522.765,1758038399999,272834567.73700000,699247,588435.84600000,138134665.91944000,0
2025-09-16 16:00:00,237.79,240.95,236.24,236.96,1172855.47,1758067199999,279344818.57064000,727063,635195.61800000,151323190.03239000,0
2025-09-17 00:00:00,236.96,238.09,233.2,237.69,1016502.389,1758095999999,239558111.82424000,552958,485995.56600000,114556341.31621000,0
2025-09-17 08:00:00,237.69,237.73,233.56,233.9,867765.924,1758124799999,203814081.25960000,570865,444038.43200000,104280095.14188000,0
2025-09-17 16:00:00,233.9,246.62,232.23,244.84,2887261.18,1758153599999,687780317.96095000,1572023,1552982.25500000,370270995.91378000,0
2025-09-18 00:00:00,244.84,247.99,242.58,244.75,1218690.98,1758182399999,299242742.58436000,648218,627230.18800000,154029387.55022000,0
2025-09-18 08:00:00,244.75,248.99,244.34,248.24,1223072.756,1758211199999,301975910.26888000,712560,706265.44100000,174424867.41511000,0
2025-09-18 16:00:00,248.25,253.51,245.88,247.5,1475127.172,1758239999999,368329101.32773000,751639,826619.00900000,206511913.09514000,0
2025-09-19 00:00:00,247.5,248.57,242.83,243.82,1077655.208,1758268799999,264562987.13161000,562952,526466.04500000,129348807.28892000,0
2025-09-19 08:00:00,243.81,244.83,235.81,237.54,1486014.287,1758297599999,356972236.89606000,724604,698103.92200000,167606913.59305000,0
2025-09-19 16:00:00,237.54,238.87,235.12,238.53,821316.203,1758326399999,194936984.86255000,529676,376366.38200000,89367160.07172000,0
2025-09-20 00:00:00,238.53,239.96,237.36,239.78,480692.104,1758355199999,114802565.46302000,338768,234426.70700000,56009790.08232000,0
2025-09-20 08:00:00,239.77,241.22,236.91,240.1,669588.689,1758383999999,159977639.72008000,332377,340104.30900000,81277133.68900000,0
2025-09-20 16:00:00,240.11,241.1,237.97,239.48,400208.422,1758412799999,95849653.79105000,282990,225031.04800000,53901485.04572000,0
2025-09-21 00:00:00,239.48,241.82,238.96,239.87,469102.331,1758441599999,112837894.03845000,316989,225865.77800000,54339535.31537000,0
2025-09-21 08:00:00,239.87,240.28,237.1,237.91,413442.297,1758470399999,98694642.32777000,330066,183963.58900000,43933602.04217000,0
2025-09-21 16:00:00,237.91,238.41,235.32,236.16,509893.348,1758499199999,120817047.22379000,365927,238555.90300000,56522049.69093000,0
2025-09-22 00:00:00,236.16,236.96,214.5,221.88,2965868.08,1758527999999,673345544.11470000,1356854,1402012.98900000,318485747.35233000,0
2025-09-22 08:00:00,221.88,224.03,219.32,220.73,1600454.567,1758556799999,354532932.34456000,858134,855667.22500000,189633051.31160000,0
2025-09-22 16:00:00,220.73,221.53,216.45,220.38,1270271.056,1758585599999,278823848.44553000,747759,642397.85600000,141062290.46470000,0
2025-09-23 00:00:00,220.39,221.41,212.34,219.0,1515505.874,1758614399999,328569761.23889000,734703,705876.10800000,153202789.84581000,0
2025-09-23 08:00:00,219.0,220.86,216.97,219.28,871574.89,1758643199999,191054710.55621000,634586,482297.08600000,105756903.94980000,0
2025-09-23 16:00:00,219.27,221.71,212.96,213.3,1061827.704,1758671999999,229770535.90109000,715420,483699.06700000,104811305.48766000,0
2025-09-24 00:00:00,213.29,216.45,204.81,210.63,2662025.367,1758700799999,558878309.43211000,1140289,1388966.60000000,291454262.79966000,0
2025-09-24 08:00:00,210.63,216.24,209.83,213.61,1130576.607,1758729599999,240639415.32231000,693050,633444.59600000,134769310.84041000,0
2025-09-24 16:00:00,213.6,215.51,210.72,211.6,634855.552,1758758399999,135206128.20546000,486322,321668.79700000,68544647.68251000,0
2025-09-25 00:00:00,211.61,212.44,202.76,204.19,1816328.256,1758787199999,375268273.88194000,1144384,885548.98500000,182950089.10872000,0
2025-09-25 08:00:00,204.19,205.91,197.03,201.15,2087353.874,1758815999999,420078264.82385000,1110528,997500.25000000,200925198.56959000,0
2025-09-25 16:00:00,201.14,201.95,191.32,192.74,2857575.161,1758844799999,561528277.94024000,1317423,1192471.11500000,234411730.23578000,0
2025-09-26 00:00:00,192.73,197.55,192.53,196.31,1520249.347,1758873599999,297488700.52496000,909581,824067.05000000,161270682.61420000,0
2025-09-26 08:00:00,196.31,198.31,190.8,196.02,2364429.081,1758902399999,460610252.21940000,1225004,1196369.58900000,233211521.67883000,0
2025-09-26 16:00:00,196.02,205.52,195.81,205.17,1738524.446,1758931199999,349338606.90326000,814832,1011910.22400000,203381028.40243000,0
2025-09-27 00:00:00,205.16,205.43,201.52,202.05,845927.383,1758959999999,172323058.26002000,421169,375989.88900000,76616889.89071000,0
2025-09-27 08:00:00,202.05,203.77,199.88,203.52,677081.721,1758988799999,136631664.02819000,368812,361021.04100000,72913029.79282000,0
2025-09-27 16:00:00,203.52,204.89,200.85,203.46,581924.311,1759017599999,117833639.19195000,352982,316834.72200000,64136476.50455000,0
2025-09-28 00:00:00,203.47,204.07,200.38,202.1,523972.969,1759046399999,105843326.34099000,336856,236881.06000000,47848345.75780000,0
2025-09-28 08:00:00,202.1,203.55,198.0,203.42,725838.062,1759075199999,145765375.55732000,440003,358398.03000000,72030824.38056000,0
2025-09-28 16:00:00,203.43,211.0,203.26,210.83,944449.043,1759103999999,195566538.80490000,524748,574228.10600000,118853906.65792000,0
2025-09-29 00:00:00,210.83,210.89,207.37,208.95,862986.491,1759132799999,180773328.14920000,480886,392485.34100000,82229675.80410000,0
2025-09-29 08:00:00,208.94,213.5,204.58,210.07,1425482.145,1759161599999,298453036.14666000,822450,776337.74800000,162661341.29195000,0
2025-09-29 16:00:00,210.07,214.74,207.67,212.75,924630.215,1759190399999,195566786.49594000,605395,531611.63800000,112414571.33398000,0
2025-09-30 00:00:00,212.74,213.67,208.55,209.0,835299.279,1759219199999,176122061.13261000,535542,366552.81800000,77320092.94262000,0
2025-09-30 08:00:00,208.99,209.64,204.65,206.0,1159990.527,1759247999999,240011456.82026000,766393,602450.27000000,124706101.76344000,0
2025-09-30 16:00:00,205.99,210.98,204.29,208.68,1269491.679,1759276799999,263513702.16637000,620351,660035.11600000,136948510.88877000,0
2025-10-01 00:00:00,208.68,210.9,206.31,210.18,1014056.643,1759305599999,211742264.13937000,589787,513587.22300000,107242157.29506000,0
2025-10-01 08:00:00,210.18,220.66,209.86,220.25,2074710.161,1759334399999,450761064.25226000,1038288,1100424.26300000,239069796.69972000,0
2025-10-01 16:00:00,220.24,222.77,217.34,222.04,961494.117,1759363199999,211162726.59206000,490932,498489.27400000,109550555.32131000,0
2025-10-02 00:00:00,222.04,226.74,219.52,222.9,1425087.228,1759391999999,318235112.95759000,800671,715201.52600000,159783356.70932000,0
2025-10-02 08:00:00,222.91,227.44,222.61,227.18,1440777.166,1759420799999,324774729.41211000,819727,762737.20800000,172026684.77241000,0
2025-10-02 16:00:00,227.19,234.99,226.24,234.74,1724831.994,1759449599999,398734105.78178000,930118,952959.03800000,220397651.77212000,0
2025-10-03 00:00:00,234.74,234.84,227.68,229.41,1010114.211,1759478399999,233639049.62277000,641788,420230.09600000,97257815.22802000,0
2025-10-03 08:00:00,229.42,234.98,227.13,234.79,1491904.348,1759507199999,343705729.29935000,874662,739495.32500000,170551193.85678000,0
2025-10-03 16:00:00,234.79,237.0,228.33,232.84,1714593.055,1759535999999,399773969.16989000,1116308,829721.13900000,193561454.11821000,0
2025-10-04 00:00:00,232.84,234.05,227.93,229.11,642720.771,1759564799999,147975596.68007000,480393,272703.17300000,62792459.85393000,0
2025-10-04 08:00:00,229.1,229.92,224.31,224.88,711669.479,1759593599999,161945594.31064000,490660,331540.65100000,75578810.35801000,0
2025-10-04 16:00:00,224.87,228.29,224.07,227.86,487020.355,1759622399999,110168477.10364000,321541,243763.74300000,55158358.04650000,0
2025-10-05 00:00:00,227.86,236.93,226.45,236.59,1370799.96,1759651199999,318851718.20643000,812988,766104.35200000,178173804.36685000,0
2025-10-05 08:00:00,236.58,237.22,228.42,230.14,1080981.983,1759679999999,251066693.91266000,728442,497839.94500000,115623301.68673000,0
2025-10-05 16:00:00,230.13,231.47,226.7,228.56,647851.583,1759708799999,148085611.10235000,493870,327363.55400000,74857643.76902000,0
2025-10-06 00:00:00,228.56,234.86,227.55,231.36,1010076.098,1759737599999,233795041.13578000,701674,471257.18400000,109021558.77936000,0
2025-10-06 08:00:00,231.37,236.67,231.37,235.64,1057311.95,1759766399999,247508155.68341000,782973,510479.50600000,119554028.92237000,0
2025-10-06 16:00:00,235.64,237.79,231.64,232.35,914540.327,1759795199999,214934733.48817000,701465,433749.49100000,101967207.06017000,0
2025-10-07 00:00:00,232.35,235.21,229.41,231.01,1008014.803,1759823999999,234160401.79347000,641525,436603.04300000,101471338.86612000,0
2025-10-07 08:00:00,231.01,231.64,220.8,223.79,2182381.244,1759852799999,495157244.89252000,1194514,914397.13800000,207387321.99376000,0
2025-10-07 16:00:00,223.79,225.31,219.7,219.97,1210649.71,1759881599999,269755759.72019000,717657,532971.40800000,118862056.91187000,0
2025-10-08 00:00:00,219.98,222.78,217.3,220.95,1027479.05,1759910399999,226006362.21696000,644555,433832.80100000,95503466.98606000,0
2025-10-08 08:00:00,220.95,224.18,218.78,221.19,976411.631,1759939199999,216342446.48743000,786583,527657.08100000,116952298.22475000,0
2025-10-08 16:00:00,221.2,229.72,220.71,229.02,1099869.964,1759967999999,249820635.93685000,723582,559669.62900000,127011623.99276000,0
2025-10-09 00:00:00,229.03,229.69,223.84,224.5,1017373.314,1759996799999,230589210.01451000,584446,470998.72300000,106814531.12670000,0
2025-10-09 08:00:00,224.49,226.32,218.62,219.11,1368314.812,1760025599999,303795091.83323000,1074297,629684.92000000,139878899.13289000,0
2025-10-09 16:00:00,219.11,221.64,216.53,220.93,887265.305,1760054399999,194058750.13670000,700308,454679.34000000,99500643.94184000,0
2025-10-10 00:00:00,220.93,222.9,217.92,218.12,760812.969,1760083199999,167990378.69767000,570047,309013.26700000,68245034.93076000,0
2025-10-10 08:00:00,218.13,224.46,209.01,210.7,2129451.09,1760111999999,462565185.54790000,1364312,955131.99900000,207595328.81141000,0
2025-10-10 16:00:00,210.69,213.06,168.79,188.43,6732571.37,1760140799999,1303208583.45887000,3917884,3126596.67100000,605740096.91936000,0
2025-10-11 00:00:00,188.43,191.05,180.0,182.75,3234999.848,1760169599999,599629043.61728000,2963385,1564997.83700000,290130935.35057000,0
2025-10-11 08:00:00,182.75,189.5,180.77,183.71,2176592.738,1760198399999,400895330.95728000,1599915,1058441.40300000,195176039.92663000,0
2025-10-11 16:00:00,183.71,184.64,172.58,177.62,1880794.662,1760227199999,336150207.26221000,1438425,843958.66700000,150765023.59861000,0
2025-10-12 00:00:00,177.63,182.97,173.0,182.55,1685959.614,1760255999999,300964974.22601000,1193962,917779.60900000,163842779.54417000,0
2025-10-12 08:00:00,182.54,191.8,178.2,191.23,2519600.552,1760284799999,466189861.80663000,1487646,1313053.42600000,243222009.24877000,0
2025-10-12 16:00:00,191.23,199.0,191.22,197.0,2281439.555,1760313599999,444878644.26945000,1566419,1195061.09400000,233100371.54966000,0
2025-10-13 00:00:00,196.99,199.99,192.91,196.81,1557095.523,1760342399999,306027905.77338000,1095007,787756.02400000,154899057.81866000,0
2025-10-13 08:00:00,196.8,198.68,190.02,196.42,2169924.211,1760371199999,422340051.92938000,1341207,1076262.53300000,209526769.03674000,0
2025-10-13 16:00:00,196.42,209.28,196.23,208.69,2526141.777,1760399999999,515282972.79622000,1156652,1368538.40500000,278929154.77770000,0
2025-10-14 00:00:00,208.69,211.25,192.0,194.47,2805897.293,1760428799999,567916766.69441000,1429596,1238958.05000000,251140866.55314000,0
2025-10-14 08:00:00,194.46,202.64,191.03,202.22,2606022.621,1760457599999,509282546.03952000,1551109,1428273.81000000,279496076.14980000,0
2025-10-14 16:00:00,202.23,206.48,197.05,202.44,1937247.961,1760486399999,390982271.55808000,1285724,904507.05000000,182644568.28922000,0
2025-10-15 00:00:00,202.45,205.82,200.47,204.66,1406041.184,1760515199999,285770508.46409000,888196,697113.72900000,141802863.12907000,0
2025-10-15 08:00:00,204.65,208.91,196.18,197.13,2410252.679,1760543999999,488120680.61112000,1544955,1169957.01200000,237347339.70726000,0
2025-10-15 16:00:00,197.14,198.73,192.04,193.84,1552861.576,1760572799999,303568762.21659000,1029095,692120.63000000,135422506.66392000,0
2025-10-16 00:00:00,193.84,196.19,191.38,192.93,1079118.965,1760601599999,209208214.50883000,752127,500742.98900000,97120070.33642000,0
2025-10-16 08:00:00,192.93,198.42,186.37,187.61,2396817.281,1760630399999,462879679.09388000,1590475,1131732.12800000,218895338.32890000,0
2025-10-16 16:00:00,187.61,192.33,182.03,184.85,1928704.417,1760659199999,359819558.29839000,1641983,955563.79000000,178400974.10063000,0
2025-10-17 00:00:00,184.84,187.55,177.34,177.75,1852703.026,1760687999999,339137329.28391000,1400632,862837.80700000,158167835.09525000,0
2025-10-17 08:00:00,177.75,182.82,174.06,182.72,2979048.848,1760716799999,532615628.93988000,2560427,1550624.18400000,277455761.63714000,0
2025-10-17 16:00:00,182.71,186.04,181.42,181.96,1271157.003,1760745599999,233378421.49132000,1028984,666169.80800000,122363750.27744000,0
2025-10-18 00:00:00,181.97,188.26,181.75,186.27,947864.94,1760774399999,175512924.34982000,679268,474280.14200000,87845179.57861000,0
2025-10-18 08:00:00,186.26,187.4,183.96,185.03,691653.285,1760803199999,128386470.90205000,593124,355154.32800000,65950033.32913000,0
2025-10-18 16:00:00,185.04,187.84,183.2,187.56,466322.87,1760831999999,86565235.55286000,398760,253328.63000000,47040719.89721000,0
2025-10-19 00:00:00,187.55,187.87,184.88,185.9,418836.702,1760860799999,77979102.18126000,391321,183752.23900000,34203029.15486000,0
2025-10-19 08:00:00,185.89,191.7,183.19,190.78,1355523.723,1760889599999,255350718.77116000,1028647,720498.95000000,135781639.34373000,0
2025-10-19 16:00:00,190.77,192.29,186.83,187.86,709604.175,1760918399999,134573530.81364000,504170,344225.68000000,65331813.18236000,0
2025-10-20 00:00:00,187.86,194.5,183.82,193.02,1307554.6,1760947199999,247383029.61890000,931157,724250.72000000,136953739.89111000,0
2025-10-20 08:00:00,193.02,194.18,190.44,190.5,851592.961,1760975999999,163639153.59305000,765911,399663.57700000,76830064.48270000,0
2025-10-20 16:00:00,190.51,191.18,185.56,189.71,1018853.938,1761004799999,192103056.06442000,736508,495307.73000000,93376038.93502000,0
2025-10-21 00:00:00,189.71,190.21,182.72,185.03,1187306.018,1761033599999,220320336.11036000,762107,525269.23900000,97577824.45964000,0
2025-10-21 08:00:00,185.04,197.15,183.77,196.22,1572930.287,1761062399999,298462266.71578000,1018482,769581.12800000,146200715.89850000,0
2025-10-21 16:00:00,196.22,197.71,185.11,185.63,1890846.316,1761091199999,363885164.30567000,1213140,863671.69400000,166296768.69341000,0
2025-10-22 00:00:00,185.62,187.45,183.28,185.01,1047037.534,1761119999999,193971976.46513000,659170,543323.37500000,100722641.93958000,0
2025-10-22 08:00:00,185.01,186.91,181.28,183.98,1433173.59,1761148799999,264182412.23167000,1131823,711848.94600000,131316404.84180000,0
2025-10-22 16:00:00,183.99,184.96,177.04,180.12,1496793.591,1761177599999,270281747.90538000,1158092,682291.19700000,123225650.02913000,0
2025-10-23 00:00:00,180.13,188.0,179.68,187.48,843367.935,1761206399999,155292124.49988000,529094,440553.34500000,81100858.63361000,0
2025-10-23 08:00:00,187.48,192.62,186.6,191.04,1674808.554,1761235199999,317329208.69433000,963587,819419.00700000,155312469.93067000,0
2025-10-23 16:00:00,191.04,193.45,188.31,191.35,983782.626,1761263999999,187854795.22640000,632167,477095.30000000,91121068.92574000,0
2025-10-24 00:00:00,191.36,194.6,190.82,192.15,925590.131,1761292799999,178402750.36773000,543531,487895.60100000,94067607.88033000,0
2025-10-24 08:00:00,192.15,197.0,188.83,189.45,1657064.455,1761321599999,318574906.75718000,846132,749567.93000000,144335509.03433000,0
2025-10-24 16:00:00,189.45,194.14,188.83,193.59,774108.04,1761350399999,148526422.68386000,363857,435743.38400000,83588813.33360000,0
2025-10-25 00:00:00,193.58,194.91,192.45,193.96,539565.132,1761379199999,104602737.41391000,268972,241222.66000000,46770414.21419000,0
2025-10-25 08:00:00,193.97,195.25,191.19,191.89,651484.477,1761407999999,125682240.91283000,346398,308846.16900000,59588506.40620000,0
2025-10-25 16:00:00,191.88,194.91,191.42,193.84,435789.329,1761436799999,84380662.54957000,258787,209558.52100000,40546475.25545000,0
2025-10-26 00:00:00,193.84,194.36,191.9,193.86,370880.532,1761465599999,71681087.89797000,225822,147658.94300000,28538001.09466000,0
2025-10-26 08:00:00,193.85,199.96,193.73,199.53,1246735.564,1761494399999,245923910.74056000,605872,650414.62200000,128274470.54855000,0
2025-10-26 16:00:00,199.53,202.43,196.86,200.03,960134.034,1761523199999,191516281.79584000,520112,490162.34400000,97863704.24650000,0
2025-10-27 00:00:00,200.03,205.33,199.48,202.51,1296452.81,1761551999999,264086397.26869000,626271,597898.38100000,121806438.89419000,0
2025-10-27 08:00:00,202.5,202.54,198.02,200.11,1222098.884,1761580799999,244261069.05383000,868439,548533.99700000,109607658.67852000,0
2025-10-27 16:00:00,200.11,203.25,197.34,198.7,997057.693,1761609599999,199989109.08978000,690577,508744.67300000,102102342.17186000,0
2025-10-28 00:00:00,198.71,203.0,198.41,202.35,952538.224,1761638399999,191278623.88457000,653822,456605.15300000,91703928.17523000,0
2025-10-28 08:00:00,202.36,203.99,196.58,198.85,1660365.705,1761667199999,332895840.84115000,931640,837761.07800000,168109900.38816000,0
2025-10-28 16:00:00,198.86,201.28,190.22,194.15,1716266.032,1761695999999,335279774.64204000,1134018,767902.80100000,150023121.82863000,0
2025-10-29 00:00:00,194.16,196.07,192.68,195.65,627221.385,1761724799999,121920407.20433000,439079,275111.47700000,53518298.96489000,0
2025-10-29 08:00:00,195.65,201.7,193.78,196.78,1560488.139,1761753599999,309462419.59430000,947431,689770.71200000,136865459.06448000,0
2025-10-29 16:00:00,196.78,198.77,189.37,193.88,2433178.305,1761782399999,472913393.57400000,1696975,1140079.79200000,221710304.59245000,0
2025-10-30 00:00:00,193.89,198.19,190.35,195.8,1491722.905,1761811199999,289807495.88565000,1133909,748115.40500000,145489172.93270000,0
2025-10-30 08:00:00,195.79,196.11,184.49,185.02,1888877.495,1761839999999,356832758.62576000,1377532,796972.25100000,150383150.66472000,0
2025-10-30 16:00:00,185.01,186.35,178.65,184.69,1673937.863,1761868799999,304927118.85904000,1170387,830077.99400000,151290665.67126000,0
2025-10-31 00:00:00,184.69,187.03,183.7,185.36,1089281.659,1761897599999,202090754.62973000,636852,559827.91300000,103883269.12801000,0
2025-10-31 08:00:00,185.36,190.26,184.58,188.13,1260162.426,1761926399999,236471099.39903000,822048,681636.11300000,127976410.17246000,0
2025-10-31 16:00:00,188.12,189.04,184.38,187.21,843949.755,1761955199999,157413884.64653000,678094,435455.59700000,81256462.64452000,0
2025-11-01 00:00:00,187.21,187.55,185.0,185.8,484305.249,1761983999999,90271129.85908000,315844,241225.40200000,44968451.46255000,0
2025-11-01 08:00:00,185.79,186.72,183.79,186.42,566461.524,1762012799999,105211747.08658000,351661,251180.49000000,46658441.24142000,0
2025-11-01 16:00:00,186.42,187.12,184.87,186.35,433738.447,1762041599999,80633862.28463000,310305,244639.90100000,45440426.24572000,0
2025-11-02 00:00:00,186.35,188.34,184.66,187.72,498836.859,1762070399999,92978230.55962000,314131,280104.46500000,52191141.37567000,0
2025-11-02 08:00:00,187.72,187.95,183.53,183.77,713428.931,1762099199999,132235226.67368000,506069,327623.14800000,60740957.97904000,0
2025-11-02 16:00:00,183.77,188.1,182.0,187.71,549031.767,1762127999999,101420857.10022000,425596,279550.22400000,51714061.09348000,0
2025-11-03 00:00:00,187.71,189.13,174.22,176.5,1958040.166,1762156799999,352475542.50586000,1171235,863950.36900000,155697920.83084000,0
2025-11-03 08:00:00,176.51,176.95,165.0,166.79,3337307.383,1762185599999,571969380.79375000,1366418,1538717.08700000,264099185.89375000,0
2025-11-03 16:00:00,166.79,171.0,163.15,166.06,2032265.514,1762214399999,339604404.71763000,1372930,935103.69600000,156202040.44441000,0
2025-11-04 00:00:00,166.06,168.42,155.87,157.07,2183514.311,1762243199999,352812097.77102000,1446820,1023750.88900000,165591402.11405000,0
2025-11-04 08:00:00,157.07,165.27,156.41,161.5,1946148.225,1762271999999,313692831.16654000,1466536,1055900.81200000,170267355.97153000,0
2025-11-04 16:00:00,161.5,162.36,145.85,155.03,4158915.029,1762300799999,638283671.29134000,2660549,2026180.98100000,311383065.56593000,0
2025-11-05 00:00:00,155.04,158.62,147.29,156.47,1930247.801,1762329599999,297937030.12961000,1513511,996525.72700000,154032669.31498000,0
2025-11-05 08:00:00,156.47,160.57,153.67,160.5,1536573.61,1762358399999,241793308.13843000,1149101,786663.76600000,123913631.47451000,0
2025-11-05 16:00:00,160.5,163.97,158.57,162.37,1183710.277,1762387199999,191839968.37537000,781471,612602.02800000,99317130.22698000,0
2025-11-06 00:00:00,162.37,162.91,158.25,158.84,1021953.541,1762415999999,164185932.80055000,702489,457434.22700000,73549530.75615000,0
2025-11-06 08:00:00,158.84,161.51,155.4,155.92,1395431.412,1762444799999,221213380.93537000,1017317,706106.92000000,111997103.41499000,0
2025-11-06 16:00:00,155.92,158.67,153.45,155.28,1159368.374,1762473599999,180731449.12526000,1012679,537384.72400000,83770040.50959000,0
2025-11-07 00:00:00,155.27,158.62,154.22,157.79,860111.148,1762502399999,134822499.65543000,888697,426390.56800000,66850579.62013000,0
2025-11-07 08:00:00,157.79,158.21,149.82,155.42,1765008.894,1762531199999,270650864.26068000,1544819,944394.69100000,144870088.13909000,0
2025-11-07 16:00:00,155.42,164.48,154.4,161.79,1587957.93,1762559999999,255978279.66275000,1229192,810182.83300000,130519729.50874000,0
2025-11-08 00:00:00,161.8,164.89,159.58,161.06,893338.582,1762588799999,144991507.40163000,719329,403825.89700000,65656039.12350000,0
2025-11-08 08:00:00,161.05,162.34,155.9,156.65,994329.423,1762617599999,158154722.98221000,670978,472040.76800000,75070793.29957000,0
2025-11-08 16:00:00,156.65,158.44,155.8,158.02,615259.235,1762646399999,96850072.77739000,451083,280775.88100000,44189428.34706000,0
2025-11-09 00:00:00,158.01,159.58,155.11,159.3,735947.078,1762675199999,115861945.58504000,443837,349642.84300000,55067456.37854000,0
2025-11-09 08:00:00,159.29,163.98,157.28,162.53,1415073.643,1762703999999,227327900.41345000,810942,783508.54400000,125979017.16165000,0
2025-11-09 16:00:00,162.53,166.57,161.23,164.53,1080768.854,1762732799999,177518216.09700000,716083,593663.99200000,97499636.34228000,0
2025-11-10 00:00:00,164.53,168.92,163.42,167.38,1185812.5,1762761599999,198432870.88759000,900858,596552.25300000,99843649.20637000,0
2025-11-10 08:00:00,167.38,170.48,165.2,166.26,1445107.571,1762790399999,242324637.90432000,906472,591957.48400000,99398620.71463000,0
2025-11-10 16:00:00,166.26,168.49,164.81,167.31,998041.055,1762819199999,166353600.48645000,695250,472607.62800000,78827743.33758000,0
2025-11-11 00:00:00,167.31,171.94,163.57,163.98,1676512.901,1762847999999,280542372.76671000,1094486,755759.00100000,126840688.67313000,0
2025-11-11 08:00:00,163.98,164.97,160.0,160.89,1757285.754,1762876799999,285639610.19527000,833784,766795.71900000,124733399.41462000,0
2025-11-11 16:00:00,160.88,161.22,153.93,154.63,1268305.558,1762905599999,200267942.59094000,749014,581145.56900000,91738550.66882000,0
2025-11-12 00:00:00,154.63,156.57,153.59,155.02,1131622.959,1762934399999,175531497.45992000,661593,505239.69700000,78381763.78059000,0
2025-11-12 08:00:00,155.03,161.14,155.0,155.73,1661912.531,1762963199999,263744137.02274000,904782,752080.29700000,119299178.91016000,0
2025-11-12 16:00:00,155.73,156.21,151.2,153.42,1345669.977,1762991999999,206293002.03614000,946244,634036.68300000,97238828.11911000,0
2025-11-13 00:00:00,153.43,157.2,150.42,155.31,1335189.731,1763020799999,206127580.93469000,797833,754960.01200000,116630942.73876000,0
2025-11-13 08:00:00,155.3,156.96,152.26,153.13,1279950.189,1763049599999,198295509.08684000,852416,550365.87900000,85244879.66971000,0
2025-11-13 16:00:00,153.12,153.41,141.04,144.73,2803049.777,1763078399999,408122910.89170000,1612249,1364500.37700000,198480920.67237000,0
2025-11-14 00:00:00,144.74,145.68,138.71,142.85,2122339.167,1763107199999,302586462.96225000,1470089,927072.33800000,132248135.36796000,0
2025-11-14 08:00:00,142.85,143.76,135.76,142.23,2876797.042,1763135999999,401990452.58640000,1977915,1435418.62800000,200579527.90772000,0
2025-11-14 16:00:00,142.23,144.22,137.2,138.92,1177288.938,1763164799999,166598725.78255000,1033598,591914.87900000,83846438.70904000,0
2025-11-15 00:00:00,138.93,143.59,138.75,142.76,806913.721,1763193599999,114742785.87462000,561920,427889.49900000,60836602.11768000,0
2025-11-15 08:00:00,142.75,142.84,139.97,141.72,704115.736,1763222399999,99416982.61629000,502699,376229.82200000,53123723.88581000,0
2025-11-15 16:00:00,141.72,144.69,138.61,139.61,840448.565,1763251199999,118833279.29234000,483502,411456.56500000,58159660.65761000,0
2025-11-16 00:00:00,139.6,142.46,137.39,142.31,658400.054,1763279999999,92387739.64832000,538658,314592.58900000,44126106.42157000,0
2025-11-16 08:00:00,142.31,143.38,137.15,137.48,936858.381,1763308799999,131612887.42848000,619044,463637.75800000,65237394.59189000,0
2025-11-16 16:00:00,137.47,138.51,134.42,137.17,1790175.849,1763337599999,244359059.58157000,1312587,841098.60400000,114838148.44606000,0
2025-11-17 00:00:00,137.17,141.85,136.09,141.33,1059896.766,1763366399999,147907066.35287000,739627,602197.10100000,83984541.60150000,0
2025-11-17 08:00:00,141.33,143.28,136.8,137.16,1904563.817,1763395199999,267193108.80430000,1205004,929697.06800000,130372267.00573000,0
2025-11-17 16:00:00,137.16,137.21,128.82,130.99,2660260.192,1763423999999,351412535.95146000,1542270,1324342.19300000,174840158.45265000,0
2025-11-18 00:00:00,131.0,137.81,129.0,136.92,2676736.213,1763452799999,359407185.71214000,1473649,1369826.15000000,183930922.20466000,0
2025-11-18 08:00:00,136.93,142.17,136.47,139.7,1786443.149,1763481599999,247511949.39046000,1086664,929197.73100000,128837111.95852000,0
2025-11-18 16:00:00,139.7,142.12,138.77,140.69,1065669.448,1763510399999,150086165.44460000,733882,579669.93800000,81658769.77592000,0
2025-11-19 00:00:00,140.68,142.84,137.12,140.58,1280622.994,1763539199999,178933890.16025000,793506,658268.42200000,91936762.28737000,0
2025-11-19 08:00:00,140.57,141.03,134.42,134.62,1369663.157,1763567999999,188507589.15162000,838475,568002.65900000,78244381.97328000,0
2025-11-19 16:00:00,134.61,137.06,130.53,137.06,1618180.893,1763596799999,216270275.59163000,1136789,799378.47200000,106902302.80014000,0
2025-11-20 00:00:00,137.06,144.8,136.38,143.8,2099334.654,1763625599999,299213459.61509000,792183,1027724.32900000,146336912.58124000,0
2025-11-20 08:00:00,143.8,143.96,138.35,138.57,1604697.696,1763654399999,226970054.24878000,974621,779419.85200000,110295543.62437000,0
2025-11-20 16:00:00,138.56,138.74,131.11,133.67,3344221.874,1763683199999,446484896.93240000,1777801,1704868.54300000,227567469.84602000,0
2025-11-21 00:00:00,133.67,135.06,122.2,127.55,2794666.468,1763711999999,362793035.28126000,1475477,1203291.88800000,156345469.82129000,0
2025-11-21 08:00:00,127.55,129.61,121.66,125.41,3756902.194,1763740799999,474953318.77569000,2213609,1857272.00000000,234893704.50205000,0
2025-11-21 16:00:00,125.4,130.62,123.58,128.68,1734317.031,1763769599999,221468421.68732000,1409590,896245.31200000,114505447.74936000,0
2025-11-22 00:00:00,128.69,129.94,125.35,127.74,996518.883,1763798399999,127145573.43487000,758800,484291.10600000,61822050.02033000,0
2025-11-22 08:00:00,127.74,127.79,125.08,127.13,915723.497,1763827199999,115806714.35413000,683508,488058.30700000,61719863.07792000,0
2025-11-22 16:00:00,127.13,128.92,126.1,127.59,700245.479,1763855999999,89348861.31165000,451503,374771.06800000,47824102.93282000,0
2025-11-23 00:00:00,127.6,131.9,127.56,128.86,982282.2,1763884799999,127324691.07961000,540955,516173.75500000,66920833.00910000,0
2025-11-23 08:00:00,128.86,133.13,128.83,132.87,1060693.031,1763913599999,138945803.71786000,565800,600331.11400000,78693051.67419000,0
2025-11-23 16:00:00,132.88,133.54,130.52,130.58,775739.959,1763942399999,102456761.65360000,579391,390122.82000000,51561897.70485000,0
2025-11-24 00:00:00,130.58,134.41,129.31,130.34,1403646.922,1763971199999,185046501.53332000,958546,640941.07500000,84520908.88580000,0
2025-11-24 08:00:00,130.33,132.6,128.44,131.94,1353614.455,1763999999999,176032144.87322000,842266,682361.23200000,88762523.46485000,0
2025-11-24 16:00:00,131.93,139.87,131.82,138.44,1987595.669,1764028799999,271791210.29432000,859126,952832.98800000,130167091.54155000,0
2025-11-25 00:00:00,138.43,138.99,136.3,136.33,623017.471,1764057599999,85947466.10087000,494437,292775.72800000,40411424.43977000,0
2025-11-25 08:00:00,136.33,136.98,133.13,134.86,1289904.332,1764086399999,174817215.14646000,848217,607544.96300000,82364530.05087000,0
2025-11-25 16:00:00,134.86,140.5,134.24,138.96,1081898.05,1764115199999,148461642.08311000,767790,519716.32600000,71465846.93334000,0
2025-11-26 00:00:00,138.96,140.68,137.72,139.89,889382.26,1764143999999,123744189.62587000,467118,346181.77500000,48187849.62352000,0
2025-11-26 08:00:00,139.88,139.93,135.5,136.66,1370365.789,1764172799999,187542974.07244000,791284,684186.77900000,93546823.77737000,0
2025-11-26 16:00:00,136.67,144.75,136.46,143.02,1762114.621,1764201599999,250807373.52721000,841790,856227.07000000,121715598.91483000,0
2025-11-27 00:00:00,143.01,144.29,142.07,143.77,762952.457,1764230399999,109255580.86393000,442551,358787.86900000,51388204.28974000,0
2025-11-27 08:00:00,143.77,143.9,140.67,142.15,732742.149,1764259199999,103919837.54552000,388518,397841.79300000,56409325.06146000,0
2025-11-27 16:00:00,142.15,143.15,140.47,140.85,835978.583,1764287999999,118742663.32204000,387642,401630.00000000,57046837.57281000,0
2025-11-28 00:00:00,140.85,141.45,138.59,138.97,751520.39,1764316799999,105078384.73647000,409090,325133.45600000,45455405.87598000,0
2025-11-28 08:00:00,138.98,143.6,138.95,141.61,1551941.533,1764345599999,220177179.10847000,655092,850560.64500000,120714401.46024000,0
2025-11-28 16:00:00,141.62,141.65,136.01,137.33,1199048.108,1764374399999,165343133.03869000,549896,538882.79500000,74293872.79777000,0
2025-11-29 00:00:00,137.33,137.89,136.22,137.28,563233.06,1764403199999,77278686.14695000,223938,224058.49900000,30744269.69764000,0
2025-11-29 08:00:00,137.28,137.66,136.39,137.58,499484.922,1764431999999,68425376.18473000,225258,205447.05500000,28146171.02489000,0
2025-11-29 16:00:00,137.58,138.1,134.76,135.91,796603.189,1764460799999,108469063.29683000,299896,385516.85400000,52504654.09079000,0
2025-11-30 00:00:00,135.92,136.95,135.25,136.53,668513.489,1764489599999,91028907.46193000,234356,259749.89400000,35358743.77382000,0
2025-11-30 08:00:00,136.52,140.19,136.12,138.33,956022.782,1764518399999,131966440.37253000,380862,429682.92800000,59311160.65912000,0
2025-11-30 16:00:00,138.34,139.82,133.26,133.48,983629.058,1764547199999,134886876.83797000,376334,481234.74900000,66059908.27527000,0
2025-12-01 00:00:00,133.48,133.74,125.81,127.42,2124292.843,1764575999999,273478794.90779000,1068273,1005802.88000000,129339579.35858000,0
2025-12-01 08:00:00,127.41,128.09,123.11,125.11,1446113.423,1764604799999,182272303.89689000,769412,688142.64400000,86786978.01326000,0
2025-12-01 16:00:00,125.11,127.43,123.27,126.66,1437097.791,1764633599999,179447730.56886000,701327,720342.18400000,89985373.65088000,0
2025-12-02 00:00:00,126.66,128.54,126.02,127.26,746471.772,1764662399999,94921751.34011000,466810,419011.19800000,53285069.89905000,0
2025-12-02 08:00:00,127.26,139.87,126.01,137.84,2307762.38,1764691199999,306054975.48192000,969072,1234665.00100000,163657767.79654000,0
2025-12-02 16:00:00,137.83,140.88,137.38,138.68,1968622.595,1764719999999,274130105.03136000,1066810,888430.26000000,123720073.91254000,0
2025-12-03 00:00:00,138.67,144.26,137.76,141.88,1346705.967,1764748799999,189725720.27528000,615671,744255.57100000,104892431.66369000,0
2025-12-03 08:00:00,141.89,143.59,138.78,141.0,1085975.865,1764777599999,153488037.07064000,756145,500099.45800000,70735020.73749000,0
2025-12-03 16:00:00,141.0,146.08,139.87,144.67,1521462.973,1764806399999,217297584.05414000,769078,815079.50400000,116549096.57548000,0
2025-12-04 00:00:00,144.67,146.91,142.64,143.47,798266.629,1764835199999,115293894.33091000,555317,365007.10300000,52767112.71294000,0
2025-12-04 08:00:00,143.47,144.26,141.44,143.21,914820.485,1764863999999,130714370.76362000,628316,451399.88900000,64535762.80453000,0
2025-12-04 16:00:00,143.2,143.85,137.8,139.01,981155.127,1764892799999,137620956.84360000,635814,471984.32500000,66177582.80751000,0
2025-12-05 00:00:00,139.01,140.75,137.77,139.68,771511.87,1764921599999,107411023.48128000,380818,383635.97800000,53414327.20871000,0
2025-12-05 08:00:00,139.67,139.67,134.41,135.05,1415106.015,1764950399999,193325891.37055000,742212,692759.22600000,94680486.46330000,0
2025-12-05 16:00:00,135.04,135.2,130.73,133.29,1180741.258,1764979199999,156435112.27425000,781877,633683.43100000,83966840.03365000,0
2025-12-06 00:00:00,133.29,134.13,132.56,132.72,338893.048,1765007999999,45187962.68620000,267032,157418.75600000,20998655.79020000,0
2025-12-06 08:00:00,132.73,133.99,131.88,132.87,463448.538,1765036799999,61622584.37695000,317375,201894.23500000,26852509.29381000,0
2025-12-06 16:00:00,132.88,133.54,131.28,132.19,539253.845,1765065599999,71466062.89945000,308645,309013.90400000,40975276.18673000,0
2025-12-07 00:00:00,132.2,133.59,131.91,132.08,346873.13,1765094399999,46068197.05804000,214986,155228.84300000,20603185.83825000,0
2025-12-07 08:00:00,132.09,133.07,127.7,132.03,1262149.929,1765123199999,164659594.10319000,695675,604695.48200000,78893085.24143000,0
2025-12-07 16:00:00,132.03,136.35,129.8,132.24,1522781.432,1765151999999,203069325.20558000,903430,750631.19200000,100116936.03404000,0
2025-12-08 00:00:00,132.25,136.0,131.52,135.85,728416.017,1765180799999,97786373.10011000,497961,391382.96700000,52517094.62641000,0
2025-12-08 08:00:00,135.85,139.36,135.24,135.55,1313029.117,1765209599999,180675601.19957000,798846,632201.24400000,87025272.15545000,0
2025-12-08 16:00:00,135.54,136.54,132.45,133.25,1203670.292,1765238399999,161803664.62869000,746085,642998.26600000,86383318.86086000,0
2025-12-09 00:00:00,133.24,134.42,131.77,133.2,754771.022,1765267199999,100316719.92911000,412753,370446.36300000,49256186.23636000,0
2025-12-09 08:00:00,133.21,138.5,131.62,138.45,1103034.272,1765295999999,148233731.32149000,625627,542661.34100000,72949958.84294000,0
2025-12-09 16:00:00,138.46,144.93,136.71,137.88,2650716.74,1765324799999,374983239.53820000,1384219,1298653.03900000,183673558.45385000,0
2025-12-10 00:00:00,137.87,140.22,137.19,139.2,1032194.857,1765353599999,142732586.13844000,450937,531945.92400000,73573732.67955000,0
2025-12-10 08:00:00,139.2,139.88,135.71,136.17,998773.969,1765382399999,137355929.88383000,619164,509638.46500000,70139733.13731000,0
2025-12-10 16:00:00,136.16,142.57,135.39,136.26,2489261.45,1765411199999,344457490.00497000,1547243,1246062.83700000,172505323.16824000,0
2025-12-11 00:00:00,136.26,136.43,129.0,131.03,1790902.626,1765439999999,235513715.63570000,904557,840894.61800000,110556377.73454000,0
2025-12-11 08:00:00,131.03,132.82,129.84,131.18,888723.33,1765468799999,116503962.96467000,567632,421843.77300000,55324829.27675000,0
2025-12-11 16:00:00,131.17,137.79,130.12,136.41,1698071.08,1765497599999,229244689.59488000,881153,799167.05500000,107868179.28666000,0
2025-12-12 00:00:00,136.41,140.12,135.35,139.09,1037795.679,1765526399999,142990617.48701000,554161,594079.90800000,81835807.50685000,0
2025-12-12 08:00:00,139.09,139.86,132.85,133.49,1502333.033,1765555199999,206080654.70022000,765817,704150.26600000,96636536.29090000,0
2025-12-12 16:00:00,133.48,133.95,130.35,132.27,1465479.55,1765583999999,193843294.00217000,880121,712101.39100000,94219446.37048000,0
2025-12-13 00:00:00,132.28,133.02,132.28,132.93,375157.067,1765612799999,49781526.23014000,159316,164735.92300000,21865242.14707000,0
2025-12-13 08:00:00,132.94,134.28,132.61,133.31,571692.508,1765641599999,76322389.65790000,279132,238692.83400000,31865170.86569000,0
2025-12-13 16:00:00,133.3,133.82,131.6,133.14,525634.16,1765670399999,69686649.01984000,228597,290618.36100000,38513177.76286000,0
2025-12-14 00:00:00,133.13,133.66,132.08,133.29,347550.085,1765699199999,46198818.52134000,155487,182541.05700000,24251046.71364000,0
2025-12-14 08:00:00,133.28,133.5,130.14,130.67,720640.79,1765727999999,94852607.66391000,397391,317380.59500000,41771130.29182000,0
2025-12-14 16:00:00,130.67,131.6,127.98,129.4,663423.762,1765756799999,86121378.31630000,408747,296898.04600000,38568464.23276000,0
2025-12-15 00:00:00,129.39,133.25,129.29,132.34,715597.541,1765785599999,94179056.23152000,398455,348049.28500000,45771538.54933000,0
2025-12-15 08:00:00,132.34,135.43,126.45,126.89,1691026.412,1765814399999,221002294.81274000,894580,848141.11800000,110779313.46534000,0
2025-12-15 16:00:00,126.89,127.87,123.63,127.81,1515807.047,1765843199999,190391068.23036000,844194,788822.73800000,99120159.63079000,0
2025-12-16 00:00:00,127.81,128.03,124.87,125.57,692050.531,1765871999999,87501287.79835000,462631,305276.18900000,38617038.90960000,0
2025-12-16 08:00:00,125.57,130.14,125.43,129.75,1406530.259,1765900799999,180048339.11151000,883871,668382.60700000,85625027.50262000,0
2025-12-16 16:00:00,129.75,129.85,126.77,129.15,786203.208,1765929599999,100768988.26027000,497082,426007.21800000,54593289.63290000,0
2025-12-17 00:00:00,129.15,129.82,127.02,128.27,487660.166,1765958399999,62647492.09849000,308083,252219.86900000,32400958.83212000,0
2025-12-17 08:00:00,128.26,133.99,125.96,126.77,2100211.181,1765987199999,272159844.71654000,979636,1005543.86200000,130352725.98570000,0
2025-12-17 16:00:00,126.76,127.98,121.36,123.27,1937708.869,1766015999999,239505237.57609000,1070135,995161.33100000,122930337.80056000,0
2025-12-18 00:00:00,123.28,124.16,122.21,122.83,543176.529,1766044799999,66959574.78650000,308264,273899.16400000,33769132.42514000,0
2025-12-18 08:00:00,122.83,129.05,122.46,127.4,1724804.718,1766073599999,217127421.45078000,899378,892989.11300000,112472045.49383000,0
2025-12-18 16:00:00,127.41,127.5,116.88,119.6,2522813.761,1766102399999,305189517.73835000,1211975,1288845.23700000,155808470.54710000,0
2025-12-19 00:00:00,119.6,125.34,117.61,124.44,1387309.119,1766131199999,168822194.84730000,753191,728098.37400000,88659239.15486000,0
2025-12-19 08:00:00,124.43,127.66,123.86,125.09,1462540.425,1766159999999,183621914.35877000,734472,686032.28000000,86128887.47249000,0
2025-12-19 16:00:00,125.09,127.87,123.59,126.27,1240699.048,1766188799999,156180484.01237000,594408,653426.24600000,82278067.13607000,0
2025-12-20 00:00:00,126.27,126.69,125.3,126.17,382618.068,1766217599999,48225774.27338000,180570,209446.56700000,26401276.81858000,0
2025-12-20 08:00:00,126.18,126.89,125.45,126.58,484562.686,1766246399999,61158423.15012000,172859,179578.50100000,22670754.80742000,0
2025-12-20 16:00:00,126.59,126.71,125.63,125.81,362172.832,1766275199999,45686415.64189000,134777,181900.52600000,22936338.34856000,0
2025-12-21 00:00:00,125.8,126.11,124.68,125.3,390408.583,1766303999999,48931133.61020000,144090,218322.28400000,27367995.01780000,0
2025-12-21 08:00:00,125.29,126.62,123.4,125.05,827766.795,1766332799999,103538949.89564000,422708,415538.12800000,51992898.53635000,0
2025-12-21 16:00:00,125.05,126.35,124.37,126.03,593927.811,1766361599999,74539242.05798000,272766,255090.83900000,32008988.22356000,0
2025-12-22 00:00:00,126.03,128.56,124.5,126.31,843528.242,1766390399999,106592365.57633000,441820,453477.21800000,57292982.98768000,0
2025-12-22 08:00:00,126.3,128.78,125.49,128.07,923591.181,1766419199999,117334856.35320000,411785,463628.36900000,58890841.10040000,0
2025-12-22 16:00:00,128.07,128.37,124.2,125.93,900469.723,1766447999999,113429763.68691000,428458,473668.68000000,59677981.67752000,0
2025-12-23 00:00:00,125.93,126.93,123.77,124.19,608281.196,1766476799999,76176803.45104000,336712,319787.87500000,40035797.96608000,0
2025-12-23 08:00:00,124.19,125.23,122.16,123.37,863912.333,1766505599999,106805326.69244000,450857,399551.19300000,49409702.48178000,0
2025-12-23 16:00:00,123.36,125.65,122.78,124.01,967837.343,1766534399999,120176559.85696000,426769,453560.38400000,56308435.31321000,0
2025-12-24 00:00:00,124.02,124.3,120.63,121.31,584700.869,1766563199999,71460087.23237000,324383,284124.83000000,34741429.22713000,0
2025-12-24 08:00:00,121.32,122.94,120.7,122.73,558151.152,1766591999999,68020426.38128000,321461,309301.72900000,37704322.19648000,0
2025-12-24 16:00:00,122.73,123.46,121.77,122.53,462598.477,1766620799999,56785821.27546000,245375,230645.67800000,28309187.28426000,0
2025-12-25 00:00:00,122.52,123.15,122.09,122.27,316586.979,1766649599999,38775251.35607000,115815,190983.20400000,23389796.64935000,0
2025-12-25 08:00:00,122.27,124.1,121.31,123.68,526233.329,1766678399999,64441241.59595000,206448,249649.06000000,30557283.98389000,0
2025-12-25 16:00:00,123.68,124.46,119.71,120.06,975504.84,1766707199999,119449520.44408000,298500,448679.59600000,54926626.39524000,0
2025-12-26 00:00:00,120.05,124.39,119.24,122.72,1425030.62,1766735999999,174580809.37018000,444867,709282.18800000,86875555.00103000,0
2025-12-26 08:00:00,122.71,125.14,120.45,121.55,1367850.596,1766764799999,168074320.37518000,540174,782782.58500000,96174337.28113000,0
2025-12-26 16:00:00,121.55,122.67,121.17,122.26,533635.346,1766793599999,65138659.85544000,257754,217856.53700000,26592955.93994000,0
2025-12-27 00:00:00,122.27,123.8,121.86,123.16,499313.247,1766822399999,61312268.52461000,135213,271879.19000000,33364593.36910000,0
2025-12-27 08:00:00,123.15,123.66,122.51,123.31,258804.994,1766851199999,31851581.33251000,143579,136855.47200000,16844075.74843000,0
2025-12-27 16:00:00,123.32,125.08,122.76,124.73,599683.871,1766879999999,74263785.78939000,179822,296680.39800000,36721394.75712000,0
2025-12-28 00:00:00,124.74,124.9,123.61,124.23,320881.041,1766908799999,39842624.26722000,136009,163036.55600000,20244023.78365000,0
2025-12-28 08:00:00,124.23,125.03,124.0,124.44,456974.794,1766937599999,56925229.78628000,159914,230502.45700000,28718499.37965000,0
2025-12-28 16:00:00,124.44,125.64,123.08,125.27,1051104.616,1766966399999,130281866.86878000,223370,607614.62100000,75287760.02214000,0
2025-12-29 00:00:00,125.27,130.16,125.01,127.88,2111640.589,1766995199999,270608493.68999000,629726,1070670.31000000,137159710.64731000,0
2025-12-29 08:00:00,127.88,128.47,122.36,123.44,1606015.38,1767023999999,200374022.35987000,615480,793900.51700000,99067299.84068000,0
2025-12-29 16:00:00,123.43,123.98,122.63,123.28,589939.136,1767052799999,72740788.45919000,280069,306167.88900000,37752540.51765000,0
2025-12-30 00:00:00,123.28,124.35,122.58,124.02,505037.716,1767081599999,62428923.27475000,205669,223218.53000000,27579499.07006000,0
2025-12-30 08:00:00,124.02,125.35,123.54,125.16,960921.112,1767110399999,119659364.22101000,402424,533456.40100000,66412834.23124000,0
2025-12-30 16:00:00,125.16,126.52,123.5,125.01,1014672.688,1767139199999,126642489.98686000,347612,525468.31000000,65517936.99588000,0
2025-12-31 00:00:00,125.02,126.1,124.41,125.99,589729.312,1767167999999,74017466.61537000,236022,219843.28300000,27601734.33189000,0
2025-12-31 08:00:00,125.99,127.44,125.01,125.59,738653.142,1767196799999,93065661.87275000,316047,375527.03000000,47313267.44170000,0
2025-12-31 16:00:00,125.58,132.75,122.99,124.65,1613261.204,1767225599999,201410466.20572000,414643,916120.95500000,114727366.98420000,0
2026-01-01 00:00:00,124.64,125.8,124.22,124.24,402315.717,1767254399999,50322639.74799000,144594,182594.95000000,22829224.65967000,0
2026-01-01 08:00:00,124.24,125.29,124.15,124.96,654005.526,1767283199999,81668500.59760000,156353,317288.54400000,39589134.54485000,0
2026-01-01 16:00:00,124.96,127.25,124.28,126.9,677343.735,1767311999999,85077807.81056000,214310,353088.59800000,44343927.33526000,0
2026-01-02 00:00:00,126.91,127.99,125.84,127.13,560906.377,1767340799999,71192726.79486000,269097,294524.04400000,37374962.45660000,0
2026-01-02 08:00:00,127.14,129.99,126.82,128.98,1253214.845,1767369599999,161152274.52290000,524619,635558.29900000,81749451.40691000,0
2026-01-02 16:00:00,128.98,133.25,128.68,132.29,1110106.15,1767398399999,145868186.26341000,555238,592658.98800000,77886840.89758000,0
2026-01-03 00:00:00,132.28,133.17,129.6,130.1,639162.701,1767427199999,84231634.51647000,267376,269993.76100000,35590782.84460000,0
2026-01-03 08:00:00,130.09,132.18,129.8,131.47,492167.347,1767455999999,64510997.05730000,201303,273418.06600000,35844185.44037000,0
2026-01-03 16:00:00,131.48,133.99,131.35,133.37,389293.451,1767484799999,51553289.98387000,168361,207229.96800000,27450488.40680000,0
2026-01-04 00:00:00,133.37,135.0,133.31,133.8,699470.547,1767513599999,93874895.77240000,335936,342964.87800000,46039840.63296000,0
2026-01-04 08:00:00,133.8,135.35,133.2,134.91,613949.409,1767542399999,82538603.64973000,268008,292530.34800000,39337587.86044000,0
2026-01-04 16:00:00,134.91,135.54,133.12,134.12,495849.157,1767571199999,66571670.12895000,288915,255523.08900000,34300841.42965000,0
2026-01-05 00:00:00,134.12,137.75,134.01,135.45,980692.118,1767599999999,133293813.21374000,472820,467157.99800000,63520569.81780000,0
2026-01-05 08:00:00,135.45,136.47,133.18,136.13,1141620.207,1767628799999,154011865.89259000,560494,590831.92300000,79723861.44191000,0
2026-01-05 16:00:00,136.13,139.87,134.31,137.9,1205255.159,1767657599999,165605405.15779000,599831,654611.63500000,89942434.31219000,0
2026-01-06 00:00:00,137.91,140.08,136.89,137.61,848758.314,1767686399999,117437439.90665000,467326,429684.49600000,59485378.60066000,0
2026-01-06 08:00:00,137.6,143.48,137.4,141.6,1580173.101,1767715199999,222343136.39117000,691813,812605.68800000,114363317.31620000,0
2026-01-06 16:00:00,141.59,141.99,136.19,141.08,1342863.702,1767743999999,186710655.68238000,718261,637385.68400000,88614443.75170000,0
2026-01-07 00:00:00,141.08,141.4,138.15,139.39,620550.602,1767772799999,86510276.71073000,379272,291731.14100000,40679909.04555000,0
2026-01-07 08:00:00,139.39,139.8,135.25,135.7,1044880.883,1767801599999,143480611.13465000,619558,499036.58000000,68537346.31650000,0
2026-01-07 16:00:00,135.7,137.05,134.41,136.39,656210.693,1767830399999,89149561.96040000,425834,344156.09900000,46777524.14352000,0
2026-01-08 00:00:00,136.39,138.33,133.79,135.9,875318.379,1767859199999,119505797.88581000,462061,420574.85800000,57472594.52008000,0
2026-01-08 08:00:00,135.9,136.55,132.67,136.41,987535.87,1767887999999,132827337.23155000,524336,478309.91100000,64350268.44180000,0
2026-01-08 16:00:00,136.41,140.07,136.25,138.37,1250583.586,1767916799999,172878737.94615000,569266,671413.83900000,92844136.47214000,0
2026-01-09 00:00:00,138.37,141.17,137.74,139.54,1029062.226,1767945599999,143724531.09426000,365386,499347.25100000,69749155.67317000,0
2026-01-09 08:00:00,139.55,140.89,136.13,138.82,1586609.204,1767974399999,219448493.52731000,674551,856578.22700000,118494344.95173000,0
2026-01-09 16:00:00,138.82,140.25,134.98,135.97,1162876.566,1768003199999,159497138.11794000,519490,560028.30400000,76911863.93011000,0
2026-01-10 00:00:00,135.96,136.69,135.68,136.09,333746.074,1768031999999,45420387.86442000,149063,149327.74500000,20328403.62134000,0
2026-01-10 08:00:00,136.09,137.05,136.0,136.42,384283.948,1768060799999,52448657.35851000,151889,201120.25200000,27455087.59171000,0
2026-01-10 16:00:00,136.42,136.71,135.37,135.84,282806.982,1768089599999,38477285.57508000,118676,145302.86300000,19772001.66372000,0
2026-01-11 00:00:00,135.85,136.47,135.75,136.2,259038.317,1768118399999,35272386.31791000,108050,148249.83800000,20186584.03530000,0
2026-01-11 08:00:00,136.2,139.55,136.1,138.43,671486.364,1768147199999,92427085.35599000,222454,350419.80300000,48213013.20810000,0
2026-01-11 16:00:00,138.44,141.6,137.49,139.7,1279388.525,1768175999999,178485935.08455000,527328,712991.73000000,99443585.81810000,0
2026-01-12 00:00:00,139.69,144.4,138.92,141.41,1707915.162,1768204799999,242124202.81277000,634674,824574.92300000,116961269.81001000,0
2026-01-12 08:00:00,141.42,142.74,138.69,142.58,1057321.035,1768233599999,148274635.07445000,555557,547611.84200000,76807964.01656000,0
2026-01-12 16:00:00,142.58,144.33,138.34,139.22,1394883.894,1768262399999,197160872.15338000,625154,691271.73700000,97657171.93779000,0
2026-01-13 00:00:00,139.21,140.76,137.82,139.97,958800.29,1768291199999,133542257.14158000,349989,491655.94700000,68436636.40411000,0
2026-01-13 08:00:00,139.97,143.84,139.97,143.51,1584024.844,1768319999999,225339576.10822000,622246,762695.52900000,108502187.06516000,0
2026-01-13 16:00:00,143.51,148.74,142.43,145.51,1652257.334,1768348799999,239831316.13566000,808806,888818.07400000,129080082.04193000,0
2026-01-14 00:00:00,145.52,146.6,143.92,144.86,1180935.678,1768377599999,171422789.93461000,426520,613513.28100000,89081289.44931000,0
2026-01-14 08:00:00,144.85,147.56,143.37,147.07,1305313.342,1768406399999,189941136.35964000,516933,630512.04000000,91803891.78802000,0
2026-01-14 16:00:00,147.07,148.44,145.32,146.69,1208828.358,1768435199999,177724271.56337000,537910,557963.41600000,82014573.55168000,0
2026-01-15 00:00:00,146.7,146.73,143.21,144.99,760933.152,1768463999999,110057782.09459000,326628,349309.20500000,50493618.09938000,0
2026-01-15 08:00:00,145.0,146.0,141.78,143.48,1053099.202,1768492799999,151866673.79097000,513144,494319.43100000,71328560.98501000,0
2026-01-15 16:00:00,143.48,144.2,140.9,142.4,648110.785,1768521599999,92225269.86007000,461528,317233.50600000,45178506.00576000,0
2026-01-16 00:00:00,142.41,143.63,141.39,142.95,546393.935,1768550399999,77800974.29577000,255974,262744.75100000,37430690.77581000,0
2026-01-16 08:00:00,142.95,143.86,140.26,140.78,664847.109,1768579199999,94883315.55127000,402686,324388.67100000,46344080.70900000,0
2026-01-16 16:00:00,140.77,145.55,140.65,144.89,689637.982,1768607999999,99074659.73511000,355764,332763.83000000,47811356.03145000,0
2026-01-17 00:00:00,144.9,144.99,143.64,143.64,271026.789,1768636799999,39136613.07039000,119812,115988.42700000,16745549.53609000,0
2026-01-17 08:00:00,143.64,144.65,143.32,144.33,315090.416,1768665599999,45375602.44286000,140346,165097.40500000,23774729.82369000,0
2026-01-17 16:00:00,144.33,144.58,143.51,143.72,249037.556,1768694399999,35878229.61580000,131931,131328.81000000,18915834.86236000,0
2026-01-18 00:00:00,143.73,144.0,141.95,142.11,586766.242,1768723199999,83733815.79533000,199663,261066.06400000,37262098.42308000,0
2026-01-18 08:00:00,142.12,142.73,141.5,142.0,397475.055,1768751999999,56532276.33084000,168629,178454.09500000,25383852.28949000,0
2026-01-18 16:00:00,141.99,143.25,137.74,137.87,893197.401,1768780799999,126150919.09490000,344679,397689.34800000,56219787.02925000,0
2026-01-19 00:00:00,137.87,137.87,130.0,133.47,2016088.519,1768809599999,269745220.83218000,673339,1018969.68700000,136318760.24444000,0
2026-01-19 08:00:00,133.47,134.37,133.27,133.55,556722.603,1768838399999,74469969.78664000,214575,275779.34600000,36887724.69536000,0
2026-01-19 16:00:00,133.55,135.16,132.74,133.44,399713.648,1768867199999,53550823.48740000,225621,188583.45300000,25272659.62048000,0
2026-01-20 00:00:00,133.44,134.63,130.56,130.62,867846.979,1768895999999,115085162.37528000,433617,391162.51700000,51915832.83830000,0
2026-01-20 08:00:00,130.62,130.8,127.24,127.86,1543143.1,1768924799999,198903715.73605000,709057,698677.20800000,90061659.75340000,0
2026-01-20 16:00:00,127.86,128.59,124.68,125.8,1121433.801,1768953599999,142211482.08279000,522576,504213.06300000,63988590.88636000,0
2026-01-21 00:00:00,125.81,128.75,125.75,127.62,542465.387,1768982399999,69240642.62012000,250278,305670.94400000,39051105.64594000,0
2026-01-21 08:00:00,127.61,131.18,126.17,130.43,1185205.41,1769011199999,152379842.66018000,531101,634459.74900000,81652908.92098000,0
2026-01-21 16:00:00,130.43,132.17,125.26,129.54,1434065.563,1769039999999,185107171.04111000,786623,717480.22700000,92628524.68320000,0
2026-01-22 00:00:00,129.53,130.62,129.53,129.81,353561.807,1769068799999,46013681.59395000,210930,208702.02900000,27167849.92093000,0
2026-01-22 08:00:00,129.8,130.94,126.73,127.41,817407.283,1769097599999,105375064.78796000,428534,384606.77600000,49613598.77985000,0
2026-01-22 16:00:00,127.42,129.76,126.92,128.47,640617.372,1769126399999,82181941.44144000,377285,311708.23700000,39979928.23539000,0
2026-01-23 00:00:00,128.47,129.29,127.23,127.93,400321.445,1769155199999,51428028.87020000,210824,192135.77700000,24686902.38022000,0
2026-01-23 08:00:00,127.93,128.1,125.28,127.9,727213.608,1769183999999,92195926.87971000,336291,371825.87500000,47135065.93461000,0
2026-01-23 16:00:00,127.9,130.2,126.54,127.43,916528.024,1769212799999,117619988.23150000,521478,510416.70500000,65528281.82371000,0
2026-01-24 00:00:00,127.43,128.12,126.89,127.11,295419.99,1769241599999,37677906.37153000,131542,117500.36100000,14994544.33863000,0
2026-01-24 08:00:00,127.12,127.41,126.8,126.85,257089.562,1769270399999,32687793.49190000,98941,121460.19100000,15443159.56292000,0
2026-01-24 16:00:00,126.85,127.76,126.64,127.21,254910.443,1769299199999,32439208.47336000,101413,129025.59400000,16420414.44039000,0
2026-01-25 00:00:00,127.22,127.46,126.35,126.47,280847.441,1769327999999,35628971.06282000,106079,137922.38500000,17494537.85388000,0
2026-01-25 08:00:00,126.47,127.2,125.48,125.59,422807.304,1769356799999,53456665.01918000,174290,206753.93100000,26149945.07646000,0
2026-01-25 16:00:00,125.58,125.58,117.15,118.85,3837224.704,1769385599999,460078894.00831000,952022,2059311.01500000,246223903.13541000,0
2026-01-26 00:00:00,118.85,123.62,118.53,122.89,728027.141,1769414399999,88447274.09468000,401691,386265.70300000,46875003.85264000,0
2026-01-26 08:00:00,122.9,125.2,121.76,123.53,889684.301,1769443199999,109599309.35652000,404116,399718.62500000,49276771.84963000,0
2026-01-26 16:00:00,123.53,125.6,123.03,124.24,738039.921,1769471999999,91721072.94281000,382082,373287.22700000,46413119.15498000,0
2026-01-27 00:00:00,124.24,125.17,123.73,124.52,419809.949,1769500799999,52254741.22189000,188778,218344.32300000,27183213.88842000,0
2026-01-27 08:00:00,124.52,125.06,123.12,125.01,521747.494,1769529599999,64692822.02122000,295495,255332.74700000,31670900.49532000,0
2026-01-27 16:00:00,125.01,127.84,123.55,127.19,1094951.599,1769558399999,138100263.13664000,521806,538403.61000000,67915689.49838000,0
2026-01-28 00:00:00,127.18,127.54,126.45,127.1,388053.383,1769587199999,49280374.74776000,228870,176804.60300000,22449398.54832000,0
2026-01-28 08:00:00,127.09,128.34,125.52,126.07,869131.174,1769615999999,110427258.51772000,416911,433203.25000000,55054075.39122000,0
2026-01-28 16:00:00,126.06,127.04,124.78,125.35,740678.971,1769644799999,93226026.59739000,419504,380288.42000000,47867682.43403000,0
2026-01-29 00:00:00,125.34,125.51,122.5,123.78,561455.764,1769673599999,69505969.26041000,291552,270485.66200000,33479954.05073000,0
2026-01-29 08:00:00,123.78,123.93,116.12,117.69,1354967.606,1769702399999,162248068.17200000,544387,677016.44100000,80982891.53902000,0
2026-01-29 16:00:00,117.69,119.96,115.39,117.82,1814190.103,1769731199999,212843568.02271000,608262,915626.73100000,107420058.66433000,0
2026-01-30 00:00:00,117.82,118.14,112.14,115.78,1949892.293,1769759999999,223678603.69288000,654618,960601.18100000,110186472.95647000,0
2026-01-30 08:00:00,115.78,117.64,114.58,116.8,1253138.299,1769788799999,145416444.76713000,599657,625617.06700000,72636567.81843000,0
2026-01-30 16:00:00,116.8,119.12,114.34,117.59,1557976.15,1769817599999,182928438.67286000,736943,841948.01800000,98900505.43221000,0
2026-01-31 00:00:00,117.6,118.85,117.2,117.37,756746.213,1769846399999,89416166.14959000,253611,380528.11700000,44964294.77098000,0
2026-01-31 08:00:00,117.38,117.53,108.23,108.65,2659232.148,1769875199999,299599980.21914000,970898,1213903.04400000,136431761.22179000,0
2026-01-31 16:00:00,108.65,109.83,96.4,105.58,5151419.965,1769903999999,531565928.93228000,2024091,2498498.16600000,257752602.17088000,0
2026-02-01 00:00:00,105.58,106.43,103.96,105.2,818302.612,1769932799999,86073827.45817000,438475,426762.12200000,44903658.76326000,0
2026-02-01 08:00:00,105.2,106.69,100.21,101.69,1496066.861,1769961599999,155353042.40254000,753406,675348.05300000,70201831.12288000,0
2026-02-01 16:00:00,101.7,104.27,98.02,100.79,1889886.578,1769990399999,191412692.39374000,1010332,950164.96100000,96260125.79594000,0
2026-02-02 00:00:00,100.78,103.14,95.95,101.43,3086757.719,1770019199999,308400571.38312000,1497331,1441328.10400000,144132818.13726000,0
2026-02-02 08:00:00,101.42,106.12,101.36,104.7,1677665.36,1770047999999,173503257.67725000,872736,838479.94600000,86731507.46796000,0
2026-02-02 16:00:00,104.69,105.78,103.32,104.55,809609.602,1770076799999,84705212.87411000,486912,383215.85200000,40096839.99788000,0
2026-02-03 00:00:00,104.54,105.1,102.18,104.7,715523.07,1770105599999,74224501.57623000,412823,356423.74900000,36987705.49641000,0
2026-02-03 08:00:00,104.7,105.04,100.41,102.56,1241778.034,1770134399999,127452398.89556000,633512,606993.24800000,62287635.15486000,0
2026-02-03 16:00:00,102.56,102.56,96.64,97.89,2556717.011,1770163199999,254188267.75475000,1089302,1264196.32800000,125769205.72012000,0
2026-02-04 00:00:00,97.89,99.67,96.46,97.9,1207209.499,1770191999999,118688600.59032000,546156,590263.81100000,58056672.50517000,0
2026-02-04 08:00:00,97.91,97.96,91.31,92.79,2331544.455,1770220799999,221604161.33399000,1056012,1063042.30400000,100997375.73620000,0
2026-02-04 16:00:00,92.8,94.71,89.3,92.12,2712705.417,1770249599999,249571077.97802000,1337841,1442633.10100000,132799493.24437000,0
2026-02-05 00:00:00,92.11,92.89,89.68,90.54,1994512.188,1770278399999,181850248.22508000,1054804,973260.77900000,88724920.62393000,0
2026-02-05 08:00:00,90.55,93.43,83.44,84.61,3279317.758,1770307199999,290182454.17784000,1467454,1547271.69800000,137137520.42683000,0
2026-02-05 16:00:00,84.61,86.2,77.6,78.35,4969525.534,1770335999999,402756281.10835000,2349313,2316206.44400000,187774909.17587000,0
2026-02-06 00:00:00,78.34,81.65,67.5,79.59,6176092.296,1770364799999,467029304.26620000,2014593,3001953.99200000,227310239.79655000,0
2026-02-06 08:00:00,79.6,85.19,78.67,84.49,2759357.027,1770393599999,226833846.51295000,1005602,1364872.04100000,112419634.46555000,0
2026-02-06 16:00:00,84.48,89.84,83.66,87.46,2875646.443,1770422399999,250444974.54287000,960409,1406328.75200000,122521536.99309000,0
2026-02-07 00:00:00,87.45,89.04,84.16,85.29,1794271.438,1770451199999,155715503.12972000,698655,850222.13400000,73880338.40454000,0
2026-02-07 08:00:00,85.29,87.2,84.51,86.57,1018226.265,1770479999999,87266582.93960000,462950,527651.94800000,45232240.29429000,0
2026-02-07 16:00:00,86.56,89.2,86.17,87.59,1674151.777,1770508799999,146593110.19326000,584436,810302.96900000,70945051.12244000,0
2026-02-08 00:00:00,87.59,88.22,86.63,87.42,449256.065,1770537599999,39217600.37441000,206301,220988.19400000,19296449.95159000,0
2026-02-08 08:00:00,87.41,88.99,86.44,87.77,1087918.208,1770566399999,95699696.95981000,389207,605103.93700000,53237493.80992000,0
2026-02-08 16:00:00,87.78,89.08,85.77,86.99,997824.41,1770595199999,87190358.77256000,445342,486220.46200000,42515231.41677000,0
2026-02-09 00:00:00,86.99,87.98,85.19,85.5,1020404.777,1770623999999,88472694.07263000,490366,481099.62100000,41724160.71064000,0
2026-02-09 08:00:00,85.5,85.8,82.86,85.28,1411660.491,1770652799999,118928048.20953000,565217,708431.29600000,59678763.19336000,0
2026-02-09 16:00:00,85.28,88.69,84.81,86.77,1235587.148,1770681599999,107811121.30121000,585670,540959.16400000,47157912.95499000,0
2026-02-10 00:00:00,86.77,87.49,84.3,84.63,899779.066,1770710399999,77257785.87391000,302588,407163.96300000,34953528.80164000,0
2026-02-10 08:00:00,84.64,85.24,83.2,84.3,1253341.341,1770739199999,105571877.02385000,444826,592116.55600000,49904184.59500000,0
2026-02-10 16:00:00,84.3,85.14,81.91,82.99,822091.698,1770767999999,68488300.89187000,370588,399468.85300000,33275983.98365000,0
2026-02-11 00:00:00,82.99,84.39,80.28,81.0,867044.25,1770796799999,71328437.37184000,349914,392092.93100000,32250136.99015000,0
2026-02-11 08:00:00,81.0,83.17,78.56,79.72,1650798.163,1770825599999,133559076.02714000,620122,857545.79800000,69398794.05514000,0
2026-02-11 16:00:00,79.72,81.11,78.04,79.3,1297070.907,1770854399999,103317897.86567000,549925,660222.66600000,52617325.96293000,0
2026-02-12 00:00:00,79.31,80.99,79.26,80.77,564477.837,1770883199999,45354445.38720000,260786,296195.50800000,23801216.10075000,0
2026-02-12 08:00:00,80.77,82.25,80.1,80.12,1082615.404,1770911999999,88017876.73836000,418654,529239.34500000,43029602.98425000,0
2026-02-12 16:00:00,80.13,80.22,76.6,78.4,1549136.876,1770940799999,120773397.65129000,644996,796835.09500000,62151843.98188000,0
2026-02-13 00:00:00,78.39,79.48,77.53,78.99,714482.498,1770969599999,56155102.82294000,280289,349400.20200000,27468696.18548000,0
2026-02-13 08:00:00,78.99,84.34,78.86,83.2,1447576.212,1770998399999,117480567.44117000,529484,705080.41600000,57254003.75057000,0
2026-02-13 16:00:00,83.2,85.63,82.92,84.33,1208331.562,1771027199999,102148771.18821000,435771,597379.09500000,50498852.47726000,0
2026-02-14 00:00:00,84.34,85.3,84.21,85.19,445463.822,1771055999999,37811865.15480000,136535,237007.25400000,20118591.27822000,0
2026-02-14 08:00:00,85.19,87.69,85.16,87.44,1152563.623,1771084799999,99771068.61194000,341681,624100.61000000,54033321.19988000,0
2026-02-14 16:00:00,87.44,88.9,86.99,88.06,1100579.77,1771113599999,96787609.34234000,293654,517504.21500000,45537127.06832000,0
2026-02-15 00:00:00,88.06,90.98,87.31,90.74,1283726.45,1771142399999,114185655.95762000,399447,668346.05900000,59504113.77173000,0
2026-02-15 08:00:00,90.74,91.26,86.66,87.42,1479654.282,1771171199999,131491147.34266000,441711,700677.72300000,62256520.78536000,0
2026-02-15 16:00:00,87.41,87.88,84.89,86.16,1165704.668,1771199999999,100573898.47983000,368962,511731.79200000,44146233.08027000,0
2026-02-16 00:00:00,86.15,86.63,84.47,85.06,1014838.22,1771228799999,86744710.56125000,243223,497681.08200000,42524825.67959000,0
2026-02-16 08:00:00,85.07,86.93,82.55,83.21,1633541.019,1771257599999,138676249.22160000,536572,829787.14300000,70440554.10315000,0
2026-02-16 16:00:00,83.21,86.66,83.1,86.45,911372.572,1771286399999,77125667.76126000,317953,479900.18800000,40647715.87256000,0
2026-02-17 00:00:00,86.45,87.69,85.45,86.49,571572.38,1771315199999,49465095.33859000,253998,289808.43400000,25093671.88020000,0
2026-02-17 08:00:00,86.48,86.77,82.92,83.81,1204766.856,1771343999999,101625095.15890000,415191,604861.42000000,50995168.41269000,0
2026-02-17 16:00:00,83.8,85.76,83.13,85.08,998316.629,1771372799999,84583303.90579000,395150,490887.31100000,41576854.36699000,0
2026-02-18 00:00:00,85.09,85.54,83.92,85.28,661592.692,1771401599999,56151238.53610000,196954,310020.45600000,26305766.57418000,0
2026-02-18 08:00:00,85.28,86.09,81.72,83.01,1601745.947,1771430399999,133765477.85273000,472928,819301.20300000,68419301.86703000,0
2026-02-18 16:00:00,83.0,83.09,80.48,81.61,874265.331,1771459199999,71373115.29697000,357017,420512.41200000,34342489.38693000,0
2026-02-19 00:00:00,81.61,82.67,81.25,82.41,743416.973,1771487999999,60802119.76368000,181357,325505.58100000,26641903.45282000,0
2026-02-19 08:00:00,82.4,82.42,79.61,80.64,1183111.4,1771516799999,95462068.84466000,394397,627385.03100000,50570064.40550000,0
2026-02-19 16:00:00,80.63,82.57,79.92,82.5,921749.117,1771545599999,75121590.36793000,370351,488156.84900000,39803997.21744000,0
2026-02-20 00:00:00,82.5,83.93,82.33,83.46,836891.112,1771574399999,69584724.28634000,232679,393610.10900000,32722104.53503000,0
2026-02-20 08:00:00,83.45,84.84,81.77,84.38,1781082.226,1771603199999,148796099.50036000,495266,831272.75600000,69434493.35020000,0
2026-02-20 16:00:00,84.38,85.49,82.82,84.67,1136583.421,1771631999999,95970904.68970000,456942,567862.60800000,47950503.84235000,0
2026-02-21 00:00:00,84.68,85.03,83.97,84.24,436039.539,1771660799999,36820220.02048000,123586,197318.52800000,16663125.41486000,0
2026-02-21 08:00:00,84.24,86.72,84.19,86.58,814021.43,1771689599999,69774043.36104000,200727,413596.32500000,35466624.16793000,0
2026-02-21 16:00:00,86.59,86.72,85.12,85.17,530687.893,1771718399999,45596458.62064000,176887,242707.04800000,20855301.97518000,0
2026-02-22 00:00:00,85.17,85.6,84.73,85.24,530423.464,1771747199999,45146441.81064000,129529,274140.88200000,23334288.12004000,0
2026-02-22 08:00:00,85.25,85.47,82.98,83.5,795406.779,1771775999999,66912031.74030000,184025,369171.56400000,31011981.22567000,0
2026-02-22 16:00:00,83.49,83.71,82.48,82.79,473022.353,1771804799999,39334460.38882000,164463,241048.18300000,20043483.78407000,0
2026-02-23 00:00:00,82.8,82.85,77.15,79.4,2314696.487,1771833599999,181976791.63105000,671886,1150298.33100000,90409039.12103000,0
2026-02-23 08:00:00,79.4,81.13,78.53,79.4,1355040.413,1771862399999,108517648.65841000,413532,659673.25400000,52780740.33080000,0
2026-02-23 16:00:00,79.39,79.8,77.27,77.9,1493636.483,1771891199999,117389895.41525000,423017,756566.06900000,59437510.35681000,0
2026-02-24 00:00:00,77.91,78.53,75.74,76.84,1443495.521,1771919999999,111282087.29072000,455684,703907.00500000,54287133.88849000,0
2026-02-24 08:00:00,76.85,77.49,75.63,77.3,1088878.366,1771948799999,83528166.27481000,427487,550320.76000000,42245573.02906000,0
2026-02-24 16:00:00,77.3,79.62,77.23,78.99,1060454.489,1771977599999,83192737.38607000,348964,537777.75900000,42192034.20847000,0
2026-02-25 00:00:00,78.99,82.99,78.73,82.19,1529559.791,1772006399999,124922192.11978000,543402,779854.72100000,63702812.81118000,0
2026-02-25 08:00:00,82.19,86.46,81.93,85.98,1682309.629,1772035199999,141535831.20171000,605171,903897.84500000,76059766.69316000,0
2026-02-25 16:00:00,85.98,92.1,85.97,88.06,2420879.995,1772063999999,214975245.88280000,927640,1274589.66600000,113213182.44776000,0
2026-02-26 00:00:00,88.05,89.27,87.22,87.24,1270059.616,1772092799999,111975273.44720000,452875,634477.17400000,55975173.71994000,0
2026-02-26 08:00:00,87.24,88.71,85.27,86.56,1088337.182,1772121599999,94834094.56941000,504340,529051.71800000,46109407.87271000,0
2026-02-26 16:00:00,86.57,86.87,84.34,85.91,998494.181,1772150399999,85461990.92588000,423826,509415.97900000,43615726.55951000,0
2026-02-27 00:00:00,85.91,88.29,85.19,87.31,703210.882,1772179199999,61104221.60559000,299336,345355.59900000,30008105.87675000,0
2026-02-27 08:00:00,87.31,87.93,81.95,82.7,1549373.064,1772207999999,130095670.77940000,591105,746125.75300000,62637907.96128000,0
2026-02-27 16:00:00,82.7,82.7,80.32,81.85,1117915.413,1772236799999,91172506.93006000,400395,516608.18500000,42138333.06909000,0
2026-02-28 00:00:00,81.84,82.27,77.12,78.71,1354484.485,1772265599999,107577834.67154000,536467,659087.38800000,52293064.09776000,0
2026-02-28 08:00:00,78.7,81.51,77.74,80.92,2048254.363,1772294399999,162597082.02825000,577594,973981.72000000,77371218.99681000,0
2026-02-28 16:00:00,80.91,85.65,80.5,84.35,1334961.031,1772323199999,110843186.61209000,538362,683874.56100000,56756988.29158000,0
2026-03-01 00:00:00,84.35,88.9,84.25,86.63,1820913.069,1772351999999,158617026.25976000,638487,855533.97300000,74508107.03364000,0
2026-03-01 08:00:00,86.63,86.98,84.51,85.67,1210957.543,1772380799999,103753453.92861000,455962,604540.73600000,51795872.40872000,0
2026-03-01 16:00:00,85.67,86.1,81.69,83.6,1403323.61,1772409599999,117334093.70870000,544656,683367.50800000,57156460.10222000,0
2026-03-02 00:00:00,83.61,86.18,82.38,82.95,1145272.346,1772438399999,96429016.75923000,477897,548712.39200000,46243962.59864000,0
2026-03-02 08:00:00,82.96,88.98,82.37,88.77,2103162.907,1772467199999,179995471.60664000,765100,1096625.34500000,94018678.27371000,0
2026-03-02 16:00:00,88.77,90.29,86.35,86.64,1874998.007,1772495999999,165041586.90935000,769453,912668.86700000,80377901.60992000,0
2026-03-03 00:00:00,86.65,87.32,85.23,85.58,876220.185,1772524799999,75508016.91209000,374466,415802.59300000,35838693.40297000,0
2026-03-03 08:00:00,85.58,85.77,82.5,85.04,1654574.69,1772553599999,139291546.66203000,795089,825114.77500000,69484195.69990000,0
2026-03-03 16:00:00,85.03,87.46,84.15,86.97,1605947.87,1772582399999,137608419.10961000,730168,847512.28200000,72651357.62373000,0
2026-03-04 00:00:00,86.98,88.08,84.78,87.43,1386219.098,1772611199999,119587194.60768000,545889,662460.99600000,57180851.49885000,0
2026-03-04 08:00:00,87.43,93.12,86.98,92.94,3187905.79,1772639999999,287672808.14430000,1088838,1720438.45700000,155358665.89135000,0
2026-03-04 16:00:00,92.94,94.05,90.29,90.85,1755806.495,1772668799999,161835800.82399000,677209,821824.86500000,75831087.71870000,0
2026-03-05 00:00:00,90.86,91.42,89.61,90.16,950565.563,1772697599999,85920588.14276000,394858,459301.87100000,41529186.78281000,0
2026-03-05 08:00:00,90.16,92.96,88.8,89.62,1734077.552,1772726399999,157590275.86092000,755348,815974.30500000,74217261.65888000,0
2026-03-05 16:00:00,89.61,89.85,87.91,88.77,1069067.493,1772755199999,94870162.59935000,410153,551313.65500000,48932644.21035000,0
2026-03-06 00:00:00,88.78,89.31,87.51,88.7,729966.933,1772783999999,64544242.39348000,256030,356713.71600000,31540166.57716000,0
2026-03-06 08:00:00,88.7,88.7,83.96,84.65,1580459.544,1772812799999,135991970.52879000,524592,700880.22200000,60289394.86198000,0
2026-03-06 16:00:00,84.65,85.9,83.64,84.7,824898.165,1772841599999,69906148.04066000,293993,373471.08700000,31678279.32533000,0
2026-03-07 00:00:00,84.69,85.07,83.9,84.32,461210.713,1772870399999,38937611.79824000,123620,227650.42300000,19228702.29696000,0
2026-03-07 08:00:00,84.33,84.91,83.42,83.75,485847.896,1772899199999,40949705.28529000,150681,238787.41400000,20129286.58939000,0
2026-03-07 16:00:00,83.75,84.08,82.28,83.22,518223.112,1772927999999,43076481.78463000,174914,250644.62500000,20848549.19846000,0
2026-03-08 00:00:00,83.22,83.49,81.74,82.95,519492.775,1772956799999,42932715.09214000,192620,267118.33300000,22085329.62223000,0
2026-03-08 08:00:00,82.95,84.13,81.18,82.06,784637.072,1772985599999,64791852.64435000,306395,411832.23600000,34040198.87250000,0
2026-03-08 16:00:00,82.06,82.96,80.26,81.59,798835.84,1773014399999,65271631.07658000,375546,381698.02900000,31210690.32965000,0
2026-03-09 00:00:00,81.6,84.61,81.54,83.18,1058744.15,1773043199999,88073801.16047000,516078,557885.99400000,46433526.97210000,0
2026-03-09 08:00:00,83.18,85.75,82.94,85.05,1241870.378,1773071999999,104953268.59167000,488880,640367.02200000,54109157.21754000,0
2026-03-09 16:00:00,85.05,87.06,84.26,84.96,1293442.761,1773100799999,110735911.66219000,430980,644508.94400000,55190305.85314000,0
2026-03-10 00:00:00,84.95,86.99,84.83,86.7,1008398.189,1773129599999,86886057.20399000,305626,515527.61100000,44430338.67799000,0
2026-03-10 08:00:00,86.71,88.61,84.91,88.33,1519860.622,1773158399999,132090700.73041000,575078,767583.23500000,66767291.03324000,0
2026-03-10 16:00:00,88.34,88.8,85.01,85.88,1115636.323,1773187199999,96770869.32515000,464717,521247.94900000,45209950.75055000,0
2026-03-11 00:00:00,85.88,86.88,85.14,85.45,662308.489,1773215999999,56933847.65610000,220192,355288.97000000,30553338.18199000,0
2026-03-11 08:00:00,85.44,87.4,84.36,85.4,1400659.948,1773244799999,120079992.81901000,528826,707783.53300000,60681897.43832000,0
2026-03-11 16:00:00,85.41,88.09,85.3,86.58,1119207.302,1773273599999,97570181.83158000,411065,579657.10100000,50539044.09966000,0
2026-03-12 00:00:00,86.58,86.78,84.72,85.82,677471.281,1773302399999,57939652.17590000,214975,353903.64200000,30259740.24877000,0
2026-03-12 08:00:00,85.82,87.69,85.12,86.58,1435962.595,1773331199999,124271931.48357000,470217,734740.84400000,63604509.05576000,0
2026-03-12 16:00:00,86.57,87.23,85.68,86.84,800247.272,1773359999999,69250006.88700000,326052,426030.27600000,36871370.96449000,0
2026-03-13 00:00:00,86.83,91.14,86.71,88.68,1906760.964,1773388799999,170723729.28818000,593574,929615.89800000,83176861.67681000,0
2026-03-13 08:00:00,88.68,92.98,88.32,89.49,2042123.478,1773417599999,185563589.50175000,626234,1041732.22300000,94680138.27635000,0
2026-03-13 16:00:00,89.49,90.15,87.73,88.18,991494.175,1773446399999,88095543.55742000,353681,489942.83600000,43549561.70428000,0
2026-03-14 00:00:00,88.17,88.71,86.92,87.33,608671.801,1773475199999,53530560.69648000,175263,270333.11900000,23778135.18454000,0
2026-03-14 08:00:00,87.32,87.55,86.51,86.72,527543.225,1773503999999,45878709.21227000,151562,283861.71700000,24683766.19053000,0
2026-03-14 16:00:00,86.72,88.16,86.62,88.03,361928.013,1773532799999,31613780.59571000,125965,198768.22200000,17358084.45618000,0
2026-03-15 00:00:00,88.04,88.66,87.58,88.22,557138.482,1773561599999,49129076.43171000,182398,285981.76500000,25222069.06633000,0
2026-03-15 08:00:00,88.22,88.88,87.36,87.9,448744.968,1773590399999,39552258.71318000,181778,225421.00900000,19868965.54190000,0
2026-03-15 16:00:00,87.9,93.23,87.45,92.3,1608663.655,1773619199999,146086153.36012000,520349,914465.75000000,83030299.25823000,0
2026-03-16 00:00:00,92.31,94.32,91.18,93.56,1989409.48,1773647999999,185180018.74980000,658011,1093297.33400000,101807924.65139000,0
2026-03-16 08:00:00,93.56,95.13,92.37,93.2,1976861.962,1773676799999,185161498.23487000,552030,920251.47700000,86243807.19302000,0
2026-03-16 16:00:00,93.2,97.68,93.13,96.2,1655379.179,1773705599999,157708617.15712000,503050,926311.53300000,88256457.79814000,0
2026-03-17 00:00:00,96.19,96.95,93.2,94.44,1214116.446,1773734399999,115208266.43174000,405084,585224.28200000,55618811.94929000,0
2026-03-17 08:00:00,94.43,95.13,93.15,93.82,937622.679,1773763199999,88195534.51918000,422140,462434.66000000,43513231.60232000,0
2026-03-17 16:00:00,93.82,95.62,93.72,94.62,681818.461,1773791999999,64697914.00360000,285389,328263.38000000,31153729.55641000,0
2026-03-18 00:00:00,94.61,95.65,93.72,93.95,580650.244,1773820799999,54848859.87672000,233816,284489.25700000,26882602.34956000,0
2026-03-18 08:00:00,93.95,94.44,88.55,89.37,1767374.218,1773849599999,161104606.78351000,636840,821284.24100000,74765007.08432000,0
2026-03-18 16:00:00,89.36,90.86,88.61,90.08,945837.096,1773878399999,84963938.72503000,382188,499604.39500000,44896415.64233000,0
2026-03-19 00:00:00,90.07,91.41,88.63,89.42,719361.968,1773907199999,64760761.71445000,263827,344289.43600000,31026093.53907000,0
2026-03-19 08:00:00,89.41,90.48,87.15,87.63,1117338.994,1773935999999,99087275.20682000,422446,566671.50400000,50275483.45851000,0
2026-03-19 16:00:00,87.63,89.32,87.0,88.89,772841.962,1773964799999,68251667.95865000,283428,409227.09700000,36135673.68794000,0
2026-03-20 00:00:00,88.9,89.8,88.5,89.37,606656.688,1773993599999,54157421.63422000,199520,309075.77100000,27600146.33053000,0
2026-03-20 08:00:00,89.38,90.45,88.51,88.94,1067256.909,1774022399999,95232867.46130000,389225,583313.90300000,52064200.26495000,0
2026-03-20 16:00:00,88.94,90.26,88.13,89.84,527497.941,1774051199999,47030780.94715000,241222,248759.03200000,22177553.45962000,0
2026-03-21 00:00:00,89.85,90.81,89.73,90.12,405688.758,1774079999999,36600793.79039000,123294,215594.48600000,19453105.00331000,0
2026-03-21 08:00:00,90.12,90.42,89.39,89.82,329011.06,1774108799999,29612244.33981000,134017,137857.14900000,12407984.73898000,0
2026-03-21 16:00:00,89.83,90.29,87.14,87.56,507145.407,1774137599999,45043054.19773000,173195,235953.26900000,20962056.64307000,0
2026-03-22 00:00:00,87.55,89.2,86.26,87.7,967706.775,1774166399999,84979547.29856000,346881,491744.20100000,43188092.51245000,0
2026-03-22 08:00:00,87.7,87.74,86.82,87.57,509943.856,1774195199999,44511542.89484000,184172,266293.58100000,23245965.86545000,0
2026-03-22 16:00:00,87.58,87.71,85.14,86.2,660436.5,1774223999999,57068988.87733000,261934,306969.78000000,26533493.24790000,0
2026-03-23 00:00:00,86.21,87.33,85.11,85.99,813697.534,1774252799999,70273744.01404000,334737,422024.95700000,36463494.71567000,0
2026-03-23 08:00:00,86.0,92.26,85.19,89.95,2614456.355,1774281599999,235206888.24980000,958800,1336086.94300000,120239681.26189000,0
2026-03-23 16:00:00,89.96,92.02,89.4,91.43,1133552.499,1774310399999,103188079.72055000,373066,630025.54200000,57368312.84767000,0
2026-03-24 00:00:00,91.44,91.89,89.96,91.72,694635.469,1774339199999,62953311.66104000,267432,373424.26600000,33850858.81869000,0
2026-03-24 08:00:00,91.71,92.22,88.7,89.74,1493249.001,1774367999999,135481483.84626000,442306,745938.17800000,67735615.70736000,0
2026-03-24 16:00:00,89.74,91.13,88.42,90.8,898158.056,1774396799999,80524755.78424000,311105,453852.09400000,40713811.68935000,0
2026-03-25 00:00:00,90.8,92.96,90.71,91.81,1008856.209,1774425599999,92769032.77553000,248486,589129.94000000,54201706.53682000,0
2026-03-25 08:00:00,91.82,93.47,91.0,91.77,1079493.074,1774454399999,99829888.97808000,364627,487467.02000000,45095062.47753000,0
2026-03-25 16:00:00,91.77,92.73,91.03,91.7,564185.515,1774483199999,51774388.36576000,231615,308934.93100000,28351808.50638000,0
2026-03-26 00:00:00,91.7,91.98,88.81,89.1,1062234.108,1774511999999,95440612.21271000,257042,423757.81300000,38116402.93397000,0
2026-03-26 08:00:00,89.1,89.11,86.73,87.54,1230071.501,1774540799999,108132197.00126000,328708,558549.49600000,49110768.74812000,0
2026-03-26 16:00:00,87.53,87.73,85.45,86.53,1273887.127,1774569599999,110275911.55643000,279114,645985.80400000,55920810.89562000,0
2026-03-27 00:00:00,86.52,87.04,85.69,85.92,670340.268,1774598399999,57821966.22544000,176186,272017.76500000,23470783.60077000,0
2026-03-27 08:00:00,85.92,86.14,82.5,83.35,1540610.794,1774627199999,129221171.04545000,427869,763283.21500000,63939356.12057000,0
2026-03-27 16:00:00,83.36,83.44,81.86,83.11,629611.008,1774655999999,52054016.99636000,213241,339592.68600000,28088996.03387000,0
2026-03-28 00:00:00,83.11,83.67,82.25,83.62,393985.158,1774684799999,32636788.58164000,116132,212831.57900000,17636472.42579000,0
2026-03-28 08:00:00,83.62,84.29,82.6,83.83,881816.921,1774713599999,73473368.62613000,205176,446938.75900000,37248264.03564000,0
2026-03-28 16:00:00,83.84,83.95,81.69,82.09,391208.02,1774742399999,32476196.05585000,130550,179635.20000000,14917425.11325000,0
2026-03-29 00:00:00,82.09,83.24,81.87,82.45,390042.072,1774771199999,32205125.32979000,115459,183331.00500000,15138190.33472000,0
2026-03-29 08:00:00,82.45,82.84,81.36,81.81,431054.148,1774799999999,35398571.06100000,140898,212891.05300000,17483282.13132000,0
2026-03-29 16:00:00,81.82,82.23,78.96,81.44,803577.255,1774828799999,65015561.30615000,266753,379279.44700000,30732897.60063000,0
2026-03-30 00:00:00,81.45,84.26,81.15,84.02,1145900.783,1774857599999,95262392.88115000,342818,626002.57600000,52035392.81404000,0
2026-03-30 08:00:00,84.01,84.99,83.55,84.51,1024729.371,1774886399999,86382453.46527000,298640,510266.21600000,43023777.10812000,0
2026-03-30 16:00:00,84.5,84.55,81.96,82.54,855224.533,1774915199999,70960130.11191000,245681,428394.95000000,35530018.45566000,0
2026-03-31 00:00:00,82.55,84.62,82.15,83.1,859178.236,1774943999999,71612871.85072000,264353,437180.18800000,36439375.97775000,0
2026-03-31 08:00:00,83.1,83.35,80.08,80.86,2263824.105,1774972799999,183517213.08143000,497026,1137642.73000000,92180283.54262000,0
2026-03-31 16:00:00,80.87,83.47,80.87,83.2,1149565.085,1775001599999,95038515.32996000,396414,589767.99000000,48765777.31875000,0
2026-04-01 00:00:00,83.19,84.74,82.48,83.84,979954.018,1775030399999,82005697.90320000,305470,483499.05100000,40488110.51511000,0
2026-04-01 08:00:00,83.84,84.06,82.4,83.63,1106808.582,1775059199999,92167694.49773000,341677,540940.09900000,45049855.67961000,0
2026-04-01 16:00:00,83.62,86.65,80.77,81.18,2589973.52,1775087999999,216202108.52953000,574551,1309092.29300000,109259206.48489000,0
2026-04-02 00:00:00,81.19,81.77,78.3,79.65,1935813.533,1775116799999,154086095.81049000,505458,1012009.01200000,80568204.12417000,0
2026-04-02 08:00:00,79.64,79.73,76.7,79.03,1512118.635,1775145599999,118514636.05248000,404709,816431.20600000,63980585.32188000,0
2026-04-02 16:00:00,79.03,79.88,78.43,78.94,762092.095,1775174399999,60276392.72716000,239593,390443.19200000,30888764.55614000,0
2026-04-03 00:00:00,78.95,80.16,78.85,79.96,725432.717,1775203199999,57585028.53352000,203039,397559.25100000,31581338.53218000,0
2026-04-03 08:00:00,79.96,80.91,79.17,80.33,887499.293,1775231999999,70978458.80724000,230411,461795.46400000,36945228.43619000,0
2026-04-03 16:00:00,80.33,80.73,79.87,80.4,617907.73,1775260799999,49616519.34283000,151815,382255.12700000,30697227.95521000,0
2026-04-04 00:00:00,80.39,80.54,80.06,80.32,336618.859,1775289599999,27002703.65610000,74507,186269.40000000,14941396.86162000,0
2026-04-04 08:00:00,80.32,81.61,79.57,81.1,591298.698,1775318399999,47639442.82630000,139017,284087.71100000,22888503.29996000,0
2026-04-04 16:00:00,81.1,81.35,80.61,80.83,635013.21,1775347199999,51382667.65740000,126057,308547.51400000,24965340.56802000,0
2026-04-05 00:00:00,80.84,80.85,79.41,79.6,439872.183,1775375999999,35238956.23521000,113330,204985.19300000,16424703.46520000,0
2026-04-05 08:00:00,79.59,80.33,78.52,79.6,547487.479,1775404799999,43516244.36394000,157205,280876.06100000,22322318.94826000,0
2026-04-05 16:00:00,79.59,82.13,79.1,81.89,745078.896,1775433599999,59988990.27325000,260133,371869.70500000,29966399.37158000,0
2026-04-06 00:00:00,81.89,82.97,80.97,81.82,1027134.271,1775462399999,84350398.73510000,314251,497038.27800000,40832131.31245000,0
2026-04-06 08:00:00,81.83,83.2,81.71,82.27,925322.088,1775491199999,76224572.89299000,282970,476124.06500000,39224950.13008000,0
2026-04-06 16:00:00,82.28,82.48,79.6,80.03,777914.205,1775519999999,63143886.52828000,239091,379767.51000000,30832397.57714000,0
2026-04-07 00:00:00,80.03,80.23,79.31,79.87,664854.08,1775548799999,53024923.43052000,191376,324151.93600000,25855653.66509000,0
2026-04-07 08:00:00,79.87,80.59,78.38,78.86,1028667.365,1775577599999,81608191.76108000,281057,525207.13100000,41680442.84391000,0
2026-04-07 16:00:00,78.86,87.02,78.65,85.56,2619077.075,1775606399999,217386121.59303000,848524,1347254.72100000,111790633.38616000,0
2026-04-08 00:00:00,85.56,85.9,83.89,84.5,1032079.622,1775635199999,87417856.24551000,318463,469718.91400000,39788681.37440000,0
2026-04-08 08:00:00,84.51,84.98,82.51,83.34,1266783.232,1775663999999,106388082.50960000,347529,655048.51800000,55016182.69584000,0
2026-04-08 16:00:00,83.33,84.18,82.24,82.57,653895.694,1775692799999,54370838.78051000,244462,308953.53100000,25707703.64610000,0
2026-04-09 00:00:00,82.56,82.67,81.7,82.29,703001.89,1775721599999,57727363.22437000,185362,317558.76100000,26079017.25667000,0
2026-04-09 08:00:00,82.29,83.94,81.4,83.75,754327.142,1775750399999,62284457.95639000,269970,426255.05900000,35245418.31897000,0
2026-04-09 16:00:00,83.75,85.95,82.92,83.33,1318598.597,1775779199999,111011360.87945000,444906,706988.25500000,59548278.14408000,0
2026-04-10 00:00:00,83.33,83.79,82.62,82.95,588291.065,1775807999999,48937264.56330000,189502,310792.08200000,25855803.71619000,0
2026-04-10 08:00:00,82.95,85.58,82.7,84.24,1126133.475,1775836799999,94588892.13558000,312657,611167.87200000,51316265.05614000,0
2026-04-10 16:00:00,84.25,85.67,84.14,84.83,471653.803,1775865599999,40060334.72614000,182522,215143.66400000,18274770.68978000,0
2026-04-11 00:00:00,84.83,84.93,83.87,84.28,347650.576,1775894399999,29340201.07733000,112052,179541.16700000,15152307.73982000,0
2026-04-11 08:00:00,84.27,84.88,83.8,84.66,514795.398,1775923199999,43411520.66219000,146806,252896.93800000,21329762.55178000,0
2026-04-11 16:00:00,84.67,86.26,84.52,84.93,708455.909,1775951999999,60498812.25707000,220939,378842.17100000,32364529.69550000,0
2026-04-12 00:00:00,84.94,85.0,81.84,82.27,862906.573,1775980799999,71473326.23689000,269604,397672.83700000,32918909.68271000,0
2026-04-12 08:00:00,82.28,82.56,81.27,81.59,779120.791,1776009599999,63859828.06737000,172989,374025.61100000,30670672.13046000,0
2026-04-12 16:00:00,81.59,82.88,81.27,81.53,532764.502,1776038399999,43714942.41870000,197214,263938.77000000,21668963.74201000,0
2026-04-13 00:00:00,81.54,82.6,81.4,82.17,461102.064,1776067199999,37832763.76660000,170944,227984.94000000,18711020.82915000,0
2026-04-13 08:00:00,82.17,83.82,81.64,82.65,972994.263,1776095999999,80415436.59114000,326930,524723.68700000,43377253.14745000,0
2026-04-13 16:00:00,82.66,86.81,82.34,86.51,1516294.088,1776124799999,128632843.05633000,540295,814281.72500000,69063708.62145000,0
2026-04-14 00:00:00,86.51,86.75,85.37,85.88,1042761.974,1776153599999,89712187.66431000,271132,486421.29400000,41857708.38251000,0
2026-04-14 08:00:00,85.88,87.67,85.25,85.95,1446700.561,1776182399999,124909714.44510000,375135,785948.66500000,67880002.83398000,0
2026-04-14 16:00:00,85.95,86.17,83.3,83.72,1043522.157,1776211199999,87961267.14908000,303416,478630.17500000,40337556.48016000,0
2026-04-15 00:00:00,83.72,84.06,82.65,82.92,857331.896,1776239999999,71530636.47193000,250463,424256.23700000,35407997.07483000,0
2026-04-15 08:00:00,82.92,84.49,82.71,84.0,866959.037,1776268799999,72447218.41587000,303948,458712.79600000,38339190.17490000,0
2026-04-15 16:00:00,84.0,85.83,83.9,84.9,878157.66,1776297599999,74540603.65238000,312156,430582.22600000,36553021.23303000,0
2026-04-16 00:00:00,84.9,85.71,84.45,85.21,512231.085,1776326399999,43645574.27291000,214554,248215.31400000,21151980.72063000,0
2026-04-16 08:00:00,85.21,87.13,83.8,86.62,1415011.821,1776355199999,120976192.43806000,422691,737838.23200000,63104853.10372000,0
2026-04-16 16:00:00,86.62,90.53,85.63,89.05,2013048.435,1776383999999,177917155.00957000,551250,1118416.77200000,98922660.04606000,0
2026-04-17 00:00:00,89.06,89.19,87.36,88.12,717529.233,1776412799999,63188898.57563000,205393,293673.76100000,25861783.21286000,0
2026-04-17 08:00:00,88.13,90.73,87.34,89.95,2741595.332,1776441599999,244536264.02226000,656034,1610328.26800000,143585532.26184000,0
2026-04-17 16:00:00,89.95,90.59,88.5,88.76,778083.823,1776470399999,69582120.20010000,315628,371078.57100000,33204401.99778000,0
2026-04-18 00:00:00,88.77,89.16,88.16,88.45,504395.459,1776499199999,44666477.53043000,162748,230261.39500000,20397016.82440000,0
2026-04-18 08:00:00,88.45,88.5,86.28,86.75,926697.479,1776527999999,80705150.19417000,250747,423953.06500000,36910455.25011000,0
2026-04-18 16:00:00,86.75,86.98,85.78,86.16,462097.605,1776556799999,39877597.81409000,146576,209521.63900000,18079190.81249000,0
2026-04-19 00:00:00,86.15,86.38,84.43,84.88,661200.636,1776585599999,56443823.67214000,187171,290446.84800000,24787203.97729000,0
2026-04-19 08:00:00,84.88,87.12,84.44,86.36,1009169.734,1776614399999,86487550.90468000,261921,581565.35100000,49861662.99882000,0
2026-04-19 16:00:00,86.35,86.5,82.94,83.47,924478.695,1776643199999,78174048.42644000,320585,398506.65500000,33691373.88332000,0
2026-04-20 00:00:00,83.47,85.76,83.34,84.73,714698.17,1776671999999,60280522.83845000,211717,390105.97500000,32911234.90005000,0
2026-04-20 08:00:00,84.74,85.88,84.42,85.86,929314.325,1776700799999,79158676.36068000,329495,504726.81800000,43013244.75193000,0
2026-04-20 16:00:00,85.86,86.22,85.21,85.28,656334.255,1776729599999,56308505.92804000,214564,304830.71300000,26164642.05837000,0
2026-04-21 00:00:00,85.29,85.98,85.0,85.71,574869.656,1776758399999,49134939.12713000,177079,290701.42400000,24850906.49592000,0
2026-04-21 08:00:00,85.71,86.89,85.17,86.05,706378.82,1776787199999,60679782.18863000,294159,377653.28400000,32449130.84761000,0
2026-04-21 16:00:00,86.05,86.3,84.31,86.03,830338.793,1776815999999,70875163.86901000,317799,425927.56600000,36370080.93337000,0
2026-04-22 00:00:00,86.04,88.33,86.01,88.05,1200370.572,1776844799999,104920547.73918000,310089,698200.09500000,61042715.27431000,0
2026-04-22 08:00:00,88.06,89.32,87.6,88.18,1237915.228,1776873599999,109586290.06012000,313206,652582.07400000,57776006.72643000,0
2026-04-22 16:00:00,88.19,88.46,86.81,86.87,716586.035,1776902399999,62806130.68956000,191174,380161.25700000,33325962.51255000,0
2026-04-23 00:00:00,86.86,87.18,85.48,85.9,751771.036,1776931199999,64782533.39215000,206097,391336.37000000,33733916.98386000,0
2026-04-23 08:00:00,85.91,86.66,85.2,86.35,917043.442,1776959999999,78759224.53976000,224936,498463.60000000,42812088.07662000,0
2026-04-23 16:00:00,86.36,86.42,84.48,86.12,1225848.761,1776988799999,104839589.44781000,358567,661757.14400000,56596991.76866000,0
2026-04-24 00:00:00,86.12,86.36,85.14,85.51,512029.674,1777017599999,43861298.09117000,149396,278088.95100000,23819449.21697000,0
2026-04-24 08:00:00,85.5,86.79,84.92,86.52,871194.061,1777046399999,74876391.43305000,248914,433891.47000000,37287155.41570000,0
2026-04-24 16:00:00,86.52,86.94,85.95,86.18,435350.928,1777075199999,37622562.14873000,147626,206912.56000000,17885313.30660000,0
2026-04-25 00:00:00,86.18,86.66,86.03,86.36,256541.379,1777103999999,22140854.15615000,72571,133964.07600000,11561634.50624000,0
2026-04-25 08:00:00,86.36,86.8,86.1,86.22,315114.775,1777132799999,27265431.97152000,107668,143218.06900000,12389869.54343000,0
2026-04-25 16:00:00,86.22,86.33,85.53,86.18,462276.282,1777161599999,39677464.99500000,119836,236529.45000000,20299361.54818000,0
2026-04-26 00:00:00,86.19,86.73,85.84,86.62,445698.408,1777190399999,38482522.02120000,103724,230303.54900000,19885408.08793000,0
2026-04-26 08:00:00,86.63,86.76,85.9,86.56,447019.256,1777219199999,38590916.86559000,114665,219120.86000000,18915973.30916000,0
2026-04-26 16:00:00,86.55,87.32,86.19,86.93,560783.788,1777247999999,48653931.50838000,162268,285741.09800000,24791362.29246000,0
2026-04-27 00:00:00,86.93,88.08,85.26,85.27,1460987.1,1777276799999,126738111.57613000,295116,832910.91400000,72241805.80246000,0
2026-04-27 08:00:00,85.27,85.83,83.63,84.17,1062160.024,1777305599999,90283397.32529000,296570,507080.55200000,43115127.88266000,0
2026-04-27 16:00:00,84.17,84.9,83.83,84.82,485954.567,1777334399999,40997678.48532000,145833,243439.89200000,20543521.39944000,0
2026-04-28 00:00:00,84.82,84.93,83.65,84.02,710426.218,1777363199999,59765572.00399000,134954,404131.43400000,33988020.39682000,0
2026-04-28 08:00:00,84.01,84.19,82.98,83.46,556719.914,1777391999999,46477440.31547000,162236,271870.33500000,22699953.46253000,0
2026-04-28 16:00:00,83.46,84.15,83.32,84.06,397248.311,1777420799999,33272250.01213000,100693,227889.19900000,19087521.46402000,0
2026-04-29 00:00:00,84.06,85.06,83.81,84.71,513780.021,1777449599999,43405435.04011000,113712,260513.39000000,22009507.49144000,0
2026-04-29 08:00:00,84.71,85.56,83.0,83.26,1143613.632,1777478399999,96560954.78141000,230651,461269.78400000,38967894.19357000,0
2026-04-29 16:00:00,83.25,83.65,81.4,83.04,918669.943,1777507199999,75736503.14920000,236942,460218.69500000,37945256.70689000,0
2026-04-30 00:00:00,83.05,84.01,82.16,83.35,577166.144,1777535999999,48005136.11790000,184949,306379.43000000,25490165.65474000,0
2026-04-30 08:00:00,83.35,83.83,82.69,83.36,499092.412,1777564799999,41529863.47372000,166195,252163.07900000,20987443.53204000,0
2026-04-30 16:00:00,83.36,83.43,82.78,83.09,296333.055,1777593599999,24612099.62040000,130386,176895.17000000,14692300.89413000,0
2026-05-01 00:00:00,83.09,84.38,83.08,83.96,553314.889,1777622399999,46368052.45852000,136613,269880.65800000,22621642.66831000,0
2026-05-01 08:00:00,83.96,84.86,83.69,84.47,732180.765,1777651199999,61691013.96492000,165348,386249.76100000,32549671.76076000,0
2026-05-01 16:00:00,84.46,84.63,83.33,83.76,512572.305,1777679999999,43014486.91963000,130461,266707.26200000,22381780.79100000,0
2026-05-02 00:00:00,83.76,84.18,83.44,83.74,277623.066,1777708799999,23256273.52561000,79402,137928.25800000,11553080.35343000,0
2026-05-02 08:00:00,83.73,84.17,83.52,84.04,349168.939,1777737599999,29300359.13295000,95574,161789.88600000,13575663.44654000,0
2026-05-02 16:00:00,84.04,84.97,83.95,84.26,400967.494,1777766399999,33814793.31862000,108047,222883.97400000,18795735.05110000,0
2026-05-03 00:00:00,84.26,84.31,83.58,83.88,384917.636,1777795199999,32273722.22673000,103538,202223.97700000,16958391.72939000,0
2026-05-03 08:00:00,83.88,84.45,83.75,84.16,362806.749,1777823999999,30514566.42419000,104507,183405.45900000,15425503.51446000,0
2026-05-03 16:00:00,84.16,84.97,83.87,83.91,520923.137,1777852799999,43952570.54458000,133348,261261.83900000,22042087.58983000,0
2026-05-04 00:00:00,83.91,85.9,83.35,84.87,1520437.795,1777881599999,129164764.48961000,280661,745481.23100000,63302481.32669000,0
2026-05-04 08:00:00,84.87,85.32,83.23,84.47,1357031.341,1777910399999,114367850.50938000,319027,655461.01400000,55254309.89885000,0
2026-05-04 16:00:00,84.47,85.19,83.98,84.1,591838.082,1777939199999,50028460.29954000,158252,287436.52300000,24300658.17939000,0
2026-05-05 00:00:00,84.11,85.12,84.04,84.87,723680.363,1777967999999,61324764.61283000,126927,380160.79900000,32212167.00000000,0
2026-05-05 08:00:00,84.88,86.1,84.43,85.5,899249.616,1777996799999,76781712.52291000,193321,500423.04200000,42736697.68948000,0
2026-05-05 16:00:00,85.5,85.82,85.0,85.63,189996.724,1778025599999,16230512.28446000,48894,87766.25500000,7502258.04601000,0
